Title,interacts,interaction_count,A467_donor,A467_acceptor,A468_donor,A468_acceptor,A533_donor,A533_acceptor,A473_donor,A473_acceptor,A538_donor,A538_acceptor,A536_donor,A536_acceptor,A470_donor,A470_acceptor,A543_donor,A543_acceptor
LN04965492,"A468,A543",2,,,,{87},,,,,,,,,,,{23},
LN00219645,"A468,A538,A543",3,,,,{89},,,,,,{87},,,,,{23},
LN00198187,"A468,A543",2,,,,{81},,,,,,,,,,,{23},
LN02144144,"A468,A538,A543",3,,,,{78},,,,,,{75},,,,,{23},
LN00219645,"A468,A533,A543",3,,,,{89},,{87},,,,,,,,,{23},
LN03258726,"A468,A543",2,,,{49},{91},,,,,,,,,,,{23},
LN01357902,"A468,A543",2,,,,{78},,,,,,,,,,,{23},
LN01363448,"A468,A543",2,,,,{77},,,,,,,,,,,{23},
LN00182554,"A468,A543",2,,,,{78},,,,,,,,,,,{23},
LN05438936,"A468,A533,A538,A543",4,,,,{87},,{75},,,,{74},,,,,{23},
LN00140878,"A468,A543",2,,,,{85},,,,,,,,,,,{23},
LN04852480,"A468,A543",2,,,,{79},,,,,,,,,,,{23},
LN03286508,"A468,A533,A543",3,,,,{93},,{88},,,,,,,,,{23},
LN02063136,"A468,A543",2,,,,{81},,,,,,,,,,,{23},
LN05522728,"A468,A543",2,,,,{82},,,,,,,,,,,{23},
LN00219645,"A467,A468,A543",3,{40},,,{89},,,,,,,,,,,{23},
LN05468886,"A468,A533,A543",3,,,,{73},,{77},,,,,,,,,{23},
LN02057967,"A468,A543",2,,,,{83},,,,,,,,,,,{23},
LN01740543,"A468,A543",2,,,,"{77, 78}",,,,,,,,,,,{23},
LN04969733,"A468,A543",2,,,,{88},,,,,,,,,,,{23},
LN02127273,"A468,A543",2,,,,"{80, 78}",,,,,,,,,,,{23},
LN01740576,"A468,A543",2,,,,{77},,,,,,,,,,,{23},
LN02141083,"A468,A543",2,,,,{81},,,,,,,,,,,{23},
LN01280242,"A467,A468,A543",3,{39},,,{87},,,,,,,,,,,{23},
LN01279231,"A468,A543",2,,,,{88},,,,,,,,,,,{23},
LN00185452,"A467,A468,A543",3,{43},,,{84},,,,,,,,,,,{23},
LN00235627,"A468,A543",2,,,,{80},,,,,,,,,,,{23},
LN05373998,"A468,A543",2,,,,{80},,,,,,,,,,,{23},
LN05375275,"A468,A533,A543",3,,,,{81},,{80},,,,,,,,,{23},
LN00175478,"A468,A473,A543",3,,,,{76},,,,{77},,,,,,,{23},
LN05441102,"A468,A543",2,,,,{80},,,,,,,,,,,{23},
LN05007877,"A468,A543",2,,,,{80},,,,,,,,,,,{23},
LN01266975,"A467,A468,A536,A543",4,{51},,,{87},,,,,,,{48},,,,{23},
LN01266971,A543,1,,,,,,,,,,,,,,,{23},
LN05465463,"A468,A543",2,,,,{86},,,,,,,,,,,{23},
LN00219645,"A468,A543",2,,,,{89},,,,,,,,,,,{23},
LN05457097,"A468,A543",2,,,,{83},,,,,,,,,,,{23},
LN00164489,"A468,A543",2,,,,{90},,,,,,,,,,,{23},
LN05336483,"A468,A543",2,,,,{76},,,,,,,,,,,{23},
LN00168612,"A468,A543",2,,,,{87},,,,,,,,,,,{23},
LN02015192,"A468,A543",2,,,,{81},,,,,,,,,,,{23},
LN02169629,"A468,A543",2,,,,"{76, 77}",,,,,,,,,,,{23},
LN06144873,"A468,A543",2,,,,"{86, 87}",,,,,,,,,,,{23},
LN03285368,"A468,A543",2,,,,{81},,,,,,,,,,,{23},
LN00125295,"A468,A543",2,,,,{80},,,,,,,,,,,{23},
LN00140878,"A468,A543",2,,,,{85},,,,,,,,,,,{23},
LN01740640,"A468,A543",2,,,,{84},,,,,,,,,,,{23},
LN01264030,"A468,A543",2,,,,{89},,,,,,,,,,,{23},
LN00148195,"A468,A543",2,,,,{83},,,,,,,,,,,{23},
LN00176033,"A468,A543",2,,,,{88},,,,,,,,,,,{23},
LN00134058,"A468,A543",2,,,,{81},,,,,,,,,,,{23},
LN00223589,"A468,A543",2,,,,{78},,,,,,,,,,,{23},
LN00233447,"A468,A543",2,,,,{80},,,,,,,,,,,{23},
LN04704468,"A468,A543",2,,,,{80},,,,,,,,,,,{23},
LN00133978,"A468,A543",2,,,,{79},,,,,,,,,,,{23},
LN04969733,"A468,A543",2,,,,{88},,,,,,,,,,,{23},
LN01374352,"A468,A473,A543",3,,,,{75},,,,{76},,,,,,,{23},
LN04619541,"A468,A543",2,,,,{88},,,,,,,,,,,{23},
LN02122507,"A468,A543",2,,,,{77},,,,,,,,,,,{23},
LN01365189,"A468,A543",2,,,,{91},,,,,,,,,,,{23},
LN00239632,"A468,A536,A543",3,,,,{77},,,,,,,{41},,,,{23},
LN05615091,"A468,A543",2,,,,{83},,,,,,,,,,,{23},
LN05519651,"A468,A543",2,,,,{84},,,,,,,,,,,{23},
LN00190351,"A468,A473,A543",3,,,,{82},,,,{71},,,,,,,{23},
LN05431829,"A468,A543",2,,,,{82},,,,,,,,,,,{23},
LN05425896,"A468,A543",2,,,,{78},,,,,,,,,,,{23},
LN02003774,"A468,A543",2,,,,{71},,,,,,,,,,,{23},
LN00239801,"A468,A543",2,,,,{82},,,,,,,,,,,{23},
LN00006444,"A468,A543",2,,,,{72},,,,,,,,,,,{23},
LN05632538,"A468,A543",2,,,,{73},,,,,,,,,,,{23},
LN05374604,"A468,A543",2,,,,{73},,,,,,,,,,,{23},
LN05377351,"A468,A543",2,,,,{78},,,,,,,,,,,{23},
LN05459123,"A468,A543",2,,,,{85},,,,,,,,,,,{23},
LN00186083,"A468,A543",2,,,,{82},,,,,,,,,,,{23},
LN00176355,"A468,A543",2,,,,{82},,,,,,,,,,,{23},
LN00126527,"A468,A543",2,,,,{81},,,,,,,,,,,{23},
LN01357612,"A468,A543",2,,,,{74},,,,,,,,,,,{23},
LN00167320,"A467,A468,A543",3,{40},,,{79},,,,,,,,,,,{23},
LN01347863,"A468,A543",2,,,,{84},,,,,,,,,,,{23},
LN05468931,"A468,A543",2,,,,{80},,,,,,,,,,,{23},
LN00192453,"A468,A543",2,,,,{82},,,,,,,,,,,{23},
LN00144054,"A468,A543",2,,,,{77},,,,,,,,,,,{23},
LN00169331,A543,1,,,,,,,,,,,,,,,{23},
LN00337364,"A468,A543",2,,,,{80},,,,,,,,,,,{23},
LN01345360,"A468,A543",2,,,,{83},,,,,,,,,,,{23},
LN05476093,"A468,A543",2,,,,{81},,,,,,,,,,,{23},
LN01740939,"A468,A543",2,,,,{75},,,,,,,,,,,{23},
LN00121193,"A468,A543",2,,,,{80},,,,,,,,,,,{23},
LN01345360,"A468,A543",2,,,,{83},,,,,,,,,,,{23},
LN02027439,"A468,A543",2,,,,{80},,,,,,,,,,,{23},
LN02192640,"A468,A543",2,,,,{82},,,,,,,,,,,{23},
LN01327891,"A468,A543",2,,,,{81},,,,,,,,,,,{23},
LN05364481,"A468,A543",2,,,,{85},,,,,,,,,,,{23},
LN02041069,"A468,A543",2,,,,{77},,,,,,,,,,,{23},
LN01357445,"A468,A543",2,,,,{81},,,,,,,,,,,{23},
LN05492004,"A468,A543",2,,,,{76},,,,,,,,,,,{23},
LN01284477,"A468,A543",2,,,,{82},,,,,,,,,,,{23},
LN00219645,"A468,A543",2,,,,{89},,,,,,,,,,,{23},
LN02000121,"A468,A543",2,,,,{80},,,,,,,,,,,{23},
LN00191969,"A468,A543",2,,,,{72},,,,,,,,,,,{23},
LN00219645,"A468,A543",2,,,,{89},,,,,,,,,,,{23},
LN05368488,"A468,A543",2,,,,{91},,,,,,,,,,,{23},
LN00142823,"A467,A543",2,,{80},,,,,,,,,,,,,{23},
LN05425896,"A468,A543",2,,,,{78},,,,,,,,,,,{23},
LN00123545,"A468,A543",2,,,,{82},,,,,,,,,,,{23},
LN01278291,"A468,A543",2,,,,{81},,,,,,,,,,,{23},
LN01995757,"A468,A543",2,,,,{83},,,,,,,,,,,{23},
LN02012211,"A468,A543",2,,,,{80},,,,,,,,,,,{23},
LN00120190,"A468,A543",2,,,,{79},,,,,,,,,,,{23},
LN00178233,"A468,A543",2,,,,{80},,,,,,,,,,,{23},
LN00116340,"A468,A543",2,,,,{83},,,,,,,,,,,{23},
LN02173191,"A468,A543",2,,,,{72},,,,,,,,,,,{23},
LN02008091,"A468,A543",2,,,,{81},,,,,,,,,,,{23},
LN05342842,"A468,A543",2,,,,{74},,,,,,,,,,,{23},
LN00219645,"A468,A543",2,,,,{89},,,,,,,,,,,{23},
LN00235770,"A468,A543",2,,,,{89},,,,,,,,,,,{23},
LN05449154,"A468,A543",2,,,,{71},,,,,,,,,,,{23},
LN01267431,"A468,A543",2,,,,{83},,,,,,,,,,,{23},
LN05375839,"A468,A543",2,,,,{82},,,,,,,,,,,{23},
LN00198490,"A468,A543",2,,,,{85},,,,,,,,,,,{23},
LN05812272,"A468,A543",2,,,,{80},,,,,,,,,,,{23},
LN00239193,"A468,A543",2,,,,{76},,,,,,,,,,,{23},
LN05441102,"A468,A473,A543",3,,,,{79},,,,{80},,,,,,,{23},
LN04816715,"A468,A543",2,,,,{87},,,,,,,,,,,{23},
LN05427901,"A468,A543",2,,,,{88},,,,,,,,,,,{23},
LN04664316,"A468,A543",2,,,,{84},,,,,,,,,,,{23},
LN03249957,"A468,A543",2,,,,{79},,,,,,,,,,,{23},
LN00003227,"A468,A543",2,,,,{81},,,,,,,,,,,{23},
LN04677513,"A468,A543",2,,,,{80},,,,,,,,,,,{23},
LN05351561,"A468,A543",2,,,,{74},,,,,,,,,,,{23},
LN00200394,"A468,A543",2,,,,{89},,,,,,,,,,,{23},
LN03257627,"A468,A543",2,,,,{77},,,,,,,,,,,{23},
LN05453611,"A468,A543",2,,,,{81},,,,,,,,,,,{23},
LN05449223,"A468,A543",2,,,,{74},,,,,,,,,,,{23},
LN00214634,"A467,A468,A543",3,{41},,,{80},,,,,,,,,,,{23},
LN01322839,"A468,A543",2,,,,{84},,,,,,,,,,,{23},
LN02041740,"A468,A538,A543",3,,,,{79},,,,,,{76},,,,,{23},
LN05430163,"A468,A543",2,,,,{81},,,,,,,,,,,{23},
LN00140878,"A468,A543",2,,,,{85},,,,,,,,,,,{23},
LN05458145,"A468,A543",2,,,,{89},,,,,,,,,,,{23},
LN04535914,"A468,A543",2,,,,{81},,,,,,,,,,,{23},
LN00141953,"A468,A543",2,,,,{81},,,,,,,,,,,{23},
LN05527038,"A468,A543",2,,,,{83},,,,,,,,,,,{23},
LN03252246,"A468,A543",2,,,,{79},,,,,,,,,,,{23},
LN05439338,"A468,A543",2,,,,{79},,,,,,,,,,,{23},
LN00124843,"A468,A543",2,,,,{82},,,,,,,,,,,{23},
LN00190475,"A536,A543",2,,,,,,,,,,,{40},,,,{23},
LN05681089,"A468,A543",2,,,,{72},,,,,,,,,,,{23},
LN00245706,"A468,A543",2,,,,{83},,,,,,,,,,,{23},
LN00170820,"A468,A543",2,,,,{73},,,,,,,,,,,{23},
LN03250579,"A468,A543",2,,,,{83},,,,,,,,,,,{23},
LN04675943,"A468,A543",2,,,,{74},,,,,,,,,,,{23},
LN05380627,"A468,A543",2,,,,{80},,,,,,,,,,,{23},
LN05364446,"A468,A543",2,,,,{79},,,,,,,,,,,{23},
LN01872616,"A468,A543",2,,,,{84},,,,,,,,,,,{23},
LN05681089,"A468,A543",2,,,,{72},,,,,,,,,,,{23},
LN03241802,"A468,A543",2,,,,{79},,,,,,,,,,,{23},
LN01806010,"A468,A543",2,,,,{78},,,,,,,,,,,{23},
LN01279480,"A468,A543",2,,,,{77},,,,,,,,,,,{23},
LN00166644,"A468,A543",2,,,,{81},,,,,,,,,,,{23},
LN02046348,"A468,A543",2,,,,{89},,,,,,,,,,,{23},
LN04963567,"A468,A543",2,,,,{79},,,,,,,,,,,{23},
LN05366992,"A468,A543",2,,,,{83},,,,,,,,,,,{23},
LN00125917,"A468,A543",2,,,,{78},,,,,,,,,,,{23},
LN00004127,"A468,A543",2,,,,{70},,,,,,,,,,,{23},
LN00883771,"A468,A473,A543",3,,,,{73},,,,{74},,,,,,,{23},
LN02009402,"A468,A543",2,,,,{78},,,,,,,,,,,{23},
LN00126095,"A468,A543",2,,,,{80},,,,,,,,,,,{23},
LN00221924,"A468,A543",2,,,,{85},,,,,,,,,,,{23},
LN00163753,"A468,A543",2,,,,{81},,,,,,,,,,,{23},
LN05689378,"A468,A543",2,,,,{80},,,,,,,,,,,{23},
LN01271527,"A468,A543",2,,,,{79},,,,,,,,,,,{23},
LN01269411,A543,1,,,,,,,,,,,,,,,{23},
LN00233828,A543,1,,,,,,,,,,,,,,,{23},
LN05377095,"A468,A543",2,,,,{81},,,,,,,,,,,{23},
LN05376471,"A467,A468,A543",3,{41},,,{72},,,,,,,,,,,{23},
LN05729390,"A468,A543",2,,,,{80},,,,,,,,,,,{23},
LN05525753,"A468,A543",2,,,,{82},,,,,,,,,,,{23},
LN04602429,"A468,A543",2,,,,{76},,,,,,,,,,,{23},
LN01751347,"A468,A543",2,,,,{82},,,,,,,,,,,{23},
LN06397504,"A468,A543",2,,,,{86},,,,,,,,,,,{23},
LN00142314,"A468,A543",2,,,,{71},,,,,,,,,,,{23},
LN00009071,"A468,A543",2,,,,{80},,,,,,,,,,,{23},
LN04641732,"A468,A543",2,,,,{73},,,,,,,,,,,{23},
LN05814040,"A468,A543",2,,,,{80},,,,,,,,,,,{23},
LN05373378,"A468,A543",2,,,,{76},,,,,,,,,,,{23},
LN05729272,"A468,A543",2,,,,{90},,,,,,,,,,,{23},
LN00198160,"A468,A543",2,,,,{92},,,,,,,,,,,{23},
LN03240300,"A468,A543",2,,,,{81},,,,,,,,,,,{23},
LN05429431,"A468,A543",2,,,,{81},,,,,,,,,,,{23},
LN01271926,"A468,A543",2,,,,{75},,,,,,,,,,,{23},
LN00223646,"A468,A543",2,,,,{77},,,,,,,,,,,{23},
LN05847902,"A468,A543",2,,,,{78},,,,,,,,,,,{23},
LN00194384,"A468,A543",2,,,,{78},,,,,,,,,,,{23},
LN00219645,"A468,A536,A543",3,,,,{87},,,,,,,{46},,,,{23},
LN04962087,"A468,A543",2,,,,{81},,,,,,,,,,,{23},
LN05681089,"A467,A468,A543",3,{41},,,{72},,,,,,,,,,,{23},
LN00270409,"A468,A543",2,,,,{76},,,,,,,,,,,{23},
LN05468965,"A468,A543",2,,,,{77},,,,,,,,,,,{23},
LN05437834,"A468,A543",2,,,,{81},,,,,,,,,,,{23},
LN00219645,"A468,A543",2,,,,{87},,,,,,,,,,,{23},
LN05492004,"A468,A543",2,,,,{76},,,,,,,,,,,{23},
LN03232923,"A468,A543",2,,,,{85},,,,,,,,,,,{23},
LN00220043,"A468,A543",2,,,,{73},,,,,,,,,,,{23},
LN01273820,A543,1,,,,,,,,,,,,,,,{23},
LN04601708,"A468,A543",2,,,,{78},,,,,,,,,,,{23},
LN05612918,"A468,A543",2,,,,{78},,,,,,,,,,,{23},
LN02015197,"A468,A543",2,,,,{79},,,,,,,,,,,{23},
LN02012176,"A468,A543",2,,,,{78},,,,,,,,,,,{23},
LN05339559,"A468,A543",2,,,,{73},,,,,,,,,,,{23},
LN00200154,"A468,A543",2,,,,{74},,,,,,,,,,,{23},
LN01362381,"A468,A543",2,,,,{78},,,,,,,,,,,{23},
LN03235181,"A468,A543",2,,,,{80},,,,,,,,,,,{23},
LN04611656,"A468,A543",2,,,,{73},,,,,,,,,,,{23},
LN03240790,"A468,A543",2,,,,{71},,,,,,,,,,,{23},
LN01305733,"A468,A538,A543",3,,,,{75},,,,,,{72},,,,,{23},
LN05352416,"A468,A543",2,,,,{104},,,,,,,,,,,{23},
LN05459489,"A468,A543",2,,,,{74},,,,,,,,,,,{23},
LN05363540,"A468,A473,A543",3,,,,{70},,,,{69},,,,,,,{23},
LN00137971,"A468,A543",2,,,,{80},,,,,,,,,,,{23},
LN00236567,"A468,A543",2,,,,{79},,,,,,,,,,,{23},
LN01746758,"A468,A543",2,,,,{82},,,,,,,,,,,{23},
LN01816706,"A468,A543",2,,,,{92},,,,,,,,,,,{23},
LN00120190,"A468,A543",2,,,,{79},,,,,,,,,,,{23},
LN01362244,"A468,A543",2,,,,{82},,,,,,,,,,,{23},
LN01872737,"A468,A543",2,,,{49},,,,,,,,,,,,{23},
LN05632538,"A468,A543",2,,,,{72},,,,,,,,,,,{23},
LN01345671,"A468,A543",2,,,,{80},,,,,,,,,,,{23},
LN06115588,"A468,A543",2,,,,{79},,,,,,,,,,,{23},
LN02026867,"A468,A543",2,,,,{82},,,,,,,,,,,{23},
LN05428690,"A468,A543",2,,,,{71},,,,,,,,,,,{23},
LN01281286,"A468,A543",2,,,,{71},,,,,,,,,,,{23},
LN05431694,"A468,A543",2,,,,{83},,,,,,,,,,,{23},
LN01868518,"A468,A543",2,,,,{81},,,,,,,,,,,{23},
LN00245610,"A468,A543",2,,,,{86},,,,,,,,,,,{23},
LN01814310,"A468,A543",2,,,,{84},,,,,,,,,,,{23},
LN00337497,"A468,A538,A543",3,,,,{76},,,,,,{72},,,,,{23},
LN00872901,"A468,A543",2,,,,{79},,,,,,,,,,,{23},
LN01362309,"A468,A543",2,,,,{75},,,,,,,,,,,{23},
LN04678276,"A468,A543",2,,,,{95},,,,,,,,,,,{23},
LN00219645,"A468,A543",2,,,,{87},,,,,,,,,,,{23},
LN00202287,"A468,A543",2,,,,{94},,,,,,,,,,,{23},
LN00160305,"A468,A543",2,,,,{84},,,,,,,,,,,{23},
LN01807191,"A468,A543",2,,,,{81},,,,,,,,,,,{23},
LN04705455,"A468,A543",2,,,,{76},,,,,,,,,,,{23},
LN00219645,"A468,A543",2,,,,{87},,,,,,,,,,,{23},
LN04979927,"A468,A543",2,,,,{84},,,,,,,,,,,{23},
LN00146921,"A468,A543",2,,,,{79},,,,,,,,,,,{23},
LN01740548,"A468,A543",2,,,,{75},,,,,,,,,,,{23},
LN04664003,"A468,A543",2,,,,{75},,,,,,,,,,,{23},
LN05377033,"A468,A543",2,,,,{76},,,,,,,,,,,{23},
LN05480244,"A468,A543",2,,,,{72},,,,,,,,,,,{23},
LN05492004,"A468,A543",2,,,,{77},,,,,,,,,,,{23},
LN02039027,"A468,A543",2,,,,{71},,,,,,,,,,,{23},
LN05336483,"A468,A543",2,,,,{76},,,,,,,,,,,{23},
LN04700554,"A468,A543",2,,,,{87},,,,,,,,,,,{23},
LN04664540,"A468,A543",2,,,,{97},,,,,,,,,,,{23},
LN05729272,"A468,A543",2,,,,{90},,,,,,,,,,,{23},
LN05438290,"A468,A543",2,,,,{83},,,,,,,,,,,{23},
LN04624715,"A468,A543",2,,,,{71},,,,,,,,,,,{23},
LN04694830,"A468,A543",2,,,,{80},,,,,,,,,,,{23},
LN01871641,"A468,A543",2,,,,{77},,,,,,,,,,,{23},
LN02143866,"A468,A543",2,,,,{76},,,,,,,,,,,{23},
LN00161689,"A468,A543",2,,,,{81},,,,,,,,,,,{23},
LN05437481,"A468,A543",2,,,,{82},,,,,,,,,,,{23},
LN00337483,"A468,A543",2,,,,{74},,,,,,,,,,,{23},
LN01279451,"A468,A543",2,,,,{84},,,,,,,,,,,{23},
LN05456103,"A468,A543",2,,,,{86},,,,,,,,,,,{23},
LN01362303,"A468,A543",2,,,,{71},,,,,,,,,,,{23},
LN02143783,"A468,A543",2,,,,{70},,,,,,,,,,,{23},
LN05377103,"A536,A543",2,,,,,,,,,,,{40},,,,{23},
LN00239193,"A468,A543",2,,,,{76},,,,,,,,,,,{23},
LN05441102,"A468,A538,A543",3,,,,{79},,,,,,{75},,,,,{23},
LN05379127,"A468,A538,A543",3,,,,{79},,,,,,{75},,,,,{23},
LN02186958,"A468,A543",2,,,,{80},,,,,,,,,,,{23},
LN04693295,A543,1,,,,,,,,,,,,,,,{23},
LN05441102,"A468,A543",2,,,,{80},,,,,,,,,,,{23},
LN05379127,"A468,A543",2,,,,{80},,,,,,,,,,,{23},
LN05440502,"A468,A543",2,,,,{79},,,,,,,,,,,{23},
LN01796225,"A468,A543",2,,,,{77},,,,,,,,,,,{23},
LN01320951,"A468,A543",2,,,,{80},,,,,,,,,,,{23},
LN01796264,"A468,A543",2,,,,{71},,,,,,,,,,,{23},
LN05701511,"A468,A543",2,,,,{90},,,,,,,,,,,{23},
LN00175391,"A468,A543",2,,,,{83},,,,,,,,,,,{23},
LN01307190,"A468,A543",2,,,,{76},,,,,,,,,,,{23},
LN00006128,"A468,A543",2,,,,{72},,,,,,,,,,,{23},
LN05368599,"A468,A543",2,,,,{104},,,,,,,,,,,{23},
LN04632462,"A468,A543",2,,,,{78},,,,,,,,,,,{23},
LN00169473,"A468,A543",2,,,,{70},,,,,,,,,,,{23},
LN01814311,"A468,A543",2,,,,{81},,,,,,,,,,,{23},
LN00142133,"A468,A543",2,,,,{83},,,,,,,,,,,{23},
LN04743262,A543,1,,,,,,,,,,,,,,,{23},
LN00139759,"A468,A543",2,,,,{85},,,,,,,,,,,{23},
LN02045897,A543,1,,,,,,,,,,,,,,,{23},
LN01348930,"A468,A543",2,,,,{74},,,,,,,,,,,{23},
LN01088333,"A468,A543",2,,,,{73},,,,,,,,,,,{23},
LN01808604,"A468,A543",2,,,,{73},,,,,,,,,,,{23},
LN00248382,"A467,A468,A543",3,{42},,,{77},,,,,,,,,,,{23},
LN00191090,"A468,A543",2,,,,{98},,,,,,,,,,,{23},
LN04959511,"A468,A543",2,,,,{81},,,,,,,,,,,{23},
LN01303941,"A468,A473,A543",3,,,,{69},,,,{70},,,,,,,{23},
LN04963295,"A468,A543",2,,,,{79},,,,,,,,,,,{23},
LN00219645,"A468,A543",2,,,,{87},,,,,,,,,,,{23},
LN00165741,"A468,A543",2,,,,{78},,,,,,,,,,,{23},
LN01353483,"A468,A543",2,,,,{70},,,,,,,,,,,{23},
LN04705455,"A468,A543",2,,,,{74},,,,,,,,,,,{23},
LN00111591,"A468,A543",2,,,,{72},,,,,,,,,,,{23},
LN04532759,"A468,A543",2,,,,{72},,,,,,,,,,,{23},
LN02039165,A543,1,,,,,,,,,,,,,,,{23},
LN01263647,"A468,A543",2,,,,{80},,,,,,,,,,,{23},
LN04629955,"A468,A543",2,,,,{86},,,,,,,,,,,{23},
LN00348316,A543,1,,,,,,,,,,,,,,,{23},
LN02177951,"A468,A543",2,,,,{78},,,,,,,,,,,{23},
LN01796225,"A468,A543",2,,,,{77},,,,,,,,,,,{23},
LN05457516,"A468,A543",2,,,,{77},,,,,,,,,,,{23},
LN05701567,"A468,A543",2,,,,{81},,,,,,,,,,,{23},
LN05492004,"A468,A543",2,,,,{77},,,,,,,,,,,{23},
LN00789389,"A468,A543",2,,,,{83},,,,,,,,,,,{23},
LN05440404,"A468,A543",2,,,,{78},,,,,,,,,,,{23},
LN05376163,"A468,A543",2,,,,{73},,,,,,,,,,,{23},
LN05342196,"A468,A543",2,,,,{72},,,,,,,,,,,{23},
LN05374604,"A468,A543",2,,,,{73},,,,,,,,,,,{23},
LN00240224,A543,1,,,,,,,,,,,,,,,{23},
LN05365064,"A468,A543",2,,,,{87},,,,,,,,,,,{23},
LN05681089,"A467,A468,A543",3,{41},,,{72},,,,,,,,,,,{23},
LN00176732,"A468,A538,A543",3,,,,{74},,,,,,{73},,,,,{23},
LN01740548,"A468,A543",2,,,,{75},,,,,,,,,,,{23},
LN04664539,A543,1,,,,,,,,,,,,,,,{23},
LN05442847,"A468,A543",2,,,,{74},,,,,,,,,,,{23},
LN04619739,"A468,A543",2,,,,{82},,,,,,,,,,,{23},
LN04663621,"A468,A543",2,,,,{79},,,,,,,,,,,{23},
LN00010954,"A468,A543",2,,,,{101},,,,,,,,,,,{23},
LN03249017,"A468,A543",2,,,,{73},,,,,,,,,,,{23},
LN01362244,"A468,A543",2,,,,{82},,,,,,,,,,,{23},
LN03285641,"A468,A543",2,,,,{85},,,,,,,,,,,{23},
LN00171920,"A468,A543",2,,,,{81},,,,,,,,,,,{23},
LN00003317,"A468,A543",2,,,,{84},,,,,,,,,,,{23},
LN01350220,"A468,A543",2,,,,{80},,,,,,,,,,,{23},
LN05492259,"A467,A468,A543",3,{42},,,{75},,,,,,,,,,,{23},
LN00130940,"A468,A543",2,,,,{74},,,,,,,,,,,{23},
LN02015818,A543,1,,,,,,,,,,,,,,,{23},
LN02125426,"A468,A543",2,,,,{83},,,,,,,,,,,{23},
LN05367670,"A468,A543",2,,,,{71},,,,,,,,,,,{23},
LN04705455,"A468,A543",2,,,,{76},,,,,,,,,,,{23},
LN03241150,"A468,A543",2,,,,{78},,,,,,,,,,,{23},
LN00201153,A543,1,,,,,,,,,,,,,,,{23},
LN01376876,"A468,A543",2,,,,{76},,,,,,,,,,,{23},
LN05372839,"A468,A543",2,,,,{72},,,,,,,,,,,{23},
LN04705455,"A468,A543",2,,,,{76},,,,,,,,,,,{23},
LN01374385,"A468,A543",2,,,,{77},,,,,,,,,,,{23},
LN01743089,"A468,A543",2,,,,{75},,,,,,,,,,,{23},
LN06115588,"A468,A543",2,,,,{78},,,,,,,,,,,{23},
LN00175675,"A468,A543",2,,,,{79},,,,,,,,,,,{23},
LN01263880,"A468,A543",2,,,,{76},,,,,,,,,,,{23},
LN00188955,"A468,A543",2,,,,{71},,,,,,,,,,,{23},
LN01373075,"A468,A543",2,,,,{82},,,,,,,,,,,{23},
LN02009402,"A468,A543",2,,,,{78},,,,,,,,,,,{23},
LN00159660,"A468,A543",2,,,,{84},,,,,,,,,,,{23},
LN05428043,"A468,A543",2,,,,{89},,,,,,,,,,,{23},
LN05368552,"A468,A543",2,,,,{71},,,,,,,,,,,{23},
LN04924479,"A468,A543",2,,,,{74},,,,,,,,,,,{23},
LN02026803,"A468,A543",2,,,,{72},,,,,,,,,,,{23},
LN00219645,"A468,A543",2,,,,{87},,,,,,,,,,,{23},
LN04819549,"A468,A543",2,,,,{71},,,,,,,,,,,{23},
LN04695014,"A468,A543",2,,,,{76},,,,,,,,,,,{23},
LN02027427,"A468,A543",2,,,,{73},,,,,,,,,,,{23},
LN05729150,"A468,A543",2,,,,{75},,,,,,,,,,,{23},
LN05458181,"A467,A468,A543",3,{40},,,{74},,,,,,,,,,,{23},
LN05376742,"A468,A543",2,,,,{83},,,,,,,,,,,{23},
LN04705455,"A468,A543",2,,,,{76},,,,,,,,,,,{23},
LN01799732,"A468,A543",2,,,,{76},,,,,,,,,,,{23},
LN00196537,"A468,A543",2,,,,{77},,,,,,,,,,,{23},
LN05425739,"A468,A543",2,,,,{85},,,,,,,,,,,{23},
LN04819549,"A468,A543",2,,,,{71},,,,,,,,,,,{23},
LN00008305,"A468,A543",2,,,,{75},,,,,,,,,,,{23},
LN01278552,"A468,A543",2,,,,{69},,,,,,,,,,,{23},
LN01362250,"A468,A543",2,,,,{76},,,,,,,,,,,{23},
LN01362508,"A468,A543",2,,,,{75},,,,,,,,,,,{23},
LN05090873,"A468,A543",2,,,,{78},,,,,,,,,,,{23},
LN04636293,"A468,A543",2,,,,{83},,,,,,,,,,,{23},
LN00126630,A543,1,,,,,,,,,,,,,,,{23},
LN01360171,"A468,A543",2,,,,{73},,,,,,,,,,,{23},
LN01364483,"A468,A543",2,,,,{77},,,,,,,,,,,{23},
LN01805491,A543,1,,,,,,,,,,,,,,,{23},
LN04606229,"A468,A543",2,,,,{69},,,,,,,,,,,{23},
LN06134059,"A468,A543",2,,,,{85},,,,,,,,,,,{23},
LN04979310,"A468,A543",2,,,,{74},,,,,,,,,,,{23},
LN05459062,"A468,A543",2,,,,{75},,,,,,,,,,,{23},
LN00138718,"A468,A543",2,,,,{75},,,,,,,,,,,{23},
LN00180216,"A468,A543",2,,,,{73},,,,,,,,,,,{23},
LN00145663,"A468,A543",2,,,,{71},,,,,,,,,,,{23},
LN00215212,"A468,A543",2,,,,{75},,,,,,,,,,,{23},
LN06469146,"A468,A543",2,,,,{73},,,,,,,,,,,{23},
LN04705455,A543,1,,,,,,,,,,,,,,,{23},
LN03265718,"A468,A543",2,,,,{78},,,,,,,,,,,{23},
LN05428454,"A468,A543",2,,,,{81},,,,,,,,,,,{23},
LN01306727,"A468,A543",2,,,,{72},,,,,,,,,,,{23},
LN00337374,"A468,A543",2,,,,{74},,,,,,,,,,,{23},
LN01803729,A543,1,,,,,,,,,,,,,,,{23},
LN00183155,"A468,A543",2,,,,{69},,,,,,,,,,,{23},
LN05539256,"A467,A543",2,,{75},,,,,,,,,,,,,{23},
LN04610035,"A468,A543",2,,,,{71},,,,,,,,,,,{23},
LN00140878,"A468,A543",2,,,,{85},,,,,,,,,,,{23},
LN05441528,"A468,A543",2,,,,{74},,,,,,,,,,,{23},
LN05439745,"A468,A543",2,,,,{77},,,,,,,,,,,{23},
LN05456868,"A468,A543",2,,,,{75},,,,,,,,,,,{23},
LN01868403,"A468,A543",2,,,,{77},,,,,,,,,,,{23},
LN04819549,"A468,A543",2,,,,{71},,,,,,,,,,,{23},
LN01280207,"A468,A543",2,,,,{80},,,,,,,,,,,{23},
LN04705455,"A468,A543",2,,,,{74},,,,,,,,,,,{23},
LN06106993,"A468,A543",2,,,,{77},,,,,,,,,,,{23},
LN02035894,"A468,A543",2,,,,{73},,,,,,,,,,,{23},
LN05458150,"A468,A543",2,,,,{71},,,,,,,,,,,{23},
LN05449154,"A468,A543",2,,,,{71},,,,,,,,,,,{23},
LN05459062,"A468,A543",2,,,,{75},,,,,,,,,,,{23},
LN00219645,"A468,A543",2,,,,{87},,,,,,,,,,,{23},
LN05729329,"A468,A543",2,,,,{69},,,,,,,,,,,{23},
LN05729329,"A468,A543",2,,,,{70},,,,,,,,,,,{23},
LN00201183,"A468,A543",2,,,,{73},,,,,,,,,,,{23},
LN00134366,"A468,A543",2,,,,{80},,,,,,,,,,,{23},
LN02190587,"A468,A543",2,,,,{85},,,,,,,,,,,{23},
LN02020021,"A468,A543",2,,,,{79},,,,,,,,,,,{23},
LN05441492,"A468,A543",2,,,,{84},,,,,,,,,,,{23},
LN02174187,"A468,A543",2,,,,{80},,,,,,,,,,,{23},
LN01353481,"A468,A543",2,,,,{70},,,,,,,,,,,{23},
LN00007447,"A468,A543",2,,,,{81},,,,,,,,,,,{23},
LN00229998,"A468,A543",2,,,,{72},,,,,,,,,,,{23},
LN00199849,"A468,A543",2,,,,{75},,,,,,,,,,,{23},
LN00132876,"A468,A543",2,,,,{78},,,,,,,,,,,{23},
LN00160068,"A468,A543",2,,,,{75},,,,,,,,,,,{23},
LN01372526,"A468,A543",2,,,,{71},,,,,,,,,,,{23},
LN01741164,"A468,A543",2,,,,{80},,,,,,,,,,,{23},
LN04532463,"A468,A543",2,,,,{75},,,,,,,,,,,{23},
LN00113230,A543,1,,,,,,,,,,,,,,,{23},
LN04705455,"A468,A543",2,,,,{76},,,,,,,,,,,{23},
LN00219645,"A468,A543",2,,,,{87},,,,,,,,,,,{23},
LN02001036,"A468,A543",2,,,,{80},,,,,,,,,,,{23},
LN01363069,"A468,A543",2,,,,{73},,,,,,,,,,,{23},
LN02000083,"A468,A543",2,,,,{79},,,,,,,,,,,{23},
LN05359223,"A468,A543",2,,,,{73},,,,,,,,,,,{23},
LN00239813,"A468,A543",2,,,,{80},,,,,,,,,,,{23},
LN04968861,"A468,A543",2,,,,{81},,,,,,,,,,,{23},
LN00165409,"A468,A543",2,,,,{74},,,,,,,,,,,{23},
LN01347568,"A468,A543",2,,,,{83},,,,,,,,,,,{23},
LN00508916,"A468,A543",2,,,,{104},,,,,,,,,,,{23},
LN05459062,A543,1,,,,,,,,,,,,,,,{23},
LN04819549,"A468,A543",2,,,,{71},,,,,,,,,,,{23},
LN00176194,"A468,A543",2,,,,{81},,,,,,,,,,,{23},
LN00004246,"A468,A543",2,,,,{79},,,,,,,,,,,{23},
LN01278676,"A468,A543",2,,,,{83},,,,,,,,,,,{23},
LN00166633,"A468,A543",2,,,,{80},,,,,,,,,,,{23},
LN00242544,"A468,A543",2,,,,{80},,,,,,,,,,,{23},
LN00337356,A543,1,,,,,,,,,,,,,,,{23},
LN05442167,"A468,A543",2,,,,{83},,,,,,,,,,,{23},
LN00164472,"A468,A543",2,,,,{75},,,,,,,,,,,{23},
LN00166467,"A468,A543",2,,,,{80},,,,,,,,,,,{23},
LN00239628,"A468,A543",2,,,,{79},,,,,,,,,,,{23},
LN00176376,"A468,A543",2,,,,{80},,,,,,,,,,,{23},
LN00239347,"A468,A543",2,,,,{81},,,,,,,,,,,{23},
LN05729272,"A468,A543",2,,,{47},,,,,,,,,,,,{23},
LN04653769,"A468,A543",2,,,,{90},,,,,,,,,,,{23},
LN02016848,"A468,A543",2,,,,{81},,,,,,,,,,,{23},
LN05729272,"A468,A543",2,,,,{87},,,,,,,,,,,{23},
LN04657952,"A467,A543",2,,{78},,,,,,,,,,,,,{23},
LN02185757,"A468,A543",2,,,,{82},,,,,,,,,,,{23},
LN04660867,"A468,A543",2,,,,{87},,,,,,,,,,,{23},
LN00011109,"A468,A543",2,,,,{80},,,,,,,,,,,{23},
LN04660864,"A468,A543",2,,,,{87},,,,,,,,,,,{23},
LN02142401,"A468,A543",2,,,,{81},,,,,,,,,,,{23},
LN05449241,"A468,A543",2,,,,"{74, 77}",,,,,,,,,,,{23},
LN02185634,"A468,A543",2,,,,{81},,,,,,,,,,,{23},
LN02185657,"A468,A543",2,,,,{81},,,,,,,,,,,{23},
LN04660862,"A468,A543",2,,,,{87},,,,,,,,,,,{23},
LN02161218,"A468,A543",2,,,,{80},,,,,,,,,,,{23},
LN02185658,"A468,A543",2,,,,{81},,,,,,,,,,,{23},
LN00192108,"A468,A543",2,,,,{81},,,,,,,,,,,{23},
LN02136307,"A468,A543",2,,,,{81},,,,,,,,,,,{23},
LN05433289,"A468,A543",2,,,,{82},,,,,,,,,,,{23},
LN02136304,"A468,A543",2,,,,{83},,,,,,,,,,,{23},
LN00191699,"A468,A543",2,,,,{84},,,,,,,,,,,{23},
LN00191908,"A468,A543",2,,,,{79},,,,,,,,,,,{23},
LN00192270,"A468,A543",2,,,,{84},,,,,,,,,,,{23},
LN05437818,"A468,A473,A543",3,,,,{73},,,,{72},,,,,,,{23},
LN00192285,"A468,A543",2,,,,{83},,,,,,,,,,,{23},
LN02142310,"A468,A543",2,,,,{79},,,,,,,,,,,{23},
LN05464259,"A468,A473,A543",3,,,,{75},,,,{74},,,,,,,{23},
LN02009118,"A468,A543",2,,,,{80},,,,,,,,,,,{23},
LN00188306,"A468,A543",2,,,,{84},,,,,,,,,,,{23},
LN02038898,"A468,A543",2,,,,{78},,,,,,,,,,,{23},
LN05425758,"A468,A543",2,,,,{80},,,,,,,,,,,{23},
LN00191654,"A468,A543",2,,,,{83},,,,,,,,,,,{23},
LN02158069,"A468,A543",2,,,,{84},,,,,,,,,,,{23},
LN02164206,"A468,A543",2,,,,{79},,,,,,,,,,,{23},
LN02009216,"A468,A543",2,,,,{79},,,,,,,,,,,{23},
LN00191771,"A468,A543",2,,,,{83},,,,,,,,,,,{23},
LN00192713,"A468,A543",2,,,,{80},,,,,,,,,,,{23},
LN05362647,"A468,A473,A543",3,,,,{79},,,,{78},,,,,,,{23},
LN00190942,"A468,A543",2,,,,{79},,,,,,,,,,,{23},
LN01368264,"A468,A543",2,,,,"{74, 75}",,,,,,,,,,,{23},
LN00192569,"A468,A543",2,,,,{83},,,,,,,,,,,{23},
LN06420322,"A468,A543",2,,,,{75},,,,,,,,,,,{23},
LN00196926,"A468,A543",2,,,,{78},,,,,,,,,,,{23},
LN02185715,"A468,A543",2,,,,{89},,,,,,,,,,,{23},
LN02142467,"A468,A543",2,,,,{77},,,,,,,,,,,{23},
LN02142402,"A468,A543",2,,,,{77},,,,,,,,,,,{23},
LN00192834,"A468,A543",2,,,,{80},,,,,,,,,,,{23},
LN00191837,"A468,A543",2,,,,{83},,,,,,,,,,,{23},
LN04608415,"A468,A543",2,,,,{80},,,,,,,,,,,{23},
LN00191637,"A468,A543",2,,,,{78},,,,,,,,,,,{23},
LN00190802,"A468,A543",2,,,,{78},,,,,,,,,,,{23},
LN00242578,"A468,A543",2,,,,{77},,,,,,,,,,,{23},
LN02142472,"A468,A543",2,,,,{81},,,,,,,,,,,{23},
LN01365645,"A468,A543",2,,,,{77},,,,,,,,,,,{23},
LN04744600,"A468,A543",2,,,,{75},,,,,,,,,,,{23},
LN02169210,"A468,A543",2,,,,{76},,,,,,,,,,,{23},
LN01331422,"A468,A473,A543",3,,,,{76},,,,{75},,,,,,,{23},
LN00204102,"A468,A543",2,,,,{76},,,,,,,,,,,{23},
LN00241773,"A468,A543",2,,,,{76},,,,,,,,,,,{23},
LN00191743,"A468,A543",2,,,,{76},,,,,,,,,,,{23},
LN00190740,"A468,A543",2,,,,{81},,,,,,,,,,,{23},
LN04594833,"A468,A536,A543",3,,,,{76},,,,,,,{41},,,,{23},
LN01367651,"A468,A473,A543",3,,,,{76},,,,{75},,,,,,,{23},
LN04650696,"A468,A543",2,,,,{76},,,,,,,,,,,{23},
LN00191930,"A468,A543",2,,,,{81},,,,,,,,,,,{23},
LN00232096,"A468,A543",2,,,,{80},,,,,,,,,,,{23},
LN00191711,"A468,A543",2,,,,{75},,,,,,,,,,,{23},
LN04750684,"A468,A543",2,,,,{76},,,,,,,,,,,{23},
LN05442219,"A468,A543",2,,,,{75},,,,,,,,,,,{23},
LN00338893,"A468,A543",2,,,,{76},,,,,,,,,,,{23},
LN00188133,"A468,A543",2,,,,{76},,,,,,,,,,,{23},
LN04816250,"A468,A543",2,,,,{79},,,,,,,,,,,{23},
LN00190433,"A468,A543",2,,,,{81},,,,,,,,,,,{23},
LN04632456,"A468,A473,A543",3,,,,{74},,,,{75},,,,,,,{23},
LN04980518,"A468,A473,A536,A543",4,,,,{76},,,,{77},,,{41},,,,{23},
LN06082033,"A468,A543",2,,,,{77},,,,,,,,,,,{23},
LN01364966,"A468,A543",2,,,,{75},,,,,,,,,,,{23},
LN01868141,"A468,A543",2,,,,{79},,,,,,,,,,,{23},
LN04657330,"A468,A473,A543",3,,,,{78},,,,{77},,,,,,,{23},
LN00191616,"A468,A543",2,,,,{80},,,,,,,,,,,{23},
LN00008688,"A468,A473,A543",3,,,,{72},,,,{71},,,,,,,{23},
LN05519900,"A468,A543",2,,,,{79},,,,,,,,,,,{23},
LN00189279,"A468,A543",2,,,,{80},,,,,,,,,,,{23},
LN02137593,"A468,A543",2,,,,{78},,,,,,,,,,,{23},
LN05425414,"A468,A473,A543",3,,,,{75},,,,{76},,,,,,,{23},
LN01365719,"A468,A543",2,,,,{73},,,,,,,,,,,{23},
LN04661506,"A468,A543",2,,,,{73},,,,,,,,,,,{23},
LN02042965,"A468,A473,A543",3,,,,{77},,,,{78},,,,,,,{23},
LN00192199,"A468,A543",2,,,,{80},,,,,,,,,,,{23},
LN03282450,"A468,A543",2,,,,{73},,,,,,,,,,,{23},
LN00192279,"A468,A543",2,,,,{80},,,,,,,,,,,{23},
LN05425828,"A468,A543",2,,,,{76},,,,,,,,,,,{23},
LN05788706,"A468,A473,A543",3,,,,{77},,,,{76},,,,,,,{23},
LN02009279,"A468,A543",2,,,,{78},,,,,,,,,,,{23},
LN00192782,"A468,A543",2,,,,{79},,,,,,,,,,,{23},
LN04610246,"A468,A543",2,,,,{74},,,,,,,,,,,{23},
LN04963003,"A468,A543",2,,,,{73},,,,,,,,,,,{23},
LN00190633,"A468,A543",2,,,,{80},,,,,,,,,,,{23},
LN00138645,"A468,A543",2,,,,{73},,,,,,,,,,,{23},
LN00010278,"A468,A543",2,,,,{75},,,,,,,,,,,{23},
LN02000817,"A468,A543",2,,,,{77},,,,,,,,,,,{23},
LN01365722,"A468,A543",2,,,,{75},,,,,,,,,,,{23},
LN00005036,"A468,A543",2,,,,{74},,,,,,,,,,,{23},
LN00198554,"A468,A473,A543",3,,,,{75},,,,{74},,,,,,,{23},
LN04657118,"A468,A473,A543",3,,,,{78},,,,{77},,,,,,,{23},
LN00337901,"A468,A473,A543",3,,,,{72},,,,{71},,,,,,,{23},
LN00139818,"A468,A543",2,,,,{75},,,,,,,,,,,{23},
LN03252090,"A468,A473,A543",3,,,,{73},,,,{72},,,,,,,{23},
LN04602858,"A468,A473,A543",3,,,,{76},,,,{75},,,,,,,{23},
LN05427190,"A468,A533,A543",3,,,,{72},,{75},,,,,,,,,{23},
LN05578401,"A468,A543",2,,,,{75},,,,,,,,,,,{23},
LN00005768,"A468,A543",2,,,,{73},,,,,,,,,,,{23},
LN00117936,"A468,A543",2,,,,{73},,,,,,,,,,,{23},
LN00192729,"A468,A543",2,,,,{77},,,,,,,,,,,{23},
LN03274992,"A468,A543",2,,,,{73},,,,,,,,,,,{23},
LN04835617,"A468,A473,A543",3,,,,{74},,,,{73},,,,,,,{23},
LN05799233,"A468,A543",2,,,,{80},,,,,,,,,,,{23},
LN01868037,"A468,A543",2,,,,{79},,,,,,,,,,,{23},
LN05360716,"A468,A543",2,,,,{75},,,,,,,,,,,{23},
LN00233466,"A468,A543",2,,,,{81},,,,,,,,,,,{23},
LN05487570,"A468,A543",2,,,,{79},,,,,,,,,,,{23},
LN00190750,"A468,A543",2,,,,{78},,,,,,,,,,,{23},
LN03265055,"A468,A543",2,,,,{78},,,,,,,,,,,{23},
LN05484390,"A468,A543",2,,,,{82},,,,,,,,,,,{23},
LN05349045,"A468,A473,A543",3,,,,{78},,,,{77},,,,,,,{23},
LN02137432,"A468,A543",2,,,,{74},,,,,,,,,,,{23},
LN00219908,"A468,A543",2,,,,{79},,,,,,,,,,,{23},
LN05434488,"A468,A543",2,,,,{77},,,,,,,,,,,{23},
LN00190751,"A468,A543",2,,,,{78},,,,,,,,,,,{23},
LN00200497,"A468,A543",2,,,,{78},,,,,,,,,,,{23},
LN05433806,"A468,A543",2,,,,{79},,,,,,,,,,,{23},
LN03239890,"A468,A473,A543",3,,,,{78},,,,{79},,,,,,,{23},
LN00139404,"A468,A543",2,,,,{75},,,,,,,,,,,{23},
LN00170925,"A468,A543",2,,,,{73},,,,,,,,,,,{23},
LN01366526,"A468,A543",2,,,,{72},,,,,,,,,,,{23},
LN00192391,"A468,A543",2,,,,{83},,,,,,,,,,,{23},
LN05438149,"A468,A543",2,,,,{82},,,,,,,,,,,{23},
LN06420349,"A468,A543",2,,,,{80},,,,,,,,,,,{23},
LN00138842,"A468,A543",2,,,,{71},,,,,,,,,,,{23},
LN06206124,"A468,A543",2,,,,{80},,,,,,,,,,,{23},
LN01373114,"A468,A543",2,,,,{78},,,,,,,,,,,{23},
LN00004273,"A468,A543",2,,,,{76},,,,,,,,,,,{23},
LN02136636,"A468,A473,A543",3,,,,{75},,,,{76},,,,,,,{23},
LN05579659,"A468,A543",2,,,,{79},,,,,,,,,,,{23},
LN05341128,"A468,A473,A543",3,,,,{73},,,,{72},,,,,,,{23},
LN00187935,"A468,A543",2,,,,{78},,,,,,,,,,,{23},
LN00005353,"A468,A543",2,,,,{72},,,,,,,,,,,{23},
LN06144856,"A468,A543",2,,,,{77},,,,,,,,,,,{23},
LN01374619,"A468,A543",2,,,,{76},,,,,,,,,,,{23},
LN02056208,"A468,A543",2,,,,{78},,,,,,,,,,,{23},
LN02142319,"A468,A543",2,,,,{78},,,,,,,,,,,{23},
LN01365348,"A468,A543",2,,,,{78},,,,,,,,,,,{23},
LN04950730,"A468,A543",2,,,,{76},,,,,,,,,,,{23},
LN02169201,"A468,A543",2,,,,{74},,,,,,,,,,,{23},
LN00190670,"A468,A543",2,,,,{81},,,,,,,,,,,{23},
LN06106978,"A468,A543",2,,,,{92},,,,,,,,,,,{23},
LN01330502,"A468,A543",2,,,,{75},,,,,,,,,,,{23},
LN00192121,"A468,A543",2,,,,{80},,,,,,,,,,,{23},
LN00191911,"A468,A543",2,,,,{81},,,,,,,,,,,{23},
LN04601319,"A468,A543",2,,,,{74},,,,,,,,,,,{23},
LN05357915,"A468,A543",2,,,,{77},,,,,,,,,,,{23},
LN02144251,"A468,A543",2,,,,{73},,,,,,,,,,,{23},
LN00191463,"A468,A543",2,,,,{75},,,,,,,,,,,{23},
LN02158241,"A467,A468,A543",3,,{76},,{76},,,,,,,,,,,{23},
LN00176696,"A468,A473,A543",3,,,,{72},,,,{74},,,,,,,{23},
LN02176783,"A468,A473,A543",3,,,,{75},,,,{74},,,,,,,{23},
LN05344818,"A468,A543",2,,,,{74},,,,,,,,,,,{23},
LN05433760,"A468,A543",2,,,,{78},,,,,,,,,,,{23},
LN01361528,"A468,A543",2,,,,{81},,,,,,,,,,,{23},
LN00190692,"A468,A543",2,,,,{76},,,,,,,,,,,{23},
LN00199017,"A468,A543",2,,,,{81},,,,,,,,,,,{23},
LN04911534,"A468,A543",2,,,,{77},,,,,,,,,,,{23},
LN01365993,"A468,A543",2,,,,{73},,,,,,,,,,,{23},
LN00193791,"A468,A543",2,,,,{76},,,,,,,,,,,{23},
LN00169073,"A468,A543",2,,,,{74},,,,,,,,,,,{23},
LN05376309,"A468,A543",2,,,,{73},,,,,,,,,,,{23},
LN04638987,A543,1,,,,,,,,,,,,,,,{23},
LN01807665,"A468,A543",2,,,,{75},,,,,,,,,,,{23},
LN03282342,"A468,A543",2,,,,{79},,,,,,,,,,,{23},
LN00191676,"A468,A543",2,,,,{75},,,,,,,,,,,{23},
LN00189964,"A468,A543",2,,,,{71},,,,,,,,,,,{23},
LN00192756,"A468,A543",2,,,,{80},,,,,,,,,,,{23},
LN00196606,"A468,A543",2,,,,{73},,,,,,,,,,,{23},
LN00343404,"A468,A543",2,,,,{75},,,,,,,,,,,{23},
LN02137599,"A468,A543",2,,,,{79},,,,,,,,,,,{23},
LN06420314,"A468,A543",2,,,,{78},,,,,,,,,,,{23},
LN01814212,"A468,A543",2,,,,{76},,,,,,,,,,,{23},
LN01361168,"A468,A543",2,,,,{79},,,,,,,,,,,{23},
LN03270297,"A468,A543",2,,,,{81},,,,,,,,,,,{23},
LN03265040,"A468,A473,A543",3,,,,{75},,,,{74},,,,,,,{23},
LN05651440,"A468,A543",2,,,,{81},,,,,,,,,,,{23},
LN00192491,"A468,A543",2,,,,{80},,,,,,,,,,,{23},
LN02011147,"A467,A468,A473,A543",4,{38},,,{79},,,,{78},,,,,,,{23},
LN05519138,"A468,A543",2,,,,{76},,,,,,,,,,,{23},
LN03246723,"A468,A473,A543",3,,,,{78},,,,{77},,,,,,,{23},
LN05442112,"A468,A543",2,,,,{72},,,,,,,,,,,{23},
LN04822227,"A468,A473,A543",3,,,,{73},,,,{72},,,,,,,{23},
LN04648645,"A468,A473,A543",3,,,,{74},,,,{75},,,,,,,{23},
LN05417118,A543,1,,,,,,,,,,,,,,,{23},
LN00005246,"A468,A543",2,,,,{80},,,,,,,,,,,{23},
LN00169530,"A468,A543",2,,,,{78},,,,,,,,,,,{23},
LN06420243,"A468,A543",2,,,,{78},,,,,,,,,,,{23},
LN05376950,"A468,A543",2,,,,{81},,,,,,,,,,,{23},
LN03255120,"A468,A543",2,,,,{78},,,,,,,,,,,{23},
LN02136874,"A468,A543",2,,,,{78},,,,,,,,,,,{23},
LN05439993,"A468,A543",2,,,,{77},,,,,,,,,,,{23},
LN06111416,"A468,A543",2,,,,{89},,,,,,,,,,,{23},
LN05438501,"A468,A543",2,,,,{72},,,,,,,,,,,{23},
LN05362732,"A468,A473,A543",3,,,,{77},,,,{76},,,,,,,{23},
LN04745843,"A468,A543",2,,,,{75},,,,,,,,,,,{23},
LN01867486,"A467,A543",2,,{76},,,,,,,,,,,,,{23},
LN00188861,"A468,A543",2,,,,{71},,,,,,,,,,,{23},
LN06135013,"A468,A473,A543",3,,,,{72},,,,{71},,,,,,,{23},
LN04971396,"A468,A543",2,,,,{77},,,,,,,,,,,{23},
LN05438570,"A468,A543",2,,,,{75},,,,,,,,,,,{23},
LN05439129,"A468,A473,A543",3,,,,{81},,,,{80},,,,,,,{23},
LN00197376,"A468,A543",2,,,,{75},,,,,,,,,,,{23},
LN00191655,"A467,A543",2,,{75},,,,,,,,,,,,,{23},
LN05361150,"A468,A543",2,,,,{81},,,,,,,,,,,{23},
LN05440357,"A468,A473,A543",3,,,,{74},,,,{73},,,,,,,{23},
LN05373685,"A468,A543",2,,,,{76},,,,,,,,,,,{23},
LN02164326,"A468,A543",2,,,,{72},,,,,,,,,,,{23},
LN04601794,"A468,A543",2,,,,{72},,,,,,,,,,,{23},
LN01816019,"A468,A543",2,,,,{74},,,,,,,,,,,{23},
LN04853104,"A468,A543",2,,,,{79},,,,,,,,,,,{23},
LN01375673,"A468,A473,A543",3,,,,{78},,,,{77},,,,,,,{23},
LN00192291,"A468,A543",2,,,,{79},,,,,,,,,,,{23},
LN03243530,"A468,A473,A543",3,,,,{71},,,,{70},,,,,,,{23},
LN05441571,"A468,A543",2,,,,{75},,,,,,,,,,,{23},
LN05366988,"A468,A543",2,,,,{79},,,,,,,,,,,{23},
LN05374117,"A468,A543",2,,,,{75},,,,,,,,,,,{23},
LN00337380,"A468,A543",2,,,,{73},,,,,,,,,,,{23},
LN00241728,"A468,A543",2,,,,{78},,,,,,,,,,,{23},
LN01377111,"A468,A543",2,,,,{78},,,,,,,,,,,{23},
LN00204328,"A468,A543",2,,,,{80},,,,,,,,,,,{23},
LN02191269,"A468,A473,A543",3,,,,{78},,,,{74},,,,,,,{23},
LN05448630,"A468,A543",2,,,,{76},,,,,,,,,,,{23},
LN00139657,"A468,A543",2,,,,{78},,,,,,,,,,,{23},
LN00174064,"A468,A543",2,,,,{73},,,,,,,,,,,{23},
LN04608753,"A467,A543",2,,{78},,,,,,,,,,,,,{23},
LN01360586,"A468,A543",2,,,,{72},,,,,,,,,,,{23},
LN05695007,"A468,A543",2,,,,{74},,,,,,,,,,,{23},
LN01368392,"A468,A543",2,,,,{77},,,,,,,,,,,{23},
LN04809947,"A536,A543",2,,,,,,,,,,,{41},,,,{23},
LN02026730,"A468,A543",2,,,,{74},,,,,,,,,,,{23},
LN00192362,"A468,A543",2,,,,{78},,,,,,,,,,,{23},
LN02660565,"A468,A473,A543",3,,,,{79},,,,{78},,,,,,,{23},
LN05617640,"A468,A543",2,,,,{75},,,,,,,,,,,{23},
LN00005759,"A468,A543",2,,,,{76},,,,,,,,,,,{23},
LN02188849,"A468,A543",2,,,,{79},,,,,,,,,,,{23},
LN05743839,"A468,A543",2,,,,{73},,,,,,,,,,,{23},
LN00221990,"A468,A543",2,,,,{78},,,,,,,,,,,{23},
LN04810200,"A468,A543",2,,,,{74},,,,,,,,,,,{23},
LN01814212,"A468,A543",2,,,,{76},,,,,,,,,,,{23},
LN00191733,"A468,A543",2,,,,{80},,,,,,,,,,,{23},
LN05438887,"A468,A543",2,,,,{75},,,,,,,,,,,{23},
LN06420382,A543,1,,,,,,,,,,,,,,,{23},
LN00189046,"A468,A543",2,,,,{71},,,,,,,,,,,{23},
LN03245703,"A468,A543",2,,,,{78},,,,,,,,,,,{23},
LN01319692,"A468,A543",2,,,,{73},,,,,,,,,,,{23},
LN05360667,"A468,A543",2,,,,{73},,,,,,,,,,,{23},
LN00337144,"A468,A543",2,,,,{78},,,,,,,,,,,{23},
LN04946013,"A468,A543",2,,,,{78},,,,,,,,,,,{23},
LN00213690,"A468,A543",2,,,,{77},,,,,,,,,,,{23},
LN01741910,"A468,A543",2,,,,{81},,,,,,,,,,,{23},
LN01299547,"A468,A543",2,,,,{75},,,,,,,,,,,{23},
LN05426024,"A468,A543",2,,,,{78},,,,,,,,,,,{23},
LN06171561,"A468,A543",2,,,,{84},,,,,,,,,,,{23},
LN04650626,"A468,A543",2,,,,{74},,,,,,,,,,,{23},
LN04593649,"A468,A543",2,,,,{72},,,,,,,,,,,{23},
LN00232884,"A468,A543",2,,,,{81},,,,,,,,,,,{23},
LN04539455,"A468,A543",2,,,,{76},,,,,,,,,,,{23},
LN00242486,"A468,A543",2,,,,{75},,,,,,,,,,,{23},
LN05723574,A543,1,,,,,,,,,,,,,,,{23},
LN04650546,"A467,A543",2,,{75},,,,,,,,,,,,,{23},
LN05437502,"A468,A543",2,,,,{75},,,,,,,,,,,{23},
LN00203258,"A468,A543",2,,,,{76},,,,,,,,,,,{23},
LN05433943,"A468,A543",2,,,,{75},,,,,,,,,,,{23},
LN06420333,"A468,A543",2,,,,{79},,,,,,,,,,,{23},
LN00191895,"A468,A543",2,,,,{79},,,,,,,,,,,{23},
LN05361009,"A468,A543",2,,,,{78},,,,,,,,,,,{23},
LN06420323,"A468,A543",2,,,,{75},,,,,,,,,,,{23},
LN04724894,"A468,A543",2,,,,{74},,,,,,,,,,,{23},
LN06464526,"A468,A543",2,,,,{82},,,,,,,,,,,{23},
LN00192692,"A467,A543",2,,{76},,,,,,,,,,,,,{23},
LN05438577,"A468,A543",2,,,,{77},,,,,,,,,,,{23},
LN05438696,"A468,A543",2,,,,{78},,,,,,,,,,,{23},
LN06420227,"A468,A543",2,,,,{75},,,,,,,,,,,{23},
LN01360582,"A468,A543",2,,,,{73},,,,,,,,,,,{23},
LN04604980,"A468,A543",2,,,,{75},,,,,,,,,,,{23},
LN05357505,"A468,A543",2,,,,{74},,,,,,,,,,,{23},
LN00171155,"A468,A543",2,,,,{76},,,,,,,,,,,{23},
LN06464512,"A468,A473,A538,A543",4,,,,{75},,,,{74},,{77},,,,,{23},
LN05442331,"A468,A543",2,,,,{73},,,,,,,,,,,{23},
LN05471370,"A467,A543",2,,{78},,,,,,,,,,,,,{23},
LN01365604,"A468,A543",2,,,,{78},,,,,,,,,,,{23},
LN01366421,A543,1,,,,,,,,,,,,,,,{23},
LN05579749,A543,1,,,,,,,,,,,,,,,{23},
LN02173910,"A468,A543",2,,,,{78},,,,,,,,,,,{23},
LN05451579,"A468,A543",2,,,,{82},,,,,,,,,,,{23},
LN04914573,"A468,A543",2,,,,{77},,,,,,,,,,,{23},
LN04822418,"A468,A543",2,,,,{78},,,,,,,,,,,{23},
LN05344162,"A468,A543",2,,,,{71},,,,,,,,,,,{23},
LN00004767,A543,1,,,,,,,,,,,,,,,{23},
LN00202634,"A468,A543",2,,,,{74},,,,,,,,,,,{23},
LN04551286,"A468,A543",2,,,,{74},,,,,,,,,,,{23},
LN04998708,A543,1,,,,,,,,,,,,,,,{23},
LN02137879,"A468,A543",2,,,,{77},,,,,,,,,,,{23},
LN00189254,"A468,A543",2,,,,{80},,,,,,,,,,,{23},
LN05751466,"A468,A543",2,,,,{73},,,,,,,,,,,{23},
LN02137530,"A468,A543",2,,,,{74},,,,,,,,,,,{23},
LN00175853,"A468,A543",2,,,,{75},,,,,,,,,,,{23},
LN05438921,"A468,A543",2,,,,{77},,,,,,,,,,,{23},
LN00218835,"A468,A543",2,,,,{74},,,,,,,,,,,{23},
LN05439841,A543,1,,,,,,,,,,,,,,,{23},
LN05434699,"A468,A543",2,,,,{83},,,,,,,,,,,{23},
LN02027146,A543,1,,,,,,,,,,,,,,,{23},
LN02135776,"A468,A543",2,,,,{74},,,,,,,,,,,{23},
LN02169555,"A468,A543",2,,,,{74},,,,,,,,,,,{23},
LN00191385,"A468,A543",2,,,,{79},,,,,,,,,,,{23},
LN03239852,"A467,A543",2,,{77},,,,,,,,,,,,,{23},
LN05452392,"A468,A543",2,,,,{78},,,,,,,,,,,{23},
LN00188618,"A468,A543",2,,,,{82},,,,,,,,,,,{23},
LN01805453,A543,1,,,,,,,,,,,,,,,{23},
LN00005280,"A468,A543",2,,,,{73},,,,,,,,,,,{23},
LN01366524,"A468,A543",2,,,,{84},,,,,,,,,,,{23},
LN00221705,"A467,A543",2,,{79},,,,,,,,,,,,,{23},
LN05376269,"A467,A543",2,,{79},,,,,,,,,,,,,{23},
LN05751466,"A468,A543",2,,,,{73},,,,,,,,,,,{23},
LN00194883,"A468,A543",2,,,,{74},,,,,,,,,,,{23},
LN00200269,"A468,A543",2,,,,{73},,,,,,,,,,,{23},
LN05448545,"A468,A543",2,,,,{76},,,,,,,,,,,{23},
LN02135607,"A468,A543",2,,,,{76},,,,,,,,,,,{23},
LN00004270,"A468,A543",2,,,,{78},,,,,,,,,,,{23},
LN02186055,"A468,A543",2,,,,{81},,,,,,,,,,,{23},
LN00195097,"A468,A543",2,,,,{71},,,,,,,,,,,{23},
LN00005403,"A468,A543",2,,,,{77},,,,,,,,,,,{23},
LN06420381,A543,1,,,,,,,,,,,,,,,{23},
LN00232665,"A468,A543",2,,,,{74},,,,,,,,,,,{23},
LN05361672,"A468,A543",2,,,,{78},,,,,,,,,,,{23},
LN00008916,"A467,A543",2,,{74},,,,,,,,,,,,,{23},
LN04598676,"A468,A543",2,,,,{78},,,,,,,,,,,{23},
LN05438652,"A467,A543",2,,{75},,,,,,,,,,,,,{23},
LN03266513,"A468,A543",2,,,,{87},,,,,,,,,,,{23},
LN04803031,"A467,A543",2,,{75},,,,,,,,,,,,,{23},
LN02660834,A543,1,,,,,,,,,,,,,,,{23},
LN02177603,"A468,A543",2,,,,{72},,,,,,,,,,,{23},
LN05337227,"A468,A543",2,,,,{72},,,,,,,,,,,{23},
LN00111266,"A467,A543",2,,{77},,,,,,,,,,,,,{23},
LN05344176,A543,1,,,,,,,,,,,,,,,{23},
LN00171152,"A467,A543",2,,{77},,,,,,,,,,,,,{23},
LN00200220,"A467,A543",2,,{74},,,,,,,,,,,,,{23},
LN01365694,"A467,A543",2,,{77},,,,,,,,,,,,,{23},
LN05351357,"A468,A543",2,,,,{79},,,,,,,,,,,{23},
LN06111458,"A468,A543",2,,,,{74},,,,,,,,,,,{23},
LN04843683,"A468,A543",2,,,,{79},,,,,,,,,,,{23},
LN06420384,"A468,A543",2,,,,{81},,,,,,,,,,,{23},
LN05458228,"A468,A543",2,,,,{72},,,,,,,,,,,{23},
LN02188024,"A468,A543",2,,,,{79},,,,,,,,,,,{23},
LN02134848,"A467,A543",2,,{76},,,,,,,,,,,,,{23},
LN00198451,A543,1,,,,,,,,,,,,,,,{23},
LN05425651,"A468,A543",2,,,,{76},,,,,,,,,,,{23},
LN05579924,A543,1,,,,,,,,,,,,,,,{23},
LN05373525,"A467,A543",2,,{75},,,,,,,,,,,,,{23},
LN01361061,"A468,A543",2,,,,{78},,,,,,,,,,,{23},
LN04938817,"A468,A543",2,,,,{73},,,,,,,,,,,{23},
LN00008997,"A468,A543",2,,,,{75},,,,,,,,,,,{23},
LN04659810,"A467,A468,A543",3,{35},,,{74},,,,,,,,,,,{23},
LN00203410,"A468,A543",2,,,,{78},,,,,,,,,,,{23},
LN04604622,A543,1,,,,,,,,,,,,,,,{23},
LN00170628,"A467,A543",2,,{77},,,,,,,,,,,,,{23},
LN05476977,"A467,A543",2,{43},,,,,,,,,,,,,,{23},
LN00177084,A543,1,,,,,,,,,,,,,,,{23},
LN05373277,"A468,A543",2,,,,{80},,,,,,,,,,,{23},
LN01367550,A543,1,,,,,,,,,,,,,,,{23},
LN01326197,"A468,A543",2,,,,{75},,,,,,,,,,,{23},
LN01816564,"A468,A543",2,,,,{74},,,,,,,,,,,{23},
LN02126582,"A468,A543",2,,,,{78},,,,,,,,,,,{23},
LN03249726,"A467,A543",2,,{77},,,,,,,,,,,,,{23},
LN02012530,"A468,A543",2,,,,{74},,,,,,,,,,,{23},
LN01373068,"A468,A543",2,,,,{73},,,,,,,,,,,{23},
LN02155876,"A467,A543",2,,{74},,,,,,,,,,,,,{23},
LN02039007,"A468,A543",2,,,,{78},,,,,,,,,,,{23},
LN05376303,"A467,A543",2,,{76},,,,,,,,,,,,,{23},
LN05691930,"A468,A543",2,,,,{80},,,,,,,,,,,{23},
LN05433529,"A468,A543",2,,,,{78},,,,,,,,,,,{23},
LN03270277,"A468,A543",2,,,,{77},,,,,,,,,,,{23},
LN02136374,"A468,A543",2,,,,{74},,,,,,,,,,,{23},
LN05651647,"A468,A543",2,,,,{72},,,,,,,,,,,{23},
LN00221562,"A468,A543",2,,,,{72},,,,,,,,,,,{23},
LN05424803,"A468,A543",2,,,,{78},,,,,,,,,,,{23},
LN00119715,"A468,A543",2,,,,{72},,,,,,,,,,,{23},
LN05438039,"A468,A543",2,,,,{72},,,,,,,,,,,{23},
LN02185788,"A468,A543",2,,,,{75},,,,,,,,,,,{23},
LN06111442,"A468,A543",2,,,,{78},,,,,,,,,,,{23},
LN05373290,"A468,A543",2,,,,{78},,,,,,,,,,,{23},
LN00189881,"A468,A543",2,,,,{78},,,,,,,,,,,{23},
LN05442112,"A468,A543",2,,,,{72},,,,,,,,,,,{23},
LN01319549,A543,1,,,,,,,,,,,,,,,{23},
LN06101568,"A468,A543",2,,,,{75},,,,,,,,,,,{23},
LN05426339,"A468,A543",2,,,,{74},,,,,,,,,,,{23},
LN01364503,"A468,A543",2,,,,{73},,,,,,,,,,,{23},
LN03275144,"A467,A543",2,,{74},,,,,,,,,,,,,{23},
LN05457813,"A468,A543",2,,,,{72},,,,,,,,,,,{23},
LN00232507,"A468,A543",2,,,,{81},,,,,,,,,,,{23},
LN00004267,"A468,A543",2,,,,{75},,,,,,,,,,,{23},
LN05526775,A543,1,,,,,,,,,,,,,,,{23},
LN00197773,"A468,A543",2,,,,{71},,,,,,,,,,,{23},
LN02137933,"A468,A543",2,,,,{78},,,,,,,,,,,{23},
LN00191546,"A468,A543",2,,,,{78},,,,,,,,,,,{23},
LN05376626,"A468,A543",2,,,,{72},,,,,,,,,,,{23},
LN02123195,"A468,A543",2,,,,{73},,,,,,,,,,,{23},
LN05447750,"A468,A543",2,,,,{75},,,,,,,,,,,{23},
LN05042030,"A468,A543",2,,,,{87},,,,,,,,,,,{23},
LN04606357,"A468,A543",2,,,,{77},,,,,,,,,,,{23},
LN03240687,"A468,A543",2,,,,{75},,,,,,,,,,,{23},
LN04599381,"A468,A543",2,,,,{74},,,,,,,,,,,{23},
LN05448448,A543,1,,,,,,,,,,,,,,,{23},
LN05751466,"A468,A543",2,,,,{73},,,,,,,,,,,{23},
LN03264748,"A467,A543",2,,{76},,,,,,,,,,,,,{23},
LN01318324,A543,1,,,,,,,,,,,,,,,{23},
LN03265190,"A468,A543",2,,,,{75},,,,,,,,,,,{23},
LN05814233,"A467,A543",2,,{76},,,,,,,,,,,,,{23},
LN05364821,"A467,A468,A543",3,,{71},,{71},,,,,,,,,,,{23},
LN02136644,"A468,A543",2,,,,{82},,,,,,,,,,,{23},
LN03270271,A543,1,,,,,,,,,,,,,,,{23},
LN04606757,"A468,A543",2,,,,{82},,,,,,,,,,,{23},
LN03246823,"A467,A543",2,,{76},,,,,,,,,,,,,{23},
LN02138184,"A468,A543",2,,,,{78},,,,,,,,,,,{23},
LN05453146,"A468,A543",2,,,,{74},,,,,,,,,,,{23},
LN00177627,"A468,A543",2,,,,{78},,,,,,,,,,,{23},
LN05433165,"A468,A543",2,,,,{72},,,,,,,,,,,{23},
LN04744604,"A468,A543",2,,,,{78},,,,,,,,,,,{23},
LN03265166,"A468,A543",2,,,,{74},,,,,,,,,,,{23},
LN00192258,"A468,A543",2,,,,{79},,,,,,,,,,,{23},
LN00004260,A543,1,,,,,,,,,,,,,,,{23},
LN03247284,"A468,A543",2,,,,{73},,,,,,,,,,,{23},
LN00233573,"A468,A543",2,,,,{74},,,,,,,,,,,{23},
LN00170548,A543,1,,,,,,,,,,,,,,,{23},
LN04751270,"A468,A543",2,,,,{78},,,,,,,,,,,{23},
LN06420307,"A468,A543",2,,,,{79},,,,,,,,,,,{23},
LN04745827,"A468,A543",2,,,,{71},,,,,,,,,,,{23},
LN00190464,A543,1,,,,,,,,,,,,,,,{23},
LN05340302,"A468,A543",2,,,,{78},,,,,,,,,,,{23},
LN00191746,A543,1,,,,,,,,,,,,,,,{23},
LN05751466,"A468,A543",2,,,,{73},,,,,,,,,,,{23},
LN05457882,"A468,A543",2,,,,{71},,,,,,,,,,,{23},
LN05357915,"A468,A543",2,,,,{77},,,,,,,,,,,{23},
LN02136293,A543,1,,,,,,,,,,,,,,,{23},
LN03276234,"A468,A543",2,,,,{82},,,,,,,,,,,{23},
LN05354711,"A468,A543",2,,,,{72},,,,,,,,,,,{23},
LN05441412,"A468,A543",2,,,,{73},,,,,,,,,,,{23},
LN00190692,"A468,A543",2,,,,{76},,,,,,,,,,,{23},
LN05439642,"A468,A543",2,,,,{73},,,,,,,,,,,{23},
LN05442869,"A468,A543",2,,,,{78},,,,,,,,,,,{23},
LN04996537,"A468,A543",2,,,,{72},,,,,,,,,,,{23},
LN00168917,A543,1,,,,,,,,,,,,,,,{23},
LN02188849,"A468,A543",2,,,,{79},,,,,,,,,,,{23},
LN04815128,"A468,A543",2,,,,{76},,,,,,,,,,,{23},
LN00180611,"A468,A543",2,,,,{78},,,,,,,,,,,{23},
LN06101581,"A468,A543",2,,,,{77},,,,,,,,,,,{23},
LN00192095,A543,1,,,,,,,,,,,,,,,{23},
LN05362915,"A468,A543",2,,,,{79},,,,,,,,,,,{23},
LN06420253,"A468,A543",2,,,,{76},,,,,,,,,,,{23},
LN05631902,"A468,A543",2,,,,{81},,,,,,,,,,,{23},
LN05610650,"A468,A543",2,,,,{79},,,,,,,,,,,{23},
LN06144922,"A468,A543",2,,,,{74},,,,,,,,,,,{23},
LN04599719,A543,1,,,,,,,,,,,,,,,{23},
LN05337227,"A468,A543",2,,,,{72},,,,,,,,,,,{23},
LN01373067,"A468,A543",2,,,,{78},,,,,,,,,,,{23},
LN00193923,"A468,A543",2,,,,{77},,,,,,,,,,,{23},
LN00201652,"A468,A543",2,,,,{75},,,,,,,,,,,{23},
LN05438205,"A468,A538,A543",3,,,,{76},,,,,,{72},,,,,{23},
LN01331607,"A468,A543",2,,,,{75},,,,,,,,,,,{23},
LN05429911,"A468,A543",2,,,,{75},,,,,,,,,,,{23},
LN01375633,"A468,A543",2,,,,{75},,,,,,,,,,,{23},
LN05484863,"A468,A543",2,,,,{84},,,,,,,,,,,{23},
LN01357319,A543,1,,,,,,,,,,,,,,,{23},
LN05418100,"A468,A543",2,,,,{74},,,,,,,,,,,{23},
LN00192771,"A468,A543",2,,,,{77},,,,,,,,,,,{23},
LN06111236,"A468,A543",2,,,,{74},,,,,,,,,,,{23},
LN04917979,"A468,A543",2,,,,{75},,,,,,,,,,,{23},
LN01373078,"A468,A543",2,,,,{78},,,,,,,,,,,{23},
LN02136476,"A468,A543",2,,,,{73},,,,,,,,,,,{23},
LN05349539,"A468,A543",2,,,,{72},,,,,,,,,,,{23},
LN05432754,"A468,A543",2,,,,{69},,,,,,,,,,,{23},
LN05353488,"A468,A543",2,,,,{71},,,,,,,,,,,{23},
LN01361664,"A468,A543",2,,,,{74},,,,,,,,,,,{23},
LN05359567,"A468,A543",2,,,,{75},,,,,,,,,,,{23},
LN00005522,"A468,A543",2,,,,{78},,,,,,,,,,,{23},
LN02056221,"A468,A543",2,,,,{74},,,,,,,,,,,{23},
LN02157970,A543,1,,,,,,,,,,,,,,,{23},
LN05362898,"A468,A543",2,,,,{74},,,,,,,,,,,{23},
LN02195388,A543,1,,,,,,,,,,,,,,,{23},
LN04955259,"A468,A543",2,,,,{74},,,,,,,,,,,{23},
LN01365602,"A468,A543",2,,,,{82},,,,,,,,,,,{23},
LN05375211,"A468,A543",2,,,,{69},,,,,,,,,,,{23},
LN04902613,"A468,A543",2,,,,{72},,,,,,,,,,,{23},
LN01308956,"A468,A543",2,,,,{75},,,,,,,,,,,{23},
LN01365613,"A468,A543",2,,,,{73},,,,,,,,,,,{23},
LN03267986,"A468,A543",2,,,,{71},,,,,,,,,,,{23},
LN05374992,"A468,A543",2,,,,{74},,,,,,,,,,,{23},
LN04664751,"A468,A543",2,,,,{72},,,,,,,,,,,{23},
LN00191673,"A468,A543",2,,,,{76},,,,,,,,,,,{23},
LN05433958,"A468,A543",2,,,,{77},,,,,,,,,,,{23},
LN02185609,"A468,A543",2,,,,{84},,,,,,,,,,,{23},
LN02155970,"A468,A543",2,,,,{74},,,,,,,,,,,{23},
LN05448094,"A468,A543",2,,,,{83},,,,,,,,,,,{23},
LN04932401,"A468,A543",2,,,,{79},,,,,,,,,,,{23},
LN05371425,"A468,A543",2,,,,{71},,,,,,,,,,,{23},
LN00244463,"A468,A543",2,,,,{73},,,,,,,,,,,{23},
LN05438807,A543,1,,,,,,,,,,,,,,,{23},
LN00218499,"A468,A543",2,,,,{74},,,,,,,,,,,{23},
LN05429911,"A468,A543",2,,,,{75},,,,,,,,,,,{23},
LN03270718,"A468,A543",2,,,,{75},,,,,,,,,,,{23},
LN04637445,"A468,A543",2,,,,{73},,,,,,,,,,,{23},
LN00201212,"A468,A543",2,,,,{74},,,,,,,,,,,{23},
LN05433382,"A468,A543",2,,,,{78},,,,,,,,,,,{23},
LN05376251,"A468,A543",2,,,,{82},,,,,,,,,,,{23},
LN01357100,"A468,A543",2,,,,{74},,,,,,,,,,,{23},
LN04601721,"A468,A543",2,,,,{77},,,,,,,,,,,{23},
LN01331305,"A468,A543",2,,,,{77},,,,,,,,,,,{23},
LN06109305,A543,1,,,,,,,,,,,,,,,{23},
LN05439926,"A468,A543",2,,,,{78},,,,,,,,,,,{23},
LN05370427,"A468,A543",2,,,,{71},,,,,,,,,,,{23},
LN01373221,"A468,A543",2,,,,{73},,,,,,,,,,,{23},
LN05440853,"A468,A543",2,,,,{78},,,,,,,,,,,{23},
LN05614076,"A468,A543",2,,,,{72},,,,,,,,,,,{23},
LN00004278,A543,1,,,,,,,,,,,,,,,{23},
LN05362702,"A468,A543",2,,,,{78},,,,,,,,,,,{23},
LN05427462,"A468,A543",2,,,,{79},,,,,,,,,,,{23},
LN04748531,"A468,A543",2,,,,{71},,,,,,,,,,,{23},
LN03241603,"A468,A543",2,,,,{76},,,,,,,,,,,{23},
LN01372966,"A468,A543",2,,,,{81},,,,,,,,,,,{23},
LN05433366,A543,1,,,,,,,,,,,,,,,{23},
LN00244225,A543,1,,,,,,,,,,,,,,,{23},
LN02188849,"A468,A543",2,,,,{79},,,,,,,,,,,{23},
LN00199392,"A468,A543",2,,,,{72},,,,,,,,,,,{23},
LN05362585,"A468,A543",2,,,,{68},,,,,,,,,,,{23},
LN05459512,"A468,A543",2,,,,{82},,,,,,,,,,,{23},
LN02009303,"A468,A543",2,,,,{75},,,,,,,,,,,{23},
LN05355770,"A468,A543",2,,,,{74},,,,,,,,,,,{23},
LN00169259,A543,1,,,,,,,,,,,,,,,{23},
LN04949951,"A468,A543",2,,,,{74},,,,,,,,,,,{23},
LN05442715,"A468,A543",2,,,,{68},,,,,,,,,,,{23},
LN05735821,"A468,A543",2,,,,{78},,,,,,,,,,,{23},
LN05378325,"A468,A543",2,,,,{73},,,,,,,,,,,{23},
LN05379396,"A468,A543",2,,,,{73},,,,,,,,,,,{23},
LN04836192,A543,1,,,,,,,,,,,,,,,{23},
LN02009397,"A467,A543",2,,{76},,,,,,,,,,,,,{23},
LN00219007,"A468,A543",2,,,,{82},,,,,,,,,,,{23},
LN02195387,"A468,A543",2,,,,{74},,,,,,,,,,,{23},
LN04948859,"A468,A543",2,,,,{74},,,,,,,,,,,{23},
LN00140430,"A468,A543",2,,,,{73},,,,,,,,,,,{23},
LN04748531,"A468,A543",2,,,,{71},,,,,,,,,,,{23},
LN02136276,"A468,A543",2,,,,{78},,,,,,,,,,,{23},
LN05448168,"A468,A543",2,,,,{77},,,,,,,,,,,{23},
LN05370401,"A468,A543",2,,,,{71},,,,,,,,,,,{23},
LN03264823,"A468,A543",2,,,,{76},,,,,,,,,,,{23},
LN01377859,"A468,A543",2,,,,{73},,,,,,,,,,,{23},
LN02136507,"A468,A543",2,,,,{73},,,,,,,,,,,{23},
LN00243782,A543,1,,,,,,,,,,,,,,,{23},
LN00360880,"A468,A543",2,,,,{81},,,,,,,,,,,{23},
LN05707641,"A468,A543",2,,,,{74},,,,,,,,,,,{23},
LN05448179,"A468,A543",2,,,,{78},,,,,,,,,,,{23},
LN05433165,"A468,A543",2,,,,{73},,,,,,,,,,,{23},
LN00197201,"A468,A543",2,,,,{77},,,,,,,,,,,{23},
LN00140268,"A468,A543",2,,,,{73},,,,,,,,,,,{23},
LN02136222,"A468,A543",2,,,,{74},,,,,,,,,,,{23},
LN00202179,"A468,A543",2,,,,{76},,,,,,,,,,,{23},
LN00004712,"A468,A543",2,,,,{74},,,,,,,,,,,{23},
LN00192572,"A468,A543",2,,,,{74},,,,,,,,,,,{23},
LN06337188,"A468,A543",2,,,,{73},,,,,,,,,,,{23},
LN04594088,"A467,A543",2,,{79},,,,,,,,,,,,,{23},
LN03264744,"A467,A543",2,,{75},,,,,,,,,,,,,{23},
LN02162238,A543,1,,,,,,,,,,,,,,,{23},
LN04744249,"A468,A543",2,,,,{76},,,,,,,,,,,{23},
LN04672339,A543,1,,,,,,,,,,,,,,,{23},
LN00171294,"A468,A473,A543",3,,,,{76},,,,{77},,,,,,,{23},
LN03252261,A543,1,,,,,,,,,,,,,,,{23},
LN05833609,"A468,A543",2,,,,{76},,,,,,,,,,,{23},
LN05812235,"A468,A543",2,,,,{82},,,,,,,,,,,{23},
LN06111421,"A468,A543",2,,,,{69},,,,,,,,,,,{23},
LN05453601,"A468,A543",2,,,,{73},,,,,,,,,,,{23},
LN05364507,"A468,A543",2,,,,{80},,,,,,,,,,,{23},
LN05336465,"A468,A543",2,,,,{75},,,,,,,,,,,{23},
LN00216640,"A468,A543",2,,,,{76},,,,,,,,,,,{23},
LN00005503,"A467,A543",2,,{80},,,,,,,,,,,,,{23},
LN01867536,"A468,A543",2,,,,{74},,,,,,,,,,,{23},
LN05373313,"A468,A543",2,,,,{76},,,,,,,,,,,{23},
LN04835621,"A468,A473,A543",3,,,,{74},,,,{73},,,,,,,{23},
LN00194722,"A468,A543",2,,,,{76},,,,,,,,,,,{23},
LN02164196,"A468,A543",2,,,,{72},,,,,,,,,,,{23},
LN05451885,"A468,A543",2,,,,{75},,,,,,,,,,,{23},
LN05089814,"A468,A543",2,,,,{77},,,,,,,,,,,{23},
LN05372336,A543,1,,,,,,,,,,,,,,,{23},
LN01347872,A543,1,,,,,,,,,,,,,,,{23},
LN00202179,"A468,A543",2,,,,{76},,,,,,,,,,,{23},
LN05425200,A543,1,,,,,,,,,,,,,,,{23},
LN04850882,"A468,A543",2,,,,{74},,,,,,,,,,,{23},
LN01361106,A543,1,,,,,,,,,,,,,,,{23},
LN04606772,A543,1,,,,,,,,,,,,,,,{23},
LN05359333,"A468,A543",2,,,,{75},,,,,,,,,,,{23},
LN00202179,"A468,A543",2,,,,{76},,,,,,,,,,,{23},
LN04602449,"A467,A468,A543",3,,{75},,{76},,,,,,,,,,,{23},
LN00188651,"A467,A543",2,,{74},,,,,,,,,,,,,{23},
LN04914662,"A468,A543",2,,,,{76},,,,,,,,,,,{23},
LN05364169,A543,1,,,,,,,,,,,,,,,{23},
LN05651507,"A468,A543",2,,,,{75},,,,,,,,,,,{23},
LN02185827,A543,1,,,,,,,,,,,,,,,{23},
LN03252996,"A468,A543",2,,,,{74},,,,,,,,,,,{23},
LN02026985,"A468,A543",2,,,,{84},,,,,,,,,,,{23},
LN04911522,A543,1,,,,,,,,,,,,,,,{23},
LN00191664,A543,1,,,,,,,,,,,,,,,{23},
LN00204413,A543,1,,,,,,,,,,,,,,,{23},
LN05441284,A543,1,,,,,,,,,,,,,,,{23},
LN00170408,A543,1,,,,,,,,,,,,,,,{23},
LN01746971,"A468,A543",2,,,,{72},,,,,,,,,,,{23},
LN05437515,"A468,A543",2,,,,{77},,,,,,,,,,,{23},
LN00005532,"A468,A543",2,,,,{75},,,,,,,,,,,{23},
LN00189756,"A468,A543",2,,,,{77},,,,,,,,,,,{23},
LN02185820,"A468,A543",2,,,,{81},,,,,,,,,,,{23},
LN00194015,"A468,A543",2,,,,{78},,,,,,,,,,,{23},
LN01796388,"A468,A543",2,,,,{74},,,,,,,,,,,{23},
LN05438277,"A468,A543",2,,,,{77},,,,,,,,,,,{23},
LN02185845,A543,1,,,,,,,,,,,,,,,{23},
LN02185746,"A468,A543",2,,,,{79},,,,,,,,,,,{23},
LN06420346,"A468,A543",2,,,,{83},,,,,,,,,,,{23},
LN03255770,"A468,A543",2,,,,{80},,,,,,,,,,,{23},
LN02185761,"A468,A543",2,,,,{77},,,,,,,,,,,{23},
LN02126577,"A468,A543",2,,,,{78},,,,,,,,,,,{23},
LN04906006,A543,1,,,,,,,,,,,,,,,{23},
LN02142376,"A468,A543",2,,,,{78},,,,,,,,,,,{23},
LN00198467,A543,1,,,,,,,,,,,,,,,{23},
LN01377835,"A468,A543",2,,,,{75},,,,,,,,,,,{23},
LN04594946,"A468,A543",2,,,,{78},,,,,,,,,,,{23},
LN01319556,"A468,A543",2,,,,{77},,,,,,,,,,,{23},
LN00197051,A543,1,,,,,,,,,,,,,,,{23},
LN00191154,"A468,A543",2,,,,{82},,,,,,,,,,,{23},
LN02185793,"A468,A543",2,,,,{79},,,,,,,,,,,{23},
LN02143450,A543,1,,,,,,,,,,,,,,,{23},
LN02142388,A543,1,,,,,,,,,,,,,,,{23},
LN00201860,"A468,A543",2,,,,{74},,,,,,,,,,,{23},
LN01816594,A543,1,,,,,,,,,,,,,,,{23},
LN04640088,"A468,A543",2,,,,{83},,,,,,,,,,,{23},
LN05424665,A543,1,,,,,,,,,,,,,,,{23},
LN02142871,A543,1,,,,,,,,,,,,,,,{23},
LN00192387,A543,1,,,,,,,,,,,,,,,{23},
LN05424480,"A468,A543",2,,,,{77},,,,,,,,,,,{23},
LN00170029,A543,1,,,,,,,,,,,,,,,{23},
LN00197507,"A468,A543",2,,,,{74},,,,,,,,,,,{23},
LN02142380,"A468,A543",2,,,,{77},,,,,,,,,,,{23},
LN00192453,A543,1,,,,,,,,,,,,,,,{23},
LN02136547,A543,1,,,,,,,,,,,,,,,{23},
LN05373485,A543,1,,,,,,,,,,,,,,,{23},
LN01365642,A543,1,,,,,,,,,,,,,,,{23},
LN02185440,A543,1,,,,,,,,,,,,,,,{23},
LN00188008,A543,1,,,,,,,,,,,,,,,{23},
LN02142375,A543,1,,,,,,,,,,,,,,,{23},
LN05426279,A543,1,,,,,,,,,,,,,,,{23},
LN02142394,A543,1,,,,,,,,,,,,,,,{23},
LN03241172,A543,1,,,,,,,,,,,,,,,{23},
LN05373386,A543,1,,,,,,,,,,,,,,,{23},
LN00191191,A543,1,,,,,,,,,,,,,,,{23},
LN00204134,A543,1,,,,,,,,,,,,,,,{23},
LN00189717,"A468,A543",2,,,,{80},,,,,,,,,,,{23},
LN02142392,A543,1,,,,,,,,,,,,,,,{23},
LN01365673,A543,1,,,,,,,,,,,,,,,{23},
LN02142390,A543,1,,,,,,,,,,,,,,,{23},
LN02142341,"A468,A543",2,,,,{80},,,,,,,,,,,{23},
LN00005004,A543,1,,,,,,,,,,,,,,,{23},
LN00010744,A543,1,,,,,,,,,,,,,,,{23},
LN00192571,A543,1,,,,,,,,,,,,,,,{23},
LN00192459,A543,1,,,,,,,,,,,,,,,{23},
LN00170621,A543,1,,,,,,,,,,,,,,,{23},
LN00190286,A543,1,,,,,,,,,,,,,,,{23},
LN00190622,A543,1,,,,,,,,,,,,,,,{23},
LN00191894,A543,1,,,,,,,,,,,,,,,{23},
LN05373346,A543,1,,,,,,,,,,,,,,,{23},
LN04660874,A543,1,,,,,,,,,,,,,,,{23},
LN05373437,A543,1,,,,,,,,,,,,,,,{23},
LN05373406,A543,1,,,,,,,,,,,,,,,{23},
LN00010145,A543,1,,,,,,,,,,,,,,,{23},
LN00169581,A543,1,,,,,,,,,,,,,,,{23},
LN00188477,A543,1,,,,,,,,,,,,,,,{23},
LN04654877,A543,1,,,,,,,,,,,,,,,{23},
LN04739787,A543,1,,,,,,,,,,,,,,,{23},
LN02009119,A543,1,,,,,,,,,,,,,,,{23},
LN05434489,"A468,A543",2,,,,{84},,,,,,,,,,,{23},
LN02185867,"A468,A543",2,,,,{78},,,,,,,,,,,{23},
LN00181102,"A467,A543",2,,{80},,,,,,,,,,,,,{23},
LN05373450,"A468,A543",2,,,,{82},,,,,,,,,,,{23},
LN02136305,A543,1,,,,,,,,,,,,,,,{23},
LN04648712,A543,1,,,,,,,,,,,,,,,{23},
LN02142393,A543,1,,,,,,,,,,,,,,,{23},
LN05433913,"A468,A543",2,,,,{77},,,,,,,,,,,{23},
LN02140300,"A468,A543",2,,,,{81},,,,,,,,,,,{23},
LN00191613,A543,1,,,,,,,,,,,,,,,{23},
LN05376931,"A468,A543",2,,,,{87},,,,,,,,,,,{23},
LN00192200,A543,1,,,,,,,,,,,,,,,{23},
LN00189216,A543,1,,,,,,,,,,,,,,,{23},
LN00191349,"A468,A543",2,,,,{81},,,,,,,,,,,{23},
LN00189246,A543,1,,,,,,,,,,,,,,,{23},
LN02136302,A543,1,,,,,,,,,,,,,,,{23},
EN300-26593586,"A468,A543",2,,,,{89},,,,,,,,,,,{23},
EN300-26593586,"A468,A543",2,,,,{89},,,,,,,,,,,{23},
EN300-26595736,"A468,A543",2,,,,{89},,,,,,,,,,,{23},
EN300-27753239,"A468,A543",2,,,,{76},,,,,,,,,,,{23},
EN300-2007755,"A468,A543",2,,,,"{80, 79}",,,,,,,,,,,{23},
EN300-6490007,"A468,A473,A543",3,,,,{78},,,,{77},,,,,,,{23},
EN300-761413,"A468,A543",2,,,,{94},,,,,,,,,,,{23},
EN300-6253756,"A468,A473,A543",3,,,,{72},,,,{73},,,,,,,{23},
EN300-12593415,"A468,A473,A543",3,,,,{74},,,,{73},,,,,,,{23},
EN300-52010543,"A467,A468,A473,A543",4,{43},,,{77},,,,{76},,,,,,,{23},
EN300-52428891,"A468,A473,A543",3,,,,{76},,,,{77},,,,,,,{23},
EN300-12577342,"A468,A543",2,,,,{77},,,,,,,,,,,{23},
EN300-7547621,"A468,A473,A543",3,,,,{80},,,,{79},,,,,,,{23},
EN300-7398575,"A468,A473,A536,A543",4,,,,{74},,,,{75},,,{43},,,,{23},
EN300-27701296,"A468,A473,A543",3,,,,{76},,,,{77},,,,,,,{23},
EN300-125243,"A467,A468,A543",3,,{76},,{77},,,,,,,,,,,{23},
EN300-306099,"A468,A473,A543",3,,,,{76},,,,{77},,,,,,,{23},
EN300-37156031,"A468,A473,A543",3,,,,{81},,,,{80},,,,,,,{23},
EN300-6763789,"A468,A473,A543",3,,,,{75},,,,{74},,,,,,,{23},
EN300-183336,"A468,A536,A543",3,,,,{75},,,,,,,{43},,,,{23},
EN300-3283851,"A468,A543",2,,,,{77},,,,,,,,,,,{23},
EN300-20786567,"A468,A543",2,,,,{80},,,,,,,,,,,{23},
EN300-109654,"A468,A543",2,,,,{81},,,,,,,,,,,{23},
EN300-37442759,"A468,A543",2,,,,{79},,,,,,,,,,,{23},
EN300-624282,"A468,A473,A543",3,,,,{78},,,,{77},,,,,,,{23},
EN300-247611,"A468,A543",2,,,,{74},,,,,,,,,,,{23},
EN300-1706371,"A468,A543",2,,,,{78},,,,,,,,,,,{23},
EN300-12626472,"A468,A473,A543",3,,,,{77},,,,{76},,,,,,,{23},
EN300-131925,"A468,A473,A543",3,,,,{72},,,,{71},,,,,,,{23},
EN300-3553005,"A468,A543",2,,,,{77},,,,,,,,,,,{23},
EN300-3604454,"A468,A543",2,,,,{79},,,,,,,,,,,{23},
EN300-196007,"A468,A543",2,,,,{74},,,,,,,,,,,{23},
EN300-12713121,"A468,A533,A543",3,,,,{75},,{73},,,,,,,,,{23},
EN300-22914949,"A468,A543",2,,,,{76},,,,,,,,,,,{23},
EN300-12604810,"A468,A543",2,,,,{77},,,,,,,,,,,{23},
EN300-176102,"A468,A473,A543",3,,,,{75},,,,{74},,,,,,,{23},
EN300-26369081,"A468,A543",2,,,,{75},,,,,,,,,,,{23},
EN300-23703772,"A468,A473,A543",3,,,,{74},,,,{73},,,,,,,{23},
EN300-1706331,"A468,A543",2,,,,{75},,,,,,,,,,,{23},
EN300-3562984,"A468,A543",2,,,,{74},,,,,,,,,,,{23},
EN300-52162044,"A468,A543",2,,,,{78},,,,,,,,,,,{23},
EN300-28331965,"A468,A543",2,,,,{79},,,,,,,,,,,{23},
EN300-45268248,"A468,A543",2,,,,{78},,,,,,,,,,,{23},
EN300-1704510,"A468,A543",2,,,,{74},,,,,,,,,,,{23},
EN300-1654986,"A468,A543",2,,,,{72},,,,,,,,,,,{23},
EN300-12597699,"A468,A543",2,,,,{74},,,,,,,,,,,{23},
EN300-7368000,"A468,A543",2,,,,{77},,,,,,,,,,,{23},
EN300-7358923,"A468,A473,A543",3,,,,{76},,,,{75},,,,,,,{23},
EN300-319647,"A468,A473,A543",3,,,,{73},,,,{72},,,,,,,{23},
EN300-7562705,"A468,A543",2,,,,"{75, 79}",,,,,,,,,,,{23},
EN300-27130971,"A468,A543",2,,,,{78},,,,,,,,,,,{23},
EN300-304749,"A468,A473,A543",3,,,,{74},,,,{73},,,,,,,{23},
EN300-7397667,"A468,A473,A543",3,,,,{72},,,,{71},,,,,,,{23},
EN300-1719116,"A468,A543",2,,,,{82},,,,,,,,,,,{23},
EN300-372085,"A468,A543",2,,,,{90},,,,,,,,,,,{23},
EN300-7420623,"A468,A473,A543",3,,,,{73},,,,{72},,,,,,,{23},
EN300-24295078,"A468,A543",2,,,,{78},,,,,,,,,,,{23},
EN300-26075753,"A468,A543",2,,,,{81},,,,,,,,,,,{23},
EN300-33187077,"A468,A543",2,,,,{79},,,,,,,,,,,{23},
EN300-7492297,"A468,A543",2,,,,"{81, 78}",,,,,,,,,,,{23},
EN300-316768,"A468,A543",2,,,,{73},,,,,,,,,,,{23},
EN300-316756,"A468,A543",2,,,,{73},,,,,,,,,,,{23},
EN300-1860014,"A468,A543",2,,,,{74},,,,,,,,,,,{23},
EN300-51665452,"A468,A543",2,,,,{76},,,,,,,,,,,{23},
EN300-1706461,"A468,A543",2,,,,{78},,,,,,,,,,,{23},
EN300-7543433,"A468,A543",2,,,,{81},,,,,,,,,,,{23},
EN300-268995,"A468,A543",2,,,,{79},,,,,,,,,,,{23},
EN300-12575841,"A468,A543",2,,,,{78},,,,,,,,,,,{23},
EN300-6249797,"A468,A543",2,,,,{77},,,,,,,,,,,{23},
EN300-189972,"A468,A473,A543",3,,,,{73},,,,{72},,,,,,,{23},
EN300-6491043,"A468,A543",2,,,,{78},,,,,,,,,,,{23},
EN300-331541,"A468,A543",2,,,,{79},,,,,,,,,,,{23},
EN300-3286392,"A468,A543",2,,,,{77},,,,,,,,,,,{23},
EN300-27121726,"A468,A543",2,,,,{78},,,,,,,,,,,{23},
EN300-34593361,"A468,A543",2,,,,{80},,,,,,,,,,,{23},
EN300-1699354,"A468,A473,A543",3,,,,{71},,,,{72},,,,,,,{23},
EN300-7407818,"A468,A543",2,,,,{81},,,,,,,,,,,{23},
EN300-47339230,"A468,A543",2,,,,{74},,,,,,,,,,,{23},
EN300-27151262,"A468,A543",2,,,,{74},,,,,,,,,,,{23},
EN300-28256893,"A468,A543",2,,,,{78},,,,,,,,,,,{23},
EN300-51664437,"A467,A468,A543",3,{40},,,{76},,,,,,,,,,,{23},
EN300-23111191,"A468,A543",2,,,,"{81, 82}",,,,,,,,,,,{23},
EN300-4296300,"A468,A543",2,,,,{72},,,,,,,,,,,{23},
EN300-7399908,"A468,A543",2,,,,{76},,,,,,,,,,,{23},
EN300-34150993,"A468,A543",2,,,,{77},,,,,,,,,,,{23},
EN300-52029405,"A467,A468,A543",3,{42},,,{85},,,,,,,,,,,{23},
EN300-7365345,"A468,A543",2,,,,{74},,,,,,,,,,,{23},
EN300-7385528,"A468,A543",2,,,,{78},,,,,,,,,,,{23},
EN300-7372475,"A468,A473,A543",3,,,,{76},,,,{77},,,,,,,{23},
EN300-24295376,"A468,A543",2,,,,{74},,,,,,,,,,,{23},
EN300-12637241,"A468,A543",2,,,,{79},,,,,,,,,,,{23},
EN300-3192757,"A468,A543",2,,,,{84},,,,,,,,,,,{23},
EN300-3535597,"A468,A543",2,,,,{78},,,,,,,,,,,{23},
EN300-1706439,"A468,A543",2,,,,{76},,,,,,,,,,,{23},
EN300-51222713,"A468,A543",2,,,,{77},,,,,,,,,,,{23},
EN300-7534900,"A468,A473,A543",3,,,,{73},,,,{74},,,,,,,{23},
EN300-3212097,"A468,A543",2,,,,{74},,,,,,,,,,,{23},
EN300-7459651,"A468,A543",2,,,,{72},,,,,,,,,,,{23},
EN300-34593361,"A467,A468,A543",3,{42},,,{82},,,,,,,,,,,{23},
EN300-22184656,"A468,A543",2,,,,{75},,,,,,,,,,,{23},
EN300-119268,"A468,A543",2,,,,{73},,,,,,,,,,,{23},
EN300-51664202,"A467,A468,A543",3,{40},,,{77},,,,,,,,,,,{23},
EN300-174138,"A468,A543",2,,,,{81},,,,,,,,,,,{23},
EN300-12593742,"A468,A473,A543",3,,,,{74},,,,{73},,,,,,,{23},
EN300-39874842,"A467,A468,A473,A543",4,{42},,,{78},,,,{77},,,,,,,{23},
EN300-6785769,"A468,A473,A543",3,,,,{76},,,,{75},,,,,,,{23},
EN300-6253729,"A468,A473,A543",3,,,,{76},,,,{75},,,,,,,{23},
EN300-97686,"A468,A543",2,,,,{73},,,,,,,,,,,{23},
EN300-34436625,"A468,A543",2,,,,{83},,,,,,,,,,,{23},
EN300-7443847,"A468,A543",2,,,,{77},,,,,,,,,,,{23},
EN300-1704699,"A468,A543",2,,,,{77},,,,,,,,,,,{23},
EN300-20786330,"A468,A473,A543",3,,,,{79},,,,{78},,,,,,,{23},
EN300-21645766,"A468,A543",2,,,,{78},,,,,,,,,,,{23},
EN300-178530,"A468,A543",2,,,,{80},,,,,,,,,,,{23},
EN300-12600590,"A468,A543",2,,,,{78},,,,,,,,,,,{23},
EN300-212492,"A468,A543",2,,,,{78},,,,,,,,,,,{23},
EN300-20175182,"A468,A543",2,,,,{84},,,,,,,,,,,{23},
EN300-3313269,"A468,A543",2,,,,{77},,,,,,,,,,,{23},
EN300-7405742,"A468,A543",2,,,,{77},,,,,,,,,,,{23},
EN300-340730,"A468,A543",2,,,,{79},,,,,,,,,,,{23},
EN300-34436625,"A468,A543",2,,,,{83},,,,,,,,,,,{23},
EN300-45687164,"A468,A543",2,,,,{76},,,,,,,,,,,{23},
EN300-21673491,"A467,A543",2,,{82},,,,,,,,,,,,,{23},
EN300-47313753,"A468,A543",2,,,,{80},,,,,,,,,,,{23},
EN300-209582,"A468,A543",2,,,,{77},,,,,,,,,,,{23},
EN300-26075248,"A468,A543",2,,,,{78},,,,,,,,,,,{23},
EN300-46168095,"A468,A543",2,,,,{76},,,,,,,,,,,{23},
EN300-51816076,"A468,A543",2,,,,{76},,,,,,,,,,,{23},
EN300-47101610,"A468,A543",2,,,,{80},,,,,,,,,,,{23},
EN300-37402339,"A468,A473,A543",3,,,,{74},,,,{75},,,,,,,{23},
EN300-212693,"A468,A543",2,,,,{75},,,,,,,,,,,{23},
EN300-261433,"A468,A543",2,,,,{76},,,,,,,,,,,{23},
EN300-7431743,"A468,A543",2,,,,{81},,,,,,,,,,,{23},
EN300-7448119,"A468,A543",2,,,,{79},,,,,,,,,,,{23},
EN300-6494228,"A468,A543",2,,,,{70},,,,,,,,,,,{23},
EN300-31766966,"A468,A543",2,,,,{77},,,,,,,,,,,{23},
EN300-28257526,"A468,A543",2,,,,{82},,,,,,,,,,,{23},
EN300-7978748,"A468,A543",2,,,,{81},,,,,,,,,,,{23},
EN300-47314173,"A468,A543",2,,,,{79},,,,,,,,,,,{23},
EN300-12582453,"A468,A543",2,,,,{74},,,,,,,,,,,{23},
EN300-7420840,"A468,A543",2,,,,{79},,,,,,,,,,,{23},
EN300-213012,"A468,A543",2,,,,{79},,,,,,,,,,,{23},
EN300-37132,"A468,A543",2,,,,{72},,,,,,,,,,,{23},
EN300-1614322,"A468,A543",2,,,,{78},,,,,,,,,,,{23},
EN300-48973611,"A468,A473,A543",3,,,,{74},,,,{75},,,,,,,{23},
EN300-6935088,"A468,A543",2,,,,{72},,,,,,,,,,,{23},
EN300-7419301,"A468,A543",2,,,,{80},,,,,,,,,,,{23},
EN300-52973303,"A468,A543",2,,,,{75},,,,,,,,,,,{23},
EN300-47101610,"A468,A543",2,,,,{80},,,,,,,,,,,{23},
EN300-34022134,"A468,A543",2,,,,{79},,,,,,,,,,,{23},
EN300-52589079,"A468,A543",2,,,,{71},,,,,,,,,,,{23},
EN300-110168,"A468,A543",2,,,,{77},,,,,,,,,,,{23},
EN300-23321690,"A468,A543",2,,,,{75},,,,,,,,,,,{23},
EN300-51664437,"A468,A543",2,,,,{83},,,,,,,,,,,{23},
EN300-53621832,"A468,A543",2,,,,{75},,,,,,,,,,,{23},
EN300-7539148,"A468,A543",2,,,,{78},,,,,,,,,,,{23},
EN300-33319202,"A468,A543",2,,,,{76},,,,,,,,,,,{23},
EN300-1660889,"A468,A543",2,,,,{71},,,,,,,,,,,{23},
EN300-51663161,"A468,A543",2,,,,{80},,,,,,,,,,,{23},
EN300-52029405,"A468,A543",2,,,,{80},,,,,,,,,,,{23},
EN300-6737938,"A468,A543",2,,,,{80},,,,,,,,,,,{23},
EN300-7233543,"A468,A543",2,,,,{77},,,,,,,,,,,{23},
EN300-37378251,"A468,A543",2,,,,{77},,,,,,,,,,,{23},
EN300-268945,"A468,A473,A543",3,,,,{72},,,,{71},,,,,,,{23},
EN300-7406527,"A467,A543",2,,{75},,,,,,,,,,,,,{23},
EN300-51664202,"A468,A543",2,,,,{77},,,,,,,,,,,{23},
EN300-52972870,"A468,A543",2,,,,{78},,,,,,,,,,,{23},
EN300-3199680,"A468,A543",2,,,,{76},,,,,,,,,,,{23},
EN300-32969744,"A468,A543",2,,,,{75},,,,,,,,,,,{23},
EN300-46752485,"A468,A543",2,,,,{72},,,,,,,,,,,{23},
EN300-28244503,"A468,A543",2,,,,{76},,,,,,,,,,,{23},
EN300-23009824,"A468,A543",2,,,,{75},,,,,,,,,,,{23},
EN300-32219194,"A468,A473,A543",3,,,,{82},,,,{81},,,,,,,{23},
EN300-34709709,"A468,A543",2,,,,{77},,,,,,,,,,,{23},
EN300-28339257,"A468,A543",2,,,,"{80, 83}",,,,,,,,,,,{23},
EN300-52587806,"A468,A543",2,,,,{79},,,,,,,,,,,{23},
EN300-7444200,"A467,A468,A543",3,{43},,,{78},,,,,,,,,,,{23},
EN300-6498845,"A468,A543",2,,,,{75},,,,,,,,,,,{23},
EN300-7412473,"A468,A473,A543",3,,,,{79},,,,{78},,,,,,,{23},
EN300-23407135,"A467,A543",2,,{79},,,,,,,,,,,,,{23},
EN300-108852,"A468,A543",2,,,,{73},,,,,,,,,,,{23},
EN300-7494344,"A468,A543",2,,,,{76},,,,,,,,,,,{23},
EN300-6987100,"A468,A543",2,,,,{72},,,,,,,,,,,{23},
EN300-3404674,"A468,A543",2,,,,{81},,,,,,,,,,,{23},
EN300-12580078,"A467,A543",2,,{79},,,,,,,,,,,,,{23},
EN300-34293641,"A468,A543",2,,,,{76},,,,,,,,,,,{23},
EN300-51996170,"A468,A543",2,,,,{80},,,,,,,,,,,{23},
EN300-26871005,"A468,A543",2,,,,{72},,,,,,,,,,,{23},
EN300-12627384,"A468,A543",2,,,,{79},,,,,,,,,,,{23},
EN300-197274,"A468,A543",2,,,,{78},,,,,,,,,,,{23},
EN300-1614323,"A468,A543",2,,,,{77},,,,,,,,,,,{23},
EN300-3195003,"A468,A543",2,,,,{73},,,,,,,,,,,{23},
EN300-174623,"A468,A543",2,,,,{77},,,,,,,,,,,{23},
EN300-25483310,"A468,A543",2,,,,{70},,,,,,,,,,,{23},
EN300-197393,"A467,A543",2,,{78},,,,,,,,,,,,,{23},
EN300-1086707,"A468,A543",2,,,,{78},,,,,,,,,,,{23},
EN300-7543035,A543,1,,,,,,,,,,,,,,,{23},
EN300-27707011,"A468,A543",2,,,,{75},,,,,,,,,,,{23},
EN300-52000550,"A468,A543",2,,,,{81},,,,,,,,,,,{23},
EN300-7368093,"A468,A543",2,,,,{76},,,,,,,,,,,{23},
EN300-261433,"A468,A543",2,,,,{76},,,,,,,,,,,{23},
EN300-45186726,"A468,A543",2,,,,{73},,,,,,,,,,,{23},
EN300-23285584,"A468,A473,A543",3,,,,{83},,,,{82},,,,,,,{23},
EN300-1614501,"A468,A543",2,,,,{78},,,,,,,,,,,{23},
EN300-3299357,"A468,A543",2,,,,{77},,,,,,,,,,,{23},
EN300-52148415,"A468,A543",2,,,,{78},,,,,,,,,,,{23},
EN300-53580282,A543,1,,,,,,,,,,,,,,,{23},
EN300-27160093,"A468,A543",2,,,,{76},,,,,,,,,,,{23},
EN300-27100537,A543,1,,,,,,,,,,,,,,,{23},
EN300-1067089,"A468,A543",2,,,,{77},,,,,,,,,,,{23},
EN300-46843626,A543,1,,,,,,,,,,,,,,,{23},
EN300-12578853,"A468,A543",2,,,,{74},,,,,,,,,,,{23},
EN300-6490891,"A468,A543",2,,,,{81},,,,,,,,,,,{23},
EN300-719409,A543,1,,,,,,,,,,,,,,,{23},
EN300-25781400,"A468,A543",2,,,,{73},,,,,,,,,,,{23},
EN300-266717,"A467,A543",2,,{77},,,,,,,,,,,,,{23},
EN300-53583036,"A468,A543",2,,,,{75},,,,,,,,,,,{23},
EN300-125244,A543,1,,,,,,,,,,,,,,,{23},
EN300-7423134,"A468,A543",2,,,,{79},,,,,,,,,,,{23},
EN300-19462035,"A468,A543",2,,,,{72},,,,,,,,,,,{23},
EN300-53497394,"A468,A543",2,,,,{76},,,,,,,,,,,{23},
EN300-27750913,"A468,A543",2,,,,{73},,,,,,,,,,,{23},
EN300-6496391,"A468,A473,A543",3,,,,{74},,,,{73},,,,,,,{23},
EN300-391812,"A467,A543",2,,{75},,,,,,,,,,,,,{23},
EN300-12575936,"A467,A543",2,,{76},,,,,,,,,,,,,{23},
EN300-51761735,"A468,A543",2,,,,{81},,,,,,,,,,,{23},
EN300-12576469,"A468,A543",2,,,,{77},,,,,,,,,,,{23},
EN300-834046,"A467,A543",2,,{79},,,,,,,,,,,,,{23},
EN300-2009445,"A468,A543",2,,,,{77},,,,,,,,,,,{23},
EN300-7411648,"A467,A543",2,,{76},,,,,,,,,,,,,{23},
EN300-12575765,"A468,A543",2,,,,{81},,,,,,,,,,,{23},
EN300-47250028,"A468,A543",2,,,,{72},,,,,,,,,,,{23},
EN300-52461560,"A468,A543",2,,,,{72},,,,,,,,,,,{23},
EN300-25185447,"A468,A543",2,,,,{77},,,,,,,,,,,{23},
EN300-12598923,"A468,A543",2,,,,{78},,,,,,,,,,,{23},
EN300-4255993,"A468,A543",2,,,,{74},,,,,,,,,,,{23},
EN300-52000550,"A468,A543",2,,,,{81},,,,,,,,,,,{23},
EN300-46893642,"A468,A543",2,,,,{81},,,,,,,,,,,{23},
EN300-26949897,"A468,A543",2,,,,{85},,,,,,,,,,,{23},
EN300-45151379,"A468,A543",2,,,,{80},,,,,,,,,,,{23},
EN300-119221,"A468,A543",2,,,,{77},,,,,,,,,,,{23},
EN300-190698,"A468,A543",2,,,,{74},,,,,,,,,,,{23},
EN300-1614329,"A468,A543",2,,,,{78},,,,,,,,,,,{23},
EN300-6482271,"A468,A543",2,,,,{73},,,,,,,,,,,{23},
EN300-7398652,"A468,A543",2,,,,{76},,,,,,,,,,,{23},
EN300-32957143,"A467,A543",2,,{76},,,,,,,,,,,,,{23},
EN300-316778,"A468,A543",2,,,,{73},,,,,,,,,,,{23},
EN300-7357799,"A467,A543",2,,{76},,,,,,,,,,,,,{23},
EN300-46412508,"A468,A543",2,,,,{84},,,,,,,,,,,{23},
EN300-177846,"A467,A543",2,{43},,,,,,,,,,,,,,{23},
EN300-7417543,"A468,A543",2,,,,{81},,,,,,,,,,,{23},
EN300-12731666,"A468,A543",2,,,,{78},,,,,,,,,,,{23},
EN300-1614334,"A468,A543",2,,,,{77},,,,,,,,,,,{23},
EN300-28257526,"A468,A543",2,,,,{82},,,,,,,,,,,{23},
EN300-7473205,"A468,A543",2,,,,{83},,,,,,,,,,,{23},
EN300-12606180,"A468,A543",2,,,,{84},,,,,,,,,,,{23},
EN300-7377446,"A468,A543",2,,,,{80},,,,,,,,,,,{23},
EN300-7416161,"A467,A543",2,,{75},,,,,,,,,,,,,{23},
EN300-32662051,A543,1,,,,,,,,,,,,,,,{23},
EN300-12605356,"A468,A543",2,,,,{76},,,,,,,,,,,{23},
EN300-715710,"A467,A543",2,{44},,,,,,,,,,,,,,{23},
EN300-27113818,"A468,A543",2,,,,{73},,,,,,,,,,,{23},
EN300-781705,"A468,A543",2,,,,{73},,,,,,,,,,,{23},
EN300-6758808,"A468,A543",2,,,,{71},,,,,,,,,,,{23},
EN300-26075753,"A468,A543",2,,,,{81},,,,,,,,,,,{23},
EN300-3273824,"A468,A543",2,,,,{76},,,,,,,,,,,{23},
EN300-97744,"A468,A543",2,,,,{75},,,,,,,,,,,{23},
EN300-33133495,"A468,A543",2,,,,{75},,,,,,,,,,,{23},
EN300-32579962,"A468,A543",2,,,,{74},,,,,,,,,,,{23},
EN300-1614518,"A468,A543",2,,,,{82},,,,,,,,,,,{23},
EN300-23885699,"A468,A543",2,,,,{70},,,,,,,,,,,{23},
EN300-25483310,"A468,A543",2,,,,{70},,,,,,,,,,,{23},
EN300-51881166,"A468,A543",2,,,,{80},,,,,,,,,,,{23},
EN300-52810701,"A468,A543",2,,,,{72},,,,,,,,,,,{23},
EN300-12577700,"A468,A543",2,,,,{77},,,,,,,,,,,{23},
EN300-52281016,"A468,A543",2,,,,{86},,,,,,,,,,,{23},
EN300-246322,"A468,A543",2,,,,{71},,,,,,,,,,,{23},
EN300-53341048,"A468,A543",2,,,,{72},,,,,,,,,,,{23},
EN300-43354569,"A467,A543",2,,{78},,,,,,,,,,,,,{23},
EN300-1614321,"A468,A543",2,,,,{78},,,,,,,,,,,{23},
EN300-52505931,"A468,A543",2,,,,{81},,,,,,,,,,,{23},
EN300-7407818,"A468,A543",2,,,,{81},,,,,,,,,,,{23},
EN300-47339296,"A468,A543",2,,,,{75},,,,,,,,,,,{23},
EN300-37297093,"A468,A543",2,,,,{75},,,,,,,,,,,{23},
EN300-7397535,"A468,A543",2,,,,{78},,,,,,,,,,,{23},
EN300-27106349,"A468,A543",2,,,,{70},,,,,,,,,,,{23},
EN300-34365204,"A468,A543",2,,,,{78},,,,,,,,,,,{23},
EN300-22796575,"A468,A543",2,,,,{82},,,,,,,,,,,{23},
EN300-27103880,"A468,A543",2,,,,{77},,,,,,,,,,,{23},
EN300-22797225,"A467,A543",2,,{77},,,,,,,,,,,,,{23},
EN300-115267,A543,1,,,,,,,,,,,,,,,{23},
EN300-12576738,"A468,A543",2,,,,{78},,,,,,,,,,,{23},
EN300-46907574,"A468,A543",2,,,,{78},,,,,,,,,,,{23},
EN300-6785777,"A468,A543",2,,,,{73},,,,,,,,,,,{23},
EN300-118103,"A468,A473,A543",3,,,,{73},,,,{74},,,,,,,{23},
EN300-45376738,"A468,A543",2,,,,{76},,,,,,,,,,,{23},
EN300-27126045,"A468,A543",2,,,,{71},,,,,,,,,,,{23},
EN300-7537533,"A468,A543",2,,,,{77},,,,,,,,,,,{23},
EN300-3228647,"A468,A543",2,,,,{70},,,,,,,,,,,{23},
EN300-47339230,"A468,A543",2,,,,{74},,,,,,,,,,,{23},
EN300-27148206,"A468,A543",2,,,,{74},,,,,,,,,,,{23},
EN300-20786523,"A468,A473,A543",3,,,,{79},,,,{80},,,,,,,{23},
EN300-52785201,"A467,A543",2,,{77},,,,,,,,,,,,,{23},
EN300-7400601,A543,1,,,,,,,,,,,,,,,{23},
EN300-51987660,"A468,A543",2,,,,{70},,,,,,,,,,,{23},
EN300-141325,"A468,A543",2,,,,{71},,,,,,,,,,,{23},
EN300-53729272,"A468,A543",2,,,,{78},,,,,,,,,,,{23},
EN300-338547,"A468,A543",2,,,,{74},,,,,,,,,,,{23},
EN300-7432705,"A468,A543",2,,,,{74},,,,,,,,,,,{23},
EN300-12607523,"A468,A543",2,,,,{81},,,,,,,,,,,{23},
EN300-7422521,"A467,A543",2,,{78},,,,,,,,,,,,,{23},
EN300-7362064,A543,1,,,,,,,,,,,,,,,{23},
EN300-46843626,"A467,A543",2,,{77},,,,,,,,,,,,,{23},
EN300-7397417,"A468,A543",2,,,,{76},,,,,,,,,,,{23},
EN300-46898342,"A468,A543",2,,,,{76},,,,,,,,,,,{23},
EN300-19458607,"A467,A543",2,,{77},,,,,,,,,,,,,{23},
EN300-204385,"A468,A543",2,,,,{73},,,,,,,,,,,{23},
EN300-27113638,"A468,A543",2,,,,{81},,,,,,,,,,,{23},
EN300-7359497,A543,1,,,,,,,,,,,,,,,{23},
EN300-47318575,"A468,A543",2,,,,{81},,,,,,,,,,,{23},
EN300-27739263,"A468,A543",2,,,,{71},,,,,,,,,,,{23},
EN300-3141928,A543,1,,,,,,,,,,,,,,,{23},
EN300-7388032,"A468,A543",2,,,,{73},,,,,,,,,,,{23},
EN300-6732501,A543,1,,,,,,,,,,,,,,,{23},
EN300-189314,"A468,A543",2,,,,{75},,,,,,,,,,,{23},
EN300-39882764,"A467,A543",2,,{80},,,,,,,,,,,,,{23},
EN300-3270177,"A468,A543",2,,,,{82},,,,,,,,,,,{23},
EN300-7438660,"A468,A543",2,,,,{73},,,,,,,,,,,{23},
EN300-52208072,"A468,A543",2,,,,{81},,,,,,,,,,,{23},
EN300-7397213,"A536,A543",2,,,,,,,,,,,{43},,,,{23},
EN300-316838,"A467,A543",2,,{74},,,,,,,,,,,,,{23},
EN300-27134742,"A468,A543",2,,,,{70},,,,,,,,,,,{23},
EN300-51913770,"A468,A543",2,,,,{85},,,,,,,,,,,{23},
EN300-27121592,"A468,A543",2,,,,{76},,,,,,,,,,,{23},
EN300-12617495,"A467,A468,A543",3,,{80},,{81},,,,,,,,,,,{23},
EN300-3246565,"A468,A543",2,,,,{77},,,,,,,,,,,{23},
EN300-52010543,"A468,A543",2,,,,{77},,,,,,,,,,,{23},
EN300-23407336,"A468,A543",2,,,,{74},,,,,,,,,,,{23},
EN300-392660,"A468,A543",2,,,,{72},,,,,,,,,,,{23},
EN300-6489559,"A468,A543",2,,,,{84},,,,,,,,,,,{23},
EN300-53295138,"A468,A543",2,,,,{78},,,,,,,,,,,{23},
EN300-34213795,"A468,A543",2,,,,{81},,,,,,,,,,,{23},
EN300-28257380,"A468,A543",2,,,,{76},,,,,,,,,,,{23},
EN300-212500,"A467,A543",2,,{75},,,,,,,,,,,,,{23},
EN300-26951034,A543,1,,,,,,,,,,,,,,,{23},
EN300-7325535,"A468,A543",2,,,,{73},,,,,,,,,,,{23},
EN300-6785815,A543,1,,,,,,,,,,,,,,,{23},
EN300-25779148,"A468,A473,A543",3,,,,{80},,,,{79},,,,,,,{23},
EN300-47309244,"A468,A543",2,,,,{72},,,,,,,,,,,{23},
EN300-46877185,"A468,A543",2,,,,{76},,,,,,,,,,,{23},
EN300-53548850,A543,1,,,,,,,,,,,,,,,{23},
EN300-6490894,"A468,A543",2,,,,{76},,,,,,,,,,,{23},
EN300-44828761,"A468,A543",2,,,,{75},,,,,,,,,,,{23},
EN300-7411695,"A468,A543",2,,,,{80},,,,,,,,,,,{23},
EN300-4568655,"A468,A543",2,,,,{84},,,,,,,,,,,{23},
EN300-138961,"A467,A543",2,,{76},,,,,,,,,,,,,{23},
EN300-7503683,"A468,A543",2,,,,{76},,,,,,,,,,,{23},
EN300-1722356,"A468,A543",2,,,,{71},,,,,,,,,,,{23},
EN300-298130,"A468,A543",2,,,,{80},,,,,,,,,,,{23},
EN300-51761735,"A468,A543",2,,,,{81},,,,,,,,,,,{23},
EN300-44828761,"A468,A543",2,,,,{75},,,,,,,,,,,{23},
EN300-101834,A543,1,,,,,,,,,,,,,,,{23},
EN300-53253802,A543,1,,,,,,,,,,,,,,,{23},
EN300-46623058,"A468,A543",2,,,,{74},,,,,,,,,,,{23},
EN300-317180,A543,1,,,,,,,,,,,,,,,{23},
EN300-2008825,"A468,A543",2,,,,{76},,,,,,,,,,,{23},
EN300-47250028,"A468,A543",2,,,,{72},,,,,,,,,,,{23},
EN300-34201229,"A468,A543",2,,,,{79},,,,,,,,,,,{23},
EN300-22001371,"A468,A543",2,,,,{76},,,,,,,,,,,{23},
EN300-3273853,"A468,A543",2,,,,{71},,,,,,,,,,,{23},
EN300-6739798,"A468,A543",2,,,,{80},,,,,,,,,,,{23},
EN300-6764479,"A468,A543",2,,,,{75},,,,,,,,,,,{23},
EN300-212600,A543,1,,,,,,,,,,,,,,,{23},
EN300-3336854,"A468,A543",2,,,,{73},,,,,,,,,,,{23},
EN300-1614520,"A468,A543",2,,,,{81},,,,,,,,,,,{23},
EN300-26074910,"A468,A543",2,,,,{72},,,,,,,,,,,{23},
EN300-7761540,A543,1,,,,,,,,,,,,,,,{23},
EN300-7365907,"A467,A543",2,,{77},,,,,,,,,,,,,{23},
EN300-319641,A543,1,,,,,,,,,,,,,,,{23},
EN300-316653,"A468,A543",2,,,,{81},,,,,,,,,,,{23},
EN300-4722462,"A468,A543",2,,,,{73},,,,,,,,,,,{23},
EN300-46984879,"A468,A543",2,,,,{73},,,,,,,,,,,{23},
EN300-12579574,"A468,A543",2,,,,{74},,,,,,,,,,,{23},
EN300-7392064,"A468,A543",2,,,,{75},,,,,,,,,,,{23},
EN300-7466879,"A468,A543",2,,,,{77},,,,,,,,,,,{23},
EN300-27100687,"A468,A543",2,,,,{73},,,,,,,,,,,{23},
EN300-7419061,"A468,A543",2,,,,{72},,,,,,,,,,,{23},
EN300-214271,"A468,A543",2,,,,{79},,,,,,,,,,,{23},
EN300-53465232,"A468,A543",2,,,,{75},,,,,,,,,,,{23},
EN300-12577788,"A468,A543",2,,,,{73},,,,,,,,,,,{23},
EN300-26682686,"A468,A543",2,,,,{75},,,,,,,,,,,{23},
EN300-28244243,"A468,A473,A543",3,,,,{70},,,,{69},,,,,,,{23},
EN300-22806854,"A468,A543",2,,,,{79},,,,,,,,,,,{23},
EN300-19074709,"A468,A543",2,,,,{71},,,,,,,,,,,{23},
EN300-102010,"A468,A543",2,,,,{73},,,,,,,,,,,{23},
EN300-6491524,A543,1,,,,,,,,,,,,,,,{23},
EN300-6474535,A543,1,,,,,,,,,,,,,,,{23},
EN300-51987660,"A468,A543",2,,,,{70},,,,,,,,,,,{23},
EN300-53341048,"A468,A543",2,,,,{72},,,,,,,,,,,{23},
EN300-37337592,A543,1,,,,,,,,,,,,,,,{23},
EN300-3439274,A543,1,,,,,,,,,,,,,,,{23},
EN300-7387503,"A467,A543",2,,{77},,,,,,,,,,,,,{23},
EN300-12593460,"A468,A543",2,,,,{75},,,,,,,,,,,{23},
EN300-26294151,"A468,A543",2,,,,{76},,,,,,,,,,,{23},
EN300-39849531,"A468,A543",2,,,,{83},,,,,,,,,,,{23},
EN300-7465335,"A468,A543",2,,,,{84},,,,,,,,,,,{23},
EN300-1716976,"A468,A543",2,,,,{75},,,,,,,,,,,{23},
EN300-1722965,"A468,A543",2,,,,{80},,,,,,,,,,,{23},
EN300-1590206,"A468,A543",2,,,,{75},,,,,,,,,,,{23},
EN300-1722557,"A468,A543",2,,,,{78},,,,,,,,,,,{23},
EN300-27776783,"A468,A543",2,,,,{73},,,,,,,,,,,{23},
EN300-7863038,"A468,A543",2,,,,{78},,,,,,,,,,,{23},
EN300-3070650,"A468,A543",2,,,,{78},,,,,,,,,,,{23},
EN300-3055873,"A468,A543",2,,,,{76},,,,,,,,,,,{23},
EN300-7353519,"A468,A543",2,,,,{85},,,,,,,,,,,{23},
EN300-12601698,"A467,A543",2,,{77},,,,,,,,,,,,,{23},
EN300-18754129,"A468,A543",2,,,,{72},,,,,,,,,,,{23},
EN300-7494456,"A468,A543",2,,,,{74},,,,,,,,,,,{23},
EN300-28339257,"A468,A543",2,,,,{80},,,,,,,,,,,{23},
EN300-7392407,"A468,A543",2,,,,{75},,,,,,,,,,,{23},
EN300-26871034,"A468,A543",2,,,,{73},,,,,,,,,,,{23},
EN300-7384024,"A468,A543",2,,,,{79},,,,,,,,,,,{23},
EN300-2010149,"A468,A543",2,,,,{81},,,,,,,,,,,{23},
EN300-23409820,"A468,A543",2,,,,{70},,,,,,,,,,,{23},
EN300-1091521,"A468,A543",2,,,,{82},,,,,,,,,,,{23},
EN300-19462036,"A467,A468,A543",3,,{71},,{71},,,,,,,,,,,{23},
EN300-25662690,"A468,A543",2,,,,{72},,,,,,,,,,,{23},
EN300-4753893,"A467,A543",2,,{77},,,,,,,,,,,,,{23},
EN300-34213451,A543,1,,,,,,,,,,,,,,,{23},
EN300-7361147,"A468,A543",2,,,,{81},,,,,,,,,,,{23},
EN300-52426619,"A468,A543",2,,,,{75},,,,,,,,,,,{23},
EN300-716449,"A468,A543",2,,,,{82},,,,,,,,,,,{23},
EN300-7044202,"A468,A543",2,,,,{72},,,,,,,,,,,{23},
EN300-1708012,"A468,A543",2,,,,{77},,,,,,,,,,,{23},
EN300-54073260,"A468,A543",2,,,,{83},,,,,,,,,,,{23},
EN300-51913770,"A468,A543",2,,,,{85},,,,,,,,,,,{23},
EN300-46609081,"A468,A543",2,,,,{75},,,,,,,,,,,{23},
EN300-46502628,"A468,A543",2,,,,{77},,,,,,,,,,,{23},
EN300-12593170,"A468,A543",2,,,,{83},,,,,,,,,,,{23},
EN300-22906518,"A468,A543",2,,,,{68},,,,,,,,,,,{23},
EN300-12635469,"A468,A543",2,,,,{73},,,,,,,,,,,{23},
EN300-37368757,"A468,A543",2,,,,{75},,,,,,,,,,,{23},
EN300-12587196,"A468,A543",2,,,,{73},,,,,,,,,,,{23},
EN300-7397648,A543,1,,,,,,,,,,,,,,,{23},
EN300-45608365,"A468,A543",2,,,,{72},,,,,,,,,,,{23},
EN300-26869835,"A468,A543",2,,,,{77},,,,,,,,,,,{23},
EN300-46898342,"A468,A538,A543",3,,,,{76},,,,,,{77},,,,,{23},
EN300-12449204,"A468,A543",2,,,,{72},,,,,,,,,,,{23},
EN300-26077436,"A468,A543",2,,,,{71},,,,,,,,,,,{23},
EN300-52557080,"A468,A543",2,,,,{82},,,,,,,,,,,{23},
EN300-6731420,"A468,A543",2,,,,{73},,,,,,,,,,,{23},
EN300-27108682,"A468,A543",2,,,,{69},,,,,,,,,,,{23},
EN300-26871005,"A468,A543",2,,,,{72},,,,,,,,,,,{23},
EN300-45176861,"A468,A473,A543",3,,,,{70},,,,{69},,,,,,,{23},
EN300-45151379,"A468,A543",2,,,,{80},,,,,,,,,,,{23},
EN300-27707639,"A468,A543",2,,,,{72},,,,,,,,,,,{23},
EN300-139525,"A468,A543",2,,,,{86},,,,,,,,,,,{23},
EN300-6249804,"A467,A543",2,,{78},,,,,,,,,,,,,{23},
EN300-1706453,"A468,A543",2,,,,{78},,,,,,,,,,,{23},
EN300-51996379,"A468,A543",2,,,,{77},,,,,,,,,,,{23},
EN300-1614344,"A468,A543",2,,,,{78},,,,,,,,,,,{23},
EN300-22210888,"A468,A543",2,,,,{75},,,,,,,,,,,{23},
EN300-45761549,"A468,A543",2,,,,{74},,,,,,,,,,,{23},
EN300-215469,"A468,A543",2,,,,{75},,,,,,,,,,,{23},
EN300-53341048,"A468,A543",2,,,,{72},,,,,,,,,,,{23},
EN300-1704699,"A468,A543",2,,,,{77},,,,,,,,,,,{23},
EN300-7233543,"A468,A543",2,,,,{77},,,,,,,,,,,{23},
EN300-12578646,"A468,A543",2,,,,{78},,,,,,,,,,,{23},
EN300-7269993,"A468,A543",2,,,,{72},,,,,,,,,,,{23},
EN300-37274665,"A468,A543",2,,,,{77},,,,,,,,,,,{23},
EN300-6489944,"A468,A543",2,,,,{71},,,,,,,,,,,{23},
EN300-51996170,"A468,A543",2,,,,{81},,,,,,,,,,,{23},
EN300-7432705,"A468,A543",2,,,,{74},,,,,,,,,,,{23},
EN300-37450541,"A468,A543",2,,,,{71},,,,,,,,,,,{23},
EN300-37361012,"A468,A543",2,,,,{72},,,,,,,,,,,{23},
EN300-27126449,"A468,A543",2,,,,{70},,,,,,,,,,,{23},
EN300-7470685,"A468,A543",2,,,,{75},,,,,,,,,,,{23},
EN300-52400642,"A468,A543",2,,,,{75},,,,,,,,,,,{23},
EN300-1603796,A543,1,,,,,,,,,,,,,,,{23},
EN300-7392249,"A468,A543",2,,,,{77},,,,,,,,,,,{23},
EN300-26935664,"A468,A543",2,,,,{74},,,,,,,,,,,{23},
EN300-12579063,A543,1,,,,,,,,,,,,,,,{23},
EN300-4687124,"A468,A543",2,,,,{73},,,,,,,,,,,{23},
EN300-206714,"A468,A543",2,,,,{79},,,,,,,,,,,{23},
EN300-9486211,"A468,A543",2,,,,{78},,,,,,,,,,,{23},
EN300-6758704,"A468,A543",2,,,,{75},,,,,,,,,,,{23},
EN300-45608365,"A468,A543",2,,,,{72},,,,,,,,,,,{23},
EN300-45618719,"A468,A543",2,,,,{72},,,,,,,,,,,{23},
EN300-731010,"A468,A543",2,,,,{75},,,,,,,,,,,{23},
EN300-12587994,"A468,A543",2,,,,{77},,,,,,,,,,,{23},
EN300-12623561,"A468,A543",2,,,,{87},,,,,,,,,,,{23},
EN300-52056238,"A468,A543",2,,,,{74},,,,,,,,,,,{23},
EN300-37450541,"A468,A543",2,,,,{71},,,,,,,,,,,{23},
EN300-51835476,"A468,A543",2,,,,{85},,,,,,,,,,,{23},
EN300-246562,"A468,A543",2,,,,{78},,,,,,,,,,,{23},
EN300-21654648,"A468,A543",2,,,,{78},,,,,,,,,,,{23},
EN300-45176861,"A468,A473,A543",3,,,,{69},,,,{70},,,,,,,{23},
EN300-12603652,"A468,A543",2,,,,{79},,,,,,,,,,,{23},
EN300-46623058,"A468,A543",2,,,,{75},,,,,,,,,,,{23},
EN300-7412731,"A468,A543",2,,,,{74},,,,,,,,,,,{23},
EN300-37451124,"A468,A543",2,,,,{77},,,,,,,,,,,{23},
EN300-51996379,"A468,A543",2,,,,{77},,,,,,,,,,,{23},
EN300-307203,"A468,A543",2,,,,{72},,,,,,,,,,,{23},
EN300-1696825,"A468,A543",2,,,,{82},,,,,,,,,,,{23},
EN300-12606120,"A468,A543",2,,,,{82},,,,,,,,,,,{23},
EN300-6253738,"A468,A543",2,,,,{78},,,,,,,,,,,{23},
EN300-12600114,"A468,A543",2,,,,{76},,,,,,,,,,,{23},
EN300-27105891,"A468,A543",2,,,,{78},,,,,,,,,,,{23},
EN300-52688451,"A468,A543",2,,,,{81},,,,,,,,,,,{23},
EN300-6478826,"A468,A543",2,,,,{78},,,,,,,,,,,{23},
EN300-46842036,"A468,A543",2,,,,{83},,,,,,,,,,,{23},
EN300-45721063,"A468,A543",2,,,,{77},,,,,,,,,,,{23},
EN300-51996379,"A468,A543",2,,,,{77},,,,,,,,,,,{23},
EN300-52557080,"A468,A543",2,,,,{82},,,,,,,,,,,{23},
EN300-247962,A543,1,,,,,,,,,,,,,,,{23},
EN300-4687124,"A468,A543",2,,,,{74},,,,,,,,,,,{23},
EN300-37069579,"A468,A543",2,,,,{72},,,,,,,,,,,{23},
EN300-12578155,"A468,A543",2,,,,{74},,,,,,,,,,,{23},
EN300-7465335,"A468,A543",2,,,,{84},,,,,,,,,,,{23},
EN300-12449204,"A468,A543",2,,,,{72},,,,,,,,,,,{23},
EN300-46765271,"A468,A543",2,,,,{71},,,,,,,,,,,{23},
EN300-12591938,"A468,A543",2,,,,{74},,,,,,,,,,,{23},
EN300-1662907,"A468,A543",2,,,,{73},,,,,,,,,,,{23},
EN300-122712,"A468,A543",2,,,,{70},,,,,,,,,,,{23},
EN300-392660,"A468,A543",2,,,,{72},,,,,,,,,,,{23},
EN300-12583283,"A468,A543",2,,,,{73},,,,,,,,,,,{23},
EN300-51687894,"A468,A543",2,,,,{79},,,,,,,,,,,{23},
EN300-7370405,"A468,A543",2,,,,{71},,,,,,,,,,,{23},
EN300-12596815,"A468,A543",2,,,,{75},,,,,,,,,,,{23},
EN300-46231307,"A468,A543",2,,,,{71},,,,,,,,,,,{23},
EN300-27126045,"A468,A543",2,,,,{71},,,,,,,,,,,{23},
EN300-53518630,"A468,A543",2,,,,{79},,,,,,,,,,,{23},
EN300-1618584,"A468,A543",2,,,,{70},,,,,,,,,,,{23},
EN300-12604332,"A468,A543",2,,,,{77},,,,,,,,,,,{23},
EN300-7539632,"A468,A543",2,,,,{70},,,,,,,,,,,{23},
EN300-7377849,"A468,A543",2,,,,{87},,,,,,,,,,,{23},
EN300-3195013,"A468,A543",2,,,,{73},,,,,,,,,,,{23},
EN300-26871015,"A468,A543",2,,,,{72},,,,,,,,,,,{23},
EN300-1614324,"A468,A543",2,,,,{78},,,,,,,,,,,{23},
EN300-4761898,"A468,A543",2,,,,{72},,,,,,,,,,,{23},
EN300-22210329,"A468,A543",2,,,,{74},,,,,,,,,,,{23},
EN300-96286,"A468,A543",2,,,,{76},,,,,,,,,,,{23},
EN300-1704620,"A468,A543",2,,,,{73},,,,,,,,,,,{23},
EN300-4753969,"A468,A543",2,,,,{71},,,,,,,,,,,{23},
EN300-19462029,"A468,A543",2,,,,{72},,,,,,,,,,,{23},
EN300-52405324,"A468,A543",2,,,,{79},,,,,,,,,,,{23},
EN300-8981934,"A468,A543",2,,,,{73},,,,,,,,,,,{23},
EN300-22790077,"A468,A543",2,,,,{73},,,,,,,,,,,{23},
EN300-12601769,"A468,A543",2,,,,{81},,,,,,,,,,,{23},
EN300-7388006,"A468,A543",2,,,,{81},,,,,,,,,,,{23},
EN300-105372,"A468,A543",2,,,,{75},,,,,,,,,,,{23},
EN300-37378175,"A468,A543",2,,,,{72},,,,,,,,,,,{23},
EN300-6785793,"A468,A543",2,,,,{75},,,,,,,,,,,{23},
EN300-6489944,"A468,A543",2,,,,{71},,,,,,,,,,,{23},
EN300-7412731,A543,1,,,,,,,,,,,,,,,{23},
EN300-27736955,"A468,A543",2,,,,{73},,,,,,,,,,,{23},
EN300-12631615,"A467,A468,A543",3,,{79},,{79},,,,,,,,,,,{23},
EN300-802231,"A468,A543",2,,,,{71},,,,,,,,,,,{23},
EN300-28334288,"A467,A543",2,,{75},,,,,,,,,,,,,{23},
EN300-46842036,"A468,A543",2,,,,{83},,,,,,,,,,,{23},
EN300-373944,"A468,A543",2,,,,{75},,,,,,,,,,,{23},
EN300-37296723,"A468,A543",2,,,,{81},,,,,,,,,,,{23},
EN300-7545066,"A468,A543",2,,,,{72},,,,,,,,,,,{23},
EN300-52293995,"A468,A543",2,,,,{71},,,,,,,,,,,{23},
EN300-52446491,A543,1,,,,,,,,,,,,,,,{23},
EN300-7005694,"A468,A543",2,,,,{71},,,,,,,,,,,{23},
EN300-3070662,A543,1,,,,,,,,,,,,,,,{23},
EN300-7437665,"A468,A543",2,,,,{71},,,,,,,,,,,{23},
EN300-26619690,"A468,A543",2,,,,{71},,,,,,,,,,,{23},
EN300-7362885,"A468,A543",2,,,,{71},,,,,,,,,,,{23},
EN300-7070631,"A468,A543",2,,,,{75},,,,,,,,,,,{23},
EN300-7465335,"A468,A543",2,,,,{84},,,,,,,,,,,{23},
EN300-7442926,"A468,A543",2,,,,{73},,,,,,,,,,,{23},
EN300-12607020,"A468,A543",2,,,,{75},,,,,,,,,,,{23},
EN300-19599374,"A468,A543",2,,,,{74},,,,,,,,,,,{23},
EN300-46429746,"A467,A468,A543",3,{38},,,{79},,,,,,,,,,,{23},
EN300-1706323,"A468,A543",2,,,,{75},,,,,,,,,,,{23},
EN300-138849,"A468,A543",2,,,,{75},,,,,,,,,,,{23},
EN300-52973303,"A467,A543",2,,{75},,,,,,,,,,,,,{23},
EN300-6763665,"A468,A543",2,,,,{72},,,,,,,,,,,{23},
EN300-37408223,"A468,A543",2,,,,{72},,,,,,,,,,,{23},
EN300-52658353,"A468,A543",2,,,,{84},,,,,,,,,,,{23},
EN300-7434274,"A468,A543",2,,,,{69},,,,,,,,,,,{23},
EN300-12593170,"A468,A543",2,,,,{83},,,,,,,,,,,{23},
EN300-46765271,"A468,A543",2,,,,{72},,,,,,,,,,,{23},
EN300-46747410,"A468,A543",2,,,,{76},,,,,,,,,,,{23},
EN300-28227399,"A468,A543",2,,,,{71},,,,,,,,,,,{23},
EN300-7542165,"A468,A543",2,,,,{77},,,,,,,,,,,{23},
EN300-264815,A543,1,,,,,,,,,,,,,,,{23},
EN300-7413494,"A468,A543",2,,,,{74},,,,,,,,,,,{23},
EN300-45938090,"A468,A543",2,,,,{76},,,,,,,,,,,{23},
EN300-12581709,"A468,A543",2,,,,{72},,,,,,,,,,,{23},
EN300-6489559,"A468,A543",2,,,,{84},,,,,,,,,,,{23},
EN300-302306,"A468,A543",2,,,,{73},,,,,,,,,,,{23},
EN300-6740852,"A468,A543",2,,,,{91},,,,,,,,,,,{23},
EN300-213012,"A468,A543",2,,,,{78},,,,,,,,,,,{23},
EN300-37431967,"A468,A543",2,,,,{78},,,,,,,,,,,{23},
EN300-7362885,"A468,A543",2,,,,{71},,,,,,,,,,,{23},
EN300-12577598,"A468,A543",2,,,,{80},,,,,,,,,,,{23},
EN300-19462037,"A468,A543",2,,,,{73},,,,,,,,,,,{23},
EN300-51654381,"A468,A543",2,,,,{81},,,,,,,,,,,{23},
EN300-23009824,"A468,A543",2,,,,{76},,,,,,,,,,,{23},
EN300-23999307,A543,1,,,,,,,,,,,,,,,{23},
EN300-46816667,"A468,A543",2,,,,{81},,,,,,,,,,,{23},
EN300-7520303,A543,1,,,,,,,,,,,,,,,{23},
EN300-52401922,"A468,A543",2,,,,{73},,,,,,,,,,,{23},
EN300-6505185,A543,1,,,,,,,,,,,,,,,{23},
EN300-26370991,"A468,A543",2,,,,{81},,,,,,,,,,,{23},
EN300-53451868,"A468,A543",2,,,,{75},,,,,,,,,,,{23},
EN300-37382944,"A468,A543",2,,,,{75},,,,,,,,,,,{23},
EN300-27148203,A543,1,,,,,,,,,,,,,,,{23},
EN300-27707639,"A468,A543",2,,,,{72},,,,,,,,,,,{23},
EN300-7389921,"A468,A543",2,,,,{73},,,,,,,,,,,{23},
EN300-4753979,"A468,A543",2,,,,{69},,,,,,,,,,,{23},
EN300-37331183,"A468,A543",2,,,,{70},,,,,,,,,,,{23},
EN300-7537547,A543,1,,,,,,,,,,,,,,,{23},
EN300-2010668,"A468,A543",2,,,,{77},,,,,,,,,,,{23},
EN300-7419061,"A468,A543",2,,,,{72},,,,,,,,,,,{23},
EN300-7491991,"A467,A543",2,,{81},,,,,,,,,,,,,{23},
EN300-52134948,"A468,A543",2,,,,{84},,,,,,,,,,,{23},
EN300-37364419,"A468,A543",2,,,,{71},,,,,,,,,,,{23},
EN300-37345478,"A468,A543",2,,,,{71},,,,,,,,,,,{23},
EN300-7183286,"A468,A543",2,,,,{71},,,,,,,,,,,{23},
EN300-26074910,"A468,A543",2,,,,{72},,,,,,,,,,,{23},
EN300-27121592,"A468,A543",2,,,,{76},,,,,,,,,,,{23},
EN300-7417261,A543,1,,,,,,,,,,,,,,,{23},
EN300-47333367,A543,1,,,,,,,,,,,,,,,{23},
EN300-333146,"A468,A543",2,,,,{77},,,,,,,,,,,{23},
EN300-37339565,"A468,A543",2,,,,{71},,,,,,,,,,,{23},
EN300-702584,"A468,A543",2,,,,{71},,,,,,,,,,,{23},
EN300-28311648,"A468,A543",2,,,,{70},,,,,,,,,,,{23},
EN300-33448930,"A468,A543",2,,,,{85},,,,,,,,,,,{23},
EN300-52250826,"A468,A543",2,,,,{71},,,,,,,,,,,{23},
EN300-1722965,"A468,A543",2,,,,{80},,,,,,,,,,,{23},
EN300-7491100,"A468,A543",2,,,,{85},,,,,,,,,,,{23},
EN300-6758922,"A468,A543",2,,,,{75},,,,,,,,,,,{23},
EN300-27101651,A543,1,,,,,,,,,,,,,,,{23},
EN300-6293825,"A468,A543",2,,,,{68},,,,,,,,,,,{23},
EN300-7231436,"A468,A543",2,,,,{72},,,,,,,,,,,{23},
EN300-28310600,"A468,A543",2,,,,{81},,,,,,,,,,,{23},
EN300-6285958,"A468,A543",2,,,,{76},,,,,,,,,,,{23},
EN300-4753979,"A468,A543",2,,,,{69},,,,,,,,,,,{23},
EN300-46429746,"A467,A468,A543",3,{38},,,{80},,,,,,,,,,,{23},
EN300-37339565,"A468,A543",2,,,,{71},,,,,,,,,,,{23},
EN300-53451868,"A468,A543",2,,,,{75},,,,,,,,,,,{23},
EN300-46412508,A543,1,,,,,,,,,,,,,,,{23},
EN300-6482249,A543,1,,,,,,,,,,,,,,,{23},
EN300-27147171,"A468,A543",2,,,,{69},,,,,,,,,,,{23},
EN300-7465335,"A468,A543",2,,,,{84},,,,,,,,,,,{23},
EN300-53451498,"A468,A543",2,,,,{83},,,,,,,,,,,{23},
EN300-51658004,"A468,A543",2,,,,{82},,,,,,,,,,,{23},
EN300-45852361,"A468,A543",2,,,,{75},,,,,,,,,,,{23},
EN300-370601,"A468,A543",2,,,,{83},,,,,,,,,,,{23},
EN300-746226,"A468,A543",2,,,,{71},,,,,,,,,,,{23},
EN300-27739263,"A468,A543",2,,,,{71},,,,,,,,,,,{23},
EN300-27107339,"A468,A543",2,,,,{73},,,,,,,,,,,{23},
EN300-12580511,"A468,A543",2,,,,{72},,,,,,,,,,,{23},
EN300-47319544,A543,1,,,,,,,,,,,,,,,{23},
EN300-3423915,"A468,A543",2,,,,{71},,,,,,,,,,,{23},
EN300-37374259,"A468,A543",2,,,,{70},,,,,,,,,,,{23},
EN300-1699980,"A468,A543",2,,,,{70},,,,,,,,,,,{23},
EN300-7231436,"A468,A543",2,,,,{72},,,,,,,,,,,{23},
EN300-12597541,"A468,A543",2,,,,{79},,,,,,,,,,,{23},
EN300-45616200,"A468,A543",2,,,,{72},,,,,,,,,,,{23},
EN300-27707639,"A468,A543",2,,,,{72},,,,,,,,,,,{23},
EN300-33288669,"A467,A543",2,,{75},,,,,,,,,,,,,{23},
EN300-193745,"A468,A543",2,,,,{81},,,,,,,,,,,{23},
EN300-19458597,"A468,A543",2,,,,{77},,,,,,,,,,,{23},
EN300-51881166,"A468,A543",2,,,,{79},,,,,,,,,,,{23},
EN300-52134278,"A468,A543",2,,,,{79},,,,,,,,,,,{23},
EN300-316478,"A467,A543",2,,{76},,,,,,,,,,,,,{23},
EN300-802231,"A468,A543",2,,,,{71},,,,,,,,,,,{23},
EN300-28316159,"A467,A543",2,,{75},,,,,,,,,,,,,{23},
EN300-27736955,"A468,A543",2,,,,{73},,,,,,,,,,,{23},
EN300-703503,"A468,A543",2,,,,{71},,,,,,,,,,,{23},
EN300-269024,A543,1,,,,,,,,,,,,,,,{23},
EN300-22846385,A543,1,,,,,,,,,,,,,,,{23},
EN300-51996501,"A468,A543",2,,,,{75},,,,,,,,,,,{23},
EN300-45724584,"A468,A543",2,,,,{72},,,,,,,,,,,{23},
EN300-47298311,"A468,A543",2,,,,{81},,,,,,,,,,,{23},
EN300-9629297,"A468,A543",2,,,,{74},,,,,,,,,,,{23},
EN300-46919231,"A468,A543",2,,,,{74},,,,,,,,,,,{23},
EN300-7393253,"A468,A543",2,,,,{78},,,,,,,,,,,{23},
EN300-37108877,"A468,A543",2,,,,{74},,,,,,,,,,,{23},
EN300-37408210,"A468,A543",2,,,,{74},,,,,,,,,,,{23},
EN300-45232701,"A468,A543",2,,,,{75},,,,,,,,,,,{23},
EN300-12606834,"A467,A468,A543",3,{44},,,{79},,,,,,,,,,,{23},
EN300-46429746,"A468,A543",2,,,,{80},,,,,,,,,,,{23},
EN300-7545066,"A468,A543",2,,,,{72},,,,,,,,,,,{23},
EN300-19074714,"A468,A543",2,,,,{72},,,,,,,,,,,{23},
EN300-27112734,"A468,A543",2,,,,{69},,,,,,,,,,,{23},
EN300-37274568,"A468,A543",2,,,,{73},,,,,,,,,,,{23},
EN300-52420653,"A468,A543",2,,,,{82},,,,,,,,,,,{23},
EN300-7395847,"A468,A543",2,,,,{81},,,,,,,,,,,{23},
EN300-7437665,"A468,A543",2,,,,{71},,,,,,,,,,,{23},
EN300-1272502,A543,1,,,,,,,,,,,,,,,{23},
EN300-37160799,"A468,A543",2,,,,{69},,,,,,,,,,,{23},
EN300-27147171,"A468,A543",2,,,,{69},,,,,,,,,,,{23},
EN300-52819355,"A468,A543",2,,,,{75},,,,,,,,,,,{23},
EN300-47339296,"A468,A543",2,,,,{76},,,,,,,,,,,{23},
EN300-37327891,"A468,A543",2,,,,{76},,,,,,,,,,,{23},
EN300-45852361,"A468,A543",2,,,,{75},,,,,,,,,,,{23},
EN300-51995725,"A468,A543",2,,,,{80},,,,,,,,,,,{23},
EN300-46745431,"A468,A543",2,,,,{80},,,,,,,,,,,{23},
EN300-51995725,"A468,A543",2,,,,{80},,,,,,,,,,,{23},
EN300-46747410,"A468,A543",2,,,,{76},,,,,,,,,,,{23},
EN300-316603,"A468,A543",2,,,,{73},,,,,,,,,,,{23},
EN300-46919231,"A468,A543",2,,,,{74},,,,,,,,,,,{23},
EN300-46816630,"A468,A543",2,,,,{76},,,,,,,,,,,{23},
EN300-1655730,A543,1,,,,,,,,,,,,,,,{23},
EN300-7044202,"A468,A543",2,,,,{73},,,,,,,,,,,{23},
EN300-48955612,"A467,A468,A543",3,,{76},,{76},,,,,,,,,,,{23},
EN300-37331183,"A468,A543",2,,,,{70},,,,,,,,,,,{23},
EN300-6504823,"A468,A543",2,,,,{85},,,,,,,,,,,{23},
EN300-7395944,A543,1,,,,,,,,,,,,,,,{23},
EN300-46429746,"A468,A543",2,,,,{79},,,,,,,,,,,{23},
EN300-52401922,"A468,A543",2,,,,{73},,,,,,,,,,,{23},
EN300-27106349,"A468,A543",2,,,,{70},,,,,,,,,,,{23},
EN300-27112747,"A468,A543",2,,,,{70},,,,,,,,,,,{23},
EN300-33225935,"A468,A543",2,,,,{70},,,,,,,,,,,{23},
EN300-53017477,A543,1,,,,,,,,,,,,,,,{23},
EN300-52538453,A543,1,,,,,,,,,,,,,,,{23},
EN300-37325825,"A468,A543",2,,,,{82},,,,,,,,,,,{23},
EN300-51996501,"A468,A543",2,,,,{75},,,,,,,,,,,{23},
EN300-8981934,"A468,A543",2,,,,{73},,,,,,,,,,,{23},
EN300-8987074,"A468,A543",2,,,,{73},,,,,,,,,,,{23},
EN300-45724584,"A468,A543",2,,,,{71},,,,,,,,,,,{23},
EN300-53912882,A543,1,,,,,,,,,,,,,,,{23},
EN300-12593930,"A468,A543",2,,,,{78},,,,,,,,,,,{23},
EN300-1620628,"A468,A543",2,,,,{70},,,,,,,,,,,{23},
EN300-20786182,"A468,A543",2,,,,{77},,,,,,,,,,,{23},
EN300-52056238,"A468,A543",2,,,,{74},,,,,,,,,,,{23},
EN300-3228412,A543,1,,,,,,,,,,,,,,,{23},
EN300-2611561,"A468,A543",2,,,,{82},,,,,,,,,,,{23},
EN300-52655285,"A468,A543",2,,,,{73},,,,,,,,,,,{23},
EN300-1588361,"A468,A543",2,,,,{78},,,,,,,,,,,{23},
EN300-1198097,"A467,A543",2,,{76},,,,,,,,,,,,,{23},
EN300-7438606,"A468,A543",2,,,,{75},,,,,,,,,,,{23},
EN300-12599218,"A468,A543",2,,,,{78},,,,,,,,,,,{23},
EN300-47244801,A543,1,,,,,,,,,,,,,,,{23},
EN300-12597093,"A468,A543",2,,,,{79},,,,,,,,,,,{23},
EN300-6758710,"A468,A543",2,,,,{75},,,,,,,,,,,{23},
EN300-37457701,"A468,A543",2,,,,{75},,,,,,,,,,,{23},
EN300-45635920,"A468,A543",2,,,,{69},,,,,,,,,,,{23},
EN300-1725148,"A468,A543",2,,,,{69},,,,,,,,,,,{23},
EN300-12623230,"A468,A543",2,,,,{80},,,,,,,,,,,{23},
EN300-7383919,"A468,A543",2,,,,{73},,,,,,,,,,,{23},
EN300-37374145,"A468,A543",2,,,,{73},,,,,,,,,,,{23},
EN300-26679294,"A468,A543",2,,,,{73},,,,,,,,,,,{23},
EN300-12731863,"A468,A543",2,,,,{78},,,,,,,,,,,{23},
EN300-12603459,"A468,A543",2,,,,{76},,,,,,,,,,,{23},
EN300-45724584,"A468,A543",2,,,,{72},,,,,,,,,,,{23},
EN300-212394,"A468,A543",2,,,,{78},,,,,,,,,,,{23},
EN300-52696890,A543,1,,,,,,,,,,,,,,,{23},
EN300-28318336,"A468,A543",2,,,,{72},,,,,,,,,,,{23},
EN300-3281644,"A468,A543",2,,,,{82},,,,,,,,,,,{23},
EN300-338547,"A468,A543",2,,,,{75},,,,,,,,,,,{23},
EN300-6479564,A543,1,,,,,,,,,,,,,,,{23},
EN300-7352515,"A468,A543",2,,,,{75},,,,,,,,,,,{23},
EN300-45604331,"A468,A543",2,,,,{76},,,,,,,,,,,{23},
EN300-27692079,"A468,A543",2,,,,{80},,,,,,,,,,,{23},
EN300-26869835,"A468,A543",2,,,,{77},,,,,,,,,,,{23},
EN300-37345478,"A468,A543",2,,,,{71},,,,,,,,,,,{23},
EN300-317402,"A468,A543",2,,,,{79},,,,,,,,,,,{23},
EN300-7443266,A543,1,,,,,,,,,,,,,,,{23},
EN300-7438660,A543,1,,,,,,,,,,,,,,,{23},
EN300-12579503,"A467,A543",2,,{75},,,,,,,,,,,,,{23},
EN300-1472355,"A468,A543",2,,,,{72},,,,,,,,,,,{23},
EN300-7325535,"A468,A543",2,,,,{73},,,,,,,,,,,{23},
EN300-45487732,"A468,A543",2,,,,{75},,,,,,,,,,,{23},
EN300-45151379,"A468,A543",2,,,,{80},,,,,,,,,,,{23},
EN300-47244805,A543,1,,,,,,,,,,,,,,,{23},
EN300-52296605,"A468,A543",2,,,,{89},,,,,,,,,,,{23},
EN300-2010035,"A468,A543",2,,,,{81},,,,,,,,,,,{23},
EN300-23111121,"A467,A468,A473,A543",4,{42},,,{77},,,,{76},,,,,,,{23},
EN300-37353813,"A468,A543",2,,,,{72},,,,,,,,,,,{23},
EN300-27776783,A543,1,,,,,,,,,,,,,,,{23},
EN300-5630595,A543,1,,,,,,,,,,,,,,,{23},
EN300-686893,"A468,A543",2,,,,{74},,,,,,,,,,,{23},
EN300-47333367,A543,1,,,,,,,,,,,,,,,{23},
EN300-7364364,"A468,A543",2,,,,{78},,,,,,,,,,,{23},
EN300-45616200,"A468,A543",2,,,,{72},,,,,,,,,,,{23},
EN300-27707639,"A468,A543",2,,,,{72},,,,,,,,,,,{23},
EN300-46740477,"A468,A543",2,,,,{72},,,,,,,,,,,{23},
EN300-45557686,"A468,A543",2,,,,{72},,,,,,,,,,,{23},
EN300-53451869,"A468,A543",2,,,,{76},,,,,,,,,,,{23},
EN300-21666109,"A467,A468,A543",3,{44},,,{77},,,,,,,,,,,{23},
EN300-7426720,"A467,A543",2,,{78},,,,,,,,,,,,,{23},
EN300-7440747,"A468,A543",2,,,,{75},,,,,,,,,,,{23},
EN300-26682686,"A468,A543",2,,,,{76},,,,,,,,,,,{23},
EN300-33225935,"A468,A543",2,,,,{70},,,,,,,,,,,{23},
EN300-6494561,"A468,A543",2,,,,{78},,,,,,,,,,,{23},
EN300-28318336,"A468,A543",2,,,,{72},,,,,,,,,,,{23},
EN300-12635826,A543,1,,,,,,,,,,,,,,,{23},
EN300-52391028,"A468,A543",2,,,,{75},,,,,,,,,,,{23},
EN300-52208847,"A468,A543",2,,,,{73},,,,,,,,,,,{23},
EN300-52400642,"A468,A543",2,,,,{74},,,,,,,,,,,{23},
EN300-37357358,"A468,A543",2,,,,{76},,,,,,,,,,,{23},
EN300-47332688,"A468,A543",2,,,,{77},,,,,,,,,,,{23},
EN300-21669247,"A468,A543",2,,,,{81},,,,,,,,,,,{23},
EN300-36596622,"A468,A473,A543",3,,,,{74},,,,{73},,,,,,,{23},
EN300-53451869,"A468,A538,A543",3,,,,{76},,,,,,{71},,,,,{23},
EN300-7372675,A543,1,,,,,,,,,,,,,,,{23},
EN300-7538908,"A468,A543",2,,,,{78},,,,,,,,,,,{23},
EN300-8227078,A543,1,,,,,,,,,,,,,,,{23},
EN300-45726223,"A468,A543",2,,,,{79},,,,,,,,,,,{23},
EN300-21667671,"A468,A543",2,,,,{83},,,,,,,,,,,{23},
EN300-37355400,"A468,A543",2,,,,{75},,,,,,,,,,,{23},
EN300-28253642,"A468,A543",2,,,,{74},,,,,,,,,,,{23},
EN300-45642264,"A467,A468,A543",3,,{74},,{79},,,,,,,,,,,{23},
EN300-52128292,"A467,A468,A543",3,,{74},,{79},,,,,,,,,,,{23},
EN300-332464,A543,1,,,,,,,,,,,,,,,{23},
EN300-45852361,"A468,A543",2,,,,{75},,,,,,,,,,,{23},
EN300-45687794,"A468,A543",2,,,,{72},,,,,,,,,,,{23},
EN300-333146,A543,1,,,,,,,,,,,,,,,{23},
EN300-12581475,A543,1,,,,,,,,,,,,,,,{23},
EN300-23321690,A543,1,,,,,,,,,,,,,,,{23},
EN300-37300089,"A468,A543",2,,,,{76},,,,,,,,,,,{23},
EN300-23587184,"A468,A543",2,,,,{72},,,,,,,,,,,{23},
EN300-45639436,"A468,A543",2,,,,{79},,,,,,,,,,,{23},
EN300-5921942,"A468,A543",2,,,,{78},,,,,,,,,,,{23},
EN300-22998743,"A468,A543",2,,,,{81},,,,,,,,,,,{23},
EN300-175728,A543,1,,,,,,,,,,,,,,,{23},
EN300-47333367,A543,1,,,,,,,,,,,,,,,{23},
EN300-51996395,"A468,A543",2,,,,{75},,,,,,,,,,,{23},
EN300-701199,"A468,A543",2,,,,{79},,,,,,,,,,,{23},
EN300-7443268,"A468,A543",2,,,,{81},,,,,,,,,,,{23},
EN300-7431743,"A468,A543",2,,,,{81},,,,,,,,,,,{23},
EN300-6740657,A543,1,,,,,,,,,,,,,,,{23},
EN300-37325825,"A468,A543",2,,,,{82},,,,,,,,,,,{23},
EN300-7388207,"A468,A543",2,,,,{78},,,,,,,,,,,{23},
EN300-251739,"A468,A543",2,,,,{78},,,,,,,,,,,{23},
EN300-12594677,"A468,A543",2,,,,{80},,,,,,,,,,,{23},
EN300-203542,"A468,A543",2,,,,{83},,,,,,,,,,,{23},
EN300-25317741,"A468,A543",2,,,,{85},,,,,,,,,,,{23},
EN300-7410935,"A468,A543",2,,,,{78},,,,,,,,,,,{23},
EN300-46810277,A543,1,,,,,,,,,,,,,,,{23},
EN300-6738196,"A468,A543",2,,,,{76},,,,,,,,,,,{23},
EN300-1074124,"A468,A543",2,,,,{82},,,,,,,,,,,{23},
EN300-251737,A543,1,,,,,,,,,,,,,,,{23},
EN300-20357091,"A468,A543",2,,,,{89},,,,,,,,,,,{23},
EN300-19463822,"A468,A543",2,,,,"{85, 86}",,,,,,,,,,,{23},
EN300-53446072,A543,1,,,,,,,,,,,,,,,{23},
EN300-37108877,A543,1,,,,,,,,,,,,,,,{23},
EN300-37408210,A543,1,,,,,,,,,,,,,,,{23},
EN300-18809034,A543,1,,,,,,,,,,,,,,,{23},
EN300-23827220,A543,1,,,,,,,,,,,,,,,{23},
EN300-20175184,A543,1,,,,,,,,,,,,,,,{23},
EN300-27144376,A543,1,,,,,,,,,,,,,,,{23},
EN300-46810277,A543,1,,,,,,,,,,,,,,,{23},
EN300-37368881,A543,1,,,,,,,,,,,,,,,{23},
EN300-209647,"A468,A543",2,,,,{81},,,,,,,,,,,{23},
EN300-7359106,A543,1,,,,,,,,,,,,,,,{23},
EN300-3228347,A543,1,,,,,,,,,,,,,,,{23},
EN300-45845074,A543,1,,,,,,,,,,,,,,,{23},
EN300-374119,"A467,A543",2,,{79},,,,,,,,,,,,,{23},
EN300-305314,"A468,A543",2,,,,{78},,,,,,,,,,,{23},
EN300-187791,"A468,A543",2,,,,{79},,,,,,,,,,,{23},
EN300-7380081,"A468,A543",2,,,,{82},,,,,,,,,,,{23},
EN300-297507,"A468,A473,A543",3,,,,{108},,,,{99},,,,,,,{23},
EN300-657180,"A468,A473,A543",3,,,,{108},,,,{99},,,,,,,{23},
LN05428011,"A468,A543",2,,,,"{86, 87}",,,,,,,,,,,{23},
LN00120866,"A468,A543",2,,,,{83},,,,,,,,,,,{23},
LN00196040,"A468,A543",2,,,,"{83, 84}",,,,,,,,,,,{23},
LN00338833,"A468,A473,A543",3,,,,"{75, 76, 78}",,,,{74},,,,,,,{23},
LN04106311,"A468,A543",2,,,,{88},,,,,,,,,,,{23},
LN01360706,"A468,A533,A473,A543",4,,,,{75},,{73},,{76},,,,,,,{23},
LN01358534,"A468,A473,A538,A543",4,,,,{77},,,,"{74, 76}",,{75},,,,,{23},
LN03269034,"A468,A473,A538,A543",4,,,,{78},,,,"{74, 77}",,{75},,,,,{23},
LN00585904,"A468,A543",2,,,{48},{87},,,,,,,,,,,{23},
LN04597302,"A468,A543",2,,,,{83},,,,,,,,,,,{23},
LN00171139,"A468,A543",2,,,,"{83, 84}",,,,,,,,,,,{23},
LN00176539,"A468,A473,A538,A543",4,,,,{73},,,,"{72, 75}",,{76},,,,,{23},
LN01315181,"A468,A543",2,,,,{76},,,,,,,,,,,{23},
LN02187946,"A468,A473,A538,A543",4,,,,{77},,,,{76},,{74},,,,,{23},
LN00111430,"A468,A473,A538,A543",4,,,,{80},,,,{79},,{78},,,,,{23},
LN00186685,"A468,A473,A538,A543",4,,,,{77},,,,{76},,{75},,,,,{23},
LN00167965,"A468,A543",2,,,,"{82, 83}",,,,,,,,,,,{23},
LN00228552,"A468,A536,A543",3,,,,{79},,,,,,,{41},,,,{23},
LN03256434,"A468,A543",2,,,,{86},,,,,,,,,,,{23},
LN01284134,"A468,A543",2,,,,{84},,,,,,,,,,,{23},
LN00337601,"A468,A543",2,,,,"{80, 81}",,,,,,,,,,,{23},
LN05268668,"A468,A473,A538,A543",4,,,,{79},,,,{80},,{75},,,,,{23},
LN05437992,"A468,A543",2,,,,{85},,,,,,,,,,,{23},
LN02161449,"A468,A543",2,,,,"{78, 79}",,,,,,,,,,,{23},
LN05560137,"A468,A543",2,,,,{78},,,,,,,,,,,{23},
LN00183222,"A468,A543",2,,,,"{78, 79}",,,,,,,,,,,{23},
LN02660588,"A468,A473,A538,A543",4,,,,{77},,,,{76},,{75},,,,,{23},
LN02042611,"A468,A543",2,,,,"{80, 79}",,,,,,,,,,,{23},
LN00005618,"A468,A543",2,,,,"{77, 79}",,,,,,,,,,,{23},
LN01331275,"A468,A543",2,,,,{84},,,,,,,,,,,{23},
LN00156809,"A468,A473,A543",3,,,,{77},,,,"{75, 76}",,,,,,,{23},
LN05370931,"A468,A473,A543",3,,,,"{81, 85}",,,,{84},,,,,,,{23},
LN00129262,"A468,A543",2,,,,{84},,,,,,,,,,,{23},
LN02061759,"A468,A543",2,,,,{85},,,,,,,,,,,{23},
LN04918081,"A468,A538,A543",3,,,,{79},,,,,,{75},,,,,{23},
LN02143538,"A468,A543",2,,,,{82},,,,,,,,,,,{23},
LN04965491,"A468,A543",2,,,,{84},,,,,,,,,,,{23},
LN00126853,"A468,A473,A543",3,,,,{76},,,,"{73, 75}",,,,,,,{23},
LN01837275,"A468,A543",2,,,,{83},,,,,,,,,,,{23},
LN03256220,"A468,A473,A543",3,,,,"{78, 79}",,,,{77},,,,,,,{23},
LN00171352,"A468,A473,A543",3,,,,{72},,,,{73},,,,,,,{23},
LN05581401,"A468,A473,A538,A543",4,,,,{77},,,,{76},,{74},,,,,{23},
LN02136884,"A468,A543",2,,,,{83},,,,,,,,,,,{23},
LN00009896,"A468,A473,A543",3,,,,{76},,,,{75},,,,,,,{23},
LN05447463,"A468,A543",2,,,,{83},,,,,,,,,,,{23},
LN05428597,"A468,A543",2,,,,{84},,,,,,,,,,,{23},
LN00174602,"A468,A543",2,,,,{87},,,,,,,,,,,{23},
LN04912047,"A468,A543",2,,,,{75},,,,,,,,,,,{23},
LN02176464,"A468,A473,A543",3,,,,{77},,,,"{74, 76}",,,,,,,{23},
LN00130341,"A468,A473,A536,A543",4,,,,{81},,,,{82},,,{41},,,,{23},
LN05603693,"A468,A543",2,,,,{81},,,,,,,,,,,{23},
LN01357329,"A468,A473,A543",3,,,,{76},,,,"{73, 75}",,,,,,,{23},
LN00145748,"A467,A468,A543",3,,{78},,{80},,,,,,,,,,,{23},
LN04832173,"A468,A543",2,,,,{76},,,,,,,,,,,{23},
LN00007050,"A468,A543",2,,,,{80},,,,,,,,,,,{23},
LN05636055,"A468,A543",2,,,,"{91, 85}",,,,,,,,,,,{23},
LN05628001,"A468,A543",2,,,,{82},,,,,,,,,,,{23},
LN05357649,"A468,A473,A543",3,,,,{78},,,,{79},,,,,,,{23},
LN00327472,"A468,A543",2,,,,{83},,,,,,,,,,,{23},
LN05347826,"A468,A543",2,,,,{75},,,,,,,,,,,{23},
LN04731315,"A468,A543",2,,,,{83},,,,,,,,,,,{23},
LN05358673,"A468,A473,A543",3,,,,{78},,,,{77},,,,,,,{23},
LN04837941,"A468,A473,A543",3,,,,{81},,,,{82},,,,,,,{23},
LN00315903,"A468,A543",2,,,,"{81, 79}",,,,,,,,,,,{23},
LN01104190,A543,1,,,,,,,,,,,,,,,{23},
LN00337621,"A468,A473,A543",3,,,,{76},,,,"{73, 75}",,,,,,,{23},
LN00380313,"A468,A543",2,,,,{81},,,,,,,,,,,{23},
LN00173413,"A468,A543",2,,,,{83},,,,,,,,,,,{23},
LN01374576,"A468,A543",2,,,,{82},,,,,,,,,,,{23},
LN00221055,"A468,A473,A543",3,,,,{77},,,,{76},,,,,,,{23},
LN01109012,"A468,A473,A543",3,,,,{79},,,,{80},,,,,,,{23},
LN01253704,"A468,A536,A543",3,,,,{81},,,,,,,{44},,,,{23},
LN01347273,"A468,A543",2,,,,{84},,,,,,,,,,,{23},
LN00001703,"A468,A473,A543",3,,,,{74},,,,{75},,,,,,,{23},
LN00199652,"A468,A543",2,,,,{79},,,,,,,,,,,{23},
LN02152449,"A468,A543",2,,,,{76},,,,,,,,,,,{23},
LN01365693,"A468,A543",2,,,,{83},,,,,,,,,,,{23},
LN01316005,"A468,A473,A543",3,,,,{71},,,,{72},,,,,,,{23},
LN01364014,"A468,A543",2,,,,{82},,,,,,,,,,,{23},
LN00221897,"A468,A543",2,,,,{78},,,,,,,,,,,{23},
LN01868049,"A468,A536,A543",3,,,,{80},,,,,,,{44},,,,{23},
LN01364633,"A468,A543",2,,,,{78},,,,,,,,,,,{23},
LN02191039,"A468,A473,A538,A543",4,,,,{79},,,,{78},,{76},,,,,{23},
LN00157632,"A468,A543",2,,,,{82},,,,,,,,,,,{23},
LN03243707,"A468,A473,A543",3,,,,{78},,,,{79},,,,,,,{23},
LN03252018,"A468,A543",2,,,,{75},,,,,,,,,,,{23},
LN00173631,"A468,A543",2,,,,{83},,,,,,,,,,,{23},
LN05378231,"A468,A538,A543",3,,,,{77},,,,,,{73},,,,,{23},
LN03267675,"A468,A543",2,,,,{79},,,,,,,,,,,{23},
LN00188496,"A468,A473,A543",3,,,,{78},,,,{77},,,,,,,{23},
LN00166357,"A468,A538,A543",3,,,,{79},,,,,,{74},,,,,{23},
LN00315904,"A468,A543",2,,,,"{81, 79}",,,,,,,,,,,{23},
LN03255734,"A468,A473,A543",3,,,,{76},,,,{75},,,,,,,{23},
LN00249057,"A468,A543",2,,,,{81},,,,,,,,,,,{23},
LN01281533,"A468,A543",2,,,,"{81, 78}",,,,,,,,,,,{23},
LN05475214,"A468,A543",2,,,,{79},,,,,,,,,,,{23},
LN01323102,"A468,A543",2,,,,{77},,,,,,,,,,,{23},
LN02042330,"A468,A536,A543",3,,,,{80},,,,,,,{46},,,,{23},
LN00175036,"A468,A473,A543",3,,,,{76},,,,"{73, 75}",,,,,,,{23},
LN05621499,"A468,A473,A538,A543",4,,,,{78},,,,{77},,{75},,,,,{23},
LN01066004,"A468,A543",2,,,,"{80, 82}",,,,,,,,,,,{23},
LN01357902,"A468,A543",2,,,,{78},,,,,,,,,,,{23},
LN03294515,"A468,A473,A536,A543",4,,,,{73},,,,{74},,,{43},,,,{23},
LN01376952,"A468,A543",2,,,,{80},,,,,,,,,,,{23},
LN01095259,"A468,A543",2,,,,{86},,,,,,,,,,,{23},
LN00247293,"A468,A543",2,,,,{82},,,,,,,,,,,{23},
LN02009377,"A468,A543",2,,,,{84},,,,,,,,,,,{23},
LN04866886,"A468,A473,A543",3,,,,{76},,,,{75},,,,,,,{23},
LN02040284,"A468,A543",2,,,,"{76, 77}",,,,,,,,,,,{23},
LN05341640,"A468,A543",2,,,,{79},,,,,,,,,,,{23},
LN05361680,"A468,A473,A543",3,,,,{79},,,,{78},,,,,,,{23},
LN02175328,"A468,A536,A543",3,,,,{75},,,,,,,{42},,,,{23},
LN01301709,"A468,A543",2,,,,{83},,,,,,,,,,,{23},
LN06130234,"A468,A473,A543",3,,,,{76},,,,{75},,,,,,,{23},
LN01872134,"A468,A536,A543",3,,,,{89},,,,,,,{43},,,,{23},
LN05001165,"A468,A543",2,,,,{80},,,,,,,,,,,{23},
LN04674913,"A468,A473,A543",3,,,,{80},,,,{81},,,,,,,{23},
LN01330866,"A468,A543",2,,,,"{80, 79}",,,,,,,,,,,{23},
LN05729372,"A468,A543",2,,,,{79},,,,,,,,,,,{23},
LN05372826,"A468,A473,A543",3,,,,{77},,,,{78},,,,,,,{23},
LN00118028,"A468,A543",2,,,,{96},,,,,,,,,,,{23},
LN05422924,"A468,A543",2,,,,{76},,,,,,,,,,,{23},
LN03295063,"A468,A536,A543",3,,,,{77},,,,,,,{46},,,,{23},
LN00128276,"A468,A473,A543",3,,,,{83},,,,{82},,,,,,,{23},
LN00335527,"A468,A473,A543",3,,,,{75},,,,{76},,,,,,,{23},
LN02166147,"A468,A543",2,,,,{83},,,,,,,,,,,{23},
LN00003981,"A468,A543",2,,,,{78},,,,,,,,,,,{23},
LN01295230,"A468,A538,A543",3,,,,{78},,,,,,{76},,,,,{23},
LN00180164,"A468,A543",2,,,,"{80, 78}",,,,,,,,,,,{23},
LN00127976,"A468,A473,A543",3,,,,{82},,,,{83},,,,,,,{23},
LN01477151,"A468,A536,A543",3,,,,{76},,,,,,,{42},,,,{23},
LN05354071,"A467,A468,A543",3,{40},,,{75},,,,,,,,,,,{23},
LN00182611,"A468,A543",2,,,,{78},,,,,,,,,,,{23},
LN01348271,"A468,A543",2,,,,{81},,,,,,,,,,,{23},
LN05438591,"A468,A543",2,,,,{81},,,,,,,,,,,{23},
LN00224286,"A468,A543",2,,,,{81},,,,,,,,,,,{23},
LN04955971,"A468,A543",2,,,,{84},,,,,,,,,,,{23},
LN01361056,"A468,A473,A543",3,,,,{72},,,,{73},,,,,,,{23},
LN00327285,"A468,A473,A543",3,,,,{72},,,,{71},,,,,,,{23},
LN04834686,"A467,A468,A543",3,{40},,,{80},,,,,,,,,,,{23},
LN01320820,"A468,A473,A543",3,,,,{79},,,,{80},,,,,,,{23},
LN00125714,"A468,A473,A543",3,,,,{81},,,,{80},,,,,,,{23},
LN04807919,"A468,A473,A543",3,,,,{79},,,,{78},,,,,,,{23},
LN02164557,"A468,A543",2,,,,{81},,,,,,,,,,,{23},
LN05632914,"A468,A543",2,,,,{81},,,,,,,,,,,{23},
LN00377491,"A468,A473,A543",3,,,,{78},,,,{79},,,,,,,{23},
LN04902150,"A468,A543",2,,,{46},{84},,,,,,,,,,,{23},
LN00338687,"A468,A543",2,,,,{78},,,,,,,,,,,{23},
LN00004251,"A468,A543",2,,,,{76},,,,,,,,,,,{23},
LN05457006,"A468,A543",2,,,,{77},,,,,,,,,,,{23},
LN02155295,"A468,A543",2,,,,{80},,,,,,,,,,,{23},
LN05437836,"A468,A473,A543",3,,,,{75},,,,{73},,,,,,,{23},
LN02171783,"A468,A473,A543",3,,,,{77},,,,{78},,,,,,,{23},
LN01365963,"A467,A468,A543",3,{43},,,{75},,,,,,,,,,,{23},
LN00116029,"A468,A543",2,,,,"{80, 78}",,,,,,,,,,,{23},
LN00336963,"A468,A533,A473,A543",4,,,,{76},,{74},,{77},,,,,,,{23},
LN01241196,"A468,A543",2,,,,{79},,,,,,,,,,,{23},
LN00236977,"A468,A543",2,,,,{80},,,,,,,,,,,{23},
LN03255201,"A468,A543",2,,,,{81},,,,,,,,,,,{23},
LN00125042,"A468,A473,A543",3,,,,{79},,,,{80},,,,,,,{23},
LN04596503,"A468,A538,A543",3,,,,{75},,,,,,{77},,,,,{23},
LN00313142,"A468,A536,A543",3,,,,{101},,,,,,,{45},,,,{23},
LN00126499,"A468,A473,A543",3,,,,{78},,,,{77},,,,,,,{23},
LN01805480,"A468,A473,A543",3,,,,{77},,,,{76},,,,,,,{23},
LN00150033,"A468,A543",2,,,,{78},,,,,,,,,,,{23},
LN04534144,"A468,A543",2,,,,{84},,,,,,,,,,,{23},
LN01373335,"A468,A473,A543",3,,,,{80},,,,{79},,,,,,,{23},
LN04974868,"A468,A473,A543",3,,,,{74},,,,{73},,,,,,,{23},
LN04617301,"A468,A543",2,,,,{84},,,,,,,,,,,{23},
LN00239784,"A468,A543",2,,,,{79},,,,,,,,,,,{23},
LN04600976,"A468,A543",2,,,,{78},,,,,,,,,,,{23},
LN01362925,"A468,A543",2,,,,{82},,,,,,,,,,,{23},
LN02056366,"A468,A543",2,,,,{82},,,,,,,,,,,{23},
LN00336778,"A468,A473,A543",3,,,,{77},,,,{76},,,,,,,{23},
LN01239734,"A468,A473,A543",3,,,,{79},,,,{80},,,,,,,{23},
LN00138993,"A468,A543",2,,,,{74},,,,,,,,,,,{23},
LN04658239,"A468,A543",2,,,,{77},,,,,,,,,,,{23},
LN00164011,"A468,A543",2,,,,{83},,,,,,,,,,,{23},
LN00158610,"A468,A543",2,,,,{79},,,,,,,,,,,{23},
LN01801492,"A468,A543",2,,,,{79},,,,,,,,,,,{23},
LN02026682,"A468,A536,A543",3,,,,{76},,,,,,,{41},,,,{23},
LN01806028,"A468,A473,A543",3,,,,{79},,,,{80},,,,,,,{23},
LN00008722,"A468,A473,A543",3,,,,{75},,,,{76},,,,,,,{23},
LN02128217,"A468,A543",2,,,,"{80, 78}",,,,,,,,,,,{23},
LN00150623,"A468,A543",2,,,,{79},,,,,,,,,,,{23},
LN04553611,"A468,A543",2,,,,{80},,,,,,,,,,,{23},
LN05628001,"A468,A543",2,,,,{82},,,,,,,,,,,{23},
LN04957353,"A468,A543",2,,,,{79},,,,,,,,,,,{23},
LN00338224,"A468,A543",2,,,,{83},,,,,,,,,,,{23},
LN05371871,"A468,A473,A543",3,,,,{77},,,,{78},,,,,,,{23},
LN00188052,"A468,A543",2,,,,{75},,,,,,,,,,,{23},
LN04615126,"A467,A468,A543",3,{43},,,{76},,,,,,,,,,,{23},
LN03270557,"A467,A468,A543",3,{44},,,{78},,,,,,,,,,,{23},
LN00010277,"A468,A543",2,,,,{77},,,,,,,,,,,{23},
LN04842448,"A468,A543",2,,,,{77},,,,,,,,,,,{23},
LN04705444,"A468,A473,A543",3,,,,{73},,,,{72},,,,,,,{23},
LN00224609,"A468,A473,A543",3,,,,{76},,,,{75},,,,,,,{23},
LN00219278,"A468,A473,A543",3,,,,{76},,,,{75},,,,,,,{23},
LN00195665,"A468,A543",2,,,,{80},,,,,,,,,,,{23},
LN05368635,"A468,A538,A543",3,,,,{75},,,,,,{81},,,,,{23},
LN03282423,"A468,A543",2,,,,{84},,,,,,,,,,,{23},
LN01365772,"A468,A473,A543",3,,,,{83},,,,{82},,,,,,,{23},
LN01815385,"A468,A543",2,,,,{77},,,,,,,,,,,{23},
LN00196001,"A468,A543",2,,,,{80},,,,,,,,,,,{23},
LN00170422,"A468,A543",2,,,,{76},,,,,,,,,,,{23},
LN00001278,"A468,A473,A543",3,,,,{74},,,,{73},,,,,,,{23},
LN02137728,"A468,A543",2,,,,{75},,,,,,,,,,,{23},
LN00171205,A543,1,,,,,,,,,,,,,,,{23},
LN04977345,"A468,A543",2,,,,{77},,,,,,,,,,,{23},
LN03268978,"A468,A543",2,,,,"{82, 83}",,,,,,,,,,,{23},
LN01867683,"A468,A543",2,,,,{79},,,,,,,,,,,{23},
LN04660525,"A467,A468,A543",3,{42},,,{79},,,,,,,,,,,{23},
LN03242739,"A468,A543",2,,,,{80},,,,,,,,,,,{23},
LN04974803,"A468,A543",2,,,,{86},,,,,,,,,,,{23},
LN01330340,"A468,A543",2,,,,{79},,,,,,,,,,,{23},
LN01368260,"A468,A473,A543",3,,,,{77},,,,{78},,,,,,,{23},
LN05681088,"A468,A543",2,,,,"{80, 77}",,,,,,,,,,,{23},
LN01805592,"A468,A543",2,,,,{81},,,,,,,,,,,{23},
LN00336946,"A468,A543",2,,,,{78},,,,,,,,,,,{23},
LN00335391,"A468,A543",2,,,,{79},,,,,,,,,,,{23},
LN05732134,"A468,A543",2,,,,"{81, 77}",,,,,,,,,,,{23},
LN00177188,"A468,A473,A543",3,,,,{74},,,,{75},,,,,,,{23},
LN01326573,"A468,A543",2,,,,{83},,,,,,,,,,,{23},
LN00188610,"A468,A473,A536,A543",4,,,,{76},,,,{77},,,{41},,,,{23},
LN05424617,"A468,A543",2,,,,{90},,,,,,,,,,,{23},
LN01366406,"A468,A473,A543",3,,,,{78},,,,{77},,,,,,,{23},
LN02008953,"A468,A543",2,,,,{80},,,,,,,,,,,{23},
LN06130016,"A468,A543",2,,,,{80},,,,,,,,,,,{23},
LN00186444,"A468,A543",2,,,,{79},,,,,,,,,,,{23},
LN05369659,"A468,A543",2,,,,{78},,,,,,,,,,,{23},
LN01266123,"A468,A543",2,,,,{75},,,,,,,,,,,{23},
LN00147796,"A468,A543",2,,,,"{81, 83}",,,,,,,,,,,{23},
LN01361776,"A468,A538,A543",3,,,,{79},,,,,,{78},,,,,{23},
LN02139171,"A468,A543",2,,,,{80},,,,,,,,,,,{23},
LN02170640,"A468,A543",2,,,,{82},,,,,,,,,,,{23},
LN04680134,"A468,A533,A543",3,,,,{74},,{76},,,,,,,,,{23},
LN00111725,"A468,A543",2,,,,{78},,,,,,,,,,,{23},
LN00235217,"A468,A543",2,,,,{79},,,,,,,,,,,{23},
LN02163092,"A468,A473,A543",3,,,,{76},,,,{77},,,,,,,{23},
LN00008459,"A468,A473,A543",3,,,,{75},,,,{74},,,,,,,{23},
LN05441807,"A468,A473,A543",3,,,,{76},,,,{77},,,,,,,{23},
LN01362398,"A468,A543",2,,,,{92},,,,,,,,,,,{23},
LN03249677,"A468,A473,A543",3,,,,{81},,,,{82},,,,,,,{23},
LN00002694,"A468,A543",2,,,,{75},,,,,,,,,,,{23},
LN01304901,"A468,A543",2,,,,{79},,,,,,,,,,,{23},
LN00005002,"A468,A543",2,,,,{74},,,,,,,,,,,{23},
LN00171645,"A468,A543",2,,,,{79},,,,,,,,,,,{23},
LN00004345,"A468,A543",2,,,,{80},,,,,,,,,,,{23},
LN00225201,"A468,A543",2,,,,{81},,,,,,,,,,,{23},
LN02150873,"A468,A543",2,,,,{76},,,,,,,,,,,{23},
LN05527412,"A468,A543",2,,,,{77},,,,,,,,,,,{23},
LN05448364,"A468,A473,A543",3,,,,{76},,,,{77},,,,,,,{23},
LN03285370,"A468,A543",2,,,,{82},,,,,,,,,,,{23},
LN00223674,"A468,A543",2,,,,{83},,,,,,,,,,,{23},
LN00172953,"A468,A473,A543",3,,,,{75},,,,{74},,,,,,,{23},
LN00200091,"A468,A538,A543",3,,,,{75},,,,,,{74},,,,,{23},
LN01317387,"A468,A473,A543",3,,,,{75},,,,{74},,,,,,,{23},
LN04597271,"A468,A543",2,,,,{86},,,,,,,,,,,{23},
LN00243126,"A468,A543",2,,,,{74},,,,,,,,,,,{23},
LN01358041,"A468,A543",2,,,,{74},,,,,,,,,,,{23},
LN04600720,"A468,A543",2,,,,"{77, 78}",,,,,,,,,,,{23},
LN02122594,"A468,A473,A543",3,,,,{75},,,,{76},,,,,,,{23},
LN05639157,"A468,A473,A543",3,,,,{79},,,,{78},,,,,,,{23},
LN00005745,"A468,A543",2,,,,{79},,,,,,,,,,,{23},
LN05354768,"A468,A473,A543",3,,,,{78},,,,{77},,,,,,,{23},
LN01813678,"A468,A543",2,,,,{83},,,,,,,,,,,{23},
LN01079513,"A468,A473,A543",3,,,,{72},,,,{71},,,,,,,{23},
LN00337169,"A468,A543",2,,,,{74},,,,,,,,,,,{23},
LN03274320,"A468,A538,A543",3,,,,{76},,,,,,{74},,,,,{23},
LN01995988,"A468,A543",2,,,,"{81, 84}",,,,,,,,,,,{23},
LN05439310,"A468,A543",2,,,,{79},,,,,,,,,,,{23},
LN05492840,"A468,A543",2,,,,{79},,,,,,,,,,,{23},
LN00175901,"A468,A543",2,,,,{79},,,,,,,,,,,{23},
LN03274141,"A468,A543",2,,,,{77},,,,,,,,,,,{23},
LN00117278,"A468,A543",2,,,,{78},,,,,,,,,,,{23},
LN03241639,"A468,A543",2,,,,"{78, 79}",,,,,,,,,,,{23},
LN00182331,"A468,A473,A543",3,,,,{73},,,,{72},,,,,,,{23},
LN01805550,"A468,A543",2,,,,{80},,,,,,,,,,,{23},
LN00180017,"A468,A543",2,,,,{79},,,,,,,,,,,{23},
LN05365835,"A468,A543",2,,,,{77},,,,,,,,,,,{23},
LN02138041,"A468,A543",2,,,,{78},,,,,,,,,,,{23},
LN00484740,"A468,A543",2,,,,"{80, 79}",,,,,,,,,,,{23},
LN01350339,"A468,A543",2,,,,{86},,,,,,,,,,,{23},
LN00157332,"A468,A473,A543",3,,,,{77},,,,{78},,,,,,,{23},
LN04604284,"A468,A543",2,,,,{82},,,,,,,,,,,{23},
LN02157366,"A467,A543",2,,{82},,,,,,,,,,,,,{23},
LN02191149,"A468,A543",2,,,,{78},,,,,,,,,,,{23},
LN00225041,"A468,A543",2,,,,{76},,,,,,,,,,,{23},
LN00245724,"A468,A543",2,,,,{81},,,,,,,,,,,{23},
LN05465357,"A468,A543",2,,,,{78},,,,,,,,,,,{23},
LN05465314,"A468,A543",2,,,,{80},,,,,,,,,,,{23},
LN02040236,"A468,A543",2,,,,{77},,,,,,,,,,,{23},
LN00182401,"A468,A543",2,,,,{75},,,,,,,,,,,{23},
LN05440485,"A468,A473,A543",3,,,,{77},,,,{78},,,,,,,{23},
LN03273722,"A468,A543",2,,,,{75},,,,,,,,,,,{23},
LN00009303,"A468,A543",2,,,,{78},,,,,,,,,,,{23},
LN02138253,"A468,A473,A543",3,,,,{76},,,,{75},,,,,,,{23},
LN01374199,A543,1,,,,,,,,,,,,,,,{23},
LN00335482,"A468,A538,A543",3,,,,{76},,,,,,{75},,,,,{23},
LN00183783,"A468,A543",2,,,,{76},,,,,,,,,,,{23},
LN00229685,"A468,A543",2,,,,{75},,,,,,,,,,,{23},
LN05425106,"A468,A543",2,,,,{81},,,,,,,,,,,{23},
LN01073205,"A468,A543",2,,,,{81},,,,,,,,,,,{23},
LN05447729,"A468,A543",2,,,,{78},,,,,,,,,,,{23},
LN03283022,"A468,A473,A543",3,,,,{82},,,,{83},,,,,,,{23},
LN01269917,"A468,A543",2,,,,{76},,,,,,,,,,,{23},
LN05681890,"A468,A473,A543",3,,,,{77},,,,{76},,,,,,,{23},
LN02161496,"A468,A543",2,,,,{77},,,,,,,,,,,{23},
LN02042930,"A468,A543",2,,,,{76},,,,,,,,,,,{23},
LN05430941,"A468,A543",2,,,,{82},,,,,,,,,,,{23},
LN05343430,"A468,A543",2,,,,{79},,,,,,,,,,,{23},
LN00336110,"A468,A473,A543",3,,,,{73},,,,{74},,,,,,,{23},
LN05427096,"A468,A538,A543",3,,,,{75},,,,,,{74},,,,,{23},
LN01816651,"A468,A543",2,,,,{75},,,,,,,,,,,{23},
LN01364992,"A468,A543",2,,,,{79},,,,,,,,,,,{23},
LN00003858,"A468,A538,A543",3,,,,{79},,,,,,{73},,,,,{23},
LN00216763,"A468,A543",2,,,,{75},,,,,,,,,,,{23},
LN00338687,"A468,A543",2,,,,{78},,,,,,,,,,,{23},
LN01374520,"A468,A543",2,,,,"{80, 81}",,,,,,,,,,,{23},
LN05373823,"A468,A543",2,,,,{79},,,,,,,,,,,{23},
LN04611587,"A468,A543",2,,,,{89},,,,,,,,,,,{23},
LN01361224,"A468,A473,A543",3,,,,{73},,,,{74},,,,,,,{23},
LN00004881,"A468,A543",2,,,,{78},,,,,,,,,,,{23},
LN01282058,"A468,A543",2,,,,{80},,,,,,,,,,,{23},
LN01319300,"A468,A543",2,,,,{77},,,,,,,,,,,{23},
LN04955387,"A468,A543",2,,,,{78},,,,,,,,,,,{23},
LN01361251,"A468,A538,A543",3,,,,{79},,,,,,{74},,,,,{23},
LN02168037,"A468,A543",2,,,,{79},,,,,,,,,,,{23},
LN05425280,"A468,A543",2,,,,{76},,,,,,,,,,,{23},
LN05427792,"A468,A473,A543",3,,,,{80},,,,{81},,,,,,,{23},
LN00335320,"A468,A543",2,,,,{77},,,,,,,,,,,{23},
LN01363726,"A468,A543",2,,,,{81},,,,,,,,,,,{23},
LN00119330,"A468,A543",2,,,,{81},,,,,,,,,,,{23},
LN02195191,"A468,A543",2,,,,{76},,,,,,,,,,,{23},
LN01316563,"A468,A543",2,,,,{81},,,,,,,,,,,{23},
LN00179877,"A468,A543",2,,,,"{76, 79}",,,,,,,,,,,{23},
LN01882796,"A468,A543",2,,,,{85},,,,,,,,,,,{23},
LN00337249,"A468,A543",2,,,,{75},,,,,,,,,,,{23},
LN01321630,"A468,A543",2,,,,{77},,,,,,,,,,,{23},
LN01796155,"A468,A543",2,,,,{79},,,,,,,,,,,{23},
LN00180876,"A467,A468,A543",3,{42},,,{77},,,,,,,,,,,{23},
LN01374660,"A468,A538,A543",3,,,,{77},,,,,,{76},,,,,{23},
LN05368505,"A468,A473,A543",3,,,,{75},,,,{74},,,,,,,{23},
LN02026215,"A468,A543",2,,,,{77},,,,,,,,,,,{23},
LN00159017,"A468,A543",2,,,,{81},,,,,,,,,,,{23},
LN05429763,"A468,A543",2,,,,{80},,,,,,,,,,,{23},
LN01373453,"A467,A468,A543",3,{43},,,{81},,,,,,,,,,,{23},
LN01357268,"A468,A543",2,,,,{77},,,,,,,,,,,{23},
LN01097699,"A468,A543",2,,,,{75},,,,,,,,,,,{23},
LN01368214,"A468,A543",2,,,,{82},,,,,,,,,,,{23},
LN04802288,"A468,A543",2,,,,{77},,,,,,,,,,,{23},
LN01367734,"A468,A543",2,,,,{79},,,,,,,,,,,{23},
LN05440827,"A468,A543",2,,,,{79},,,,,,,,,,,{23},
LN00244154,"A468,A543",2,,,,{80},,,,,,,,,,,{23},
LN00199324,"A468,A543",2,,,,{74},,,,,,,,,,,{23},
LN05447428,"A468,A543",2,,,,{89},,,,,,,,,,,{23},
LN02000717,"A468,A543",2,,,,{77},,,,,,,,,,,{23},
LN01868234,"A468,A543",2,,,,"{76, 79}",,,,,,,,,,,{23},
LN05654061,"A468,A543",2,,,,{84},,,,,,,,,,,{23},
LN02165036,"A468,A543",2,,,,{76},,,,,,,,,,,{23},
LN05447722,"A468,A543",2,,,,{74},,,,,,,,,,,{23},
LN01868024,"A468,A473,A543",3,,,,{74},,,,{75},,,,,,,{23},
LN02086328,"A468,A543",2,,,,{78},,,,,,,,,,,{23},
LN01361372,"A468,A473,A543",3,,,,{77},,,,{78},,,,,,,{23},
LN02027258,"A468,A543",2,,,,{80},,,,,,,,,,,{23},
LN00010795,"A468,A543",2,,,,{75},,,,,,,,,,,{23},
LN00185712,"A467,A468,A543",3,,{77},,{78},,,,,,,,,,,{23},
LN06469968,"A468,A543",2,,,,{77},,,,,,,,,,,{23},
LN00159307,"A468,A543",2,,,,{84},,,,,,,,,,,{23},
LN00233946,"A468,A543",2,,,,{81},,,,,,,,,,,{23},
LN04036658,"A468,A543",2,,,,{79},,,,,,,,,,,{23},
LN04743531,"A468,A543",2,,,,{78},,,,,,,,,,,{23},
LN03253218,"A468,A543",2,,,,{78},,,,,,,,,,,{23},
LN01800947,"A468,A543",2,,,,{79},,,,,,,,,,,{23},
LN00219785,"A467,A468,A543",3,{43},,,{77},,,,,,,,,,,{23},
LN01868326,"A468,A473,A543",3,,,,{77},,,,{76},,,,,,,{23},
LN01365325,"A468,A543",2,,,,{78},,,,,,,,,,,{23},
LN02128051,"A468,A473,A543",3,,,,{76},,,,{77},,,,,,,{23},
LN00170942,"A468,A473,A543",3,,,,{75},,,,{74},,,,,,,{23},
LN00262748,"A468,A543",2,,,,{77},,,,,,,,,,,{23},
LN05368679,"A468,A473,A543",3,,,,{75},,,,{76},,,,,,,{23},
LN02136923,"A468,A543",2,,,,{78},,,,,,,,,,,{23},
LN02145085,"A468,A473,A543",3,,,,{78},,,,{77},,,,,,,{23},
LN00335208,"A468,A543",2,,,,{79},,,,,,,,,,,{23},
LN00217917,"A468,A543",2,,,,{79},,,,,,,,,,,{23},
LN02010808,"A468,A473,A543",3,,,,{75},,,,{74},,,,,,,{23},
LN04998488,"A468,A543",2,,,,{75},,,,,,,,,,,{23},
LN01814190,"A468,A473,A543",3,,,,{76},,,,{77},,,,,,,{23},
LN05487490,"A468,A543",2,,,,{79},,,,,,,,,,,{23},
LN00166315,"A468,A543",2,,,,{83},,,,,,,,,,,{23},
LN01115810,"A468,A543",2,,,,{79},,,,,,,,,,,{23},
LN02194047,"A467,A468,A543",3,{40},,,{79},,,,,,,,,,,{23},
LN01364093,"A468,A543",2,,,,{81},,,,,,,,,,,{23},
LN04632231,"A467,A468,A543",3,{42},,,{85},,,,,,,,,,,{23},
LN00124661,"A468,A543",2,,,,{75},,,,,,,,,,,{23},
LN02001221,"A468,A543",2,,,,{80},,,,,,,,,,,{23},
LN05427982,"A468,A543",2,,,,{78},,,,,,,,,,,{23},
LN02170564,"A468,A543",2,,,,{80},,,,,,,,,,,{23},
LN04606914,"A468,A543",2,,,,{79},,,,,,,,,,,{23},
LN04664022,"A468,A543",2,,,,{86},,,,,,,,,,,{23},
LN03256520,"A468,A473,A543",3,,,,{76},,,,{75},,,,,,,{23},
LN02056127,"A468,A543",2,,,,{79},,,,,,,,,,,{23},
LN00177367,"A468,A473,A543",3,,,,{73},,,,{72},,,,,,,{23},
LN00003944,"A468,A543",2,,,,{78},,,,,,,,,,,{23},
LN05459269,"A468,A543",2,,,,{80},,,,,,,,,,,{23},
LN00159439,"A468,A543",2,,,,{78},,,,,,,,,,,{23},
LN05439399,"A468,A543",2,,,,{83},,,,,,,,,,,{23},
LN04850430,"A468,A543",2,,,,{78},,,,,,,,,,,{23},
LN00244211,"A468,A473,A543",3,,,,"{81, 84}",,,,{82},,,,,,,{23},
LN03274144,"A468,A543",2,,,,{79},,,,,,,,,,,{23},
LN02041744,"A468,A543",2,,,,{79},,,,,,,,,,,{23},
LN02169556,"A468,A543",2,,,,{79},,,,,,,,,,,{23},
LN04660864,"A468,A543",2,,,,{86},,,,,,,,,,,{23},
LN00004975,"A468,A543",2,,,,{79},,,,,,,,,,,{23},
LN01968126,"A468,A543",2,,,,{79},,,,,,,,,,,{23},
LN02193963,"A468,A543",2,,,,{82},,,,,,,,,,,{23},
LN06130232,"A468,A543",2,,,,{81},,,,,,,,,,,{23},
LN00008361,"A468,A543",2,,,,{83},,,,,,,,,,,{23},
LN00009806,"A468,A543",2,,,,{75},,,,,,,,,,,{23},
LN00116117,"A468,A543",2,,,,{81},,,,,,,,,,,{23},
LN05426407,"A468,A543",2,,,,{77},,,,,,,,,,,{23},
LN05683889,"A468,A543",2,,,,{75},,,,,,,,,,,{23},
LN00231134,"A468,A543",2,,,,{81},,,,,,,,,,,{23},
LN01808046,"A468,A473,A543",3,,,,{71},,,,{72},,,,,,,{23},
LN03256978,"A468,A543",2,,,,{73},,,,,,,,,,,{23},
LN05375384,"A468,A543",2,,,,{79},,,,,,,,,,,{23},
LN02033607,"A468,A543",2,,,,{86},,,,,,,,,,,{23},
LN05363257,"A468,A473,A543",3,,,,{80},,,,{81},,,,,,,{23},
LN05447739,"A468,A543",2,,,,{80},,,,,,,,,,,{23},
LN03251483,"A468,A473,A543",3,,,,{81},,,,{80},,,,,,,{23},
LN04977279,"A468,A543",2,,,,{83},,,,,,,,,,,{23},
LN02170254,"A468,A473,A543",3,,,,{72},,,,{73},,,,,,,{23},
LN05429187,"A468,A543",2,,,,{78},,,,,,,,,,,{23},
LN05375073,"A468,A543",2,,,,{72},,,,,,,,,,,{23},
LN00010895,"A468,A473,A543",3,,,,{72},,,,{73},,,,,,,{23},
LN00196344,"A468,A543",2,,,,{79},,,,,,,,,,,{23},
LN00191287,"A468,A543",2,,,,{79},,,,,,,,,,,{23},
LN03241842,"A468,A543",2,,,,{80},,,,,,,,,,,{23},
LN05458525,"A468,A543",2,,,,{82},,,,,,,,,,,{23},
LN04547923,"A468,A473,A543",3,,,,{85},,,,{86},,,,,,,{23},
LN03267344,"A468,A473,A543",3,,,,{75},,,,{76},,,,,,,{23},
LN05703793,"A468,A543",2,,,,{87},,,,,,,,,,,{23},
LN01372880,"A468,A543",2,,,,{79},,,,,,,,,,,{23},
LN04912045,"A468,A543",2,,,,{75},,,,,,,,,,,{23},
LN05429929,"A468,A538,A543",3,,,,{77},,,,,,{74},,,,,{23},
LN01867318,"A468,A473,A543",3,,,,{80},,,,{81},,,,,,,{23},
LN05439000,"A468,A538,A543",3,,,,{80},,,,,,{75},,,,,{23},
LN02660708,"A468,A543",2,,,,"{81, 78}",,,,,,,,,,,{23},
LN03242961,"A468,A543",2,,,,{79},,,,,,,,,,,{23},
LN03251137,"A468,A543",2,,,,{78},,,,,,,,,,,{23},
LN04640955,"A468,A543",2,,,,{80},,,,,,,,,,,{23},
LN00164725,"A468,A543",2,,,,{85},,,,,,,,,,,{23},
LN02141083,"A468,A543",2,,,,{81},,,,,,,,,,,{23},
LN05430013,"A468,A543",2,,,,{80},,,,,,,,,,,{23},
LN00159744,"A468,A543",2,,,,{78},,,,,,,,,,,{23},
LN06147919,"A468,A543",2,,,,{79},,,,,,,,,,,{23},
LN00163224,"A468,A543",2,,,,{73},,,,,,,,,,,{23},
LN05372976,"A468,A543",2,,,,{77},,,,,,,,,,,{23},
LN00181625,"A538,A543",2,,,,,,,,,,{73},,,,,{23},
LN00215067,"A468,A543",2,,,,{79},,,,,,,,,,,{23},
LN02043331,"A468,A543",2,,,,{81},,,,,,,,,,,{23},
LN00159694,"A468,A543",2,,,,{79},,,,,,,,,,,{23},
LN05380282,"A468,A543",2,,,,{81},,,,,,,,,,,{23},
LN01817100,"A468,A543",2,,,,{79},,,,,,,,,,,{23},
LN04611795,"A468,A543",2,,,,{79},,,,,,,,,,,{23},
LN04844194,"A468,A543",2,,,,{80},,,,,,,,,,,{23},
LN03243720,"A468,A543",2,,,,{76},,,,,,,,,,,{23},
LN05428456,"A468,A543",2,,,,{84},,,,,,,,,,,{23},
LN01238203,"A468,A543",2,,,,{79},,,,,,,,,,,{23},
LN00222031,"A468,A543",2,,,,{80},,,,,,,,,,,{23},
LN00188822,"A468,A543",2,,,,{82},,,,,,,,,,,{23},
LN03240896,"A468,A543",2,,,,{82},,,,,,,,,,,{23},
LN00407631,"A468,A473,A543",3,,,,{71},,,,{72},,,,,,,{23},
LN00291561,"A468,A543",2,,,,{77},,,,,,,,,,,{23},
LN00174602,A543,1,,,,,,,,,,,,,,,{23},
LN05459556,"A468,A543",2,,,,{75},,,,,,,,,,,{23},
LN00008119,"A468,A473,A543",3,,,,{78},,,,{77},,,,,,,{23},
LN00230907,"A468,A473,A543",3,,,,{75},,,,{74},,,,,,,{23},
LN02168037,"A468,A543",2,,,,{79},,,,,,,,,,,{23},
LN04534056,"A468,A543",2,,,,{78},,,,,,,,,,,{23},
LN01279476,"A468,A543",2,,,,{78},,,,,,,,,,,{23},
LN05630144,"A468,A543",2,,,,{82},,,,,,,,,,,{23},
LN05373594,"A468,A543",2,,,,{76},,,,,,,,,,,{23},
LN01374519,"A468,A543",2,,,,"{80, 79}",,,,,,,,,,,{23},
LN04977418,"A468,A473,A543",3,,,,{76},,,,{77},,,,,,,{23},
LN02011144,"A468,A473,A543",3,,,,{75},,,,{74},,,,,,,{23},
LN00390966,"A468,A473,A543",3,,,,{78},,,,{79},,,,,,,{23},
LN04835710,"A468,A473,A543",3,,,,{74},,,,{73},,,,,,,{23},
LN00204432,"A468,A473,A543",3,,,,{75},,,,{76},,,,,,,{23},
LN05427390,"A468,A543",2,,,,{78},,,,,,,,,,,{23},
LN02222959,"A468,A543",2,,,,{77},,,,,,,,,,,{23},
LN02158159,"A468,A473,A543",3,,,,{76},,,,{75},,,,,,,{23},
LN00001480,"A468,A543",2,,,,{79},,,,,,,,,,,{23},
LN04737414,"A468,A473,A543",3,,,,{80},,,,{81},,,,,,,{23},
LN00003632,"A468,A543",2,,,,{78},,,,,,,,,,,{23},
LN02189233,"A468,A543",2,,,,{78},,,,,,,,,,,{23},
LN03243834,"A468,A543",2,,,,"{80, 78}",,,,,,,,,,,{23},
LN05365173,"A468,A543",2,,,,{79},,,,,,,,,,,{23},
LN05491244,"A468,A543",2,,,,{79},,,,,,,,,,,{23},
LN04970825,"A467,A468,A543",3,{43},,,{80},,,,,,,,,,,{23},
LN03267937,"A468,A543",2,,,,{86},,,,,,,,,,,{23},
LN05367699,"A468,A543",2,,,,{77},,,,,,,,,,,{23},
LN00817193,"A468,A543",2,,,,{84},,,,,,,,,,,{23},
LN01366503,"A468,A473,A543",3,,,,{76},,,,{77},,,,,,,{23},
LN00146781,"A538,A543",2,,,,,,,,,,{74},,,,,{23},
LN01867917,"A468,A473,A543",3,,,,{75},,,,{76},,,,,,,{23},
LN00337073,"A468,A543",2,,,,{84},,,,,,,,,,,{23},
LN00126393,"A467,A468,A543",3,{42},,,{82},,,,,,,,,,,{23},
LN01589631,"A468,A543",2,,,,{83},,,,,,,,,,,{23},
LN04754789,"A468,A536,A543",3,,,,{75},,,,,,,{41},,,,{23},
LN00141007,"A468,A536,A543",3,,,,{90},,,,,,,{46},,,,{23},
LN00004040,"A468,A543",2,,,,{76},,,,,,,,,,,{23},
LN00117285,"A468,A543",2,,,,{78},,,,,,,,,,,{23},
LN00305200,"A468,A543",2,,,,{78},,,,,,,,,,,{23},
LN05324952,"A468,A473,A543",3,,,,{75},,,,{74},,,,,,,{23},
LN02185277,"A468,A543",2,,,,{80},,,,,,,,,,,{23},
LN02138186,"A468,A543",2,,,,{75},,,,,,,,,,,{23},
LN00181412,"A468,A473,A543",3,,,,{78},,,,{79},,,,,,,{23},
LN03239827,"A468,A543",2,,,,{82},,,,,,,,,,,{23},
LN05688737,"A468,A543",2,,,,{83},,,,,,,,,,,{23},
LN01319473,"A468,A543",2,,,,{82},,,,,,,,,,,{23},
LN02661150,"A468,A473,A536,A543",4,,,,{76},,,,{75},,,{41},,,,{23},
LN05471721,"A468,A543",2,,,,{78},,,,,,,,,,,{23},
LN00003999,"A468,A543",2,,,,{79},,,,,,,,,,,{23},
LN00213310,"A468,A536,A543",3,,,,{77},,,,,,,{45},,,,{23},
LN01477306,"A468,A543",2,,,,{78},,,,,,,,,,,{23},
LN04672865,"A468,A543",2,,,,{76},,,,,,,,,,,{23},
LN04744760,"A468,A543",2,,,,{81},,,,,,,,,,,{23},
LN05378812,"A468,A473,A543",3,,,,{82},,,,{81},,,,,,,{23},
LN00174213,"A468,A543",2,,,,{78},,,,,,,,,,,{23},
LN00188430,"A468,A543",2,,,,{85},,,,,,,,,,,{23},
LN06464552,"A468,A543",2,,,,{80},,,,,,,,,,,{23},
LN00284985,"A468,A543",2,,,,{84},,,,,,,,,,,{23},
LN04918650,"A468,A543",2,,,,{79},,,,,,,,,,,{23},
LN00152873,"A468,A543",2,,,,{76},,,,,,,,,,,{23},
LN04837582,"A467,A468,A543",3,,{76},,{78},,,,,,,,,,,{23},
LN05430021,"A468,A543",2,,,,{83},,,,,,,,,,,{23},
LN05729407,"A468,A543",2,,,,{77},,,,,,,,,,,{23},
LN01363891,"A468,A473,A543",3,,,,{73},,,,{72},,,,,,,{23},
LN02173236,"A468,A473,A543",3,,,,{80},,,,{79},,,,,,,{23},
LN00175924,"A468,A538,A543",3,,,,{76},,,,,,{74},,,,,{23},
LN00223786,"A468,A473,A543",3,,,,{77},,,,{78},,,,,,,{23},
LN00338064,"A468,A543",2,,,,{76},,,,,,,,,,,{23},
LN00173503,"A468,A543",2,,,,{77},,,,,,,,,,,{23},
LN01358627,"A468,A543",2,,,,{78},,,,,,,,,,,{23},
LN00239901,"A468,A473,A543",3,,,,{74},,,,{73},,,,,,,{23},
LN02187837,"A468,A543",2,,,,{79},,,,,,,,,,,{23},
LN00116427,"A468,A543",2,,,,"{80, 78}",,,,,,,,,,,{23},
LN04532750,"A468,A543",2,,,,{79},,,,,,,,,,,{23},
LN01311393,"A468,A543",2,,,,{83},,,,,,,,,,,{23},
LN01929106,"A468,A543",2,,,,{80},,,,,,,,,,,{23},
LN01999316,"A468,A543",2,,,,{75},,,,,,,,,,,{23},
LN04602147,"A468,A543",2,,,,{78},,,,,,,,,,,{23},
LN00006874,"A468,A543",2,,,,{80},,,,,,,,,,,{23},
LN00174790,"A468,A543",2,,,,{78},,,,,,,,,,,{23},
LN05441530,"A468,A543",2,,,,{76},,,,,,,,,,,{23},
LN00158428,"A468,A543",2,,,,{77},,,,,,,,,,,{23},
LN05441016,"A468,A543",2,,,,{76},,,,,,,,,,,{23},
LN04848196,"A468,A543",2,,,,{77},,,,,,,,,,,{23},
LN00004524,"A468,A543",2,,,,{74},,,,,,,,,,,{23},
LN04062237,"A467,A468,A543",3,{43},,,{84},,,,,,,,,,,{23},
LN02158371,"A468,A473,A543",3,,,,{73},,,,{72},,,,,,,{23},
LN00310506,"A468,A543",2,,,,{80},,,,,,,,,,,{23},
LN01316681,"A468,A543",2,,,,{75},,,,,,,,,,,{23},
LN05458915,"A468,A473,A543",3,,,,{77},,,,{78},,,,,,,{23},
LN00269517,"A468,A473,A543",3,,,,{81},,,,{82},,,,,,,{23},
LN01373132,"A468,A543",2,,,,{78},,,,,,,,,,,{23},
LN02188456,"A468,A543",2,,,,{79},,,,,,,,,,,{23},
LN00135266,"A468,A543",2,,,,{79},,,,,,,,,,,{23},
LN02191064,"A468,A543",2,,,,{76},,,,,,,,,,,{23},
LN04834338,"A468,A473,A543",3,,,,{75},,,,{76},,,,,,,{23},
LN06464645,"A468,A543",2,,,,{77},,,,,,,,,,,{23},
LN02189221,"A538,A543",2,,,,,,,,,,{74},,,,,{23},
LN00246917,"A468,A473,A543",3,,,,{77},,,,{76},,,,,,,{23},
LN00236035,"A468,A543",2,,,,{80},,,,,,,,,,,{23},
LN00150898,"A468,A543",2,,,,{75},,,,,,,,,,,{23},
LN00213302,"A468,A543",2,,,,{78},,,,,,,,,,,{23},
LN02122427,"A468,A543",2,,,,{81},,,,,,,,,,,{23},
LN00196119,"A468,A543",2,,,,{81},,,,,,,,,,,{23},
LN00338281,"A468,A473,A543",3,,,,{76},,,,{77},,,,,,,{23},
LN02040990,"A468,A543",2,,,,{81},,,,,,,,,,,{23},
LN00338102,"A468,A473,A543",3,,,,{75},,,,{76},,,,,,,{23},
LN05449062,"A468,A543",2,,,,{74},,,,,,,,,,,{23},
LN05428117,"A468,A543",2,,,,{82},,,,,,,,,,,{23},
LN02039505,"A468,A543",2,,,,{74},,,,,,,,,,,{23},
LN00146333,"A468,A543",2,,,,{75},,,,,,,,,,,{23},
LN05731459,"A468,A543",2,,,,{74},,,,,,,,,,,{23},
LN02039656,"A468,A543",2,,,,{79},,,,,,,,,,,{23},
LN01740947,"A468,A543",2,,,,{81},,,,,,,,,,,{23},
LN05373030,"A468,A543",2,,,,{75},,,,,,,,,,,{23},
LN05438536,"A468,A543",2,,,,{78},,,,,,,,,,,{23},
LN05000393,"A468,A543",2,,,,{77},,,,,,,,,,,{23},
LN04999223,"A468,A473,A543",3,,,,{75},,,,{74},,,,,,,{23},
LN05561704,"A468,A543",2,,,,{76},,,,,,,,,,,{23},
LN01103440,"A468,A543",2,,,,{77},,,,,,,,,,,{23},
LN02175433,"A468,A543",2,,,,"{75, 78}",,,,,,,,,,,{23},
LN00204203,"A468,A473,A543",3,,,,{75},,,,{74},,,,,,,{23},
LN00201575,"A468,A543",2,,,,{75},,,,,,,,,,,{23},
LN02061207,"A468,A543",2,,,,{80},,,,,,,,,,,{23},
LN05426103,"A468,A543",2,,,,"{84, 85}",,,,,,,,,,,{23},
LN01365401,"A468,A543",2,,,,{74},,,,,,,,,,,{23},
LN04725506,"A468,A473,A543",3,,,,{76},,,,{75},,,,,,,{23},
LN00213931,"A468,A536,A543",3,,,,{75},,,,,,,{42},,,,{23},
LN04907644,"A468,A473,A543",3,,,,{76},,,,{77},,,,,,,{23},
LN00173191,"A468,A543",2,,,,{80},,,,,,,,,,,{23},
LN04802325,A543,1,,,,,,,,,,,,,,,{23},
LN05465403,"A468,A543",2,,,,{76},,,,,,,,,,,{23},
LN04834446,"A468,A473,A543",3,,,,{75},,,,{74},,,,,,,{23},
LN01248628,"A468,A543",2,,,,{80},,,,,,,,,,,{23},
LN04875147,"A468,A543",2,,,,"{77, 79}",,,,,,,,,,,{23},
LN04842126,"A467,A468,A543",3,{42},,,{78},,,,,,,,,,,{23},
LN02123373,"A468,A473,A543",3,,,,{74},,,,{73},,,,,,,{23},
LN01318452,"A468,A473,A543",3,,,,{75},,,,{74},,,,,,,{23},
LN00183749,"A468,A543",2,,,,{77},,,,,,,,,,,{23},
LN04772953,"A468,A543",2,,,,{75},,,,,,,,,,,{23},
LN00167685,"A468,A543",2,,,,{75},,,,,,,,,,,{23},
LN05341980,"A468,A543",2,,,,{76},,,,,,,,,,,{23},
LN05430199,"A467,A468,A543",3,{42},,,{80},,,,,,,,,,,{23},
LN00242415,"A468,A543",2,,,,{77},,,,,,,,,,,{23},
LN05448316,"A468,A543",2,,,,{74},,,,,,,,,,,{23},
LN00223061,"A468,A543",2,,,,{78},,,,,,,,,,,{23},
LN04840615,"A468,A543",2,,,,"{81, 84}",,,,,,,,,,,{23},
LN03256984,"A468,A543",2,,,,{79},,,,,,,,,,,{23},
LN00111142,"A468,A543",2,,,,{78},,,,,,,,,,,{23},
LN06117377,"A468,A543",2,,,,{79},,,,,,,,,,,{23},
LN01374666,"A468,A543",2,,,,{83},,,,,,,,,,,{23},
LN00124135,"A468,A543",2,,,,{85},,,,,,,,,,,{23},
LN00216294,"A468,A473,A543",3,,,,{75},,,,{74},,,,,,,{23},
LN05333592,"A468,A473,A543",3,,,,{77},,,,{76},,,,,,,{23},
LN01477585,"A468,A543",2,,,,{80},,,,,,,,,,,{23},
LN02165060,"A468,A543",2,,,,{79},,,,,,,,,,,{23},
LN05525417,"A468,A543",2,,,,{78},,,,,,,,,,,{23},
LN00169814,"A468,A543",2,,,,{76},,,,,,,,,,,{23},
LN00184751,"A467,A468,A543",3,{42},,,{78},,,,,,,,,,,{23},
LN00008045,"A468,A473,A543",3,,,,{73},,,,{74},,,,,,,{23},
LN02154307,"A468,A543",2,,,,{80},,,,,,,,,,,{23},
LN00173724,"A468,A543",2,,,,{83},,,,,,,,,,,{23},
LN02169327,"A467,A538,A543",3,,{78},,,,,,,,{75},,,,,{23},
LN00115026,"A468,A543",2,,,,{78},,,,,,,,,,,{23},
LN01359738,"A468,A543",2,,,,{76},,,,,,,,,,,{23},
LN00320833,"A468,A543",2,,,,{77},,,,,,,,,,,{23},
LN04651542,"A468,A473,A543",3,,,,{79},,,,{78},,,,,,,{23},
LN04909227,"A468,A473,A543",3,,,,{79},,,,{78},,,,,,,{23},
LN05522384,"A468,A473,A543",3,,,,{77},,,,{76},,,,,,,{23},
LN06116596,"A468,A543",2,,,,{79},,,,,,,,,,,{23},
LN02192329,"A468,A473,A543",3,,,,{74},,,,{75},,,,,,,{23},
LN03252463,"A468,A543",2,,,,{75},,,,,,,,,,,{23},
LN02152790,"A468,A543",2,,,,{80},,,,,,,,,,,{23},
LN03249611,"A468,A543",2,,,,{75},,,,,,,,,,,{23},
LN05526720,"A468,A543",2,,,,{78},,,,,,,,,,,{23},
LN04955902,"A468,A543",2,,,,{79},,,,,,,,,,,{23},
LN01803453,"A468,A543",2,,,,{78},,,,,,,,,,,{23},
LN00218591,"A468,A473,A543",3,,,,{71},,,,{72},,,,,,,{23},
LN04698371,"A468,A543",2,,,,{74},,,,,,,,,,,{23},
LN02222999,"A468,A543",2,,,,{84},,,,,,,,,,,{23},
LN02192435,"A468,A543",2,,,,{78},,,,,,,,,,,{23},
LN04823245,"A468,A538,A543",3,,,,{76},,,,,,{75},,,,,{23},
LN02040264,"A467,A468,A543",3,,{78},,{78},,,,,,,,,,,{23},
LN00244727,"A468,A543",2,,,,{77},,,,,,,,,,,{23},
LN04027845,"A468,A543",2,,,,{82},,,,,,,,,,,{23},
LN05698790,"A468,A543",2,,,,{79},,,,,,,,,,,{23},
LN01326488,"A468,A473,A536,A543",4,,,,{80},,,,{79},,,{42},,,,{23},
LN04686506,"A468,A543",2,,,,{80},,,,,,,,,,,{23},
LN05427518,"A468,A473,A543",3,,,,{72},,,,{73},,,,,,,{23},
LN00181970,"A468,A543",2,,,,{74},,,,,,,,,,,{23},
LN02224065,"A468,A543",2,,,,{79},,,,,,,,,,,{23},
LN05357714,"A468,A543",2,,,,{79},,,,,,,,,,,{23},
LN04540112,"A468,A543",2,,,,{81},,,,,,,,,,,{23},
LN05346926,"A468,A543",2,,,,{79},,,,,,,,,,,{23},
LN00197813,"A468,A543",2,,,,{80},,,,,,,,,,,{23},
LN03203774,"A468,A543",2,,,,{77},,,,,,,,,,,{23},
LN02136458,"A468,A543",2,,,,{78},,,,,,,,,,,{23},
LN00198988,"A468,A543",2,,,,{76},,,,,,,,,,,{23},
LN01868164,"A468,A543",2,,,,{77},,,,,,,,,,,{23},
LN00004944,"A468,A543",2,,,,{88},,,,,,,,,,,{23},
LN04700524,"A468,A543",2,,,,{84},,,,,,,,,,,{23},
LN05441171,"A468,A473,A543",3,,,,{79},,,,{78},,,,,,,{23},
LN04836119,"A468,A538,A543",3,,,,{81},,,,,,{80},,,,,{23},
LN00203732,"A468,A543",2,,,,{80},,,,,,,,,,,{23},
LN02000067,"A468,A543",2,,,,{80},,,,,,,,,,,{23},
LN05824983,"A468,A543",2,,,,{77},,,,,,,,,,,{23},
LN02192040,"A468,A543",2,,,,"{78, 79}",,,,,,,,,,,{23},
LN00336483,"A468,A543",2,,,,{80},,,,,,,,,,,{23},
LN04834690,"A468,A543",2,,,,{81},,,,,,,,,,,{23},
LN01276921,"A468,A543",2,,,,{76},,,,,,,,,,,{23},
LN05373585,"A468,A543",2,,,,{85},,,,,,,,,,,{23},
LN01367150,"A468,A473,A543",3,,,,{75},,,,{74},,,,,,,{23},
LN05374431,"A468,A473,A538,A543",4,,,,{82},,,,{80},,{79},,,,,{23},
LN03240362,"A468,A473,A543",3,,,,{77},,,,{76},,,,,,,{23},
LN03248792,"A468,A543",2,,,,{80},,,,,,,,,,,{23},
LN00146472,"A468,A473,A543",3,,,,{74},,,,{75},,,,,,,{23},
LN05427572,"A468,A536,A543",3,,,,{80},,,,,,,{45},,,,{23},
LN00172701,"A468,A543",2,,,,{81},,,,,,,,,,,{23},
LN00171527,"A468,A473,A543",3,,,,{74},,,,{73},,,,,,,{23},
LN01273554,"A467,A468,A543",3,{44},,,{80},,,,,,,,,,,{23},
LN00219313,"A468,A473,A543",3,,,,{80},,,,{79},,,,,,,{23},
LN00153068,"A468,A543",2,,,,{90},,,,,,,,,,,{23},
LN01374644,"A468,A543",2,,,,{81},,,,,,,,,,,{23},
LN00001771,"A468,A473,A543",3,,,,{85},,,,{86},,,,,,,{23},
LN02038999,"A468,A543",2,,,,{79},,,,,,,,,,,{23},
LN01320392,"A468,A543",2,,,,{78},,,,,,,,,,,{23},
LN03299611,"A468,A543",2,,,,{76},,,,,,,,,,,{23},
LN03276889,"A468,A543",2,,,,{79},,,,,,,,,,,{23},
LN04907926,"A468,A473,A543",3,,,,{75},,,,{73},,,,,,,{23},
LN00139921,"A468,A543",2,,,,{77},,,,,,,,,,,{23},
LN02038353,"A468,A543",2,,,,{80},,,,,,,,,,,{23},
LN00216305,"A468,A543",2,,,,{77},,,,,,,,,,,{23},
LN01103087,"A468,A473,A543",3,,,,{76},,,,{77},,,,,,,{23},
LN00220571,"A468,A543",2,,,,{75},,,,,,,,,,,{23},
LN02150623,"A468,A543",2,,,,{78},,,,,,,,,,,{23},
LN04913772,"A468,A543",2,,,,{83},,,,,,,,,,,{23},
LN00174796,"A468,A543",2,,,,{79},,,,,,,,,,,{23},
LN04819747,"A468,A543",2,,,,{76},,,,,,,,,,,{23},
LN05437801,"A468,A543",2,,,,{80},,,,,,,,,,,{23},
LN04552352,"A468,A543",2,,,,{89},,,,,,,,,,,{23},
LN04802903,"A468,A473,A543",3,,,,{76},,,,{75},,,,,,,{23},
LN05373433,"A468,A543",2,,,,{79},,,,,,,,,,,{23},
LN05448487,"A468,A543",2,,,,{78},,,,,,,,,,,{23},
LN03265602,"A468,A538,A543",3,,,,{77},,,,,,{72},,,,,{23},
LN05366709,"A468,A543",2,,,,{79},,,,,,,,,,,{23},
LN00219857,"A468,A543",2,,,,{80},,,,,,,,,,,{23},
LN00008481,"A468,A543",2,,,,{74},,,,,,,,,,,{23},
LN02138189,"A468,A543",2,,,,{77},,,,,,,,,,,{23},
LN00190550,"A468,A543",2,,,,{81},,,,,,,,,,,{23},
LN05340303,"A468,A543",2,,,,{78},,,,,,,,,,,{23},
LN00158596,"A468,A543",2,,,,{75},,,,,,,,,,,{23},
LN00168877,"A468,A473,A543",3,,,,{73},,,,{74},,,,,,,{23},
LN04533873,"A468,A543",2,,,,{81},,,,,,,,,,,{23},
LN04755129,"A468,A543",2,,,,{74},,,,,,,,,,,{23},
LN05438617,"A467,A536,A543",3,,{79},,,,,,,,,{46},,,,{23},
LN04985556,"A468,A543",2,,,,{77},,,,,,,,,,,{23},
LN05441854,"A468,A543",2,,,,{77},,,,,,,,,,,{23},
LN06134070,"A468,A543",2,,,,{86},,,,,,,,,,,{23},
LN04612745,"A468,A543",2,,,,{77},,,,,,,,,,,{23},
LN03274334,"A468,A543",2,,,,{78},,,,,,,,,,,{23},
LN00174259,"A468,A543",2,,,,{74},,,,,,,,,,,{23},
LN01269424,"A468,A543",2,,,,{81},,,,,,,,,,,{23},
LN02000300,"A468,A543",2,,,,{83},,,,,,,,,,,{23},
LN01367011,"A468,A543",2,,,,{81},,,,,,,,,,,{23},
LN01815934,"A468,A543",2,,,,{78},,,,,,,,,,,{23},
LN04998891,"A468,A543",2,,,,{83},,,,,,,,,,,{23},
LN04848133,"A468,A543",2,,,,{74},,,,,,,,,,,{23},
LN02123523,"A468,A543",2,,,,{76},,,,,,,,,,,{23},
LN02180043,"A468,A543",2,,,,{82},,,,,,,,,,,{23},
LN00173220,"A468,A543",2,,,,{81},,,,,,,,,,,{23},
LN00119835,"A468,A543",2,,,,{77},,,,,,,,,,,{23},
LN00161692,"A468,A543",2,,,,{79},,,,,,,,,,,{23},
LN00158164,"A468,A543",2,,,,{74},,,,,,,,,,,{23},
LN00169292,"A468,A543",2,,,,{80},,,,,,,,,,,{23},
LN02122425,"A468,A543",2,,,,{75},,,,,,,,,,,{23},
LN06310204,"A468,A543",2,,,,{81},,,,,,,,,,,{23},
LN00183837,"A468,A543",2,,,,{71},,,,,,,,,,,{23},
LN05438494,"A467,A468,A543",3,{41},,,{79},,,,,,,,,,,{23},
LN02177450,"A468,A543",2,,,,{79},,,,,,,,,,,{23},
LN01245120,"A468,A543",2,,,,{87},,,,,,,,,,,{23},
LN00117326,"A468,A543",2,,,,{78},,,,,,,,,,,{23},
LN04600726,"A468,A543",2,,,,{77},,,,,,,,,,,{23},
LN02171074,"A467,A468,A543",3,,{78},,"{77, 79}",,,,,,,,,,,{23},
LN01816100,"A468,A473,A543",3,,,,{77},,,,{76},,,,,,,{23},
LN00150960,"A468,A543",2,,,,{77},,,,,,,,,,,{23},
LN00129380,"A468,A543",2,,,,{77},,,,,,,,,,,{23},
LN01807039,"A468,A543",2,,,,{80},,,,,,,,,,,{23},
LN00003995,"A468,A543",2,,,,{80},,,,,,,,,,,{23},
LN00135239,"A468,A543",2,,,,{77},,,,,,,,,,,{23},
LN02052154,"A468,A543",2,,,,{81},,,,,,,,,,,{23},
LN02041911,"A468,A473,A543",3,,,,{77},,,,"{74, 76}",,,,,,,{23},
LN00330793,"A468,A543",2,,,,{81},,,,,,,,,,,{23},
LN00173033,"A468,A543",2,,,,{77},,,,,,,,,,,{23},
LN02154301,"A468,A543",2,,,,{77},,,,,,,,,,,{23},
LN05690813,A543,1,,,,,,,,,,,,,,,{23},
LN05427987,"A468,A543",2,,,,{75},,,,,,,,,,,{23},
LN02129180,"A468,A473,A543",3,,,,{77},,,,{76},,,,,,,{23},
LN00214810,"A468,A543",2,,,,{75},,,,,,,,,,,{23},
LN00243799,"A468,A536,A543",3,,,,{77},,,,,,,{45},,,,{23},
LN00217958,"A467,A543",2,,{80},,,,,,,,,,,,,{23},
LN00174535,"A468,A543",2,,,,{79},,,,,,,,,,,{23},
LN01345639,"A468,A543",2,,,,{79},,,,,,,,,,,{23},
LN00188875,"A467,A468,A543",3,{44},,,"{81, 84}",,,,,,,,,,,{23},
LN00213291,"A468,A543",2,,,,{75},,,,,,,,,,,{23},
LN05428178,"A468,A536,A543",3,,,,{81},,,,,,,{45},,,,{23},
LN05522724,"A468,A543",2,,,,{74},,,,,,,,,,,{23},
LN01352375,"A468,A543",2,,,,{74},,,,,,,,,,,{23},
LN01372826,"A468,A543",2,,,,{80},,,,,,,,,,,{23},
LN00167654,"A468,A543",2,,,,{89},,,,,,,,,,,{23},
LN04841917,"A468,A543",2,,,,{78},,,,,,,,,,,{23},
LN00002373,"A468,A543",2,,,,{75},,,,,,,,,,,{23},
LN02661349,"A468,A543",2,,,,{77},,,,,,,,,,,{23},
LN04553091,"A468,A543",2,,,,{78},,,,,,,,,,,{23},
LN00146648,"A468,A543",2,,,,{78},,,,,,,,,,,{23},
LN00158807,"A468,A543",2,,,,{77},,,,,,,,,,,{23},
LN01272132,"A468,A543",2,,,,{79},,,,,,,,,,,{23},
LN02175294,"A468,A543",2,,,,{82},,,,,,,,,,,{23},
LN02123819,"A468,A543",2,,,,{78},,,,,,,,,,,{23},
LN01367481,"A468,A543",2,,,,{83},,,,,,,,,,,{23},
LN05448757,"A467,A468,A543",3,{42},,,{77},,,,,,,,,,,{23},
LN02027179,"A468,A543",2,,,,{80},,,,,,,,,,,{23},
LN00118010,"A468,A538,A543",3,,,,{75},,,,,,{73},,,,,{23},
LN04951638,"A468,A473,A543",3,,,,{77},,,,{80},,,,,,,{23},
LN00169911,"A468,A543",2,,,,{77},,,,,,,,,,,{23},
LN01995782,"A468,A543",2,,,,{83},,,,,,,,,,,{23},
LN02174830,"A468,A543",2,,,,{84},,,,,,,,,,,{23},
LN00337055,"A468,A543",2,,,,{72},,,,,,,,,,,{23},
LN02012682,"A467,A468,A543",3,{41},,,{83},,,,,,,,,,,{23},
LN04594494,"A468,A543",2,,,,{78},,,,,,,,,,,{23},
LN00005201,"A468,A543",2,,,,{90},,,,,,,,,,,{23},
LN02210550,"A468,A543",2,,,,{83},,,,,,,,,,,{23},
LN04629359,"A467,A543",2,,{78},,,,,,,,,,,,,{23},
LN03273864,"A468,A543",2,,,,{77},,,,,,,,,,,{23},
LN02023513,"A468,A543",2,,,,{82},,,,,,,,,,,{23},
LN00160261,"A468,A543",2,,,,{80},,,,,,,,,,,{23},
LN05360163,"A467,A468,A543",3,,{80},,{80},,,,,,,,,,,{23},
LN04667596,"A468,A473,A543",3,,,,{83},,,,{82},,,,,,,{23},
LN05488144,"A468,A543",2,,,,{83},,,,,,,,,,,{23},
LN05374203,"A468,A543",2,,,,{80},,,,,,,,,,,{23},
LN04842472,"A468,A543",2,,,,{79},,,,,,,,,,,{23},
LN00232266,"A468,A543",2,,,,{80},,,,,,,,,,,{23},
LN02188011,"A468,A543",2,,,,{79},,,,,,,,,,,{23},
LN01358600,"A468,A473,A536,A543",4,,,,{75},,,,{76},,,{44},,,,{23},
LN05447521,"A468,A543",2,,,,{83},,,,,,,,,,,{23},
LN00159951,A543,1,,,,,,,,,,,,,,,{23},
LN00277945,"A468,A543",2,,,,{80},,,,,,,,,,,{23},
LN04613323,"A468,A543",2,,,,{77},,,,,,,,,,,{23},
LN01077516,"A468,A473,A543",3,,,,{77},,,,{78},,,,,,,{23},
LN05458796,"A468,A543",2,,,,{79},,,,,,,,,,,{23},
LN00335146,"A468,A543",2,,,,{77},,,,,,,,,,,{23},
LN00287857,"A468,A543",2,,,,{78},,,,,,,,,,,{23},
LN05458097,"A468,A543",2,,,,{83},,,,,,,,,,,{23},
LN05430958,"A468,A543",2,,,,{81},,,,,,,,,,,{23},
LN00174238,"A468,A543",2,,,,{78},,,,,,,,,,,{23},
LN02192101,"A467,A536,A543",3,,{78},,,,,,,,,{41},,,,{23},
LN00362138,"A468,A473,A543",3,,,,{77},,,,{76},,,,,,,{23},
LN05728958,"A468,A543",2,,,,{79},,,,,,,,,,,{23},
LN01327086,"A468,A543",2,,,,{83},,,,,,,,,,,{23},
LN04604457,"A468,A543",2,,,,{79},,,,,,,,,,,{23},
LN00334987,"A468,A543",2,,,,{74},,,,,,,,,,,{23},
LN02154964,"A467,A543",2,,{78},,,,,,,,,,,,,{23},
LN02021865,"A468,A543",2,,,,{81},,,,,,,,,,,{23},
LN02187211,"A468,A543",2,,,,{80},,,,,,,,,,,{23},
LN05585357,"A468,A543",2,,,,{79},,,,,,,,,,,{23},
LN05447496,"A468,A473,A543",3,,,,{74},,,,{75},,,,,,,{23},
LN02185641,"A468,A473,A543",3,,,,{84},,,,{83},,,,,,,{23},
LN00001704,"A468,A543",2,,,,{81},,,,,,,,,,,{23},
LN03258888,"A468,A543",2,,,,{81},,,,,,,,,,,{23},
LN01344000,"A468,A543",2,,,,{80},,,,,,,,,,,{23},
LN01368530,"A468,A543",2,,,,{82},,,,,,,,,,,{23},
LN05336443,"A468,A543",2,,,,{80},,,,,,,,,,,{23},
LN00002102,"A468,A543",2,,,,{79},,,,,,,,,,,{23},
LN00197185,"A468,A543",2,,,,{78},,,,,,,,,,,{23},
LN02012240,"A468,A536,A543",3,,,,{77},,,,,,,{45},,,,{23},
LN05340341,"A468,A538,A543",3,,,,{78},,,,,,{76},,,,,{23},
LN01350042,"A468,A543",2,,,,{82},,,,,,,,,,,{23},
LN00190447,"A468,A543",2,,,,{70},,,,,,,,,,,{23},
LN02187214,"A468,A473,A543",3,,,,{79},,,,{78},,,,,,,{23},
LN05439165,"A468,A473,A543",3,,,,{76},,,,{77},,,,,,,{23},
LN00326444,"A468,A533,A543",3,,,,{76},,{75},,,,,,,,,{23},
LN00163904,"A468,A543",2,,,,{75},,,,,,,,,,,{23},
LN04614013,"A468,A543",2,,,,{75},,,,,,,,,,,{23},
LN05444872,"A468,A543",2,,,,{75},,,,,,,,,,,{23},
LN00001530,"A468,A543",2,,,,{78},,,,,,,,,,,{23},
LN02170461,"A468,A543",2,,,,{75},,,,,,,,,,,{23},
LN03247521,"A468,A543",2,,,,{80},,,,,,,,,,,{23},
LN02173168,"A468,A543",2,,,,{77},,,,,,,,,,,{23},
LN05334862,"A468,A543",2,,,,{78},,,,,,,,,,,{23},
LN01814092,"A468,A538,A543",3,,,,{76},,,,,,{73},,,,,{23},
LN05360967,"A468,A538,A543",3,,,,{76},,,,,,{75},,,,,{23},
LN00010899,"A468,A543",2,,,,{74},,,,,,,,,,,{23},
LN04594264,"A468,A543",2,,,,{79},,,,,,,,,,,{23},
LN04841922,"A468,A473,A543",3,,,,{78},,,,{77},,,,,,,{23},
LN00220346,"A468,A543",2,,,,{79},,,,,,,,,,,{23},
LN05424394,"A468,A543",2,,,,{84},,,,,,,,,,,{23},
LN02176412,"A468,A543",2,,,,{75},,,,,,,,,,,{23},
LN00169042,"A468,A543",2,,,,{74},,,,,,,,,,,{23},
LN00335385,A543,1,,,,,,,,,,,,,,,{23},
LN05703793,A543,1,,,,,,,,,,,,,,,{23},
LN05441468,"A468,A543",2,,,,{80},,,,,,,,,,,{23},
LN04823128,"A468,A543",2,,,,{79},,,,,,,,,,,{23},
LN01996178,"A468,A543",2,,,,{81},,,,,,,,,,,{23},
LN01867356,"A468,A543",2,,,,{81},,,,,,,,,,,{23},
LN02158910,"A468,A538,A543",3,,,,{77},,,,,,{74},,,,,{23},
LN02041409,"A468,A543",2,,,,{78},,,,,,,,,,,{23},
LN05447390,"A468,A543",2,,,,{75},,,,,,,,,,,{23},
LN05439459,"A468,A543",2,,,,{88},,,,,,,,,,,{23},
LN06135113,"A468,A543",2,,,,{83},,,,,,,,,,,{23},
LN05440360,"A468,A543",2,,,,{79},,,,,,,,,,,{23},
LN01350042,"A468,A543",2,,,,{82},,,,,,,,,,,{23},
LN00173549,"A468,A473,A543",3,,,,{79},,,,{78},,,,,,,{23},
LN05864241,"A468,A543",2,,,,{75},,,,,,,,,,,{23},
LN01253461,"A468,A543",2,,,,{84},,,,,,,,,,,{23},
LN05351382,"A468,A543",2,,,,{79},,,,,,,,,,,{23},
LN04540549,"A468,A543",2,,,,{80},,,,,,,,,,,{23},
LN04546437,"A468,A543",2,,,,"{80, 86}",,,,,,,,,,,{23},
LN00002093,"A467,A543",2,{43},,,,,,,,,,,,,,{23},
LN00200976,"A468,A543",2,,,,{77},,,,,,,,,,,{23},
LN04959586,"A468,A543",2,,,,{79},,,,,,,,,,,{23},
LN00225575,"A468,A543",2,,,,{79},,,,,,,,,,,{23},
LN01477279,"A468,A543",2,,,,{79},,,,,,,,,,,{23},
LN02169184,"A468,A538,A543",3,,,,{79},,,,,,{76},,,,,{23},
LN05614132,"A468,A543",2,,,,{75},,,,,,,,,,,{23},
LN04724750,"A468,A543",2,,,,{79},,,,,,,,,,,{23},
LN01796964,A543,1,,,,,,,,,,,,,,,{23},
LN05639241,"A468,A543",2,,,,{78},,,,,,,,,,,{23},
LN04850539,"A468,A543",2,,,,{80},,,,,,,,,,,{23},
LN05428318,"A468,A543",2,,,,{80},,,,,,,,,,,{23},
LN05723778,"A467,A543",2,,{79},,,,,,,,,,,,,{23},
LN01359587,"A468,A473,A543",3,,,,{78},,,,{77},,,,,,,{23},
LN02154428,"A468,A543",2,,,,{74},,,,,,,,,,,{23},
LN01321988,"A468,A536,A543",3,,,,{80},,,,,,,{41},,,,{23},
LN02165843,"A468,A543",2,,,,{76},,,,,,,,,,,{23},
LN02043416,"A468,A543",2,,,,{81},,,,,,,,,,,{23},
LN04866931,"A468,A543",2,,,,{78},,,,,,,,,,,{23},
LN05349141,"A468,A543",2,,,,{76},,,,,,,,,,,{23},
LN02010875,"A468,A538,A543",3,,,,{80},,,,,,{79},,,,,{23},
LN00009891,"A468,A543",2,,,,{77},,,,,,,,,,,{23},
LN01359299,"A468,A543",2,,,,{80},,,,,,,,,,,{23},
LN04545456,"A468,A543",2,,,,{79},,,,,,,,,,,{23},
LN05448180,"A468,A536,A543",3,,,,{78},,,,,,,{40},,,,{23},
LN00205197,"A468,A543",2,,,,{79},,,,,,,,,,,{23},
LN02020272,"A468,A543",2,,,,{81},,,,,,,,,,,{23},
LN00198111,"A468,A543",2,,,,{74},,,,,,,,,,,{23},
LN00005978,"A468,A533,A543",3,,,,{83},,{84},,,,,,,,,{23},
LN01358509,"A536,A543",2,,,,,,,,,,,{41},,,,{23},
LN03299612,"A468,A543",2,,,,{76},,,,,,,,,,,{23},
LN05814284,"A467,A543",2,,{77},,,,,,,,,,,,,{23},
LN01326078,"A467,A543",2,{42},,,,,,,,,,,,,,{23},
LN00233929,"A468,A543",2,,,,{80},,,,,,,,,,,{23},
LN00169962,"A468,A543",2,,,,{74},,,,,,,,,,,{23},
LN05424803,"A468,A543",2,,,,{78},,,,,,,,,,,{23},
LN05440671,"A468,A543",2,,,,{83},,,,,,,,,,,{23},
LN03240132,"A468,A543",2,,,,{89},,,,,,,,,,,{23},
LN00234873,"A468,A543",2,,,,{80},,,,,,,,,,,{23},
LN00188545,"A467,A543",2,{42},,,,,,,,,,,,,,{23},
LN04962646,"A468,A543",2,,,,{77},,,,,,,,,,,{23},
LN00112187,"A468,A543",2,,,,{78},,,,,,,,,,,{23},
LN00218485,"A468,A543",2,,,,{78},,,,,,,,,,,{23},
LN05429779,"A468,A543",2,,,,{77},,,,,,,,,,,{23},
LN03277030,"A468,A473,A543",3,,,,"{80, 81}",,,,{79},,,,,,,{23},
LN02010466,"A468,A543",2,,,,{81},,,,,,,,,,,{23},
LN02153079,"A468,A543",2,,,,{81},,,,,,,,,,,{23},
LN01282378,"A468,A543",2,,,,{80},,,,,,,,,,,{23},
LN04912396,"A468,A543",2,,,,{77},,,,,,,,,,,{23},
LN01320588,"A468,A543",2,,,,{78},,,,,,,,,,,{23},
LN00214641,"A468,A543",2,,,,{80},,,,,,,,,,,{23},
LN00163906,"A468,A543",2,,,,{77},,,,,,,,,,,{23},
LN00003334,"A468,A543",2,,,,{81},,,,,,,,,,,{23},
LN00158770,"A468,A543",2,,,,{76},,,,,,,,,,,{23},
LN01227418,"A468,A543",2,,,,{80},,,,,,,,,,,{23},
LN01359329,"A468,A543",2,,,,{75},,,,,,,,,,,{23},
LN02187569,"A468,A473,A543",3,,,,{81},,,,{82},,,,,,,{23},
LN01357207,"A468,A543",2,,,,{77},,,,,,,,,,,{23},
LN04743995,"A468,A543",2,,,,{76},,,,,,,,,,,{23},
LN05425760,"A468,A543",2,,,,{82},,,,,,,,,,,{23},
LN00240641,"A468,A543",2,,,,{79},,,,,,,,,,,{23},
LN00242803,"A468,A543",2,,,,{77},,,,,,,,,,,{23},
LN01373290,"A468,A543",2,,,,{76},,,,,,,,,,,{23},
LN05424935,"A468,A543",2,,,,{79},,,,,,,,,,,{23},
LN04724767,"A468,A543",2,,,,{82},,,,,,,,,,,{23},
LN04998558,"A468,A473,A543",3,,,,{75},,,,{74},,,,,,,{23},
LN05363242,"A468,A543",2,,,,{81},,,,,,,,,,,{23},
LN02185235,"A468,A543",2,,,,{83},,,,,,,,,,,{23},
LN00124942,A543,1,,,,,,,,,,,,,,,{23},
LN02039110,"A468,A543",2,,,,{78},,,,,,,,,,,{23},
LN04736405,"A467,A543",2,,{81},,,,,,,,,,,,,{23},
LN04699535,"A468,A543",2,,,,{79},,,,,,,,,,,{23},
LN03252728,"A468,A473,A543",3,,,,{78},,,,{77},,,,,,,{23},
LN01346955,"A468,A543",2,,,,{79},,,,,,,,,,,{23},
LN00220880,"A468,A543",2,,,,{80},,,,,,,,,,,{23},
LN00195573,"A468,A543",2,,,,{87},,,,,,,,,,,{23},
LN02128133,"A468,A473,A543",3,,,,{76},,,,{75},,,,,,,{23},
LN01355314,"A468,A543",2,,,,{76},,,,,,,,,,,{23},
LN05442185,"A468,A543",2,,,,{79},,,,,,,,,,,{23},
LN00160317,"A468,A543",2,,,,{77},,,,,,,,,,,{23},
LN06416143,"A468,A473,A543",3,,,,{87},,,,{88},,,,,,,{23},
LN06464568,"A468,A543",2,,,,{76},,,,,,,,,,,{23},
LN01353437,"A468,A543",2,,,,{77},,,,,,,,,,,{23},
LN02165859,"A468,A543",2,,,,{77},,,,,,,,,,,{23},
LN01740932,"A468,A536,A543",3,,,,{80},,,,,,,{42},,,,{23},
LN05439517,"A468,A543",2,,,,{76},,,,,,,,,,,{23},
LN05339911,"A468,A543",2,,,,{77},,,,,,,,,,,{23},
LN01353412,"A468,A473,A543",3,,,,{77},,,,{74},,,,,,,{23},
LN05413420,A543,1,,,,,,,,,,,,,,,{23},
LN04625073,"A468,A543",2,,,,{79},,,,,,,,,,,{23},
LN06107264,"A468,A543",2,,,,{88},,,,,,,,,,,{23},
LN00174301,"A468,A543",2,,,,{77},,,,,,,,,,,{23},
LN00244271,"A468,A543",2,,,,{75},,,,,,,,,,,{23},
LN05447783,"A468,A543",2,,,,{76},,,,,,,,,,,{23},
LN02000672,"A468,A543",2,,,,{76},,,,,,,,,,,{23},
LN01360366,"A468,A543",2,,,,{78},,,,,,,,,,,{23},
LN02047206,"A468,A543",2,,,,{82},,,,,,,,,,,{23},
LN04744766,"A468,A543",2,,,,{81},,,,,,,,,,,{23},
LN02192535,"A468,A543",2,,,,{85},,,,,,,,,,,{23},
LN00152006,"A468,A543",2,,,,{77},,,,,,,,,,,{23},
LN00169635,"A468,A543",2,,,,{77},,,,,,,,,,,{23},
LN03275855,"A468,A473,A543",3,,,,{76},,,,{77},,,,,,,{23},
LN02185371,"A468,A543",2,,,,{75},,,,,,,,,,,{23},
LN05490020,"A467,A543",2,,{76},,,,,,,,,,,,,{23},
LN02153580,"A468,A543",2,,,,{77},,,,,,,,,,,{23},
LN05360702,"A468,A543",2,,,,{74},,,,,,,,,,,{23},
LN02027491,"A468,A543",2,,,,{78},,,,,,,,,,,{23},
LN02152081,"A468,A543",2,,,,{76},,,,,,,,,,,{23},
LN00220044,"A468,A543",2,,,,{75},,,,,,,,,,,{23},
LN05373746,"A468,A543",2,,,,{75},,,,,,,,,,,{23},
LN02177350,"A468,A543",2,,,,{78},,,,,,,,,,,{23},
LN04546437,"A468,A543",2,,,,"{80, 85}",,,,,,,,,,,{23},
LN04679935,"A468,A543",2,,,,{74},,,,,,,,,,,{23},
LN05350552,"A467,A543",2,,{82},,,,,,,,,,,,,{23},
LN00244167,"A468,A543",2,,,,{77},,,,,,,,,,,{23},
LN05368635,"A468,A543",2,,,,{75},,,,,,,,,,,{23},
LN02129359,A543,1,,,,,,,,,,,,,,,{23},
LN01799539,"A468,A543",2,,,,{77},,,,,,,,,,,{23},
LN04820776,"A468,A543",2,,,,{80},,,,,,,,,,,{23},
LN04804583,"A468,A543",2,,,,{76},,,,,,,,,,,{23},
LN00227574,"A468,A536,A543",3,,,,{82},,,,,,,{41},,,,{23},
LN05483237,"A468,A543",2,,,,{78},,,,,,,,,,,{23},
LN01353549,"A468,A543",2,,,,{80},,,,,,,,,,,{23},
LN00227402,"A468,A543",2,,,,{85},,,,,,,,,,,{23},
LN01318704,"A468,A543",2,,,,{78},,,,,,,,,,,{23},
LN05522366,"A468,A543",2,,,,{75},,,,,,,,,,,{23},
LN00008885,"A468,A473,A543",3,,,,{75},,,,{74},,,,,,,{23},
LN05698790,"A468,A543",2,,,,{78},,,,,,,,,,,{23},
LN04532457,"A468,A543",2,,,,{74},,,,,,,,,,,{23},
LN02136138,"A468,A543",2,,,,{77},,,,,,,,,,,{23},
LN05442018,"A468,A543",2,,,,{81},,,,,,,,,,,{23},
LN00130677,"A468,A543",2,,,,{76},,,,,,,,,,,{23},
LN05814383,"A468,A543",2,,,,{82},,,,,,,,,,,{23},
LN05442284,"A468,A543",2,,,,{81},,,,,,,,,,,{23},
LN00169278,"A468,A473,A543",3,,,,{77},,,,{73},,,,,,,{23},
LN02159378,"A468,A543",2,,,,{80},,,,,,,,,,,{23},
LN05683995,"A468,A543",2,,,,{77},,,,,,,,,,,{23},
LN00174822,"A468,A543",2,,,,{75},,,,,,,,,,,{23},
LN02138443,"A468,A543",2,,,,{80},,,,,,,,,,,{23},
LN00221647,"A468,A543",2,,,,{79},,,,,,,,,,,{23},
LN00175389,"A468,A543",2,,,,{82},,,,,,,,,,,{23},
LN01871589,"A468,A543",2,,,,{78},,,,,,,,,,,{23},
LN02158576,"A468,A543",2,,,,{75},,,,,,,,,,,{23},
LN03243146,"A468,A543",2,,,,{79},,,,,,,,,,,{23},
LN02172097,"A468,A543",2,,,,{80},,,,,,,,,,,{23},
LN05438443,"A468,A543",2,,,,{83},,,,,,,,,,,{23},
LN00011336,"A468,A543",2,,,,{77},,,,,,,,,,,{23},
LN02026751,"A468,A543",2,,,,{79},,,,,,,,,,,{23},
LN02185558,"A468,A543",2,,,,{76},,,,,,,,,,,{23},
LN00221731,"A468,A473,A543",3,,,,{72},,,,{71},,,,,,,{23},
LN02038087,"A468,A543",2,,,,{76},,,,,,,,,,,{23},
LN01367162,"A468,A543",2,,,,{76},,,,,,,,,,,{23},
LN00174484,"A468,A473,A543",3,,,,{76},,,,{77},,,,,,,{23},
LN01797297,"A468,A543",2,,,,{83},,,,,,,,,,,{23},
LN00175900,"A467,A468,A543",3,{43},,,{76},,,,,,,,,,,{23},
LN00218666,"A468,A543",2,,,,{81},,,,,,,,,,,{23},
LN02151482,"A468,A543",2,,,,{77},,,,,,,,,,,{23},
LN00203322,"A468,A543",2,,,,{75},,,,,,,,,,,{23},
LN01111482,"A468,A543",2,,,,{77},,,,,,,,,,,{23},
LN01367117,"A468,A543",2,,,,{77},,,,,,,,,,,{23},
LN05840100,"A468,A543",2,,,,{79},,,,,,,,,,,{23},
LN04962773,"A467,A468,A543",3,,{77},,{78},,,,,,,,,,,{23},
LN05441374,"A468,A543",2,,,,{78},,,,,,,,,,,{23},
LN03284967,"A468,A543",2,,,,{74},,,,,,,,,,,{23},
LN05582523,"A468,A543",2,,,,{80},,,,,,,,,,,{23},
LN05369657,"A468,A473,A543",3,,,,{75},,,,{74},,,,,,,{23},
LN04600422,"A468,A543",2,,,,{77},,,,,,,,,,,{23},
LN00002964,"A468,A543",2,,,,{73},,,,,,,,,,,{23},
LN04543610,"A468,A543",2,,,,{83},,,,,,,,,,,{23},
LN01372616,"A468,A543",2,,,,{78},,,,,,,,,,,{23},
LN01998826,"A468,A543",2,,,,{79},,,,,,,,,,,{23},
LN00133978,"A468,A543",2,,,,{79},,,,,,,,,,,{23},
LN06410193,"A467,A538,A543",3,,{79},,,,,,,,{78},,,,,{23},
LN05368994,"A468,A543",2,,,,{76},,,,,,,,,,,{23},
LN05427794,"A467,A543",2,,{81},,,,,,,,,,,,,{23},
LN05428526,"A468,A473,A543",3,,,,{72},,,,{73},,,,,,,{23},
LN05441958,"A468,A543",2,,,,{79},,,,,,,,,,,{23},
LN03259303,"A468,A543",2,,,,{78},,,,,,,,,,,{23},
LN02192443,"A468,A543",2,,,,{80},,,,,,,,,,,{23},
LN00159419,"A468,A543",2,,,,{83},,,,,,,,,,,{23},
LN00152069,"A468,A543",2,,,,{76},,,,,,,,,,,{23},
LN01373278,"A468,A543",2,,,,{77},,,,,,,,,,,{23},
LN00234108,"A468,A543",2,,,,{78},,,,,,,,,,,{23},
LN00160880,"A468,A543",2,,,,{78},,,,,,,,,,,{23},
LN00138057,"A468,A543",2,,,,{80},,,,,,,,,,,{23},
LN02158263,"A468,A543",2,,,,{74},,,,,,,,,,,{23},
LN01272273,"A468,A543",2,,,,{80},,,,,,,,,,,{23},
LN03240659,"A468,A543",2,,,,{74},,,,,,,,,,,{23},
LN04772395,"A468,A543",2,,,,{81},,,,,,,,,,,{23},
LN02134981,"A468,A543",2,,,,{73},,,,,,,,,,,{23},
LN04909604,"A468,A543",2,,,,{79},,,,,,,,,,,{23},
LN01360948,"A468,A543",2,,,,{80},,,,,,,,,,,{23},
LN01316610,"A468,A538,A543",3,,,,{75},,,,,,{73},,,,,{23},
LN06124990,"A468,A543",2,,,,{74},,,,,,,,,,,{23},
LN00382184,"A468,A543",2,,,,{82},,,,,,,,,,,{23},
LN00220075,"A468,A543",2,,,,{79},,,,,,,,,,,{23},
LN02186920,"A468,A543",2,,,,{75},,,,,,,,,,,{23},
LN05419233,"A468,A543",2,,,,{78},,,,,,,,,,,{23},
LN00245410,"A468,A543",2,,,,{80},,,,,,,,,,,{23},
LN05458343,"A468,A543",2,,,,{77},,,,,,,,,,,{23},
LN00230659,"A468,A543",2,,,,{78},,,,,,,,,,,{23},
LN05464416,"A467,A543",2,,{81},,,,,,,,,,,,,{23},
LN03245265,"A468,A543",2,,,,{77},,,,,,,,,,,{23},
LN00247615,"A467,A536,A543",3,,{79},,,,,,,,,{46},,,,{23},
LN00217890,"A468,A543",2,,,,{75},,,,,,,,,,,{23},
LN04905279,"A468,A543",2,,,,{85},,,,,,,,,,,{23},
LN01365097,"A467,A468,A543",3,,{80},,{79},,,,,,,,,,,{23},
LN05437842,"A468,A543",2,,,,{78},,,,,,,,,,,{23},
LN00131742,"A467,A468,A543",3,,{77},,{78},,,,,,,,,,,{23},
LN05373682,"A468,A543",2,,,,{81},,,,,,,,,,,{23},
LN05441941,"A468,A543",2,,,,{78},,,,,,,,,,,{23},
LN06130285,"A468,A543",2,,,,{79},,,,,,,,,,,{23},
LN01373446,"A468,A543",2,,,,{77},,,,,,,,,,,{23},
LN02003363,"A468,A543",2,,,,{75},,,,,,,,,,,{23},
LN06474239,"A468,A543",2,,,,{79},,,,,,,,,,,{23},
LN00001680,"A468,A543",2,,,,{82},,,,,,,,,,,{23},
LN05427655,"A468,A543",2,,,,{78},,,,,,,,,,,{23},
LN02000720,"A467,A468,A543",3,{43},,,{77},,,,,,,,,,,{23},
LN03249337,"A468,A473,A543",3,,,,{77},,,,{76},,,,,,,{23},
LN00175256,"A468,A543",2,,,,{74},,,,,,,,,,,{23},
LN05703183,"A468,A543",2,,,,{77},,,,,,,,,,,{23},
LN05607456,"A468,A543",2,,,,{81},,,,,,,,,,,{23},
LN02171597,"A468,A543",2,,,,{79},,,,,,,,,,,{23},
LN00004874,"A468,A543",2,,,,{77},,,,,,,,,,,{23},
LN05368346,"A468,A543",2,,,,{80},,,,,,,,,,,{23},
LN00337381,"A468,A543",2,,,,{74},,,,,,,,,,,{23},
LN00283632,"A468,A543",2,,,,{80},,,,,,,,,,,{23},
LN05352209,"A468,A543",2,,,,{79},,,,,,,,,,,{23},
LN00217288,"A468,A543",2,,,,{79},,,,,,,,,,,{23},
LN02173062,"A468,A543",2,,,,{81},,,,,,,,,,,{23},
LN02192197,A543,1,,,,,,,,,,,,,,,{23},
LN04539618,"A468,A543",2,,,,{78},,,,,,,,,,,{23},
LN05373973,"A468,A543",2,,,,{79},,,,,,,,,,,{23},
LN02050185,"A468,A543",2,,,,{80},,,,,,,,,,,{23},
LN03259524,"A467,A543",2,,{80},,,,,,,,,,,,,{23},
LN01377296,"A468,A543",2,,,,{79},,,,,,,,,,,{23},
LN02137726,"A468,A543",2,,,,{78},,,,,,,,,,,{23},
LN00150084,"A468,A543",2,,,,{75},,,,,,,,,,,{23},
LN00232066,"A468,A543",2,,,,{79},,,,,,,,,,,{23},
LN05824984,"A468,A543",2,,,,{81},,,,,,,,,,,{23},
LN04535406,"A468,A543",2,,,,{81},,,,,,,,,,,{23},
LN00220333,A543,1,,,,,,,,,,,,,,,{23},
LN00203624,"A467,A543",2,,{79},,,,,,,,,,,,,{23},
LN00336980,"A468,A543",2,,,,{79},,,,,,,,,,,{23},
LN02153487,"A468,A543",2,,,,{86},,,,,,,,,,,{23},
LN04121862,"A468,A543",2,,,,{79},,,,,,,,,,,{23},
LN00001312,A543,1,,,,,,,,,,,,,,,{23},
LN01357261,"A468,A543",2,,,,{76},,,,,,,,,,,{23},
LN00172902,A543,1,,,,,,,,,,,,,,,{23},
LN00002155,"A468,A538,A543",3,,,,{76},,,,,,{74},,,,,{23},
LN05367274,"A468,A543",2,,,,{83},,,,,,,,,,,{23},
LN03255381,"A468,A543",2,,,,{79},,,,,,,,,,,{23},
LN00005270,"A468,A543",2,,,,{77},,,,,,,,,,,{23},
LN02159356,"A468,A543",2,,,,{76},,,,,,,,,,,{23},
LN00365590,"A468,A473,A543",3,,,,{76},,,,{75},,,,,,,{23},
LN02153393,"A468,A543",2,,,,{80},,,,,,,,,,,{23},
LN01374413,"A468,A536,A543",3,,,,{86},,,,,,,"{41, 47}",,,,{23},
LN04672422,"A468,A543",2,,,,{78},,,,,,,,,,,{23},
LN05358764,A543,1,,,,,,,,,,,,,,,{23},
LN06130280,A543,1,,,,,,,,,,,,,,,{23},
LN05754391,"A468,A543",2,,,,{74},,,,,,,,,,,{23},
LN06397500,"A468,A543",2,,,,{74},,,,,,,,,,,{23},
LN00157330,"A468,A543",2,,,,{77},,,,,,,,,,,{23},
LN05465412,"A468,A543",2,,,,{84},,,,,,,,,,,{23},
LN00226545,"A468,A543",2,,,,{76},,,,,,,,,,,{23},
LN00005920,"A467,A543",2,,{78},,,,,,,,,,,,,{23},
LN03254849,"A468,A543",2,,,,{79},,,,,,,,,,,{23},
LN00336456,"A468,A543",2,,,,{78},,,,,,,,,,,{23},
LN04533480,"A468,A543",2,,,,{78},,,,,,,,,,,{23},
LN01377297,"A468,A543",2,,,,{79},,,,,,,,,,,{23},
LN00004981,"A467,A468,A543",3,,{76},,{76},,,,,,,,,,,{23},
LN00150836,"A468,A543",2,,,,{77},,,,,,,,,,,{23},
LN01361595,"A468,A543",2,,,,{80},,,,,,,,,,,{23},
LN02166311,"A467,A543",2,,{78},,,,,,,,,,,,,{23},
LN02153387,"A468,A543",2,,,,{77},,,,,,,,,,,{23},
LN02043413,"A468,A543",2,,,,{75},,,,,,,,,,,{23},
LN00255501,A543,1,,,,,,,,,,,,,,,{23},
LN01365362,"A468,A538,A543",3,,,,{80},,,,,,{77},,,,,{23},
LN01999031,"A468,A543",2,,,,{80},,,,,,,,,,,{23},
LN05431455,"A468,A543",2,,,,{80},,,,,,,,,,,{23},
LN03241878,"A468,A538,A543",3,,,,{75},,,,,,{71},,,,,{23},
LN00170102,"A468,A543",2,,,,{76},,,,,,,,,,,{23},
LN02150762,"A468,A543",2,,,,{78},,,,,,,,,,,{23},
LN01373269,A543,1,,,,,,,,,,,,,,,{23},
LN04667598,"A468,A543",2,,,,{76},,,,,,,,,,,{23},
LN00114100,"A468,A543",2,,,,{79},,,,,,,,,,,{23},
LN02008499,"A468,A543",2,,,,{85},,,,,,,,,,,{23},
LN05348599,"A468,A543",2,,,,"{77, 79}",,,,,,,,,,,{23},
LN00010291,"A468,A543",2,,,,{81},,,,,,,,,,,{23},
LN05442549,"A468,A543",2,,,,{78},,,,,,,,,,,{23},
LN05612796,"A468,A543",2,,,,{78},,,,,,,,,,,{23},
LN02188497,"A468,A543",2,,,,{75},,,,,,,,,,,{23},
LN06111874,"A468,A543",2,,,,{80},,,,,,,,,,,{23},
LN05449233,"A468,A543",2,,,,{83},,,,,,,,,,,{23},
LN01373358,"A468,A473,A543",3,,,,{78},,,,{79},,,,,,,{23},
LN03248050,"A468,A543",2,,,,{77},,,,,,,,,,,{23},
LN04852253,"A468,A543",2,,,,{83},,,,,,,,,,,{23},
LN01357171,"A468,A543",2,,,,{75},,,,,,,,,,,{23},
LN05458052,"A468,A543",2,,,,{80},,,,,,,,,,,{23},
LN02187321,"A468,A538,A543",3,,,,{79},,,,,,{75},,,,,{23},
LN00218188,"A468,A543",2,,,,{79},,,,,,,,,,,{23},
LN00112176,"A468,A543",2,,,,{78},,,,,,,,,,,{23},
LN05007424,"A468,A543",2,,,,{80},,,,,,,,,,,{23},
LN05579168,"A468,A543",2,,,,{83},,,,,,,,,,,{23},
LN02026697,"A468,A543",2,,,,{80},,,,,,,,,,,{23},
LN02158776,A543,1,,,,,,,,,,,,,,,{23},
LN04842992,"A468,A543",2,,,,{81},,,,,,,,,,,{23},
LN00244104,"A468,A543",2,,,,{77},,,,,,,,,,,{23},
LN06101472,"A468,A543",2,,,,{85},,,,,,,,,,,{23},
LN04596540,"A468,A473,A543",3,,,,{78},,,,{77},,,,,,,{23},
LN04545103,"A468,A543",2,,,,{79},,,,,,,,,,,{23},
LN01364320,"A467,A543",2,,{78},,,,,,,,,,,,,{23},
LN05377079,"A468,A538,A543",3,,,,{76},,,,,,{75},,,,,{23},
LN05520653,"A468,A543",2,,,,{79},,,,,,,,,,,{23},
LN00316928,"A468,A543",2,,,,{75},,,,,,,,,,,{23},
LN01343470,"A467,A468,A543",3,{44},,,{81},,,,,,,,,,,{23},
LN01329322,"A468,A543",2,,,,{82},,,,,,,,,,,{23},
LN02063118,"A467,A543",2,,{80},,,,,,,,,,,,,{23},
LN01070853,"A468,A543",2,,,,{79},,,,,,,,,,,{23},
LN04807696,"A467,A543",2,,{81},,,,,,,,,,,,,{23},
LN05363236,"A468,A543",2,,,,{80},,,,,,,,,,,{23},
LN01267104,"A467,A543",2,,{83},,,,,,,,,,,,,{23},
LN00165329,"A468,A543",2,,,,{77},,,,,,,,,,,{23},
LN05448229,"A467,A468,A543",3,{40},,,{90},,,,,,,,,,,{23},
LN00242754,"A468,A543",2,,,,{80},,,,,,,,,,,{23},
LN05375585,"A468,A543",2,,,,{80},,,,,,,,,,,{23},
LN04955219,A543,1,,,,,,,,,,,,,,,{23},
LN04815058,"A468,A543",2,,,,{78},,,,,,,,,,,{23},
LN05368320,"A468,A543",2,,,,{84},,,,,,,,,,,{23},
LN00171244,"A468,A543",2,,,,{82},,,,,,,,,,,{23},
LN04810308,"A468,A543",2,,,,{78},,,,,,,,,,,{23},
LN06134064,A543,1,,,,,,,,,,,,,,,{23},
LN00174178,"A536,A543",2,,,,,,,,,,,{41},,,,{23},
LN00219508,"A468,A543",2,,,,{78},,,,,,,,,,,{23},
LN00158226,"A468,A543",2,,,,{82},,,,,,,,,,,{23},
LN05485636,"A538,A543",2,,,,,,,,,,{75},,,,,{23},
LN00002046,"A468,A543",2,,,,{78},,,,,,,,,,,{23},
LN00174635,"A467,A543",2,,{78},,,,,,,,,,,,,{23},
LN00219476,"A468,A543",2,,,,{78},,,,,,,,,,,{23},
LN02136664,"A468,A543",2,,,,{80},,,,,,,,,,,{23},
LN01811248,"A468,A538,A543",3,,,,{78},,,,,,{75},,,,,{23},
LN04594009,"A468,A473,A543",3,,,,{79},,,,{78},,,,,,,{23},
LN01361685,"A468,A543",2,,,,{78},,,,,,,,,,,{23},
LN04836260,"A468,A543",2,,,,{85},,,,,,,,,,,{23},
LN02661048,"A468,A543",2,,,,{78},,,,,,,,,,,{23},
LN05527554,"A468,A543",2,,,,{84},,,,,,,,,,,{23},
LN00180966,"A468,A543",2,,,,{79},,,,,,,,,,,{23},
LN05729444,"A468,A543",2,,,,{75},,,,,,,,,,,{23},
LN01373166,"A468,A543",2,,,,{81},,,,,,,,,,,{23},
LN01360951,"A468,A543",2,,,,{80},,,,,,,,,,,{23},
LN05442301,"A468,A543",2,,,,{77},,,,,,,,,,,{23},
LN00311351,"A468,A543",2,,,,{80},,,,,,,,,,,{23},
LN00201332,"A468,A543",2,,,,{82},,,,,,,,,,,{23},
LN04704275,"A468,A543",2,,,,{75},,,,,,,,,,,{23},
LN00222940,"A468,A473,A543",3,,,,{79},,,,{78},,,,,,,{23},
LN05627283,"A468,A543",2,,,,{74},,,,,,,,,,,{23},
LN04545337,"A468,A543",2,,,,{78},,,,,,,,,,,{23},
LN05727188,"A467,A468,A543",3,,{83},,{83},,,,,,,,,,,{23},
LN05427676,"A468,A543",2,,,,{84},,,,,,,,,,,{23},
LN02187564,"A468,A543",2,,,,{76},,,,,,,,,,,{23},
LN02170463,"A468,A543",2,,,,{77},,,,,,,,,,,{23},
LN03246833,"A468,A543",2,,,,{78},,,,,,,,,,,{23},
LN01999218,A543,1,,,,,,,,,,,,,,,{23},
LN00216106,"A468,A543",2,,,,{76},,,,,,,,,,,{23},
LN05428200,"A468,A543",2,,,,{82},,,,,,,,,,,{23},
LN04895016,A543,1,,,,,,,,,,,,,,,{23},
LN01999290,"A468,A543",2,,,,{76},,,,,,,,,,,{23},
LN00166833,"A467,A468,A543",3,,{73},,{74},,,,,,,,,,,{23},
LN04908207,"A468,A543",2,,,,{77},,,,,,,,,,,{23},
LN05347096,"A468,A543",2,,,,{77},,,,,,,,,,,{23},
LN05529915,"A467,A543",2,,{77},,,,,,,,,,,,,{23},
LN01092065,A543,1,,,,,,,,,,,,,,,{23},
LN00325694,"A468,A543",2,,,,{78},,,,,,,,,,,{23},
LN04814166,"A468,A543",2,,,,{77},,,,,,,,,,,{23},
LN04597909,A543,1,,,,,,,,,,,,,,,{23},
LN00231046,"A468,A543",2,,,,{78},,,,,,,,,,,{23},
LN05430049,"A468,A543",2,,,,{78},,,,,,,,,,,{23},
LN00175164,"A468,A543",2,,,,{78},,,,,,,,,,,{23},
LN05465407,"A468,A543",2,,,,{76},,,,,,,,,,,{23},
LN05452741,"A468,A543",2,,,,{82},,,,,,,,,,,{23},
LN05812950,"A468,A543",2,,,,{80},,,,,,,,,,,{23},
LN01260022,"A468,A543",2,,,,{78},,,,,,,,,,,{23},
LN03260807,"A468,A543",2,,,,{82},,,,,,,,,,,{23},
LN02011822,"A468,A543",2,,,,{79},,,,,,,,,,,{23},
LN00338359,"A467,A543",2,,{80},,,,,,,,,,,,,{23},
LN01367196,"A468,A543",2,,,,{72},,,,,,,,,,,{23},
LN02173959,"A468,A543",2,,,,{77},,,,,,,,,,,{23},
LN00169154,"A468,A543",2,,,,{86},,,,,,,,,,,{23},
LN01872282,"A467,A468,A543",3,{41},,,{86},,,,,,,,,,,{23},
LN05349366,"A468,A543",2,,,,{78},,,,,,,,,,,{23},
LN04962416,A543,1,,,,,,,,,,,,,,,{23},
LN00152426,"A468,A543",2,,,,{78},,,,,,,,,,,{23},
LN03252317,"A468,A543",2,,,,{76},,,,,,,,,,,{23},
LN02185146,"A468,A543",2,,,,{78},,,,,,,,,,,{23},
LN00217278,"A468,A543",2,,,,"{77, 78}",,,,,,,,,,,{23},
LN01817060,"A468,A543",2,,,,{77},,,,,,,,,,,{23},
LN02160339,"A468,A543",2,,,,{75},,,,,,,,,,,{23},
LN06129324,"A468,A543",2,,,,{78},,,,,,,,,,,{23},
LN04702663,"A467,A543",2,,{81},,,,,,,,,,,,,{23},
LN00004399,"A468,A543",2,,,,{80},,,,,,,,,,,{23},
LN00190619,"A468,A543",2,,,,"{77, 78}",,,,,,,,,,,{23},
LN00159431,A543,1,,,,,,,,,,,,,,,{23},
LN03250530,"A468,A543",2,,,,{77},,,,,,,,,,,{23},
LN00169331,A543,1,,,,,,,,,,,,,,,{23},
LN00119733,"A468,A543",2,,,,{78},,,,,,,,,,,{23},
LN02041216,"A468,A543",2,,,,{74},,,,,,,,,,,{23},
LN04681658,"A468,A543",2,,,,{79},,,,,,,,,,,{23},
LN04648487,"A468,A543",2,,,,{82},,,,,,,,,,,{23},
LN04850555,"A468,A543",2,,,,{76},,,,,,,,,,,{23},
LN02137447,A543,1,,,,,,,,,,,,,,,{23},
LN05693530,"A467,A543",2,,{81},,,,,,,,,,,,,{23},
LN00301480,"A468,A543",2,,,,{74},,,,,,,,,,,{23},
LN01361828,"A468,A543",2,,,,{94},,,,,,,,,,,{23},
LN06107163,A543,1,,,,,,,,,,,,,,,{23},
LN02056821,"A468,A543",2,,,,{78},,,,,,,,,,,{23},
LN02158673,"A468,A543",2,,,,{78},,,,,,,,,,,{23},
LN02165728,"A468,A543",2,,,,{82},,,,,,,,,,,{23},
LN01366197,"A468,A543",2,,,,{80},,,,,,,,,,,{23},
LN05373996,"A468,A543",2,,,,{78},,,,,,,,,,,{23},
LN01377309,"A468,A543",2,,,,{80},,,,,,,,,,,{23},
LN00195639,"A468,A543",2,,,,{79},,,,,,,,,,,{23},
LN05428067,"A467,A468,A543",3,{41},,,{78},,,,,,,,,,,{23},
LN04603742,"A468,A543",2,,,,{76},,,,,,,,,,,{23},
LN00005075,"A468,A543",2,,,,{77},,,,,,,,,,,{23},
LN04736390,"A468,A543",2,,,,{80},,,,,,,,,,,{23},
LN00009700,A543,1,,,,,,,,,,,,,,,{23},
LN00171088,"A468,A543",2,,,,{74},,,,,,,,,,,{23},
LN05348511,"A468,A543",2,,,,{79},,,,,,,,,,,{23},
LN00242826,"A468,A543",2,,,,{77},,,,,,,,,,,{23},
LN00260051,"A468,A543",2,,,,{83},,,,,,,,,,,{23},
LN04837179,A543,1,,,,,,,,,,,,,,,{23},
LN05359773,"A468,A543",2,,,,{76},,,,,,,,,,,{23},
LN00165707,"A467,A543",2,,{77},,,,,,,,,,,,,{23},
LN02013051,"A468,A543",2,,,,{79},,,,,,,,,,,{23},
LN00217872,"A467,A468,A473,A543",4,{40},,,{80},,,,{79},,,,,,,{23},
LN01801625,"A468,A543",2,,,,{80},,,,,,,,,,,{23},
LN01361885,"A468,A543",2,,,,{80},,,,,,,,,,,{23},
LN00180905,"A468,A543",2,,,,{74},,,,,,,,,,,{23},
LN00227711,"A468,A543",2,,,,{78},,,,,,,,,,,{23},
LN00231291,"A467,A468,A543",3,{42},,,{76},,,,,,,,,,,{23},
LN03250783,"A468,A543",2,,,,{77},,,,,,,,,,,{23},
LN00216591,"A468,A543",2,,,,{81},,,,,,,,,,,{23},
LN00218358,"A467,A543",2,,{77},,,,,,,,,,,,,{23},
LN00002395,"A468,A543",2,,,,{75},,,,,,,,,,,{23},
LN00239852,"A467,A543",2,,{76},,,,,,,,,,,,,{23},
LN04875836,"A468,A543",2,,,,{77},,,,,,,,,,,{23},
LN00173838,"A468,A473,A543",3,,,,{75},,,,{74},,,,,,,{23},
LN00180128,"A468,A543",2,,,,{82},,,,,,,,,,,{23},
LN00239881,A543,1,,,,,,,,,,,,,,,{23},
LN00172803,"A468,A543",2,,,,{73},,,,,,,,,,,{23},
LN03295290,"A468,A543",2,,,,{79},,,,,,,,,,,{23},
LN02170431,"A468,A543",2,,,,{77},,,,,,,,,,,{23},
LN00182391,"A468,A543",2,,,,{74},,,,,,,,,,,{23},
LN05427720,"A468,A543",2,,,,{80},,,,,,,,,,,{23},
LN01816122,"A468,A543",2,,,,{77},,,,,,,,,,,{23},
LN01372612,"A467,A543",2,,{82},,,,,,,,,,,,,{23},
LN00130106,"A468,A543",2,,,,{76},,,,,,,,,,,{23},
LN03252590,"A468,A543",2,,,,{76},,,,,,,,,,,{23},
LN04843169,"A468,A543",2,,,,{76},,,,,,,,,,,{23},
LN05527325,"A468,A543",2,,,,{82},,,,,,,,,,,{23},
LN00118924,"A468,A543",2,,,,{78},,,,,,,,,,,{23},
LN02041069,"A468,A543",2,,,,{77},,,,,,,,,,,{23},
LN00337181,"A467,A543",2,,{75},,,,,,,,,,,,,{23},
LN00248213,"A468,A543",2,,,,{81},,,,,,,,,,,{23},
LN04814143,"A468,A543",2,,,,{77},,,,,,,,,,,{23},
LN05427653,"A468,A543",2,,,,{80},,,,,,,,,,,{23},
LN00223760,"A468,A543",2,,,,{77},,,,,,,,,,,{23},
LN02170910,"A468,A543",2,,,,{79},,,,,,,,,,,{23},
LN00166280,"A467,A543",2,,{80},,,,,,,,,,,,,{23},
LN00221732,"A468,A543",2,,,,{80},,,,,,,,,,,{23},
LN03257864,"A468,A543",2,,,,{77},,,,,,,,,,,{23},
LN00337750,"A468,A543",2,,,,{74},,,,,,,,,,,{23},
LN00010186,"A468,A543",2,,,,{75},,,,,,,,,,,{23},
LN01354581,"A468,A543",2,,,,{77},,,,,,,,,,,{23},
LN00214754,"A468,A543",2,,,,{76},,,,,,,,,,,{23},
LN00170726,"A468,A543",2,,,,{75},,,,,,,,,,,{23},
LN04539669,"A468,A543",2,,,,{78},,,,,,,,,,,{23},
LN02141333,"A468,A543",2,,,,{81},,,,,,,,,,,{23},
LN01360919,"A468,A543",2,,,,{79},,,,,,,,,,,{23},
LN02188410,"A468,A543",2,,,,{80},,,,,,,,,,,{23},
LN05366800,"A468,A543",2,,,,{77},,,,,,,,,,,{23},
LN05841517,"A468,A543",2,,,,{75},,,,,,,,,,,{23},
LN00339000,"A468,A543",2,,,,{78},,,,,,,,,,,{23},
LN06100164,"A468,A543",2,,,,{74},,,,,,,,,,,{23},
LN02009570,"A468,A543",2,,,,{79},,,,,,,,,,,{23},
LN02164884,"A467,A543",2,,{82},,,,,,,,,,,,,{23},
LN04599224,"A468,A543",2,,,,{76},,,,,,,,,,,{23},
LN04704043,"A468,A543",2,,,,{80},,,,,,,,,,,{23},
LN05425290,"A468,A543",2,,,,{79},,,,,,,,,,,{23},
LN01265688,"A468,A543",2,,,,{84},,,,,,,,,,,{23},
LN00186119,"A468,A543",2,,,,{80},,,,,,,,,,,{23},
LN02661213,"A468,A543",2,,,,{80},,,,,,,,,,,{23},
LN05461188,"A468,A473,A543",3,,,,{77},,,,{78},,,,,,,{23},
LN00009830,"A468,A543",2,,,,{77},,,,,,,,,,,{23},
LN01329823,"A468,A543",2,,,,"{77, 78}",,,,,,,,,,,{23},
LN01889675,"A468,A543",2,,,,{84},,,,,,,,,,,{23},
LN00302270,"A468,A543",2,,,,{75},,,,,,,,,,,{23},
LN01900116,"A468,A543",2,,,,{81},,,,,,,,,,,{23},
LN05448417,"A468,A543",2,,,,{82},,,,,,,,,,,{23},
LN00116199,"A468,A543",2,,,,{75},,,,,,,,,,,{23},
LN00215174,"A468,A543",2,,,,{76},,,,,,,,,,,{23},
LN00004819,"A468,A543",2,,,,{77},,,,,,,,,,,{23},
LN04686936,A543,1,,,,,,,,,,,,,,,{23},
LN02158255,"A468,A543",2,,,,{74},,,,,,,,,,,{23},
LN05431558,"A468,A543",2,,,,{84},,,,,,,,,,,{23},
LN04546384,"A468,A543",2,,,,{73},,,,,,,,,,,{23},
LN00004207,A543,1,,,,,,,,,,,,,,,{23},
LN06345747,"A468,A543",2,,,,{78},,,,,,,,,,,{23},
LN04853715,"A468,A543",2,,,,{75},,,,,,,,,,,{23},
LN00215274,"A468,A543",2,,,,{74},,,,,,,,,,,{23},
LN01999208,"A468,A543",2,,,,{77},,,,,,,,,,,{23},
LN04625515,"A468,A543",2,,,,{81},,,,,,,,,,,{23},
LN02157741,"A468,A543",2,,,,{76},,,,,,,,,,,{23},
LN03241058,"A467,A543",2,,{79},,,,,,,,,,,,,{23},
LN03246041,"A468,A543",2,,,,{74},,,,,,,,,,,{23},
LN02033821,"A467,A543",2,,{77},,,,,,,,,,,,,{23},
LN05441416,"A468,A543",2,,,,{81},,,,,,,,,,,{23},
LN00233022,"A468,A543",2,,,,{81},,,,,,,,,,,{23},
LN02186530,"A468,A543",2,,,,{75},,,,,,,,,,,{23},
LN04996192,A543,1,,,,,,,,,,,,,,,{23},
LN01364421,"A468,A543",2,,,,{82},,,,,,,,,,,{23},
LN05425245,"A467,A543",2,,{81},,,,,,,,,,,,,{23},
LN00142823,"A467,A543",2,,{80},,,,,,,,,,,,,{23},
LN00217619,"A468,A543",2,,,,{81},,,,,,,,,,,{23},
LN01324783,"A468,A543",2,,,,{80},,,,,,,,,,,{23},
LN00148272,"A468,A543",2,,,,{74},,,,,,,,,,,{23},
LN01807067,"A468,A543",2,,,,{76},,,,,,,,,,,{23},
LN05813090,"A468,A543",2,,,,{78},,,,,,,,,,,{23},
LN01331330,"A468,A543",2,,,,{72},,,,,,,,,,,{23},
LN00220487,"A468,A543",2,,,,{77},,,,,,,,,,,{23},
LN02176997,A543,1,,,,,,,,,,,,,,,{23},
LN00130600,"A468,A543",2,,,,{81},,,,,,,,,,,{23},
LN04847976,"A468,A543",2,,,,{78},,,,,,,,,,,{23},
LN00183493,"A468,A543",2,,,,{78},,,,,,,,,,,{23},
LN00375668,"A468,A543",2,,,,{82},,,,,,,,,,,{23},
LN00003776,"A468,A543",2,,,,{75},,,,,,,,,,,{23},
LN00336451,"A468,A543",2,,,,{75},,,,,,,,,,,{23},
LN05440651,"A468,A543",2,,,,{79},,,,,,,,,,,{23},
LN00003622,"A468,A543",2,,,,{80},,,,,,,,,,,{23},
LN05448297,"A468,A543",2,,,,{81},,,,,,,,,,,{23},
LN04625181,"A468,A543",2,,,,{83},,,,,,,,,,,{23},
LN01114097,"A468,A543",2,,,,{80},,,,,,,,,,,{23},
LN01815707,"A468,A543",2,,,,{77},,,,,,,,,,,{23},
LN01746962,A543,1,,,,,,,,,,,,,,,{23},
LN05373425,"A468,A543",2,,,,{80},,,,,,,,,,,{23},
LN04912083,"A468,A543",2,,,,{80},,,,,,,,,,,{23},
LN05380648,"A468,A543",2,,,,{73},,,,,,,,,,,{23},
LN02042979,"A468,A543",2,,,,{76},,,,,,,,,,,{23},
LN00221289,"A468,A543",2,,,,{75},,,,,,,,,,,{23},
LN00197779,"A468,A543",2,,,,{78},,,,,,,,,,,{23},
LN01093032,"A468,A543",2,,,,{79},,,,,,,,,,,{23},
LN01322541,"A468,A543",2,,,,{78},,,,,,,,,,,{23},
LN05491882,"A468,A543",2,,,,{81},,,,,,,,,,,{23},
LN02122415,"A468,A543",2,,,,{74},,,,,,,,,,,{23},
LN05374532,"A467,A468,A543",3,,{77},,{77},,,,,,,,,,,{23},
LN00172077,"A468,A543",2,,,,{79},,,,,,,,,,,{23},
LN00250830,"A468,A543",2,,,,{84},,,,,,,,,,,{23},
LN01348494,"A467,A543",2,,{83},,,,,,,,,,,,,{23},
LN01321987,"A468,A543",2,,,,{75},,,,,,,,,,,{23},
LN00321387,A543,1,,,,,,,,,,,,,,,{23},
LN00215491,A543,1,,,,,,,,,,,,,,,{23},
LN01111482,"A468,A543",2,,,,{77},,,,,,,,,,,{23},
LN00145654,"A468,A543",2,,,,{78},,,,,,,,,,,{23},
LN00189927,"A468,A543",2,,,,{77},,,,,,,,,,,{23},
LN04852460,"A468,A543",2,,,,{77},,,,,,,,,,,{23},
LN00213669,"A468,A543",2,,,,{81},,,,,,,,,,,{23},
LN00150813,"A468,A543",2,,,,{77},,,,,,,,,,,{23},
LN00336915,"A468,A473,A543",3,,,,{79},,,,{78},,,,,,,{23},
LN01318171,"A468,A533,A543",3,,,,{81},,{80},,,,,,,,,{23},
LN03270279,"A468,A543",2,,,,{77},,,,,,,,,,,{23},
LN04609831,"A468,A543",2,,,,{79},,,,,,,,,,,{23},
LN00385640,A543,1,,,,,,,,,,,,,,,{23},
LN01373633,"A468,A543",2,,,,{78},,,,,,,,,,,{23},
LN04654767,"A468,A543",2,,,,{82},,,,,,,,,,,{23},
LN05376534,"A468,A543",2,,,,{76},,,,,,,,,,,{23},
LN05522344,"A468,A543",2,,,,{81},,,,,,,,,,,{23},
LN00175280,"A468,A543",2,,,,{74},,,,,,,,,,,{23},
LN05373745,"A468,A543",2,,,,{78},,,,,,,,,,,{23},
LN05344952,"A468,A543",2,,,,{82},,,,,,,,,,,{23},
LN00310647,"A468,A543",2,,,,{80},,,,,,,,,,,{23},
LN00004827,"A468,A543",2,,,,{76},,,,,,,,,,,{23},
LN00831241,"A468,A543",2,,,,{77},,,,,,,,,,,{23},
LN00238594,"A468,A543",2,,,,{74},,,,,,,,,,,{23},
LN00213284,"A468,A543",2,,,,"{76, 77}",,,,,,,,,,,{23},
LN02008004,A543,1,,,,,,,,,,,,,,,{23},
LN05441791,"A468,A473,A543",3,,,,{81},,,,{80},,,,,,,{23},
LN06101587,"A468,A543",2,,,,{77},,,,,,,,,,,{23},
LN00001558,"A468,A543",2,,,,{73},,,,,,,,,,,{23},
LN05336430,"A468,A543",2,,,,{78},,,,,,,,,,,{23},
LN00190279,"A468,A543",2,,,,{84},,,,,,,,,,,{23},
LN02156701,"A468,A543",2,,,,{81},,,,,,,,,,,{23},
LN04743340,"A468,A543",2,,,,{77},,,,,,,,,,,{23},
LN02165439,"A468,A543",2,,,,{80},,,,,,,,,,,{23},
LN00315702,"A468,A543",2,,,,{80},,,,,,,,,,,{23},
LN05364853,"A468,A543",2,,,,{74},,,,,,,,,,,{23},
LN03232902,"A468,A543",2,,,,{79},,,,,,,,,,,{23},
LN02174578,"A467,A543",2,{43},{81},,,,,,,,,,,,,{23},
LN00214728,"A468,A543",2,,,,{76},,,,,,,,,,,{23},
LN01798162,"A468,A543",2,,,,{79},,,,,,,,,,,{23},
LN02187414,"A468,A543",2,,,,{79},,,,,,,,,,,{23},
LN00009733,"A468,A543",2,,,,{74},,,,,,,,,,,{23},
LN01364162,"A468,A543",2,,,,{82},,,,,,,,,,,{23},
LN05458097,"A468,A543",2,,,,{83},,,,,,,,,,,{23},
LN04675205,"A467,A543",2,,{81},,,,,,,,,,,,,{23},
LN05728866,"A468,A543",2,,,,{79},,,,,,,,,,,{23},
LN00165856,"A468,A543",2,,,,{77},,,,,,,,,,,{23},
LN03274557,A543,1,,,,,,,,,,,,,,,{23},
LN02008091,"A468,A543",2,,,,{81},,,,,,,,,,,{23},
LN00004318,"A468,A543",2,,,,{78},,,,,,,,,,,{23},
LN01318971,"A468,A543",2,,,,{78},,,,,,,,,,,{23},
LN04676203,"A468,A543",2,,,,{79},,,,,,,,,,,{23},
LN05457582,"A467,A543",2,,{82},,,,,,,,,,,,,{23},
LN00951710,"A468,A543",2,,,,{82},,,,,,,,,,,{23},
LN05377049,"A468,A543",2,,,,{79},,,,,,,,,,,{23},
LN04658127,"A467,A468,A543",3,{44},,,{80},,,,,,,,,,,{23},
LN00160804,"A468,A543",2,,,,{75},,,,,,,,,,,{23},
LN01377715,"A468,A543",2,,,,{80},,,,,,,,,,,{23},
LN00315603,A543,1,,,,,,,,,,,,,,,{23},
LN05333690,"A467,A543",2,,{79},,,,,,,,,,,,,{23},
LN01867957,"A468,A543",2,,,,{79},,,,,,,,,,,{23},
LN05447514,"A468,A543",2,,,,{85},,,,,,,,,,,{23},
LN00410311,"A468,A543",2,,,,{79},,,,,,,,,,,{23},
LN04539389,"A468,A543",2,,,,{76},,,,,,,,,,,{23},
LN02159536,"A468,A543",2,,,,{81},,,,,,,,,,,{23},
LN03240114,"A538,A543",2,,,,,,,,,,{74},,,,,{23},
LN04594057,"A468,A543",2,,,,{78},,,,,,,,,,,{23},
LN04824530,"A467,A468,A473,A543",4,{40},,,{79},,,,{78},,,,,,,{23},
LN02160359,"A468,A543",2,,,,{80},,,,,,,,,,,{23},
LN00173120,"A468,A473,A543",3,,,,{75},,,,{76},,,,,,,{23},
LN02048509,"A468,A543",2,,,,{80},,,,,,,,,,,{23},
LN05364174,"A468,A543",2,,,,{82},,,,,,,,,,,{23},
LN00188725,"A468,A543",2,,,,{77},,,,,,,,,,,{23},
LN01867616,A543,1,,,,,,,,,,,,,,,{23},
LN05337663,"A468,A543",2,,,,{74},,,,,,,,,,,{23},
LN04842313,"A468,A543",2,,,,{74},,,,,,,,,,,{23},
LN04602396,"A468,A543",2,,,,{76},,,,,,,,,,,{23},
LN04842675,"A468,A543",2,,,,{79},,,,,,,,,,,{23},
LN01312635,"A468,A543",2,,,,"{81, 79}",,,,,,,,,,,{23},
LN00171293,"A468,A543",2,,,,{76},,,,,,,,,,,{23},
LN04621149,A543,1,,,,,,,,,,,,,,,{23},
LN00213903,A543,1,,,,,,,,,,,,,,,{23},
LN05425941,"A468,A543",2,,,,{84},,,,,,,,,,,{23},
LN04534012,"A467,A543",2,,{77},,,,,,,,,,,,,{23},
LN00001163,"A468,A543",2,,,,{78},,,,,,,,,,,{23},
LN01239829,A543,1,,,,,,,,,,,,,,,{23},
LN01361527,"A468,A543",2,,,,{80},,,,,,,,,,,{23},
LN05360689,A543,1,,,,,,,,,,,,,,,{23},
LN02158354,"A468,A543",2,,,,{74},,,,,,,,,,,{23},
LN02020465,"A468,A543",2,,,,{80},,,,,,,,,,,{23},
LN01358317,"A468,A543",2,,,,{78},,,,,,,,,,,{23},
LN01355339,"A468,A543",2,,,,{78},,,,,,,,,,,{23},
LN00173850,"A467,A543",2,,{78},,,,,,,,,,,,,{23},
LN00199165,"A468,A543",2,,,,{81},,,,,,,,,,,{23},
LN04655902,"A468,A543",2,,,,{77},,,,,,,,,,,{23},
LN01360890,"A468,A543",2,,,,{84},,,,,,,,,,,{23},
LN05724250,"A468,A543",2,,,,{86},,,,,,,,,,,{23},
LN04598147,A543,1,,,,,,,,,,,,,,,{23},
LN02043035,"A468,A543",2,,,,{79},,,,,,,,,,,{23},
LN05424376,"A468,A543",2,,,,{79},,,,,,,,,,,{23},
LN01815310,"A468,A543",2,,,,{78},,,,,,,,,,,{23},
LN02136857,"A468,A543",2,,,,{77},,,,,,,,,,,{23},
LN02661301,"A468,A533,A543",3,,,,{81},,{82},,,,,,,,,{23},
LN01329597,"A468,A543",2,,,,{74},,,,,,,,,,,{23},
LN00189904,"A467,A543",2,,{79},,,,,,,,,,,,,{23},
LN03283001,"A468,A543",2,,,,{79},,,,,,,,,,,{23},
LN04597910,A543,1,,,,,,,,,,,,,,,{23},
LN02189686,"A468,A543",2,,,,{74},,,,,,,,,,,{23},
LN02037676,"A468,A543",2,,,,{86},,,,,,,,,,,{23},
LN01322505,"A468,A543",2,,,,{77},,,,,,,,,,,{23},
LN01366578,"A468,A543",2,,,,{81},,,,,,,,,,,{23},
LN00004976,"A468,A543",2,,,,{79},,,,,,,,,,,{23},
LN00116884,"A468,A543",2,,,,{82},,,,,,,,,,,{23},
LN01266383,"A468,A543",2,,,,{75},,,,,,,,,,,{23},
LN01244316,"A468,A543",2,,,,{79},,,,,,,,,,,{23},
LN04816715,"A468,A543",2,,,,{87},,,,,,,,,,,{23},
LN05729190,"A468,A473,A543",3,,,,{73},,,,{72},,,,,,,{23},
LN03250125,"A468,A543",2,,,,{76},,,,,,,,,,,{23},
LN00149720,"A468,A543",2,,,,{78},,,,,,,,,,,{23},
LN05458477,"A468,A543",2,,,,{77},,,,,,,,,,,{23},
LN02187526,"A468,A543",2,,,,{74},,,,,,,,,,,{23},
LN00243482,"A468,A543",2,,,,{76},,,,,,,,,,,{23},
LN00215158,"A467,A543",2,,{76},,,,,,,,,,,,,{23},
LN05373751,"A468,A543",2,,,,{75},,,,,,,,,,,{23},
LN00372330,"A468,A543",2,,,,{78},,,,,,,,,,,{23},
LN05375366,"A468,A543",2,,,,{77},,,,,,,,,,,{23},
LN01795974,"A468,A543",2,,,,{77},,,,,,,,,,,{23},
LN05729175,"A468,A543",2,,,,{76},,,,,,,,,,,{23},
LN04706196,"A467,A543",2,,{83},,,,,,,,,,,,,{23},
LN00338552,"A468,A543",2,,,,{82},,,,,,,,,,,{23},
LN00337013,A543,1,,,,,,,,,,,,,,,{23},
LN00008750,"A468,A543",2,,,,{74},,,,,,,,,,,{23},
LN04686969,"A468,A543",2,,,,{82},,,,,,,,,,,{23},
LN05363483,"A468,A543",2,,,,{81},,,,,,,,,,,{23},
LN00338408,"A468,A543",2,,,,{83},,,,,,,,,,,{23},
LN01871513,"A468,A543",2,,,,{79},,,,,,,,,,,{23},
LN02123419,"A467,A468,A543",3,,{76},,{76},,,,,,,,,,,{23},
LN05425955,"A468,A543",2,,,,{78},,,,,,,,,,,{23},
LN03250387,"A468,A543",2,,,,{75},,,,,,,,,,,{23},
LN04841719,"A468,A543",2,,,,{78},,,,,,,,,,,{23},
LN05441249,"A468,A543",2,,,,{76},,,,,,,,,,,{23},
LN01155227,"A468,A543",2,,,,{72},,,,,,,,,,,{23},
LN02195268,"A468,A543",2,,,,{79},,,,,,,,,,,{23},
LN05365717,"A468,A543",2,,,,{73},,,,,,,,,,,{23},
LN04962172,"A468,A543",2,,,,{78},,,,,,,,,,,{23},
LN00218338,"A468,A543",2,,,,{78},,,,,,,,,,,{23},
LN04545936,"A468,A543",2,,,,{78},,,,,,,,,,,{23},
LN05630656,"A467,A543",2,,{79},,,,,,,,,,,,,{23},
LN01305172,A543,1,,,,,,,,,,,,,,,{23},
LN04690602,"A468,A543",2,,,,{80},,,,,,,,,,,{23},
LN00145020,"A468,A543",2,,,,{79},,,,,,,,,,,{23},
LN05525967,"A468,A543",2,,,,{74},,,,,,,,,,,{23},
LN02185085,"A468,A543",2,,,,{80},,,,,,,,,,,{23},
LN02223347,A543,1,,,,,,,,,,,,,,,{23},
LN04600786,"A468,A543",2,,,,{74},,,,,,,,,,,{23},
LN02153119,"A468,A543",2,,,,{78},,,,,,,,,,,{23},
LN00230372,"A468,A543",2,,,,{76},,,,,,,,,,,{23},
LN05449274,"A468,A543",2,,,,{79},,,,,,,,,,,{23},
LN02153873,"A468,A543",2,,,,{75},,,,,,,,,,,{23},
LN04612887,"A468,A543",2,,,,{77},,,,,,,,,,,{23},
LN02026814,"A468,A543",2,,,,{78},,,,,,,,,,,{23},
LN05438095,"A468,A543",2,,,,{76},,,,,,,,,,,{23},
LN00217482,"A468,A543",2,,,,{77},,,,,,,,,,,{23},
LN03249269,"A468,A543",2,,,,{79},,,,,,,,,,,{23},
LN00249991,A543,1,,,,,,,,,,,,,,,{23},
LN00245764,"A468,A543",2,,,,{77},,,,,,,,,,,{23},
LN00214421,"A468,A543",2,,,,{76},,,,,,,,,,,{23},
LN04936557,"A468,A543",2,,,,{80},,,,,,,,,,,{23},
LN05090581,"A468,A543",2,,,,{74},,,,,,,,,,,{23},
LN01804680,"A467,A543",2,,{77},,,,,,,,,,,,,{23},
LN02040985,"A468,A543",2,,,,{78},,,,,,,,,,,{23},
LN00121569,"A468,A543",2,,,,{75},,,,,,,,,,,{23},
LN05000471,"A468,A543",2,,,,{80},,,,,,,,,,,{23},
LN00183601,A543,1,,,,,,,,,,,,,,,{23},
LN00220690,"A467,A543",2,,{84},,,,,,,,,,,,,{23},
LN04822463,"A467,A543",2,,{84},,,,,,,,,,,,,{23},
LN00010766,"A468,A543",2,,,,{79},,,,,,,,,,,{23},
LN00159596,"A468,A543",2,,,,{77},,,,,,,,,,,{23},
LN04705700,"A468,A543",2,,,,{80},,,,,,,,,,,{23},
LN00203113,"A468,A543",2,,,,{83},,,,,,,,,,,{23},
LN00010736,"A468,A543",2,,,,{75},,,,,,,,,,,{23},
LN00335520,"A468,A543",2,,,,{80},,,,,,,,,,,{23},
LN00147927,"A468,A543",2,,,,{80},,,,,,,,,,,{23},
LN00218060,"A468,A543",2,,,,{81},,,,,,,,,,,{23},
LN05363746,"A468,A543",2,,,,{75},,,,,,,,,,,{23},
LN01357341,"A468,A543",2,,,,{75},,,,,,,,,,,{23},
LN00158387,A543,1,,,,,,,,,,,,,,,{23},
LN00168896,"A468,A543",2,,,,"{76, 78}",,,,,,,,,,,{23},
LN01242892,A543,1,,,,,,,,,,,,,,,{23},
LN05458097,"A468,A543",2,,,,{83},,,,,,,,,,,{23},
LN00213502,A543,1,,,,,,,,,,,,,,,{23},
LN04669761,"A468,A543",2,,,,{83},,,,,,,,,,,{23},
LN02010550,"A468,A543",2,,,,{74},,,,,,,,,,,{23},
LN02157287,"A468,A543",2,,,,{73},,,,,,,,,,,{23},
LN05753347,"A468,A538,A543",3,,,,{85},,,,,,{84},,,,,{23},
LN05441500,"A468,A543",2,,,,{80},,,,,,,,,,,{23},
LN02056063,"A468,A543",2,,,,{82},,,,,,,,,,,{23},
LN05465418,"A468,A543",2,,,,{80},,,,,,,,,,,{23},
LN03258271,A543,1,,,,,,,,,,,,,,,{23},
LN00315635,"A467,A543",2,,{79},,,,,,,,,,,,,{23},
LN05478829,"A468,A543",2,,,,{77},,,,,,,,,,,{23},
LN05428491,"A468,A543",2,,,,{81},,,,,,,,,,,{23},
LN00230137,"A468,A543",2,,,,{82},,,,,,,,,,,{23},
LN02055937,A543,1,,,,,,,,,,,,,,,{23},
LN02037807,"A468,A543",2,,,,{77},,,,,,,,,,,{23},
LN05373420,"A468,A543",2,,,,{73},,,,,,,,,,,{23},
LN05431630,A543,1,,,,,,,,,,,,,,,{23},
LN03244374,A543,1,,,,,,,,,,,,,,,{23},
LN02132354,"A468,A543",2,,,,{76},,,,,,,,,,,{23},
LN00218964,"A468,A543",2,,,,{77},,,,,,,,,,,{23},
LN00116432,"A468,A543",2,,,,{77},,,,,,,,,,,{23},
LN04598066,"A468,A543",2,,,,{79},,,,,,,,,,,{23},
LN05447523,"A468,A543",2,,,,{77},,,,,,,,,,,{23},
LN00392225,"A467,A543",2,,{80},,,,,,,,,,,,,{23},
LN00169508,"A468,A543",2,,,,{78},,,,,,,,,,,{23},
LN00172327,"A468,A538,A543",3,,,,{77},,,,,,{75},,,,,{23},
LN00139882,"A468,A543",2,,,,{75},,,,,,,,,,,{23},
LN06020638,"A468,A543",2,,,,{79},,,,,,,,,,,{23},
LN03283027,"A468,A543",2,,,,{81},,,,,,,,,,,{23},
LN00148984,"A468,A543",2,,,,{80},,,,,,,,,,,{23},
LN03247224,"A468,A543",2,,,,{80},,,,,,,,,,,{23},
LN00335247,"A468,A543",2,,,,{76},,,,,,,,,,,{23},
LN04811684,"A468,A543",2,,,,{80},,,,,,,,,,,{23},
LN05425577,"A468,A543",2,,,,{78},,,,,,,,,,,{23},
LN06130210,"A468,A543",2,,,,{77},,,,,,,,,,,{23},
LN02173646,"A468,A543",2,,,,{71},,,,,,,,,,,{23},
LN02165724,"A468,A543",2,,,,{74},,,,,,,,,,,{23},
LN04548298,"A468,A543",2,,,,{82},,,,,,,,,,,{23},
LN00002627,"A468,A543",2,,,,{78},,,,,,,,,,,{23},
LN00190018,"A468,A543",2,,,,{81},,,,,,,,,,,{23},
LN00011026,A543,1,,,,,,,,,,,,,,,{23},
LN03274863,"A468,A543",2,,,,{74},,,,,,,,,,,{23},
LN05448120,"A468,A543",2,,,,{81},,,,,,,,,,,{23},
LN01318758,A543,1,,,,,,,,,,,,,,,{23},
LN02189231,"A468,A543",2,,,,{78},,,,,,,,,,,{23},
LN01347382,"A468,A543",2,,,,{80},,,,,,,,,,,{23},
LN01361725,"A468,A543",2,,,,{77},,,,,,,,,,,{23},
LN06101570,"A468,A543",2,,,,{75},,,,,,,,,,,{23},
LN00005604,"A468,A543",2,,,,{76},,,,,,,,,,,{23},
LN04599204,"A468,A543",2,,,,{75},,,,,,,,,,,{23},
LN02048941,"A468,A543",2,,,,{76},,,,,,,,,,,{23},
LN02151501,"A468,A543",2,,,,{77},,,,,,,,,,,{23},
LN04449456,"A468,A543",2,,,,{81},,,,,,,,,,,{23},
LN05367357,"A468,A543",2,,,,{81},,,,,,,,,,,{23},
LN00168818,"A468,A543",2,,,,{75},,,,,,,,,,,{23},
LN01283035,"A468,A543",2,,,,{77},,,,,,,,,,,{23},
LN00115592,"A467,A543",2,,{76},,,,,,,,,,,,,{23},
LN02173011,"A468,A543",2,,,,{82},,,,,,,,,,,{23},
LN02171781,A543,1,,,,,,,,,,,,,,,{23},
LN00168886,"A468,A543",2,,,,{77},,,,,,,,,,,{23},
LN01037098,"A468,A543",2,,,,{80},,,,,,,,,,,{23},
LN00151633,"A468,A543",2,,,,{81},,,,,,,,,,,{23},
LN02191813,"A468,A543",2,,,,{83},,,,,,,,,,,{23},
LN02010551,"A468,A543",2,,,,{74},,,,,,,,,,,{23},
LN04998307,"A468,A543",2,,,,{78},,,,,,,,,,,{23},
LN00009948,"A468,A543",2,,,,{77},,,,,,,,,,,{23},
LN00228130,"A468,A543",2,,,,{83},,,,,,,,,,,{23},
LN02136799,"A468,A543",2,,,,{80},,,,,,,,,,,{23},
LN03260214,"A468,A543",2,,,,{80},,,,,,,,,,,{23},
LN05731456,"A468,A543",2,,,,{78},,,,,,,,,,,{23},
LN00004067,"A468,A543",2,,,,{71},,,,,,,,,,,{23},
LN00218061,"A468,A543",2,,,,{75},,,,,,,,,,,{23},
LN00171180,"A468,A543",2,,,,{73},,,,,,,,,,,{23},
LN02154025,"A468,A543",2,,,,{76},,,,,,,,,,,{23},
LN03244091,"A468,A543",2,,,,{82},,,,,,,,,,,{23},
LN00175352,"A468,A473,A543",3,,,,{73},,,,{74},,,,,,,{23},
LN02160806,A543,1,,,,,,,,,,,,,,,{23},
LN00174396,A543,1,,,,,,,,,,,,,,,{23},
LN00182426,"A468,A543",2,,,,{81},,,,,,,,,,,{23},
LN00238022,"A467,A543",2,,{77},,,,,,,,,,,,,{23},
LN02169070,"A468,A543",2,,,,{75},,,,,,,,,,,{23},
LN00241923,"A467,A543",2,,{80},,,,,,,,,,,,,{23},
LN00184175,"A468,A543",2,,,,{77},,,,,,,,,,,{23},
LN00229207,"A468,A543",2,,,,{79},,,,,,,,,,,{23},
LN02156384,"A468,A543",2,,,,{79},,,,,,,,,,,{23},
LN05627915,"A468,A543",2,,,,{76},,,,,,,,,,,{23},
LN02003890,"A468,A543",2,,,,{81},,,,,,,,,,,{23},
LN00198092,"A468,A543",2,,,,{75},,,,,,,,,,,{23},
LN00220406,"A468,A543",2,,,,{74},,,,,,,,,,,{23},
LN03283011,"A468,A543",2,,,,{82},,,,,,,,,,,{23},
LN00173016,"A468,A543",2,,,,"{77, 78}",,,,,,,,,,,{23},
LN02039596,"A467,A543",2,,{77},,,,,,,,,,,,,{23},
LN00245983,"A468,A543",2,,,,{79},,,,,,,,,,,{23},
LN00170572,"A468,A543",2,,,,{72},,,,,,,,,,,{23},
LN05487250,"A468,A543",2,,,,{76},,,,,,,,,,,{23},
LN01272475,"A468,A543",2,,,,{82},,,,,,,,,,,{23},
LN00198276,"A468,A543",2,,,,{76},,,,,,,,,,,{23},
LN05000963,"A468,A543",2,,,,{70},,,,,,,,,,,{23},
LN05457204,"A467,A468,A543",3,,{82},,{82},,,,,,,,,,,{23},
LN05684837,"A468,A538,A543",3,,,,{73},,,,,,{70},,,,,{23},
LN04643685,"A468,A543",2,,,,{80},,,,,,,,,,,{23},
LN03272600,"A467,A468,A543",3,{43},,,{84},,,,,,,,,,,{23},
LN03242648,"A468,A543",2,,,,{80},,,,,,,,,,,{23},
LN04966062,"A468,A543",2,,,,{79},,,,,,,,,,,{23},
LN05447978,"A468,A543",2,,,,{77},,,,,,,,,,,{23},
LN00168291,A543,1,,,,,,,,,,,,,,,{23},
LN00170658,"A468,A543",2,,,,{78},,,,,,,,,,,{23},
LN04969432,"A468,A543",2,,,,{73},,,,,,,,,,,{23},
LN00001277,"A467,A543",2,,{79},,,,,,,,,,,,,{23},
LN05631922,"A468,A543",2,,,,{84},,,,,,,,,,,{23},
LN01985492,"A468,A543",2,,,,{81},,,,,,,,,,,{23},
LN00222479,"A468,A543",2,,,,{78},,,,,,,,,,,{23},
LN05487376,"A468,A543",2,,,,{71},,,,,,,,,,,{23},
LN06416044,"A468,A543",2,,,,{80},,,,,,,,,,,{23},
LN00001711,"A468,A543",2,,,,{70},,,,,,,,,,,{23},
LN01368353,"A467,A543",2,,{79},,,,,,,,,,,,,{23},
LN00199745,"A468,A543",2,,,,{74},,,,,,,,,,,{23},
LN00158631,"A468,A543",2,,,,{74},,,,,,,,,,,{23},
LN01807001,"A468,A543",2,,,,{83},,,,,,,,,,,{23},
LN02008678,"A468,A543",2,,,,{78},,,,,,,,,,,{23},
LN05337879,"A468,A543",2,,,,{75},,,,,,,,,,,{23},
LN01328082,"A468,A543",2,,,,{81},,,,,,,,,,,{23},
LN04636049,"A468,A543",2,,,,{79},,,,,,,,,,,{23},
LN02158258,"A468,A543",2,,,,{75},,,,,,,,,,,{23},
LN04540116,"A468,A543",2,,,,{80},,,,,,,,,,,{23},
LN02168399,"A468,A543",2,,,,{75},,,,,,,,,,,{23},
LN00126076,"A468,A543",2,,,,{74},,,,,,,,,,,{23},
LN05370112,"A468,A543",2,,,,{80},,,,,,,,,,,{23},
LN05430302,"A468,A543",2,,,,{87},,,,,,,,,,,{23},
LN00002424,"A468,A543",2,,,,{78},,,,,,,,,,,{23},
LN04541466,"A468,A543",2,,,,{81},,,,,,,,,,,{23},
LN01361015,"A468,A543",2,,,,{84},,,,,,,,,,,{23},
LN04970941,A543,1,,,,,,,,,,,,,,,{23},
LN03251366,"A468,A543",2,,,,{80},,,,,,,,,,,{23},
LN05373551,A543,1,,,,,,,,,,,,,,,{23},
LN04530678,"A468,A543",2,,,,{84},,,,,,,,,,,{23},
LN05441663,"A468,A543",2,,,,{81},,,,,,,,,,,{23},
LN00159421,"A467,A543",2,,{79},,,,,,,,,,,,,{23},
LN01868369,"A468,A543",2,,,,{75},,,,,,,,,,,{23},
LN05379546,"A468,A543",2,,,,{78},,,,,,,,,,,{23},
LN04630564,"A468,A543",2,,,,{83},,,,,,,,,,,{23},
LN03239403,"A467,A543",2,,{76},,,,,,,,,,,,,{23},
LN01868249,"A468,A543",2,,,,{76},,,,,,,,,,,{23},
LN01361432,"A468,A543",2,,,,{75},,,,,,,,,,,{23},
LN04731240,"A468,A543",2,,,,{78},,,,,,,,,,,{23},
LN02049346,"A468,A543",2,,,,{78},,,,,,,,,,,{23},
LN03243183,A543,1,,,,,,,,,,,,,,,{23},
LN03245872,"A468,A543",2,,,,{78},,,,,,,,,,,{23},
LN01237347,"A468,A543",2,,,,{83},,,,,,,,,,,{23},
LN00213476,"A468,A543",2,,,,{79},,,,,,,,,,,{23},
LN00335362,"A468,A543",2,,,,{78},,,,,,,,,,,{23},
LN04951718,"A468,A543",2,,,,{82},,,,,,,,,,,{23},
LN06129674,"A467,A543",2,,{79},,,,,,,,,,,,,{23},
LN05441383,"A468,A543",2,,,,{75},,,,,,,,,,,{23},
LN01354440,"A468,A543",2,,,,{77},,,,,,,,,,,{23},
LN00140449,"A468,A543",2,,,,{74},,,,,,,,,,,{23},
LN00243985,"A468,A543",2,,,,{74},,,,,,,,,,,{23},
LN02165299,"A468,A543",2,,,,{82},,,,,,,,,,,{23},
LN05729270,"A468,A543",2,,,,{86},,,,,,,,,,,{23},
LN00004107,"A468,A543",2,,,,{77},,,,,,,,,,,{23},
LN00220163,"A468,A543",2,,,,{78},,,,,,,,,,,{23},
LN00135431,"A468,A543",2,,,,{81},,,,,,,,,,,{23},
LN02136143,"A467,A543",2,,{77},,,,,,,,,,,,,{23},
LN04911026,"A467,A543",2,,{80},,,,,,,,,,,,,{23},
LN05363955,"A467,A543",2,,{78},,,,,,,,,,,,,{23},
LN00188763,"A468,A543",2,,,,{76},,,,,,,,,,,{23},
LN02165830,"A468,A543",2,,,,{80},,,,,,,,,,,{23},
LN05482980,"A468,A538,A543",3,,,,{80},,,,,,{81},,,,,{23},
LN04694923,"A468,A543",2,,,,{76},,,,,,,,,,,{23},
LN01360318,"A468,A543",2,,,,{81},,,,,,,,,,,{23},
LN01328632,"A468,A543",2,,,,{76},,,,,,,,,,,{23},
LN01261649,"A468,A543",2,,,,{74},,,,,,,,,,,{23},
LN00170900,"A468,A543",2,,,,{76},,,,,,,,,,,{23},
LN00162445,"A468,A543",2,,,,{81},,,,,,,,,,,{23},
LN05353673,"A468,A543",2,,,,{72},,,,,,,,,,,{23},
LN02039036,"A468,A543",2,,,,{77},,,,,,,,,,,{23},
LN00173827,"A468,A543",2,,,,{78},,,,,,,,,,,{23},
LN00227366,"A468,A543",2,,,,{77},,,,,,,,,,,{23},
LN05348800,"A468,A543",2,,,,{80},,,,,,,,,,,{23},
LN04843329,A543,1,,,,,,,,,,,,,,,{23},
LN04948809,"A468,A543",2,,,,{81},,,,,,,,,,,{23},
LN01050756,"A468,A543",2,,,,{87},,,,,,,,,,,{23},
LN00004450,"A468,A543",2,,,,{78},,,,,,,,,,,{23},
LN03240819,"A468,A543",2,,,,{75},,,,,,,,,,,{23},
LN04628092,"A468,A543",2,,,,{81},,,,,,,,,,,{23},
LN05430379,A543,1,,,,,,,,,,,,,,,{23},
LN00010763,"A468,A543",2,,,,{74},,,,,,,,,,,{23},
LN06132290,"A468,A543",2,,,,{76},,,,,,,,,,,{23},
LN05367626,"A468,A543",2,,,,{79},,,,,,,,,,,{23},
LN01347457,A543,1,,,,,,,,,,,,,,,{23},
LN05376928,"A468,A543",2,,,,{86},,,,,,,,,,,{23},
LN00003066,"A468,A543",2,,,,{77},,,,,,,,,,,{23},
LN00237744,"A468,A543",2,,,,{85},,,,,,,,,,,{23},
LN00223247,"A468,A543",2,,,,{77},,,,,,,,,,,{23},
LN00174522,"A468,A543",2,,,,{76},,,,,,,,,,,{23},
LN00391455,A543,1,,,,,,,,,,,,,,,{23},
LN01816436,"A468,A543",2,,,,{87},,,,,,,,,,,{23},
LN03270268,"A468,A543",2,,,,{77},,,,,,,,,,,{23},
LN00226098,"A468,A543",2,,,,{74},,,,,,,,,,,{23},
LN04539377,"A468,A543",2,,,,{80},,,,,,,,,,,{23},
LN03273141,"A468,A543",2,,,,{75},,,,,,,,,,,{23},
LN01747375,"A468,A543",2,,,,{81},,,,,,,,,,,{23},
LN04659742,"A468,A543",2,,,,{79},,,,,,,,,,,{23},
LN00169147,"A468,A543",2,,,,{80},,,,,,,,,,,{23},
LN04547737,A543,1,,,,,,,,,,,,,,,{23},
LN05437703,"A468,A543",2,,,,{81},,,,,,,,,,,{23},
LN00236908,"A468,A543",2,,,,{79},,,,,,,,,,,{23},
LN00169522,"A468,A543",2,,,,{79},,,,,,,,,,,{23},
LN05684162,"A468,A543",2,,,,{78},,,,,,,,,,,{23},
LN00248499,"A467,A468,A543",3,,{82},,{82},,,,,,,,,,,{23},
LN05372831,"A467,A543",2,,{83},,,,,,,,,,,,,{23},
LN05357958,A543,1,,,,,,,,,,,,,,,{23},
LN05377672,"A468,A543",2,,,,{78},,,,,,,,,,,{23},
LN05355094,"A468,A536,A543",3,,,,{74},,,,,,,{41},,,,{23},
LN02042346,A543,1,,,,,,,,,,,,,,,{23},
LN02176432,A543,1,,,,,,,,,,,,,,,{23},
LN00166859,A543,1,,,,,,,,,,,,,,,{23},
LN00217235,"A468,A543",2,,,,{78},,,,,,,,,,,{23},
LN06395799,"A467,A468,A543",3,,{81},,{81},,,,,,,,,,,{23},
LN00152549,"A468,A543",2,,,,{78},,,,,,,,,,,{23},
LN05448775,A543,1,,,,,,,,,,,,,,,{23},
LN00330259,"A468,A543",2,,,,{83},,,,,,,,,,,{23},
LN00141983,"A467,A543",2,,{79},,,,,,,,,,,,,{23},
LN01353037,"A467,A543",2,,{75},,,,,,,,,,,,,{23},
LN00246043,"A467,A543",2,,{79},,,,,,,,,,,,,{23},
LN00172548,"A468,A543",2,,,,{74},,,,,,,,,,,{23},
LN03240194,"A468,A543",2,,,,{77},,,,,,,,,,,{23},
LN06111410,"A468,A533,A543",3,,,,{80},,{84},,,,,,,,,{23},
LN00214947,"A468,A543",2,,,,{77},,,,,,,,,,,{23},
LN00335497,"A468,A543",2,,,,{83},,,,,,,,,,,{23},
LN01362425,"A468,A543",2,,,,{81},,,,,,,,,,,{23},
LN00173374,A543,1,,,,,,,,,,,,,,,{23},
LN01367909,"A467,A543",2,,{78},,,,,,,,,,,,,{23},
LN01377260,"A467,A543",2,,{79},,,,,,,,,,,,,{23},
LN00338311,"A467,A543",2,,{77},,,,,,,,,,,,,{23},
LN00191467,"A468,A543",2,,,,{71},,,,,,,,,,,{23},
LN01318318,"A468,A543",2,,,,{79},,,,,,,,,,,{23},
LN05648688,"A468,A543",2,,,,{81},,,,,,,,,,,{23},
LN05729268,"A468,A543",2,,,,{85},,,,,,,,,,,{23},
LN02003640,A543,1,,,,,,,,,,,,,,,{23},
LN00241806,"A468,A543",2,,,,{74},,,,,,,,,,,{23},
LN02026752,"A468,A543",2,,,,{79},,,,,,,,,,,{23},
LN05429482,"A468,A543",2,,,,{84},,,,,,,,,,,{23},
LN02020240,"A468,A543",2,,,,{78},,,,,,,,,,,{23},
LN05811933,"A468,A543",2,,,,{80},,,,,,,,,,,{23},
LN06126158,A543,1,,,,,,,,,,,,,,,{23},
LN00108305,A543,1,,,,,,,,,,,,,,,{23},
LN02191995,"A468,A543",2,,,,{76},,,,,,,,,,,{23},
LN01315644,"A468,A543",2,,,,{73},,,,,,,,,,,{23},
LN04678746,"A468,A543",2,,,,{80},,,,,,,,,,,{23},
LN02159998,"A468,A543",2,,,,{78},,,,,,,,,,,{23},
LN04624226,"A468,A543",2,,,,"{85, 86}",,,,,,,,,,,{23},
LN05625298,"A468,A543",2,,,,{77},,,,,,,,,,,{23},
LN05821993,"A468,A543",2,,,,{90},,,,,,,,,,,{23},
LN04910335,"A468,A543",2,,,,{77},,,,,,,,,,,{23},
LN01814096,"A468,A543",2,,,,{75},,,,,,,,,,,{23},
LN02165760,"A468,A543",2,,,,{72},,,,,,,,,,,{23},
LN01359595,"A468,A543",2,,,,{79},,,,,,,,,,,{23},
LN01887803,"A468,A543",2,,,,{79},,,,,,,,,,,{23},
LN05448113,"A468,A543",2,,,,{77},,,,,,,,,,,{23},
LN00004808,"A467,A543",2,,{77},,,,,,,,,,,,,{23},
LN00213675,"A467,A543",2,,{77},,,,,,,,,,,,,{23},
LN05632765,"A468,A543",2,,,,{78},,,,,,,,,,,{23},
LN04601435,"A468,A543",2,,,,{73},,,,,,,,,,,{23},
LN00342304,"A468,A543",2,,,,{80},,,,,,,,,,,{23},
LN00116206,"A468,A543",2,,,,{77},,,,,,,,,,,{23},
LN02176630,"A468,A543",2,,,,{77},,,,,,,,,,,{23},
LN00159432,"A468,A543",2,,,,{79},,,,,,,,,,,{23},
LN00370652,A543,1,,,,,,,,,,,,,,,{23},
LN00268761,"A467,A468,A543",3,{41},,,{80},,,,,,,,,,,{23},
LN01347456,A543,1,,,,,,,,,,,,,,,{23},
LN03244570,"A467,A543",2,,{78},,,,,,,,,,,,,{23},
LN02134719,"A468,A543",2,,,,{78},,,,,,,,,,,{23},
LN00110413,A543,1,,,,,,,,,,,,,,,{23},
LN00219110,"A468,A543",2,,,,{79},,,,,,,,,,,{23},
LN03268454,"A468,A543",2,,,,{81},,,,,,,,,,,{23},
LN05336588,"A468,A543",2,,,,{78},,,,,,,,,,,{23},
LN00241515,"A468,A543",2,,,,{79},,,,,,,,,,,{23},
LN00171914,"A467,A543",2,,{76},,,,,,,,,,,,,{23},
LN00235250,"A468,A543",2,,,,{79},,,,,,,,,,,{23},
LN05429155,"A468,A543",2,,,,{77},,,,,,,,,,,{23},
LN00174243,A543,1,,,,,,,,,,,,,,,{23},
LN02176557,A543,1,,,,,,,,,,,,,,,{23},
LN02159014,"A468,A543",2,,,,{74},,,,,,,,,,,{23},
LN00190451,"A468,A543",2,,,,{77},,,,,,,,,,,{23},
LN00231415,"A468,A543",2,,,,{78},,,,,,,,,,,{23},
LN05458918,"A536,A543",2,,,,,,,,,,,{43},,,,{23},
LN06140515,"A468,A543",2,,,,{87},,,,,,,,,,,{23},
LN02168554,"A468,A543",2,,,,{80},,,,,,,,,,,{23},
LN01331369,"A468,A543",2,,,,{79},,,,,,,,,,,{23},
LN05441529,A543,1,,,,,,,,,,,,,,,{23},
LN05442483,"A468,A543",2,,,,{76},,,,,,,,,,,{23},
LN03254149,"A468,A543",2,,,,{81},,,,,,,,,,,{23},
LN01359005,"A468,A543",2,,,,{76},,,,,,,,,,,{23},
LN06112111,A543,1,,,,,,,,,,,,,,,{23},
LN01244882,"A468,A543",2,,,,{78},,,,,,,,,,,{23},
LN00223760,"A468,A543",2,,,,{77},,,,,,,,,,,{23},
LN00143486,"A467,A543",2,,{81},,,,,,,,,,,,,{23},
LN03271441,"A468,A543",2,,,,{78},,,,,,,,,,,{23},
LN02004122,"A467,A543",2,,{80},,,,,,,,,,,,,{23},
LN02170251,"A468,A543",2,,,,{76},,,,,,,,,,,{23},
LN02021342,"A468,A543",2,,,,{73},,,,,,,,,,,{23},
LN00173419,"A468,A543",2,,,,{76},,,,,,,,,,,{23},
LN00217707,A543,1,,,,,,,,,,,,,,,{23},
LN00247909,"A467,A543",2,,{78},,,,,,,,,,,,,{23},
LN00336324,"A468,A543",2,,,,{79},,,,,,,,,,,{23},
LN03264515,"A467,A543",2,,{77},,,,,,,,,,,,,{23},
LN03271881,A543,1,,,,,,,,,,,,,,,{23},
LN00339020,"A468,A543",2,,,,{76},,,,,,,,,,,{23},
LN01360720,"A468,A543",2,,,,{79},,,,,,,,,,,{23},
LN00183427,"A468,A543",2,,,,{81},,,,,,,,,,,{23},
LN01814776,"A468,A543",2,,,,{77},,,,,,,,,,,{23},
LN00229502,"A468,A543",2,,,,{74},,,,,,,,,,,{23},
LN04848286,"A467,A543",2,,{76},,,,,,,,,,,,,{23},
LN00187733,"A468,A543",2,,,,{79},,,,,,,,,,,{23},
LN04966984,"A468,A543",2,,,,{78},,,,,,,,,,,{23},
LN04783455,"A468,A543",2,,,,{80},,,,,,,,,,,{23},
LN04542390,"A468,A543",2,,,,{82},,,,,,,,,,,{23},
LN05458405,A543,1,,,,,,,,,,,,,,,{23},
LN02167702,"A468,A543",2,,,,{78},,,,,,,,,,,{23},
LN00222981,"A468,A543",2,,,,{75},,,,,,,,,,,{23},
LN04841696,"A468,A543",2,,,,{81},,,,,,,,,,,{23},
LN05729270,"A468,A543",2,,,,{86},,,,,,,,,,,{23},
LN05624653,"A468,A543",2,,,,{86},,,,,,,,,,,{23},
LN05427776,A543,1,,,,,,,,,,,,,,,{23},
LN01366252,"A468,A543",2,,,,{80},,,,,,,,,,,{23},
LN00609034,"A468,A543",2,,,,{93},,,,,,,,,,,{23},
LN05346378,"A468,A543",2,,,,{82},,,,,,,,,,,{23},
LN01997507,"A468,A543",2,,,,{84},,,,,,,,,,,{23},
LN00157095,"A468,A543",2,,,,{78},,,,,,,,,,,{23},
LN02026807,"A468,A543",2,,,,{77},,,,,,,,,,,{23},
LN04913892,"A468,A543",2,,,,{81},,,,,,,,,,,{23},
LN01359494,"A468,A543",2,,,,{85},,,,,,,,,,,{23},
LN01263436,"A468,A543",2,,,,{87},,,,,,,,,,,{23},
LN04599323,"A468,A543",2,,,,{81},,,,,,,,,,,{23},
LN00172690,"A467,A468,A543",3,,{82},,{82},,,,,,,,,,,{23},
LN03247660,"A468,A543",2,,,,{78},,,,,,,,,,,{23},
LN00170110,"A468,A543",2,,,,{75},,,,,,,,,,,{23},
LN04818052,"A468,A543",2,,,,{78},,,,,,,,,,,{23},
LN00173494,A543,1,,,,,,,,,,,,,,,{23},
LN00337146,"A468,A543",2,,,,{80},,,,,,,,,,,{23},
LN05528180,A543,1,,,,,,,,,,,,,,,{23},
LN00156307,"A467,A543",2,,{77},,,,,,,,,,,,,{23},
LN00242564,"A468,A543",2,,,,{80},,,,,,,,,,,{23},
LN01362073,"A468,A543",2,,,,{94},,,,,,,,,,,{23},
LN05429485,"A468,A543",2,,,,{81},,,,,,,,,,,{23},
LN05457855,"A468,A543",2,,,,{81},,,,,,,,,,,{23},
LN02661139,"A468,A543",2,,,,{83},,,,,,,,,,,{23},
LN05525753,"A468,A543",2,,,,{82},,,,,,,,,,,{23},
LN05448109,"A467,A468,A543",3,,{80},,{80},,,,,,,,,,,{23},
LN02153852,"A468,A543",2,,,,{82},,,,,,,,,,,{23},
LN05442397,"A468,A543",2,,,,{72},,,,,,,,,,,{23},
LN00486754,A543,1,,,,,,,,,,,,,,,{23},
LN04642257,"A468,A543",2,,,,{80},,,,,,,,,,,{23},
LN05465479,"A468,A473,A543",3,,,,{76},,,,{75},,,,,,,{23},
LN05338000,"A468,A543",2,,,,{79},,,,,,,,,,,{23},
LN01331441,"A468,A543",2,,,,{78},,,,,,,,,,,{23},
LN03256482,"A468,A543",2,,,,{75},,,,,,,,,,,{23},
LN02152418,"A468,A543",2,,,,{78},,,,,,,,,,,{23},
LN03266931,"A468,A543",2,,,,{81},,,,,,,,,,,{23},
LN01751347,"A468,A543",2,,,,{82},,,,,,,,,,,{23},
LN05366955,"A468,A543",2,,,,{81},,,,,,,,,,,{23},
LN01357478,"A468,A543",2,,,,{77},,,,,,,,,,,{23},
LN05427394,"A467,A543",2,,{78},,,,,,,,,,,,,{23},
LN00003752,"A468,A543",2,,,,{82},,,,,,,,,,,{23},
LN00176759,"A468,A543",2,,,,{76},,,,,,,,,,,{23},
LN05447707,"A468,A543",2,,,,{78},,,,,,,,,,,{23},
LN05667812,"A468,A543",2,,,,{74},,,,,,,,,,,{23},
LN05438207,"A468,A543",2,,,,{86},,,,,,,,,,,{23},
LN00171516,A543,1,,,,,,,,,,,,,,,{23},
LN00196419,"A468,A543",2,,,,{81},,,,,,,,,,,{23},
LN00122246,"A468,A543",2,,,,{77},,,,,,,,,,,{23},
LN01268326,"A468,A543",2,,,,{78},,,,,,,,,,,{23},
LN04595460,"A468,A543",2,,,,{83},,,,,,,,,,,{23},
LN01281493,"A468,A543",2,,,,{86},,,,,,,,,,,{23},
LN00002794,A543,1,,,,,,,,,,,,,,,{23},
LN05478029,"A468,A543",2,,,,{78},,,,,,,,,,,{23},
LN00002482,"A468,A543",2,,,,{74},,,,,,,,,,,{23},
LN00247449,"A468,A543",2,,,,{77},,,,,,,,,,,{23},
LN01999851,A543,1,,,,,,,,,,,,,,,{23},
LN04840662,"A468,A543",2,,,,{75},,,,,,,,,,,{23},
LN00176638,"A468,A543",2,,,,{76},,,,,,,,,,,{23},
LN00337724,"A467,A543",2,,{79},,,,,,,,,,,,,{23},
LN03268535,"A468,A543",2,,,,{80},,,,,,,,,,,{23},
LN04548301,A543,1,,,,,,,,,,,,,,,{23},
LN00148199,"A468,A543",2,,,,{80},,,,,,,,,,,{23},
LN03254671,"A467,A543",2,,{80},,,,,,,,,,,,,{23},
LN01373086,"A468,A543",2,,,,{80},,,,,,,,,,,{23},
LN02042945,"A468,A543",2,,,,{78},,,,,,,,,,,{23},
LN00110158,"A468,A543",2,,,,{76},,,,,,,,,,,{23},
LN00009540,"A468,A543",2,,,,{74},,,,,,,,,,,{23},
LN04863313,A543,1,,,,,,,,,,,,,,,{23},
LN00002670,"A468,A543",2,,,,{77},,,,,,,,,,,{23},
LN01999612,"A468,A543",2,,,,{78},,,,,,,,,,,{23},
LN04804427,"A468,A543",2,,,,{79},,,,,,,,,,,{23},
LN01868226,"A468,A543",2,,,,{78},,,,,,,,,,,{23},
LN05437802,"A468,A543",2,,,,{79},,,,,,,,,,,{23},
LN00182798,"A467,A543",2,,{79},,,,,,,,,,,,,{23},
LN00117460,"A468,A543",2,,,,{75},,,,,,,,,,,{23},
LN02185129,"A468,A543",2,,,,{79},,,,,,,,,,,{23},
LN05442106,"A468,A543",2,,,,"{77, 79}",,,,,,,,,,,{23},
LN03247729,"A468,A543",2,,,,{92},,,,,,,,,,,{23},
LN02022577,"A468,A543",2,,,,{75},,,,,,,,,,,{23},
LN03254133,"A467,A543",2,,{78},,,,,,,,,,,,,{23},
LN00336859,"A468,A543",2,,,,{77},,,,,,,,,,,{23},
LN00185198,"A468,A543",2,,,,{78},,,,,,,,,,,{23},
LN01374140,"A468,A543",2,,,,{80},,,,,,,,,,,{23},
LN05729272,"A468,A543",2,,,,{90},,,,,,,,,,,{23},
LN00161702,"A468,A543",2,,,,{78},,,,,,,,,,,{23},
LN00194124,"A468,A543",2,,,,{82},,,,,,,,,,,{23},
LN05428588,"A468,A543",2,,,,{81},,,,,,,,,,,{23},
LN01477517,"A468,A543",2,,,,{77},,,,,,,,,,,{23},
LN05429537,"A468,A543",2,,,,{76},,,,,,,,,,,{23},
LN02189824,"A468,A543",2,,,,{80},,,,,,,,,,,{23},
LN00182037,"A468,A543",2,,,,{81},,,,,,,,,,,{23},
LN00197367,"A468,A543",2,,,,{76},,,,,,,,,,,{23},
LN02170577,"A468,A543",2,,,,{80},,,,,,,,,,,{23},
LN02138893,"A468,A543",2,,,,{79},,,,,,,,,,,{23},
LN00170929,"A468,A543",2,,,,{75},,,,,,,,,,,{23},
LN00004762,"A467,A543",2,,{80},,,,,,,,,,,,,{23},
LN02151998,"A468,A543",2,,,,{78},,,,,,,,,,,{23},
LN05007793,"A468,A543",2,,,,{80},,,,,,,,,,,{23},
LN02154106,"A468,A543",2,,,,{83},,,,,,,,,,,{23},
LN01372990,"A468,A543",2,,,,{78},,,,,,,,,,,{23},
LN05464250,"A467,A543",2,{42},,,,,,,,,,,,,,{23},
LN04548263,A543,1,,,,,,,,,,,,,,,{23},
LN02123428,"A468,A543",2,,,,{76},,,,,,,,,,,{23},
LN01373223,"A468,A543",2,,,,{78},,,,,,,,,,,{23},
LN04699003,"A468,A543",2,,,,{74},,,,,,,,,,,{23},
LN00004542,"A467,A543",2,,{76},,,,,,,,,,,,,{23},
LN00183299,"A468,A543",2,,,,{80},,,,,,,,,,,{23},
LN00174081,A543,1,,,,,,,,,,,,,,,{23},
LN02155405,"A468,A543",2,,,,{76},,,,,,,,,,,{23},
LN00220604,"A468,A543",2,,,,{74},,,,,,,,,,,{23},
LN00338332,A543,1,,,,,,,,,,,,,,,{23},
LN01813325,A543,1,,,,,,,,,,,,,,,{23},
LN01110466,"A468,A543",2,,,,{71},,,,,,,,,,,{23},
LN02188856,"A468,A543",2,,,,{81},,,,,,,,,,,{23},
LN05427991,"A468,A543",2,,,,{81},,,,,,,,,,,{23},
LN01364031,"A468,A543",2,,,,{75},,,,,,,,,,,{23},
LN04837563,"A468,A543",2,,,,{82},,,,,,,,,,,{23},
LN04844031,"A468,A543",2,,,,{79},,,,,,,,,,,{23},
LN01358486,"A468,A473,A543",3,,,,{75},,,,{76},,,,,,,{23},
LN00168986,"A468,A543",2,,,,{76},,,,,,,,,,,{23},
LN00288499,"A467,A543",2,,{79},,,,,,,,,,,,,{23},
LN01868324,"A468,A543",2,,,,{82},,,,,,,,,,,{23},
LN05423545,"A468,A543",2,,,,{80},,,,,,,,,,,{23},
LN04598721,"A468,A543",2,,,,{77},,,,,,,,,,,{23},
LN01341523,"A468,A543",2,,,,{82},,,,,,,,,,,{23},
LN04743586,"A468,A543",2,,,,{76},,,,,,,,,,,{23},
LN04966902,"A468,A543",2,,,,{83},,,,,,,,,,,{23},
LN03246896,"A468,A543",2,,,,{81},,,,,,,,,,,{23},
LN01378271,A543,1,,,,,,,,,,,,,,,{23},
LN03252844,"A468,A543",2,,,,{80},,,,,,,,,,,{23},
LN01995715,"A468,A543",2,,,,{81},,,,,,,,,,,{23},
LN00233766,"A468,A543",2,,,,{78},,,,,,,,,,,{23},
LN02003364,"A468,A543",2,,,,{75},,,,,,,,,,,{23},
LN05441707,"A468,A543",2,,,,{80},,,,,,,,,,,{23},
LN04671470,"A468,A543",2,,,,{79},,,,,,,,,,,{23},
LN06130238,"A468,A543",2,,,,{81},,,,,,,,,,,{23},
LN01361723,"A468,A543",2,,,,{80},,,,,,,,,,,{23},
LN00335836,A543,1,,,,,,,,,,,,,,,{23},
LN03249502,"A468,A543",2,,,,{81},,,,,,,,,,,{23},
LN01867323,"A468,A543",2,,,,{76},,,,,,,,,,,{23},
LN02191370,A543,1,,,,,,,,,,,,,,,{23},
LN04911044,"A467,A543",2,,{77},,,,,,,,,,,,,{23},
LN05368635,"A468,A538,A543",3,,,,"{73, 75}",,,,,,{81},,,,,{23},
LN01312436,"A468,A543",2,,,,{81},,,,,,,,,,,{23},
LN00170716,"A468,A543",2,,,,{80},,,,,,,,,,,{23},
LN06310251,"A468,A543",2,,,,{80},,,,,,,,,,,{23},
LN01364268,"A468,A543",2,,,,{78},,,,,,,,,,,{23},
LN01261644,"A468,A543",2,,,,{79},,,,,,,,,,,{23},
LN00147353,"A468,A543",2,,,,{79},,,,,,,,,,,{23},
LN05471180,"A467,A543",2,,{78},,,,,,,,,,,,,{23},
LN01360997,"A468,A543",2,,,,{76},,,,,,,,,,,{23},
LN05703179,"A467,A543",2,,{77},,,,,,,,,,,,,{23},
LN01248843,A543,1,,,,,,,,,,,,,,,{23},
LN04963189,"A468,A543",2,,,,{77},,,,,,,,,,,{23},
LN05366699,"A468,A543",2,,,,{80},,,,,,,,,,,{23},
LN05377266,"A468,A543",2,,,,{76},,,,,,,,,,,{23},
LN02038197,"A468,A543",2,,,,{79},,,,,,,,,,,{23},
LN00150751,"A468,A543",2,,,,{80},,,,,,,,,,,{23},
LN02158387,"A468,A543",2,,,,{79},,,,,,,,,,,{23},
LN02040879,"A468,A543",2,,,,{81},,,,,,,,,,,{23},
LN01800481,"A468,A543",2,,,,{81},,,,,,,,,,,{23},
LN00338998,"A468,A543",2,,,,{82},,,,,,,,,,,{23},
LN05471736,"A468,A543",2,,,,{80},,,,,,,,,,,{23},
LN01348566,A543,1,,,,,,,,,,,,,,,{23},
LN00171936,"A468,A543",2,,,,{75},,,,,,,,,,,{23},
LN01025354,"A468,A543",2,,,,{81},,,,,,,,,,,{23},
LN01809506,"A468,A543",2,,,,{79},,,,,,,,,,,{23},
LN00145748,"A468,A543",2,,,,{78},,,,,,,,,,,{23},
LN05488206,"A468,A543",2,,,,{78},,,,,,,,,,,{23},
LN00187032,"A468,A543",2,,,,{82},,,,,,,,,,,{23},
LN01242686,A543,1,,,,,,,,,,,,,,,{23},
LN05342133,"A468,A543",2,,,,{81},,,,,,,,,,,{23},
LN04540470,"A468,A543",2,,,,{77},,,,,,,,,,,{23},
LN00157400,"A467,A543",2,,{77},,,,,,,,,,,,,{23},
LN01353435,"A468,A543",2,,,,{77},,,,,,,,,,,{23},
LN05362354,"A468,A473,A543",3,,,,{78},,,,{77},,,,,,,{23},
LN00173152,"A468,A543",2,,,,{73},,,,,,,,,,,{23},
LN01329956,A543,1,,,,,,,,,,,,,,,{23},
LN02195120,"A468,A543",2,,,,{83},,,,,,,,,,,{23},
LN00239881,"A467,A543",2,,{78},,,,,,,,,,,,,{23},
LN04805768,"A468,A543",2,,,,{78},,,,,,,,,,,{23},
LN02012493,"A468,A543",2,,,,{83},,,,,,,,,,,{23},
LN04601671,"A467,A468,A543",3,,{76},,{77},,,,,,,,,,,{23},
LN04546258,"A468,A543",2,,,,{79},,,,,,,,,,,{23},
LN01815270,"A468,A543",2,,,,{81},,,,,,,,,,,{23},
LN03274044,"A468,A543",2,,,,{78},,,,,,,,,,,{23},
LN00221207,A543,1,,,,,,,,,,,,,,,{23},
LN05377061,"A468,A543",2,,,,{77},,,,,,,,,,,{23},
LN00177296,"A468,A543",2,,,,{76},,,,,,,,,,,{23},
LN03246565,"A468,A543",2,,,,{79},,,,,,,,,,,{23},
LN00241962,"A468,A473,A543",3,,,,{80},,,,{79},,,,,,,{23},
LN00174043,"A468,A543",2,,,,{74},,,,,,,,,,,{23},
LN00166963,A543,1,,,,,,,,,,,,,,,{23},
LN02155691,A543,1,,,,,,,,,,,,,,,{23},
LN01325363,"A468,A543",2,,,,{78},,,,,,,,,,,{23},
LN02175301,"A468,A543",2,,,,{78},,,,,,,,,,,{23},
LN05441782,"A468,A543",2,,,,{74},,,,,,,,,,,{23},
LN03273249,"A467,A543",2,,{82},,,,,,,,,,,,,{23},
LN02041006,A543,1,,,,,,,,,,,,,,,{23},
LN02041827,"A468,A543",2,,,,{87},,,,,,,,,,,{23},
LN00217660,"A468,A543",2,,,,{75},,,,,,,,,,,{23},
LN00157973,"A468,A543",2,,,,{76},,,,,,,,,,,{23},
LN04610386,"A468,A543",2,,,,{83},,,,,,,,,,,{23},
LN00182394,"A468,A543",2,,,,{76},,,,,,,,,,,{23},
LN02660966,"A468,A536,A543",3,,,,{76},,,,,,,{41},,,,{23},
LN00243070,"A467,A543",2,,{75},,,,,,,,,,,,,{23},
LN02166128,"A468,A543",2,,,,{76},,,,,,,,,,,{23},
LN02158408,"A468,A543",2,,,,{76},,,,,,,,,,,{23},
LN01868034,A543,1,,,,,,,,,,,,,,,{23},
LN05834896,"A468,A543",2,,,,{82},,,,,,,,,,,{23},
LN00177222,A543,1,,,,,,,,,,,,,,,{23},
LN01804489,"A468,A473,A543",3,,,,{77},,,,{78},,,,,,,{23},
LN04607695,"A468,A543",2,,,,{79},,,,,,,,,,,{23},
LN05424262,"A468,A543",2,,,,{80},,,,,,,,,,,{23},
LN05368095,"A468,A543",2,,,,{82},,,,,,,,,,,{23},
LN05425810,"A468,A543",2,,,,{82},,,,,,,,,,,{23},
LN05535753,"A468,A543",2,,,,{84},,,,,,,,,,,{23},
LN05520658,"A467,A543",2,,{79},,,,,,,,,,,,,{23},
LN00235097,"A468,A543",2,,,,{78},,,,,,,,,,,{23},
LN00225585,"A468,A543",2,,,,{79},,,,,,,,,,,{23},
LN02153432,"A468,A543",2,,,,{74},,,,,,,,,,,{23},
LN02152545,"A468,A543",2,,,,{77},,,,,,,,,,,{23},
LN05427601,"A468,A543",2,,,,{77},,,,,,,,,,,{23},
LN06132454,"A467,A543",2,,{81},,,,,,,,,,,,,{23},
LN00244164,"A468,A543",2,,,,{81},,,,,,,,,,,{23},
LN04652400,"A468,A543",2,,,,{75},,,,,,,,,,,{23},
LN02660737,"A468,A543",2,,,,{77},,,,,,,,,,,{23},
LN00219909,"A467,A543",2,,{77},,,,,,,,,,,,,{23},
LN01741219,"A468,A543",2,,,,{87},,,,,,,,,,,{23},
LN00222371,"A468,A543",2,,,,{77},,,,,,,,,,,{23},
LN04835725,"A468,A543",2,,,,{77},,,,,,,,,,,{23},
LN00183440,"A468,A543",2,,,,{77},,,,,,,,,,,{23},
LN01316868,"A468,A543",2,,,,{79},,,,,,,,,,,{23},
LN04699633,"A468,A543",2,,,,{74},,,,,,,,,,,{23},
LN02011709,"A468,A543",2,,,,{80},,,,,,,,,,,{23},
LN05449238,A543,1,,,,,,,,,,,,,,,{23},
LN03247620,"A467,A543",2,,{80},,,,,,,,,,,,,{23},
LN00216974,"A468,A543",2,,,,{72},,,,,,,,,,,{23},
LN00152377,"A468,A543",2,,,,{80},,,,,,,,,,,{23},
LN04534005,"A467,A543",2,,{78},,,,,,,,,,,,,{23},
LN02185147,"A468,A543",2,,,,{77},,,,,,,,,,,{23},
LN05441088,"A468,A543",2,,,,{77},,,,,,,,,,,{23},
LN00267224,"A468,A543",2,,,,{84},,,,,,,,,,,{23},
LN01329697,"A468,A543",2,,,,{85},,,,,,,,,,,{23},
LN05515604,"A468,A543",2,,,,{78},,,,,,,,,,,{23},
LN00314911,"A468,A543",2,,,,{77},,,,,,,,,,,{23},
LN05447372,"A468,A543",2,,,,{77},,,,,,,,,,,{23},
LN04863592,"A468,A543",2,,,,{74},,,,,,,,,,,{23},
LN05038217,"A468,A543",2,,,,{77},,,,,,,,,,,{23},
LN04966517,"A468,A543",2,,,,{84},,,,,,,,,,,{23},
LN01808079,"A468,A543",2,,,,{72},,,,,,,,,,,{23},
LN01274854,"A468,A543",2,,,,{85},,,,,,,,,,,{23},
LN02003531,"A468,A543",2,,,,{85},,,,,,,,,,,{23},
LN00173321,"A467,A543",2,,{76},,,,,,,,,,,,,{23},
LN00008624,A543,1,,,,,,,,,,,,,,,{23},
LN01807561,"A467,A468,A543",3,,{81},,{81},,,,,,,,,,,{23},
LN00172604,"A468,A543",2,,,,{77},,,,,,,,,,,{23},
LN03263823,"A467,A543",2,,{79},,,,,,,,,,,,,{23},
LN00173347,"A468,A543",2,,,,{81},,,,,,,,,,,{23},
LN05580511,"A468,A543",2,,,,{81},,,,,,,,,,,{23},
LN01799924,"A468,A543",2,,,,{81},,,,,,,,,,,{23},
LN01809461,"A468,A543",2,,,,{77},,,,,,,,,,,{23},
LN06135182,"A468,A543",2,,,,{80},,,,,,,,,,,{23},
LN02122765,"A468,A536,A543",3,,,,{75},,,,,,,{42},,,,{23},
LN04547921,"A467,A468,A543",3,,{83},,{84},,,,,,,,,,,{23},
LN00165722,"A468,A543",2,,,,{78},,,,,,,,,,,{23},
LN01241379,"A468,A543",2,,,,{76},,,,,,,,,,,{23},
LN00116502,"A468,A543",2,,,,{82},,,,,,,,,,,{23},
LN03247607,"A468,A543",2,,,,{77},,,,,,,,,,,{23},
LN04672709,"A468,A473,A543",3,,,,{74},,,,{75},,,,,,,{23},
LN04820588,A543,1,,,,,,,,,,,,,,,{23},
LN02013635,"A468,A543",2,,,,{84},,,,,,,,,,,{23},
LN00243563,"A468,A543",2,,,,{80},,,,,,,,,,,{23},
LN02191509,"A468,A536,A543",3,,,,{82},,,,,,,{46},,,,{23},
LN05450446,"A468,A543",2,,,,{79},,,,,,,,,,,{23},
LN01747236,"A468,A543",2,,,,{78},,,,,,,,,,,{23},
LN00172818,"A467,A543",2,,{76},,,,,,,,,,,,,{23},
LN00394377,"A468,A543",2,,,,{80},,,,,,,,,,,{23},
LN02132345,"A468,A543",2,,,,{76},,,,,,,,,,,{23},
LN01354197,"A468,A543",2,,,,{78},,,,,,,,,,,{23},
LN03266727,"A468,A543",2,,,,{80},,,,,,,,,,,{23},
LN02154681,"A468,A543",2,,,,{81},,,,,,,,,,,{23},
LN01354170,A543,1,,,,,,,,,,,,,,,{23},
LN00175117,"A468,A543",2,,,,{81},,,,,,,,,,,{23},
LN02192327,"A468,A543",2,,,,{79},,,,,,,,,,,{23},
LN02188088,"A468,A543",2,,,,{77},,,,,,,,,,,{23},
LN02185301,"A468,A543",2,,,,{78},,,,,,,,,,,{23},
LN02009618,"A468,A543",2,,,,{82},,,,,,,,,,,{23},
LN05448012,"A468,A543",2,,,,{77},,,,,,,,,,,{23},
LN04598969,"A467,A468,A543",3,,{78},,{79},,,,,,,,,,,{23},
LN02000670,"A468,A543",2,,,,{82},,,,,,,,,,,{23},
LN05380376,"A468,A543",2,,,,{81},,,,,,,,,,,{23},
LN05365641,"A468,A543",2,,,,{74},,,,,,,,,,,{23},
LN04634548,"A468,A543",2,,,,{75},,,,,,,,,,,{23},
LN00222034,"A468,A543",2,,,,{76},,,,,,,,,,,{23},
LN03255452,"A468,A543",2,,,,{79},,,,,,,,,,,{23},
LN00121438,A543,1,,,,,,,,,,,,,,,{23},
LN05360683,A543,1,,,,,,,,,,,,,,,{23},
LN00149255,A543,1,,,,,,,,,,,,,,,{23},
LN00216538,A543,1,,,,,,,,,,,,,,,{23},
LN00150868,"A468,A543",2,,,,{77},,,,,,,,,,,{23},
LN01353427,"A468,A543",2,,,,{73},,,,,,,,,,,{23},
LN03245188,"A468,A543",2,,,,{74},,,,,,,,,,,{23},
LN00004375,"A467,A468,A543",3,{43},,,{82},,,,,,,,,,,{23},
LN00217823,"A468,A543",2,,,,{81},,,,,,,,,,,{23},
LN02042634,A543,1,,,,,,,,,,,,,,,{23},
LN03251248,"A468,A543",2,,,,{81},,,,,,,,,,,{23},
LN05368363,"A468,A543",2,,,,{83},,,,,,,,,,,{23},
LN00118555,"A468,A543",2,,,,{78},,,,,,,,,,,{23},
LN04849205,"A468,A543",2,,,,{77},,,,,,,,,,,{23},
LN05428748,"A468,A543",2,,,,{75},,,,,,,,,,,{23},
LN03242293,"A467,A468,A543",3,,{82},,{83},,,,,,,,,,,{23},
LN02012294,"A468,A543",2,,,,{80},,,,,,,,,,,{23},
LN03249688,"A467,A468,A543",3,,{77},,{77},,,,,,,,,,,{23},
LN04953781,"A468,A543",2,,,,{81},,,,,,,,,,,{23},
LN04918010,"A468,A543",2,,,,{75},,,,,,,,,,,{23},
LN00221169,"A468,A543",2,,,,{78},,,,,,,,,,,{23},
LN00172231,"A468,A543",2,,,,{75},,,,,,,,,,,{23},
LN03246222,"A468,A543",2,,,,{80},,,,,,,,,,,{23},
LN05430835,"A468,A543",2,,,,{89},,,,,,,,,,,{23},
LN02057246,"A467,A543",2,,{76},,,,,,,,,,,,,{23},
LN00132557,"A468,A543",2,,,,{77},,,,,,,,,,,{23},
LN03249021,A543,1,,,,,,,,,,,,,,,{23},
LN04969917,A543,1,,,,,,,,,,,,,,,{23},
LN04804520,"A468,A543",2,,,,{78},,,,,,,,,,,{23},
LN04972411,"A468,A543",2,,,,{83},,,,,,,,,,,{23},
LN01477291,"A468,A543",2,,,,{84},,,,,,,,,,,{23},
LN00187714,"A468,A543",2,,,,{81},,,,,,,,,,,{23},
LN04539386,"A468,A543",2,,,,{79},,,,,,,,,,,{23},
LN00158830,"A468,A543",2,,,,{76},,,,,,,,,,,{23},
LN05456964,"A468,A543",2,,,,{80},,,,,,,,,,,{23},
LN05350229,"A467,A543",2,,{77},,,,,,,,,,,,,{23},
LN00126602,"A468,A543",2,,,,{81},,,,,,,,,,,{23},
LN03256689,"A468,A543",2,,,,{75},,,,,,,,,,,{23},
LN05343133,"A468,A543",2,,,,{77},,,,,,,,,,,{23},
LN02006467,A543,1,,,,,,,,,,,,,,,{23},
LN05442330,"A468,A543",2,,,,{76},,,,,,,,,,,{23},
LN05811931,"A468,A543",2,,,,{81},,,,,,,,,,,{23},
LN05527199,"A468,A543",2,,,,{81},,,,,,,,,,,{23},
LN04814144,"A468,A543",2,,,,{77},,,,,,,,,,,{23},
LN04616604,"A468,A543",2,,,,{76},,,,,,,,,,,{23},
LN04967076,"A468,A543",2,,,,{74},,,,,,,,,,,{23},
LN02165508,"A468,A543",2,,,,{75},,,,,,,,,,,{23},
LN06127563,"A468,A543",2,,,,{80},,,,,,,,,,,{23},
LN01320736,"A468,A543",2,,,,{80},,,,,,,,,,,{23},
LN00188764,"A468,A543",2,,,,{78},,,,,,,,,,,{23},
LN02194329,"A468,A543",2,,,,{77},,,,,,,,,,,{23},
LN03240232,"A468,A543",2,,,,{77},,,,,,,,,,,{23},
LN03267957,"A468,A543",2,,,,{76},,,,,,,,,,,{23},
LN05090784,"A468,A543",2,,,,{91},,,,,,,,,,,{23},
LN04603741,"A468,A543",2,,,,{76},,,,,,,,,,,{23},
LN04997803,"A467,A543",2,{40},,,,,,,,,,,,,,{23},
LN02040953,"A468,A543",2,,,,{82},,,,,,,,,,,{23},
LN00003099,A543,1,,,,,,,,,,,,,,,{23},
LN05440620,"A468,A543",2,,,,{78},,,,,,,,,,,{23},
LN00142554,"A468,A543",2,,,,{84},,,,,,,,,,,{23},
LN00171278,"A468,A543",2,,,,{78},,,,,,,,,,,{23},
LN05441290,"A468,A543",2,,,,{84},,,,,,,,,,,{23},
LN04736347,"A468,A543",2,,,,{79},,,,,,,,,,,{23},
LN04547777,"A468,A543",2,,,,{81},,,,,,,,,,,{23},
LN04902237,"A468,A543",2,,,,{77},,,,,,,,,,,{23},
LN00172787,"A468,A543",2,,,,{79},,,,,,,,,,,{23},
LN00116368,"A468,A543",2,,,,{75},,,,,,,,,,,{23},
LN04650389,"A468,A543",2,,,,{78},,,,,,,,,,,{23},
LN05457982,"A468,A543",2,,,,{74},,,,,,,,,,,{23},
LN02157340,"A468,A543",2,,,,{78},,,,,,,,,,,{23},
LN00244103,"A468,A543",2,,,,{78},,,,,,,,,,,{23},
LN00232294,"A468,A543",2,,,,{80},,,,,,,,,,,{23},
LN00180136,"A468,A543",2,,,,{78},,,,,,,,,,,{23},
LN00174590,"A468,A536,A543",3,,,,{78},,,,,,,{46},,,,{23},
LN00242755,"A468,A543",2,,,,{77},,,,,,,,,,,{23},
LN00246533,"A468,A543",2,,,,{77},,,,,,,,,,,{23},
LN00296210,"A468,A543",2,,,,{77},,,,,,,,,,,{23},
LN00157693,"A468,A543",2,,,,{78},,,,,,,,,,,{23},
LN00337025,"A468,A543",2,,,,{74},,,,,,,,,,,{23},
LN04691666,"A468,A543",2,,,,{77},,,,,,,,,,,{23},
LN05442843,"A468,A543",2,,,,{75},,,,,,,,,,,{23},
LN03257710,"A468,A543",2,,,,{76},,,,,,,,,,,{23},
LN03236131,"A468,A543",2,,,,{84},,,,,,,,,,,{23},
LN00588853,"A468,A543",2,,,,{85},,,,,,,,,,,{23},
LN01361199,"A468,A543",2,,,,{82},,,,,,,,,,,{23},
LN05361921,"A468,A543",2,,,,{77},,,,,,,,,,,{23},
LN05368338,"A468,A543",2,,,,{78},,,,,,,,,,,{23},
LN01815753,"A468,A473,A543",3,,,,{77},,,,{75},,,,,,,{23},
LN00131590,"A468,A543",2,,,,{75},,,,,,,,,,,{23},
LN01353132,"A468,A543",2,,,,{81},,,,,,,,,,,{23},
LN02156258,"A467,A543",2,,{77},,,,,,,,,,,,,{23},
LN00139042,"A468,A543",2,,,,{81},,,,,,,,,,,{23},
LN02160460,"A468,A543",2,,,,{77},,,,,,,,,,,{23},
LN02174109,"A468,A543",2,,,,{80},,,,,,,,,,,{23},
LN04550542,A543,1,,,,,,,,,,,,,,,{23},
LN00337686,"A468,A543",2,,,,{77},,,,,,,,,,,{23},
LN04997807,"A468,A543",2,,,,{73},,,,,,,,,,,{23},
LN01813751,A543,1,,,,,,,,,,,,,,,{23},
LN04664880,"A468,A543",2,,,,{77},,,,,,,,,,,{23},
LN00215808,"A468,A543",2,,,,{80},,,,,,,,,,,{23},
LN00009840,"A468,A543",2,,,,{79},,,,,,,,,,,{23},
LN05375661,"A468,A543",2,,,,{80},,,,,,,,,,,{23},
LN01273567,"A468,A543",2,,,,{76},,,,,,,,,,,{23},
LN04938262,"A468,A543",2,,,,{79},,,,,,,,,,,{23},
LN05373201,"A468,A543",2,,,,{79},,,,,,,,,,,{23},
LN04083357,"A468,A543",2,,,,{82},,,,,,,,,,,{23},
LN06466461,"A468,A543",2,,,,{74},,,,,,,,,,,{23},
LN02155694,"A538,A543",2,,,,,,,,,,{76},,,,,{23},
LN02177169,"A468,A543",2,,,,{79},,,,,,,,,,,{23},
LN02170389,"A468,A543",2,,,,{83},,,,,,,,,,,{23},
LN00388035,"A468,A543",2,,,,{80},,,,,,,,,,,{23},
LN05440819,"A468,A543",2,,,,{75},,,,,,,,,,,{23},
LN05473902,"A468,A543",2,,,,{82},,,,,,,,,,,{23},
LN01348886,"A468,A543",2,,,,{85},,,,,,,,,,,{23},
LN00181376,"A468,A543",2,,,,{83},,,,,,,,,,,{23},
LN05823957,"A468,A543",2,,,,{77},,,,,,,,,,,{23},
LN01347008,"A468,A543",2,,,,{78},,,,,,,,,,,{23},
LN01330333,"A468,A543",2,,,,{74},,,,,,,,,,,{23},
LN03254608,"A468,A543",2,,,,{78},,,,,,,,,,,{23},
LN00336634,"A468,A543",2,,,,{76},,,,,,,,,,,{23},
LN05375931,"A468,A543",2,,,,{77},,,,,,,,,,,{23},
LN00164074,"A468,A543",2,,,,{79},,,,,,,,,,,{23},
LN00248798,"A468,A543",2,,,,{78},,,,,,,,,,,{23},
LN04605832,"A468,A543",2,,,,{82},,,,,,,,,,,{23},
LN00247874,"A468,A543",2,,,,{75},,,,,,,,,,,{23},
LN01364362,"A468,A543",2,,,,{82},,,,,,,,,,,{23},
LN01376371,"A468,A543",2,,,,{80},,,,,,,,,,,{23},
LN04641319,"A467,A468,A543",3,{44},,,{78},,,,,,,,,,,{23},
LN04551605,"A468,A543",2,,,,{80},,,,,,,,,,,{23},
LN00183756,"A468,A536,A543",3,,,,{76},,,,,,,{41},,,,{23},
LN05457969,"A468,A543",2,,,,{77},,,,,,,,,,,{23},
LN00336824,"A467,A543",2,,{77},,,,,,,,,,,,,{23},
LN01271480,"A468,A473,A543",3,,,,{74},,,,{83},,,,,,,{23},
LN04754186,"A468,A543",2,,,,{76},,,,,,,,,,,{23},
LN00214580,"A468,A543",2,,,,{83},,,,,,,,,,,{23},
LN02123796,"A467,A543",2,,{77},,,,,,,,,,,,,{23},
LN00144877,"A468,A543",2,,,,{83},,,,,,,,,,,{23},
LN04848343,"A468,A543",2,,,,{76},,,,,,,,,,,{23},
LN05487427,"A468,A543",2,,,,{74},,,,,,,,,,,{23},
LN05424447,A543,1,,,,,,,,,,,,,,,{23},
LN00191761,"A468,A543",2,,,,{86},,,,,,,,,,,{23},
LN01477346,"A468,A543",2,,,,{79},,,,,,,,,,,{23},
LN03253174,"A468,A543",2,,,,{80},,,,,,,,,,,{23},
LN05368921,"A468,A543",2,,,,{75},,,,,,,,,,,{23},
LN01269198,"A468,A536,A543",3,,,,{80},,,,,,,{42},,,,{23},
LN00217882,"A468,A543",2,,,,{82},,,,,,,,,,,{23},
LN01318311,A543,1,,,,,,,,,,,,,,,{23},
LN00182463,A543,1,,,,,,,,,,,,,,,{23},
LN04969541,"A468,A543",2,,,,{77},,,,,,,,,,,{23},
LN05449023,"A468,A543",2,,,,{74},,,,,,,,,,,{23},
LN05336470,"A468,A543",2,,,,{76},,,,,,,,,,,{23},
LN04619040,"A468,A543",2,,,,{78},,,,,,,,,,,{23},
LN05366116,"A467,A468,A543",3,,{77},,{77},,,,,,,,,,,{23},
LN02000075,"A468,A543",2,,,,{81},,,,,,,,,,,{23},
LN05461505,"A468,A543",2,,,,{79},,,,,,,,,,,{23},
LN05428678,"A468,A543",2,,,,{79},,,,,,,,,,,{23},
LN03254917,"A468,A543",2,,,,{78},,,,,,,,,,,{23},
LN00111791,"A468,A543",2,,,,{78},,,,,,,,,,,{23},
LN02187236,"A468,A543",2,,,,{77},,,,,,,,,,,{23},
LN05448463,"A468,A543",2,,,,{84},,,,,,,,,,,{23},
LN00125331,A543,1,,,,,,,,,,,,,,,{23},
LN02166929,"A468,A543",2,,,,{82},,,,,,,,,,,{23},
LN04911094,"A468,A543",2,,,,{78},,,,,,,,,,,{23},
LN04760129,"A468,A536,A543",3,,,,{75},,,,,,,{42},,,,{23},
LN01355592,"A468,A543",2,,,,{81},,,,,,,,,,,{23},
LN02136219,"A468,A543",2,,,,{89},,,,,,,,,,,{23},
LN00141422,"A468,A543",2,,,,{78},,,,,,,,,,,{23},
LN04703673,"A468,A543",2,,,,{80},,,,,,,,,,,{23},
LN00221818,"A468,A543",2,,,,{75},,,,,,,,,,,{23},
LN01368280,"A468,A543",2,,,,{77},,,,,,,,,,,{23},
LN05427711,"A468,A543",2,,,,{75},,,,,,,,,,,{23},
LN05440744,"A468,A543",2,,,,{77},,,,,,,,,,,{23},
LN02187319,"A468,A543",2,,,,{77},,,,,,,,,,,{23},
LN05359413,"A468,A543",2,,,,{76},,,,,,,,,,,{23},
LN05336706,"A468,A543",2,,,,{82},,,,,,,,,,,{23},
LN00188441,"A468,A543",2,,,,{77},,,,,,,,,,,{23},
LN05812179,"A468,A543",2,,,,{77},,,,,,,,,,,{23},
LN04816311,"A468,A543",2,,,,{73},,,,,,,,,,,{23},
LN00327727,"A468,A543",2,,,,{78},,,,,,,,,,,{23},
LN04599047,"A468,A543",2,,,,{76},,,,,,,,,,,{23},
LN02189673,A543,1,,,,,,,,,,,,,,,{23},
LN02166315,"A468,A543",2,,,,{89},,,,,,,,,,,{23},
LN01366088,"A468,A543",2,,,,{78},,,,,,,,,,,{23},
LN05464649,"A468,A543",2,,,,{88},,,,,,,,,,,{23},
LN05369301,"A468,A543",2,,,,{77},,,,,,,,,,,{23},
LN00216195,"A468,A543",2,,,,{78},,,,,,,,,,,{23},
LN05729272,"A468,A543",2,,,,{90},,,,,,,,,,,{23},
LN02169387,"A468,A543",2,,,,{78},,,,,,,,,,,{23},
LN00126343,"A468,A543",2,,,,{81},,,,,,,,,,,{23},
LN01871485,"A468,A543",2,,,,{75},,,,,,,,,,,{23},
LN00132619,"A468,A543",2,,,,{85},,,,,,,,,,,{23},
LN04804222,"A468,A543",2,,,,{77},,,,,,,,,,,{23},
LN02025926,A543,1,,,,,,,,,,,,,,,{23},
LN01354449,"A468,A543",2,,,,{81},,,,,,,,,,,{23},
LN01802115,"A468,A543",2,,,,{78},,,,,,,,,,,{23},
LN00169222,"A468,A543",2,,,,{77},,,,,,,,,,,{23},
LN02050512,"A468,A543",2,,,,{72},,,,,,,,,,,{23},
LN01796426,"A468,A543",2,,,,{78},,,,,,,,,,,{23},
LN03252016,"A468,A543",2,,,,{76},,,,,,,,,,,{23},
LN01995702,"A468,A543",2,,,,{77},,,,,,,,,,,{23},
LN00004535,"A468,A543",2,,,,{78},,,,,,,,,,,{23},
LN00226015,"A468,A543",2,,,,{76},,,,,,,,,,,{23},
LN04979349,"A468,A543",2,,,,{74},,,,,,,,,,,{23},
LN01357908,"A468,A543",2,,,,{72},,,,,,,,,,,{23},
LN04978434,"A468,A543",2,,,,{80},,,,,,,,,,,{23},
LN01867495,"A468,A543",2,,,,{77},,,,,,,,,,,{23},
LN02123787,"A468,A543",2,,,,{78},,,,,,,,,,,{23},
LN05340159,"A468,A543",2,,,,{76},,,,,,,,,,,{23},
LN06126228,"A468,A543",2,,,,{80},,,,,,,,,,,{23},
LN01320453,"A468,A543",2,,,,{81},,,,,,,,,,,{23},
LN04700071,"A468,A543",2,,,,{79},,,,,,,,,,,{23},
LN06112020,"A468,A543",2,,,,{78},,,,,,,,,,,{23},
LN00368708,"A468,A543",2,,,,{79},,,,,,,,,,,{23},
LN01999843,"A468,A543",2,,,,{79},,,,,,,,,,,{23},
LN00158803,"A468,A543",2,,,,{74},,,,,,,,,,,{23},
LN00215084,"A468,A543",2,,,,{79},,,,,,,,,,,{23},
LN06310206,"A468,A543",2,,,,{82},,,,,,,,,,,{23},
LN05438486,A543,1,,,,,,,,,,,,,,,{23},
LN01331319,A543,1,,,,,,,,,,,,,,,{23},
LN05368635,"A468,A543",2,,,,{75},,,,,,,,,,,{23},
LN01373250,"A468,A543",2,,,,{84},,,,,,,,,,,{23},
LN00170313,A543,1,,,,,,,,,,,,,,,{23},
LN00227807,"A468,A543",2,,,,{74},,,,,,,,,,,{23},
LN05441133,"A468,A543",2,,,,{80},,,,,,,,,,,{23},
LN01347004,"A468,A543",2,,,,{78},,,,,,,,,,,{23},
LN05458346,"A468,A543",2,,,,{82},,,,,,,,,,,{23},
LN01361364,"A468,A543",2,,,,{73},,,,,,,,,,,{23},
LN05638386,A543,1,,,,,,,,,,,,,,,{23},
LN02158563,"A468,A543",2,,,,{76},,,,,,,,,,,{23},
LN02193491,"A468,A543",2,,,,{81},,,,,,,,,,,{23},
LN01377164,"A468,A543",2,,,,{81},,,,,,,,,,,{23},
LN05374513,"A468,A543",2,,,,{77},,,,,,,,,,,{23},
LN01373448,"A468,A543",2,,,,{76},,,,,,,,,,,{23},
LN06471995,"A468,A543",2,,,,{77},,,,,,,,,,,{23},
LN01358596,"A468,A543",2,,,,{84},,,,,,,,,,,{23},
LN01796706,"A468,A543",2,,,,{78},,,,,,,,,,,{23},
LN05459082,A543,1,,,,,,,,,,,,,,,{23},
LN02188445,A543,1,,,,,,,,,,,,,,,{23},
LN00251818,"A468,A543",2,,,,{86},,,,,,,,,,,{23},
LN01377619,"A468,A543",2,,,,{76},,,,,,,,,,,{23},
LN05489994,"A468,A543",2,,,,{72},,,,,,,,,,,{23},
LN00337830,"A468,A543",2,,,,{75},,,,,,,,,,,{23},
LN05678587,"A467,A543",2,,{84},,,,,,,,,,,,,{23},
LN00240676,"A468,A543",2,,,,{78},,,,,,,,,,,{23},
LN04547797,"A468,A543",2,,,,{81},,,,,,,,,,,{23},
LN00174269,"A468,A543",2,,,,{82},,,,,,,,,,,{23},
LN04694618,"A468,A543",2,,,,{78},,,,,,,,,,,{23},
LN03285895,"A468,A543",2,,,,{80},,,,,,,,,,,{23},
LN05437907,"A468,A543",2,,,,{78},,,,,,,,,,,{23},
LN03274555,"A468,A543",2,,,,{85},,,,,,,,,,,{23},
LN04911416,"A468,A538,A543",3,,,,{76},,,,,,{74},,,,,{23},
LN01364438,"A468,A473,A543",3,,,,{78},,,,{77},,,,,,,{23},
LN00894898,A543,1,,,,,,,,,,,,,,,{23},
LN00004903,A543,1,,,,,,,,,,,,,,,{23},
LN00150254,"A468,A543",2,,,,{76},,,,,,,,,,,{23},
LN04822439,"A468,A543",2,,,,{76},,,,,,,,,,,{23},
LN02170250,"A468,A543",2,,,,{74},,,,,,,,,,,{23},
LN00007551,"A468,A543",2,,,,{78},,,,,,,,,,,{23},
LN01868279,"A468,A543",2,,,,{77},,,,,,,,,,,{23},
LN00246078,"A468,A543",2,,,,{77},,,,,,,,,,,{23},
LN02041588,"A468,A543",2,,,,{83},,,,,,,,,,,{23},
LN00222525,"A468,A543",2,,,,{78},,,,,,,,,,,{23},
LN00224542,"A468,A543",2,,,,{78},,,,,,,,,,,{23},
LN00213648,"A467,A468,A543",3,,{76},,{76},,,,,,,,,,,{23},
LN03246145,"A468,A543",2,,,,{77},,,,,,,,,,,{23},
LN05619617,"A468,A543",2,,,,{75},,,,,,,,,,,{23},
LN05364866,"A468,A543",2,,,,{84},,,,,,,,,,,{23},
LN00118293,"A468,A543",2,,,,{75},,,,,,,,,,,{23},
LN04675616,A543,1,,,,,,,,,,,,,,,{23},
LN00158430,"A467,A543",2,,{76},,,,,,,,,,,,,{23},
LN05440944,"A468,A543",2,,,,{79},,,,,,,,,,,{23},
LN02660611,"A467,A543",2,,{78},,,,,,,,,,,,,{23},
LN05341802,"A468,A543",2,,,,{76},,,,,,,,,,,{23},
LN05364515,"A468,A543",2,,,,{80},,,,,,,,,,,{23},
LN03267507,"A468,A543",2,,,,{80},,,,,,,,,,,{23},
LN05459146,"A468,A543",2,,,,{74},,,,,,,,,,,{23},
LN00201741,"A468,A543",2,,,,{79},,,,,,,,,,,{23},
LN05375101,"A468,A543",2,,,,{80},,,,,,,,,,,{23},
LN00177261,"A467,A468,A543",3,,{75},,{75},,,,,,,,,,,{23},
LN04548268,"A468,A543",2,,,,{75},,,,,,,,,,,{23},
LN02008549,"A468,A543",2,,,,{84},,,,,,,,,,,{23},
LN05341323,"A467,A468,A543",3,,{78},,{78},,,,,,,,,,,{23},
LN01739886,"A467,A468,A543",3,{45},,,{83},,,,,,,,,,,{23},
LN05667728,"A468,A473,A543",3,,,,{78},,,,{77},,,,,,,{23},
LN00160789,"A468,A543",2,,,,{81},,,,,,,,,,,{23},
LN00214449,"A467,A468,A543",3,,{78},,{77},,,,,,,,,,,{23},
LN02164013,"A468,A543",2,,,,{82},,,,,,,,,,,{23},
LN05428047,"A468,A543",2,,,,{75},,,,,,,,,,,{23},
LN05357694,"A468,A543",2,,,,{76},,,,,,,,,,,{23},
LN00002635,"A468,A543",2,,,,{78},,,,,,,,,,,{23},
LN02189746,"A468,A543",2,,,,{81},,,,,,,,,,,{23},
LN00336787,"A468,A543",2,,,,{78},,,,,,,,,,,{23},
LN01354072,"A468,A543",2,,,,{79},,,,,,,,,,,{23},
LN05426001,"A468,A543",2,,,,{80},,,,,,,,,,,{23},
LN00496650,A543,1,,,,,,,,,,,,,,,{23},
LN04679979,"A468,A543",2,,,,{78},,,,,,,,,,,{23},
LN05457464,"A468,A543",2,,,,{81},,,,,,,,,,,{23},
LN03277161,"A468,A543",2,,,,{76},,,,,,,,,,,{23},
LN00174775,"A468,A543",2,,,,{74},,,,,,,,,,,{23},
LN03267356,"A468,A543",2,,,,{80},,,,,,,,,,,{23},
LN01358548,"A468,A543",2,,,,{86},,,,,,,,,,,{23},
LN02003913,"A468,A543",2,,,,{77},,,,,,,,,,,{23},
LN03255899,"A468,A543",2,,,,{76},,,,,,,,,,,{23},
LN00004432,A543,1,,,,,,,,,,,,,,,{23},
LN02038143,"A468,A543",2,,,,{85},,,,,,,,,,,{23},
LN04804117,A543,1,,,,,,,,,,,,,,,{23},
LN00337493,A543,1,,,,,,,,,,,,,,,{23},
LN05728974,"A468,A543",2,,,,{86},,,,,,,,,,,{23},
LN02190879,"A468,A543",2,,,,{81},,,,,,,,,,,{23},
LN00220293,"A467,A543",2,,{80},,,,,,,,,,,,,{23},
LN04651971,"A468,A543",2,,,,{92},,,,,,,,,,,{23},
LN04802115,"A468,A543",2,,,,{81},,,,,,,,,,,{23},
LN06144189,"A468,A543",2,,,,{79},,,,,,,,,,,{23},
LN00220050,"A468,A543",2,,,,{73},,,,,,,,,,,{23},
LN00244728,"A468,A543",2,,,,{81},,,,,,,,,,,{23},
LN03252787,A543,1,,,,,,,,,,,,,,,{23},
LN00243427,"A468,A543",2,,,,{74},,,,,,,,,,,{23},
LN05684559,A543,1,,,,,,,,,,,,,,,{23},
LN01813697,"A468,A543",2,,,,{74},,,,,,,,,,,{23},
LN05410155,"A468,A543",2,,,,{76},,,,,,,,,,,{23},
LN02000669,"A468,A543",2,,,,{82},,,,,,,,,,,{23},
LN01093861,"A468,A543",2,,,,{83},,,,,,,,,,,{23},
LN00161630,"A468,A543",2,,,,{81},,,,,,,,,,,{23},
LN04736829,"A468,A543",2,,,,{79},,,,,,,,,,,{23},
LN00329359,"A468,A543",2,,,,{78},,,,,,,,,,,{23},
LN01357719,"A468,A543",2,,,,{79},,,,,,,,,,,{23},
LN00218918,"A468,A543",2,,,,{79},,,,,,,,,,,{23},
LN00167583,"A467,A468,A543",3,,{78},,{78},,,,,,,,,,,{23},
LN05425528,"A468,A543",2,,,,{82},,,,,,,,,,,{23},
LN04121930,"A468,A543",2,,,,{75},,,,,,,,,,,{23},
LN00004111,"A467,A543",2,,{72},,,,,,,,,,,,,{23},
LN00215694,"A468,A543",2,,,,{73},,,,,,,,,,,{23},
LN02000122,A543,1,,,,,,,,,,,,,,,{23},
LN05691761,"A468,A543",2,,,,{77},,,,,,,,,,,{23},
LN05629703,"A468,A543",2,,,,{83},,,,,,,,,,,{23},
LN00005047,"A468,A543",2,,,,{75},,,,,,,,,,,{23},
LN00238081,"A468,A543",2,,,,{78},,,,,,,,,,,{23},
LN02187190,"A468,A543",2,,,,{81},,,,,,,,,,,{23},
LN04965898,"A468,A543",2,,,,{78},,,,,,,,,,,{23},
LN02153839,"A467,A543",2,,{78},,,,,,,,,,,,,{23},
LN01360906,"A468,A543",2,,,,{80},,,,,,,,,,,{23},
LN03252898,"A468,A543",2,,,,{80},,,,,,,,,,,{23},
LN00259513,"A468,A543",2,,,,{84},,,,,,,,,,,{23},
LN03276922,"A468,A543",2,,,,{78},,,,,,,,,,,{23},
LN02187694,"A468,A543",2,,,,{78},,,,,,,,,,,{23},
LN01325328,"A468,A543",2,,,,{82},,,,,,,,,,,{23},
LN00174751,"A468,A543",2,,,,{76},,,,,,,,,,,{23},
LN02001041,"A468,A543",2,,,,{71},,,,,,,,,,,{23},
LN00182680,"A468,A543",2,,,,{77},,,,,,,,,,,{23},
LN05366793,"A468,A543",2,,,,{79},,,,,,,,,,,{23},
LN00237498,"A468,A543",2,,,,{81},,,,,,,,,,,{23},
LN00166666,"A468,A543",2,,,,{76},,,,,,,,,,,{23},
LN02187102,"A468,A543",2,,,,{78},,,,,,,,,,,{23},
LN04832459,"A468,A543",2,,,,{78},,,,,,,,,,,{23},
LN05366546,"A468,A543",2,,,,{74},,,,,,,,,,,{23},
LN06117256,"A468,A543",2,,,,{77},,,,,,,,,,,{23},
LN00157733,"A468,A543",2,,,,{82},,,,,,,,,,,{23},
LN04532445,A543,1,,,,,,,,,,,,,,,{23},
LN00282522,"A468,A543",2,,,,{80},,,,,,,,,,,{23},
LN01344956,"A468,A473,A543",3,,,,{77},,,,{76},,,,,,,{23},
LN00010025,"A468,A543",2,,,,{79},,,,,,,,,,,{23},
LN00183484,"A468,A543",2,,,,{77},,,,,,,,,,,{23},
LN06107230,"A468,A543",2,,,,{88},,,,,,,,,,,{23},
LN02056425,"A468,A543",2,,,,{85},,,,,,,,,,,{23},
LN04533857,A543,1,,,,,,,,,,,,,,,{23},
LN05377160,A543,1,,,,,,,,,,,,,,,{23},
LN05448287,"A468,A543",2,,,,{79},,,,,,,,,,,{23},
LN01377357,"A468,A543",2,,,,{78},,,,,,,,,,,{23},
LN05581336,"A468,A543",2,,,,{77},,,,,,,,,,,{23},
LN00156592,"A468,A543",2,,,,{79},,,,,,,,,,,{23},
LN01477277,"A468,A543",2,,,,{78},,,,,,,,,,,{23},
LN05624129,"A468,A543",2,,,,{78},,,,,,,,,,,{23},
LN05366423,"A467,A543",2,,{79},,,,,,,,,,,,,{23},
LN00003865,"A467,A543",2,,{79},,,,,,,,,,,,,{23},
LN02132371,"A468,A543",2,,,,{79},,,,,,,,,,,{23},
LN06310094,"A468,A543",2,,,,{77},,,,,,,,,,,{23},
LN00004573,"A468,A543",2,,,,{77},,,,,,,,,,,{23},
LN00173082,"A467,A543",2,,{75},,,,,,,,,,,,,{23},
LN05437988,"A468,A543",2,,,,{77},,,,,,,,,,,{23},
LN05438738,"A468,A543",2,,,,{76},,,,,,,,,,,{23},
LN00195501,"A468,A543",2,,,,{82},,,,,,,,,,,{23},
LN00004639,"A468,A543",2,,,,{76},,,,,,,,,,,{23},
LN01533296,"A468,A543",2,,,,{86},,,,,,,,,,,{23},
LN04959511,"A468,A543",2,,,,{81},,,,,,,,,,,{23},
LN05442548,"A468,A543",2,,,,{81},,,,,,,,,,,{23},
LN04598937,"A468,A543",2,,,,{79},,,,,,,,,,,{23},
LN04949802,"A468,A543",2,,,,"{82, 86}",,,,,,,,,,,{23},
LN01362725,A543,1,,,,,,,,,,,,,,,{23},
LN05440695,"A468,A543",2,,,,{82},,,,,,,,,,,{23},
LN06140586,"A468,A543",2,,,,{87},,,,,,,,,,,{23},
LN03245955,"A468,A543",2,,,,{79},,,,,,,,,,,{23},
LN04546957,"A468,A543",2,,,,{78},,,,,,,,,,,{23},
LN02660628,"A468,A543",2,,,,{81},,,,,,,,,,,{23},
LN02151821,"A468,A543",2,,,,{81},,,,,,,,,,,{23},
LN02171790,"A468,A543",2,,,,{75},,,,,,,,,,,{23},
LN03245452,"A468,A543",2,,,,{77},,,,,,,,,,,{23},
LN00219977,A543,1,,,,,,,,,,,,,,,{23},
LN01350254,A543,1,,,,,,,,,,,,,,,{23},
LN05375002,A543,1,,,,,,,,,,,,,,,{23},
LN04848086,"A468,A543",2,,,,{78},,,,,,,,,,,{23},
LN00218348,"A468,A543",2,,,,{78},,,,,,,,,,,{23},
LN00162621,"A467,A543",2,,{78},,,,,,,,,,,,,{23},
LN03298411,"A468,A543",2,,,,{81},,,,,,,,,,,{23},
LN02050385,"A468,A543",2,,,,{78},,,,,,,,,,,{23},
LN02136483,"A468,A543",2,,,,{78},,,,,,,,,,,{23},
LN00179974,"A468,A543",2,,,,{75},,,,,,,,,,,{23},
LN00119539,"A468,A543",2,,,,{77},,,,,,,,,,,{23},
LN02187014,"A468,A543",2,,,,{78},,,,,,,,,,,{23},
LN00169598,A543,1,,,,,,,,,,,,,,,{23},
LN05429818,"A468,A543",2,,,,{79},,,,,,,,,,,{23},
LN05447806,"A468,A543",2,,,,{78},,,,,,,,,,,{23},
LN01368439,"A468,A543",2,,,,{79},,,,,,,,,,,{23},
LN03245967,"A468,A543",2,,,,{79},,,,,,,,,,,{23},
LN02165502,A543,1,,,,,,,,,,,,,,,{23},
LN02159988,"A468,A543",2,,,,{76},,,,,,,,,,,{23},
LN00243360,"A468,A473,A543",3,,,,{72},,,,{73},,,,,,,{23},
LN04980332,A543,1,,,,,,,,,,,,,,,{23},
LN03267545,"A468,A543",2,,,,{83},,,,,,,,,,,{23},
LN00216670,"A468,A543",2,,,,{80},,,,,,,,,,,{23},
LN00232840,A543,1,,,,,,,,,,,,,,,{23},
LN01367479,"A468,A543",2,,,,{72},,,,,,,,,,,{23},
LN05447728,"A468,A543",2,,,,{84},,,,,,,,,,,{23},
LN04738702,"A468,A543",2,,,,{83},,,,,,,,,,,{23},
LN04975746,"A468,A543",2,,,,{74},,,,,,,,,,,{23},
LN00181433,"A468,A473,A543",3,,,,{74},,,,{73},,,,,,,{23},
LN00216686,"A468,A543",2,,,,{76},,,,,,,,,,,{23},
LN04547791,"A468,A543",2,,,,{82},,,,,,,,,,,{23},
LN00218705,"A468,A543",2,,,,{77},,,,,,,,,,,{23},
LN00001941,A543,1,,,,,,,,,,,,,,,{23},
LN00154570,"A468,A543",2,,,,{74},,,,,,,,,,,{23},
LN04598852,A543,1,,,,,,,,,,,,,,,{23},
LN01815968,"A468,A543",2,,,,{78},,,,,,,,,,,{23},
LN00995258,"A468,A543",2,,,,{83},,,,,,,,,,,{23},
LN05447770,"A468,A543",2,,,,{77},,,,,,,,,,,{23},
LN01347765,"A468,A543",2,,,,{75},,,,,,,,,,,{23},
LN05379892,"A468,A543",2,,,,{81},,,,,,,,,,,{23},
LN00007682,"A468,A543",2,,,,{77},,,,,,,,,,,{23},
LN01816568,"A468,A543",2,,,,{76},,,,,,,,,,,{23},
LN00230298,"A468,A543",2,,,,{76},,,,,,,,,,,{23},
LN01362541,"A468,A543",2,,,,{89},,,,,,,,,,,{23},
LN04996239,"A468,A543",2,,,,{74},,,,,,,,,,,{23},
LN00139816,"A468,A543",2,,,,{78},,,,,,,,,,,{23},
LN05427683,"A468,A543",2,,,,{82},,,,,,,,,,,{23},
LN01114410,"A468,A543",2,,,,{78},,,,,,,,,,,{23},
LN00151916,"A468,A543",2,,,,{86},,,,,,,,,,,{23},
LN04672539,"A468,A473,A543",3,,,,{74},,,,{75},,,,,,,{23},
LN00150942,"A468,A543",2,,,,{81},,,,,,,,,,,{23},
LN05372990,"A468,A543",2,,,,{75},,,,,,,,,,,{23},
LN05440971,"A468,A543",2,,,,{74},,,,,,,,,,,{23},
LN02026765,"A468,A543",2,,,,{73},,,,,,,,,,,{23},
LN00150691,"A468,A543",2,,,,{78},,,,,,,,,,,{23},
LN04809243,"A468,A543",2,,,,{80},,,,,,,,,,,{23},
LN01331420,"A468,A473,A543",3,,,,{75},,,,{74},,,,,,,{23},
LN02177357,"A468,A543",2,,,,{77},,,,,,,,,,,{23},
LN05623418,"A468,A543",2,,,,{76},,,,,,,,,,,{23},
LN01349836,"A467,A543",2,,{83},,,,,,,,,,,,,{23},
LN05346301,"A468,A543",2,,,,{74},,,,,,,,,,,{23},
LN04676669,"A468,A543",2,,,,{76},,,,,,,,,,,{23},
LN02132243,"A468,A543",2,,,,{78},,,,,,,,,,,{23},
LN00163412,"A468,A543",2,,,,{77},,,,,,,,,,,{23},
LN00337173,"A468,A543",2,,,,{79},,,,,,,,,,,{23},
LN00170002,"A468,A543",2,,,,{77},,,,,,,,,,,{23},
LN01807054,"A468,A543",2,,,,{74},,,,,,,,,,,{23},
LN04996323,"A468,A543",2,,,,{76},,,,,,,,,,,{23},
LN00168857,"A468,A543",2,,,,{78},,,,,,,,,,,{23},
LN05038872,"A467,A468,A543",3,,{79},,{79},,,,,,,,,,,{23},
LN05459239,"A468,A543",2,,,,{77},,,,,,,,,,,{23},
LN00244188,"A468,A543",2,,,,{74},,,,,,,,,,,{23},
LN00220909,"A468,A543",2,,,,{77},,,,,,,,,,,{23},
LN05439782,"A468,A543",2,,,,{75},,,,,,,,,,,{23},
LN00223915,"A468,A543",2,,,,{77},,,,,,,,,,,{23},
LN02192470,A543,1,,,,,,,,,,,,,,,{23},
LN05637213,"A468,A543",2,,,,{86},,,,,,,,,,,{23},
LN02037705,A543,1,,,,,,,,,,,,,,,{23},
LN03250732,"A468,A543",2,,,,{77},,,,,,,,,,,{23},
LN04542428,"A468,A543",2,,,,{80},,,,,,,,,,,{23},
LN05361242,A543,1,,,,,,,,,,,,,,,{23},
LN05442867,"A468,A543",2,,,,{80},,,,,,,,,,,{23},
LN05608317,"A468,A543",2,,,,{82},,,,,,,,,,,{23},
LN00198194,"A468,A543",2,,,,{81},,,,,,,,,,,{23},
LN01368118,"A468,A543",2,,,,{75},,,,,,,,,,,{23},
LN01373130,"A468,A543",2,,,,{80},,,,,,,,,,,{23},
LN00160172,"A467,A468,A543",3,{43},,,{77},,,,,,,,,,,{23},
LN04996187,"A468,A543",2,,,,{78},,,,,,,,,,,{23},
LN00246294,"A467,A543",2,,{78},,,,,,,,,,,,,{23},
LN04698500,"A468,A543",2,,,,{81},,,,,,,,,,,{23},
LN05442711,A543,1,,,,,,,,,,,,,,,{23},
LN05728914,"A468,A543",2,,,,{78},,,,,,,,,,,{23},
LN00307062,"A468,A543",2,,,,{77},,,,,,,,,,,{23},
LN00127390,A543,1,,,,,,,,,,,,,,,{23},
LN04677025,"A468,A543",2,,,,{81},,,,,,,,,,,{23},
LN01801619,"A468,A543",2,,,,{84},,,,,,,,,,,{23},
LN01275032,"A468,A543",2,,,,{77},,,,,,,,,,,{23},
LN04694766,"A468,A543",2,,,,{76},,,,,,,,,,,{23},
LN02185860,"A468,A543",2,,,,{78},,,,,,,,,,,{23},
LN01357767,"A468,A543",2,,,,{84},,,,,,,,,,,{23},
LN02162156,"A468,A543",2,,,,{80},,,,,,,,,,,{23},
LN05622415,"A468,A543",2,,,,{78},,,,,,,,,,,{23},
LN01319113,"A468,A543",2,,,,{78},,,,,,,,,,,{23},
LN01354071,"A468,A543",2,,,,{78},,,,,,,,,,,{23},
LN01354001,"A468,A543",2,,,,{78},,,,,,,,,,,{23},
LN02038964,A543,1,,,,,,,,,,,,,,,{23},
LN04553091,"A468,A543",2,,,,{78},,,,,,,,,,,{23},
LN03243382,"A468,A543",2,,,,{76},,,,,,,,,,,{23},
LN00335753,"A468,A543",2,,,,{76},,,,,,,,,,,{23},
LN02158853,"A467,A468,A543",3,,{75},,{75},,,,,,,,,,,{23},
LN06127564,"A468,A543",2,,,,{79},,,,,,,,,,,{23},
LN04654335,"A468,A543",2,,,,{80},,,,,,,,,,,{23},
LN04688733,"A468,A543",2,,,,{81},,,,,,,,,,,{23},
LN04598645,"A468,A543",2,,,,{84},,,,,,,,,,,{23},
LN02168418,A543,1,,,,,,,,,,,,,,,{23},
LN00247647,"A468,A543",2,,,,{78},,,,,,,,,,,{23},
LN03247265,"A467,A543",2,,{82},,,,,,,,,,,,,{23},
LN02185156,"A468,A543",2,,,,{79},,,,,,,,,,,{23},
LN00126657,"A468,A543",2,,,,{79},,,,,,,,,,,{23},
LN05781563,"A468,A543",2,,,,{81},,,,,,,,,,,{23},
LN01350245,A543,1,,,,,,,,,,,,,,,{23},
LN05430348,"A468,A543",2,,,,{81},,,,,,,,,,,{23},
LN03253270,A543,1,,,,,,,,,,,,,,,{23},
LN01367974,"A468,A543",2,,,,{85},,,,,,,,,,,{23},
LN02661351,A543,1,,,,,,,,,,,,,,,{23},
LN05007457,"A468,A543",2,,,,{82},,,,,,,,,,,{23},
LN06109608,"A468,A543",2,,,,{74},,,,,,,,,,,{23},
LN00218459,"A468,A543",2,,,,{79},,,,,,,,,,,{23},
LN02041371,"A468,A543",2,,,,{86},,,,,,,,,,,{23},
LN00131937,"A468,A543",2,,,,{74},,,,,,,,,,,{23},
LN01331333,"A468,A543",2,,,,{79},,,,,,,,,,,{23},
LN00154634,"A468,A543",2,,,,{76},,,,,,,,,,,{23},
LN02223347,A543,1,,,,,,,,,,,,,,,{23},
LN01103222,"A468,A543",2,,,,{76},,,,,,,,,,,{23},
LN05447827,"A468,A543",2,,,,{83},,,,,,,,,,,{23},
LN02192980,"A468,A543",2,,,,{77},,,,,,,,,,,{23},
LN02018484,"A468,A543",2,,,,{82},,,,,,,,,,,{23},
LN00203398,"A468,A543",2,,,,{76},,,,,,,,,,,{23},
LN06134024,"A538,A543",2,,,,,,,,,,{74},,,,,{23},
LN04693277,"A468,A543",2,,,,{79},,,,,,,,,,,{23},
LN01354071,"A468,A543",2,,,,{78},,,,,,,,,,,{23},
LN04597710,"A468,A543",2,,,,{83},,,,,,,,,,,{23},
LN04914385,"A468,A543",2,,,,{78},,,,,,,,,,,{23},
LN00217148,"A468,A543",2,,,,{74},,,,,,,,,,,{23},
LN05373988,"A468,A543",2,,,,{79},,,,,,,,,,,{23},
LN01477234,"A468,A543",2,,,,{78},,,,,,,,,,,{23},
LN04539581,"A468,A543",2,,,,{72},,,,,,,,,,,{23},
LN05427831,A543,1,,,,,,,,,,,,,,,{23},
LN04950347,"A468,A543",2,,,,{77},,,,,,,,,,,{23},
LN05368272,A543,1,,,,,,,,,,,,,,,{23},
LN00009809,"A468,A543",2,,,,{81},,,,,,,,,,,{23},
LN03246147,"A468,A543",2,,,,{79},,,,,,,,,,,{23},
LN01800814,"A468,A543",2,,,,{83},,,,,,,,,,,{23},
LN01331548,"A468,A543",2,,,,{73},,,,,,,,,,,{23},
LN02196735,"A468,A543",2,,,,{78},,,,,,,,,,,{23},
LN04671319,"A468,A543",2,,,,{75},,,,,,,,,,,{23},
LN03285641,"A468,A543",2,,,,{85},,,,,,,,,,,{23},
LN01999775,"A468,A543",2,,,,{78},,,,,,,,,,,{23},
LN05456995,"A468,A543",2,,,,{85},,,,,,,,,,,{23},
LN02184895,"A468,A543",2,,,,{79},,,,,,,,,,,{23},
LN00200604,"A468,A543",2,,,,{77},,,,,,,,,,,{23},
LN06130482,"A468,A543",2,,,,{76},,,,,,,,,,,{23},
LN04688335,A543,1,,,,,,,,,,,,,,,{23},
LN04965374,A543,1,,,,,,,,,,,,,,,{23},
LN02039269,"A467,A543",2,,{79},,,,,,,,,,,,,{23},
LN01373249,"A468,A543",2,,,,{81},,,,,,,,,,,{23},
LN00003330,"A468,A543",2,,,,{82},,,,,,,,,,,{23},
LN04970836,"A468,A543",2,,,,{77},,,,,,,,,,,{23},
LN05418014,A543,1,,,,,,,,,,,,,,,{23},
LN02660986,"A468,A543",2,,,,{80},,,,,,,,,,,{23},
LN02027652,A543,1,,,,,,,,,,,,,,,{23},
LN03248414,"A468,A543",2,,,,{80},,,,,,,,,,,{23},
LN00144690,A543,1,,,,,,,,,,,,,,,{23},
LN00128529,"A468,A543",2,,,,{83},,,,,,,,,,,{23},
LN00112228,"A468,A543",2,,,,{77},,,,,,,,,,,{23},
LN01270118,"A468,A543",2,,,,{92},,,,,,,,,,,{23},
LN05418901,"A468,A543",2,,,,{79},,,,,,,,,,,{23},
LN00003076,"A468,A543",2,,,,{75},,,,,,,,,,,{23},
LN00337027,"A468,A543",2,,,,{74},,,,,,,,,,,{23},
LN01315330,"A468,A543",2,,,,{75},,,,,,,,,,,{23},
LN02009997,"A468,A543",2,,,,{79},,,,,,,,,,,{23},
LN00190304,"A468,A543",2,,,,{78},,,,,,,,,,,{23},
LN04660414,"A468,A543",2,,,,{78},,,,,,,,,,,{23},
LN05533933,A543,1,,,,,,,,,,,,,,,{23},
LN04969485,"A468,A543",2,,,,{81},,,,,,,,,,,{23},
LN02166532,"A468,A543",2,,,,{76},,,,,,,,,,,{23},
LN04950799,"A468,A543",2,,,,{81},,,,,,,,,,,{23},
LN01103509,A543,1,,,,,,,,,,,,,,,{23},
LN04754829,"A468,A543",2,,,,{79},,,,,,,,,,,{23},
LN05447531,A543,1,,,,,,,,,,,,,,,{23},
LN01368557,"A468,A543",2,,,,{77},,,,,,,,,,,{23},
LN00219847,"A468,A543",2,,,,{73},,,,,,,,,,,{23},
LN04852496,"A468,A543",2,,,,{74},,,,,,,,,,,{23},
LN02010908,"A468,A543",2,,,,{79},,,,,,,,,,,{23},
LN05431317,"A468,A543",2,,,,{82},,,,,,,,,,,{23},
LN00285985,"A468,A543",2,,,,{76},,,,,,,,,,,{23},
LN05458401,A543,1,,,,,,,,,,,,,,,{23},
LN02165832,"A468,A543",2,,,,{80},,,,,,,,,,,{23},
LN02175038,A543,1,,,,,,,,,,,,,,,{23},
LN02021019,"A468,A543",2,,,,{74},,,,,,,,,,,{23},
LN02137458,"A468,A543",2,,,,{79},,,,,,,,,,,{23},
LN01108509,"A468,A543",2,,,,{88},,,,,,,,,,,{23},
LN00244456,"A468,A543",2,,,,{75},,,,,,,,,,,{23},
LN05373806,"A468,A543",2,,,,{78},,,,,,,,,,,{23},
LN05440428,"A468,A543",2,,,,{79},,,,,,,,,,,{23},
LN03255565,"A468,A543",2,,,,{93},,,,,,,,,,,{23},
LN00203242,"A468,A543",2,,,,{76},,,,,,,,,,,{23},
LN03260463,"A468,A543",2,,,,{80},,,,,,,,,,,{23},
LN03242059,A543,1,,,,,,,,,,,,,,,{23},
LN03247238,A543,1,,,,,,,,,,,,,,,{23},
LN03256485,"A467,A543",2,,{78},,,,,,,,,,,,,{23},
LN04546382,"A468,A543",2,,,,{81},,,,,,,,,,,{23},
LN04839477,A543,1,,,,,,,,,,,,,,,{23},
LN04848357,"A468,A543",2,,,,{74},,,,,,,,,,,{23},
LN02012103,"A468,A543",2,,,,{77},,,,,,,,,,,{23},
LN00230334,"A467,A468,A543",3,,{77},,{78},,,,,,,,,,,{23},
LN01867787,"A467,A543",2,,{73},,,,,,,,,,,,,{23},
LN05693855,"A467,A468,A543",3,,{79},,{79},,,,,,,,,,,{23},
LN00004501,"A468,A543",2,,,,{74},,,,,,,,,,,{23},
LN02007885,"A468,A543",2,,,,{76},,,,,,,,,,,{23},
LN00218860,"A468,A543",2,,,,{78},,,,,,,,,,,{23},
LN02168068,"A468,A543",2,,,,{79},,,,,,,,,,,{23},
LN02127341,"A468,A543",2,,,,{79},,,,,,,,,,,{23},
LN00233176,A543,1,,,,,,,,,,,,,,,{23},
LN02055772,"A468,A543",2,,,,{81},,,,,,,,,,,{23},
LN00174229,"A468,A543",2,,,,{75},,,,,,,,,,,{23},
LN00167501,"A468,A543",2,,,,{75},,,,,,,,,,,{23},
LN00005811,"A468,A543",2,,,,{81},,,,,,,,,,,{23},
LN05684076,A543,1,,,,,,,,,,,,,,,{23},
LN00124764,"A468,A543",2,,,,{82},,,,,,,,,,,{23},
LN04607335,"A468,A543",2,,,,{81},,,,,,,,,,,{23},
LN01114993,"A468,A543",2,,,,{81},,,,,,,,,,,{23},
LN00180325,"A468,A543",2,,,,{81},,,,,,,,,,,{23},
LN03245601,"A468,A543",2,,,,{74},,,,,,,,,,,{23},
LN04751754,"A468,A543",2,,,,{76},,,,,,,,,,,{23},
LN00261627,"A468,A543",2,,,,{84},,,,,,,,,,,{23},
LN05447840,"A468,A543",2,,,,{76},,,,,,,,,,,{23},
LN02008073,"A468,A543",2,,,,{77},,,,,,,,,,,{23},
LN05464610,"A468,A543",2,,,,{86},,,,,,,,,,,{23},
LN00150617,"A468,A543",2,,,,{82},,,,,,,,,,,{23},
LN00204653,"A468,A543",2,,,,{81},,,,,,,,,,,{23},
LN04911096,"A468,A543",2,,,,{78},,,,,,,,,,,{23},
LN05427599,"A468,A543",2,,,,{79},,,,,,,,,,,{23},
LN00120884,"A468,A543",2,,,,{76},,,,,,,,,,,{23},
LN00009958,A543,1,,,,,,,,,,,,,,,{23},
LN05362742,A543,1,,,,,,,,,,,,,,,{23},
LN01806727,A543,1,,,,,,,,,,,,,,,{23},
LN00162251,"A468,A543",2,,,,{80},,,,,,,,,,,{23},
LN00642550,"A468,A543",2,,,,{78},,,,,,,,,,,{23},
LN05458763,"A468,A543",2,,,,{78},,,,,,,,,,,{23},
LN02164461,"A468,A543",2,,,,{73},,,,,,,,,,,{23},
LN00175866,"A468,A543",2,,,,{74},,,,,,,,,,,{23},
LN05441711,"A468,A543",2,,,,{78},,,,,,,,,,,{23},
LN00218046,"A467,A468,A543",3,,{79},,{79},,,,,,,,,,,{23},
LN05379689,"A468,A543",2,,,,{80},,,,,,,,,,,{23},
LN02024919,"A468,A543",2,,,,{81},,,,,,,,,,,{23},
LN03249700,"A467,A468,A543",3,,{76},,{77},,,,,,,,,,,{23},
LN00227480,A543,1,,,,,,,,,,,,,,,{23},
LN05753733,"A468,A543",2,,,,{74},,,,,,,,,,,{23},
LN02660749,"A468,A543",2,,,,{79},,,,,,,,,,,{23},
LN02166505,"A468,A543",2,,,,{73},,,,,,,,,,,{23},
LN01747054,A543,1,,,,,,,,,,,,,,,{23},
LN00167157,"A468,A543",2,,,,{76},,,,,,,,,,,{23},
LN02008274,A543,1,,,,,,,,,,,,,,,{23},
LN03250187,"A468,A543",2,,,,{85},,,,,,,,,,,{23},
LN00200640,"A468,A543",2,,,,{81},,,,,,,,,,,{23},
LN01347960,"A468,A543",2,,,,{82},,,,,,,,,,,{23},
LN00159258,"A468,A543",2,,,,{83},,,,,,,,,,,{23},
LN03254868,"A468,A543",2,,,,{82},,,,,,,,,,,{23},
LN02159913,"A468,A543",2,,,,{79},,,,,,,,,,,{23},
LN00176743,"A468,A543",2,,,,{81},,,,,,,,,,,{23},
LN01868348,"A468,A543",2,,,,{76},,,,,,,,,,,{23},
LN06134068,"A468,A543",2,,,,{79},,,,,,,,,,,{23},
LN02152441,"A468,A543",2,,,,{80},,,,,,,,,,,{23},
LN00117877,"A468,A543",2,,,,{75},,,,,,,,,,,{23},
LN05664555,A543,1,,,,,,,,,,,,,,,{23},
LN00217485,"A468,A543",2,,,,{78},,,,,,,,,,,{23},
LN04908352,"A468,A543",2,,,,{79},,,,,,,,,,,{23},
LN02126695,A543,1,,,,,,,,,,,,,,,{23},
LN03253177,"A468,A543",2,,,,{77},,,,,,,,,,,{23},
LN02009497,"A468,A543",2,,,,{72},,,,,,,,,,,{23},
LN00009804,"A468,A543",2,,,,{79},,,,,,,,,,,{23},
LN04608759,"A468,A543",2,,,,{76},,,,,,,,,,,{23},
LN05441481,"A468,A543",2,,,,{83},,,,,,,,,,,{23},
LN02193981,"A468,A543",2,,,,{78},,,,,,,,,,,{23},
LN06250431,"A468,A543",2,,,,{79},,,,,,,,,,,{23},
LN03243450,"A468,A543",2,,,,{80},,,,,,,,,,,{23},
LN01363104,"A468,A543",2,,,,{76},,,,,,,,,,,{23},
LN06310203,"A468,A543",2,,,,{80},,,,,,,,,,,{23},
LN00156328,"A468,A543",2,,,,{79},,,,,,,,,,,{23},
LN01353459,"A468,A543",2,,,,{80},,,,,,,,,,,{23},
LN00175258,"A468,A543",2,,,,{77},,,,,,,,,,,{23},
LN03256854,A543,1,,,,,,,,,,,,,,,{23},
LN04701772,"A468,A473,A543",3,,,,{76},,,,"{74, 75}",,,,,,,{23},
LN02186385,A543,1,,,,,,,,,,,,,,,{23},
LN03257000,"A468,A543",2,,,,{79},,,,,,,,,,,{23},
LN05360796,"A468,A543",2,,,,{78},,,,,,,,,,,{23},
LN03246876,"A468,A543",2,,,,{78},,,,,,,,,,,{23},
LN02189741,"A468,A543",2,,,,{75},,,,,,,,,,,{23},
LN00337716,"A468,A543",2,,,,{75},,,,,,,,,,,{23},
LN02185113,"A468,A543",2,,,,{80},,,,,,,,,,,{23},
LN04748626,A543,1,,,,,,,,,,,,,,,{23},
LN02175713,A543,1,,,,,,,,,,,,,,,{23},
LN00202531,"A468,A543",2,,,,{70},,,,,,,,,,,{23},
LN04546726,"A468,A543",2,,,,{83},,,,,,,,,,,{23},
LN00213453,"A468,A543",2,,,,{78},,,,,,,,,,,{23},
LN05380445,"A468,A543",2,,,,{78},,,,,,,,,,,{23},
LN01748388,"A468,A543",2,,,,{73},,,,,,,,,,,{23},
LN00116085,"A468,A543",2,,,,{75},,,,,,,,,,,{23},
LN06112053,"A468,A543",2,,,,{78},,,,,,,,,,,{23},
LN02039524,"A467,A468,A543",3,,{75},,{75},,,,,,,,,,,{23},
LN05373645,"A468,A543",2,,,,{80},,,,,,,,,,,{23},
LN02188965,"A468,A543",2,,,,{78},,,,,,,,,,,{23},
LN03240089,"A468,A543",2,,,,{82},,,,,,,,,,,{23},
LN01797230,"A467,A543",2,,{81},,,,,,,,,,,,,{23},
LN00154873,"A468,A543",2,,,,{73},,,,,,,,,,,{23},
LN05824053,"A468,A543",2,,,,{87},,,,,,,,,,,{23},
LN04706316,"A468,A543",2,,,,{82},,,,,,,,,,,{23},
LN06416135,A543,1,,,,,,,,,,,,,,,{23},
LN01816859,"A468,A543",2,,,,{77},,,,,,,,,,,{23},
LN05379899,"A468,A543",2,,,,{78},,,,,,,,,,,{23},
LN05369732,"A468,A543",2,,,,{75},,,,,,,,,,,{23},
LN00174833,"A468,A543",2,,,,{78},,,,,,,,,,,{23},
LN02131616,"A468,A543",2,,,,{77},,,,,,,,,,,{23},
LN06131098,"A468,A543",2,,,,{78},,,,,,,,,,,{23},
LN00261274,"A468,A543",2,,,,{80},,,,,,,,,,,{23},
LN03271286,"A468,A543",2,,,,{81},,,,,,,,,,,{23},
LN02158730,"A468,A543",2,,,,{78},,,,,,,,,,,{23},
LN02008518,"A468,A543",2,,,,{76},,,,,,,,,,,{23},
LN05728859,"A467,A468,A543",3,,{77},,{78},,,,,,,,,,,{23},
LN00122391,"A468,A543",2,,,,{84},,,,,,,,,,,{23},
LN00215029,A543,1,,,,,,,,,,,,,,,{23},
LN02187322,"A468,A543",2,,,,{75},,,,,,,,,,,{23},
LN00218921,"A468,A543",2,,,,{76},,,,,,,,,,,{23},
LN01254082,"A468,A543",2,,,,{77},,,,,,,,,,,{23},
LN05372200,"A468,A543",2,,,,{75},,,,,,,,,,,{23},
LN03203422,"A468,A543",2,,,,{78},,,,,,,,,,,{23},
LN06112121,"A468,A543",2,,,,{77},,,,,,,,,,,{23},
LN06132286,"A468,A543",2,,,,{75},,,,,,,,,,,{23},
LN00189061,"A467,A468,A543",3,,{73},,{74},,,,,,,,,,,{23},
LN02003477,A543,1,,,,,,,,,,,,,,,{23},
LN02150848,"A468,A543",2,,,,{82},,,,,,,,,,,{23},
LN01314517,"A468,A543",2,,,,{78},,,,,,,,,,,{23},
LN04977307,A543,1,,,,,,,,,,,,,,,{23},
LN00284118,"A468,A543",2,,,,{77},,,,,,,,,,,{23},
LN01362394,"A468,A543",2,,,,{77},,,,,,,,,,,{23},
LN01802105,"A468,A543",2,,,,{78},,,,,,,,,,,{23},
LN01321879,"A468,A543",2,,,,{77},,,,,,,,,,,{23},
LN05483046,"A468,A543",2,,,,{74},,,,,,,,,,,{23},
LN05680925,A543,1,,,,,,,,,,,,,,,{23},
LN04842172,"A468,A543",2,,,,{77},,,,,,,,,,,{23},
LN04705486,A543,1,,,,,,,,,,,,,,,{23},
LN02195122,"A468,A543",2,,,,{83},,,,,,,,,,,{23},
LN03240595,"A468,A543",2,,,,{82},,,,,,,,,,,{23},
LN05442244,"A468,A543",2,,,,{76},,,,,,,,,,,{23},
LN05464086,"A468,A543",2,,,,{74},,,,,,,,,,,{23},
LN01330657,"A468,A543",2,,,,{76},,,,,,,,,,,{23},
LN01319255,"A468,A543",2,,,,{79},,,,,,,,,,,{23},
LN05380013,"A468,A543",2,,,,{80},,,,,,,,,,,{23},
LN05428363,"A468,A543",2,,,,{75},,,,,,,,,,,{23},
LN02187257,"A467,A543",2,,{83},,,,,,,,,,,,,{23},
LN00186621,"A467,A543",2,,{76},,,,,,,,,,,,,{23},
LN02041491,"A468,A543",2,,,,{79},,,,,,,,,,,{23},
LN00238567,"A468,A543",2,,,,{79},,,,,,,,,,,{23},
LN00168307,"A468,A543",2,,,,{78},,,,,,,,,,,{23},
LN02043424,A543,1,,,,,,,,,,,,,,,{23},
LN00170840,A543,1,,,,,,,,,,,,,,,{23},
LN01813893,"A468,A543",2,,,,{79},,,,,,,,,,,{23},
LN02049911,"A468,A543",2,,,,{83},,,,,,,,,,,{23},
LN04647883,"A468,A543",2,,,,{78},,,,,,,,,,,{23},
LN00139816,"A468,A543",2,,,,{78},,,,,,,,,,,{23},
LN01358383,"A468,A543",2,,,,{77},,,,,,,,,,,{23},
LN04928844,"A468,A543",2,,,,{80},,,,,,,,,,,{23},
LN00215137,"A468,A543",2,,,,{75},,,,,,,,,,,{23},
LN05438293,"A468,A543",2,,,,{76},,,,,,,,,,,{23},
LN06164066,"A468,A543",2,,,,{84},,,,,,,,,,,{23},
LN05439217,"A468,A543",2,,,,{83},,,,,,,,,,,{23},
LN02000953,"A468,A543",2,,,,{76},,,,,,,,,,,{23},
LN04970827,"A468,A543",2,,,,{81},,,,,,,,,,,{23},
LN05358345,"A468,A543",2,,,,{79},,,,,,,,,,,{23},
LN01357146,"A468,A543",2,,,,{77},,,,,,,,,,,{23},
LN02039241,"A468,A543",2,,,,{76},,,,,,,,,,,{23},
LN05442348,"A468,A543",2,,,,{82},,,,,,,,,,,{23},
LN04834485,"A468,A543",2,,,,{81},,,,,,,,,,,{23},
LN00006053,A543,1,,,,,,,,,,,,,,,{23},
LN00010755,"A468,A543",2,,,,{76},,,,,,,,,,,{23},
LN05425785,"A468,A543",2,,,,{81},,,,,,,,,,,{23},
LN05729432,"A468,A543",2,,,,{76},,,,,,,,,,,{23},
LN00117974,A543,1,,,,,,,,,,,,,,,{23},
LN04704426,"A468,A543",2,,,,{84},,,,,,,,,,,{23},
LN00218789,"A468,A543",2,,,,{75},,,,,,,,,,,{23},
LN00215881,"A468,A543",2,,,,{77},,,,,,,,,,,{23},
LN03282354,"A468,A543",2,,,,{78},,,,,,,,,,,{23},
LN03244189,"A468,A543",2,,,,{89},,,,,,,,,,,{23},
LN05515548,A543,1,,,,,,,,,,,,,,,{23},
LN02194752,A543,1,,,,,,,,,,,,,,,{23},
LN00204250,"A467,A543",2,,{81},,,,,,,,,,,,,{23},
LN02160260,"A468,A543",2,,,,{81},,,,,,,,,,,{23},
LN06129460,"A468,A543",2,,,,{81},,,,,,,,,,,{23},
LN03268694,"A467,A468,A543",3,,{79},,{82},,,,,,,,,,,{23},
LN04602787,A543,1,,,,,,,,,,,,,,,{23},
LN04850959,"A468,A543",2,,,,{78},,,,,,,,,,,{23},
LN05621579,A543,1,,,,,,,,,,,,,,,{23},
LN04593566,"A468,A543",2,,,,{80},,,,,,,,,,,{23},
LN05515575,"A468,A543",2,,,,{76},,,,,,,,,,,{23},
LN02157582,"A468,A543",2,,,,{74},,,,,,,,,,,{23},
LN05442373,"A468,A543",2,,,,{85},,,,,,,,,,,{23},
LN05372168,A543,1,,,,,,,,,,,,,,,{23},
LN04847178,"A467,A468,A543",3,,{77},,{78},,,,,,,,,,,{23},
LN05622354,"A468,A543",2,,,,{74},,,,,,,,,,,{23},
LN00241681,"A468,A543",2,,,,{81},,,,,,,,,,,{23},
LN05447053,"A468,A543",2,,,,{78},,,,,,,,,,,{23},
LN03264543,A543,1,,,,,,,,,,,,,,,{23},
LN04737277,"A468,A543",2,,,,{79},,,,,,,,,,,{23},
LN04751555,"A468,A543",2,,,,{81},,,,,,,,,,,{23},
LN01348801,"A468,A543",2,,,,{77},,,,,,,,,,,{23},
LN06129876,"A468,A473,A543",3,,,,{77},,,,{75},,,,,,,{23},
LN01357339,"A468,A543",2,,,,{77},,,,,,,,,,,{23},
LN02150763,A543,1,,,,,,,,,,,,,,,{23},
LN02190435,"A468,A543",2,,,,{83},,,,,,,,,,,{23},
LN05447510,"A468,A543",2,,,,{84},,,,,,,,,,,{23},
LN02164380,"A468,A538,A543",3,,,,{79},,,,,,{74},,,,,{23},
LN01797687,"A468,A543",2,,,,{82},,,,,,,,,,,{23},
LN01276629,"A468,A543",2,,,,{81},,,,,,,,,,,{23},
LN00335453,"A468,A543",2,,,,{80},,,,,,,,,,,{23},
LN01362885,"A468,A543",2,,,,{77},,,,,,,,,,,{23},
LN00338561,"A468,A538,A543",3,,,,{78},,,,,,{80},,,,,{23},
LN05442023,"A468,A543",2,,,,{82},,,,,,,,,,,{23},
LN00180259,"A468,A543",2,,,,{77},,,,,,,,,,,{23},
LN05424346,"A468,A543",2,,,,{79},,,,,,,,,,,{23},
LN02008517,"A468,A543",2,,,,{77},,,,,,,,,,,{23},
LN05743972,"A468,A538,A543",3,,,,{75},,,,,,{73},,,,,{23},
LN04875525,"A468,A543",2,,,,{79},,,,,,,,,,,{23},
LN00293634,"A468,A543",2,,,,{76},,,,,,,,,,,{23},
LN04952067,A543,1,,,,,,,,,,,,,,,{23},
LN01359370,"A468,A543",2,,,,{81},,,,,,,,,,,{23},
LN02150774,"A468,A543",2,,,,{75},,,,,,,,,,,{23},
LN00196456,"A467,A543",2,,{78},,,,,,,,,,,,,{23},
LN05438668,A543,1,,,,,,,,,,,,,,,{23},
LN00224078,"A468,A543",2,,,,{78},,,,,,,,,,,{23},
LN00169494,"A468,A543",2,,,,{76},,,,,,,,,,,{23},
LN05579470,"A468,A543",2,,,,{77},,,,,,,,,,,{23},
LN04651941,A543,1,,,,,,,,,,,,,,,{23},
LN05425106,"A468,A543",2,,,,{83},,,,,,,,,,,{23},
LN01363227,A543,1,,,,,,,,,,,,,,,{23},
LN01798231,"A468,A543",2,,,,{86},,,,,,,,,,,{23},
LN05448153,A543,1,,,,,,,,,,,,,,,{23},
LN05368886,A543,1,,,,,,,,,,,,,,,{23},
LN05442844,A543,1,,,,,,,,,,,,,,,{23},
LN05375703,"A468,A543",2,,,,{87},,,,,,,,,,,{23},
LN01796558,"A468,A543",2,,,,{75},,,,,,,,,,,{23},
LN01815472,"A468,A543",2,,,,{78},,,,,,,,,,,{23},
LN05376949,A543,1,,,,,,,,,,,,,,,{23},
LN00180073,"A468,A543",2,,,,{80},,,,,,,,,,,{23},
LN04647325,"A468,A543",2,,,,{74},,,,,,,,,,,{23},
LN01801915,"A468,A543",2,,,,{79},,,,,,,,,,,{23},
LN04543334,"A468,A543",2,,,,{80},,,,,,,,,,,{23},
LN05448523,"A468,A543",2,,,,{77},,,,,,,,,,,{23},
LN03273059,A543,1,,,,,,,,,,,,,,,{23},
LN01799698,"A468,A543",2,,,,{77},,,,,,,,,,,{23},
LN05729268,"A468,A543",2,,,,{85},,,,,,,,,,,{23},
LN00132416,"A468,A543",2,,,,{76},,,,,,,,,,,{23},
LN03266905,A543,1,,,,,,,,,,,,,,,{23},
LN01998123,A543,1,,,,,,,,,,,,,,,{23},
LN02008065,"A468,A543",2,,,,{77},,,,,,,,,,,{23},
LN04615965,"A468,A543",2,,,,{76},,,,,,,,,,,{23},
LN05682381,"A468,A543",2,,,,{78},,,,,,,,,,,{23},
LN04732382,A543,1,,,,,,,,,,,,,,,{23},
LN00230153,"A467,A543",2,,{74},,,,,,,,,,,,,{23},
LN05729152,"A468,A543",2,,,,{73},,,,,,,,,,,{23},
LN02186952,"A468,A543",2,,,,{74},,,,,,,,,,,{23},
LN00284183,"A468,A543",2,,,,{78},,,,,,,,,,,{23},
LN05385097,"A468,A543",2,,,,{79},,,,,,,,,,,{23},
LN06149525,A543,1,,,,,,,,,,,,,,,{23},
LN03284305,"A467,A468,A473,A543",4,{41},,,{83},,,,{85},,,,,,,{23},
LN00189103,"A468,A543",2,,,,"{78, 79}",,,,,,,,,,,{23},
LN03246333,"A468,A543",2,,,,{78},,,,,,,,,,,{23},
LN04909022,"A468,A543",2,,,,{74},,,,,,,,,,,{23},
LN04660844,"A468,A543",2,,,,{84},,,,,,,,,,,{23},
LN04546720,"A468,A543",2,,,,{77},,,,,,,,,,,{23},
LN02004161,"A467,A468,A543",3,,{77},,{78},,,,,,,,,,,{23},
LN04655004,"A468,A538,A543",3,,,,{78},,,,,,{75},,,,,{23},
LN06422099,"A468,A543",2,,,,{86},,,,,,,,,,,{23},
LN04841278,"A468,A543",2,,,,{82},,,,,,,,,,,{23},
LN00336695,A543,1,,,,,,,,,,,,,,,{23},
LN00139020,"A468,A473,A543",3,,,,{75},,,,{74},,,,,,,{23},
LN04908544,"A468,A543",2,,,,{79},,,,,,,,,,,{23},
LN01257157,"A468,A543",2,,,,{77},,,,,,,,,,,{23},
LN03268342,A543,1,,,,,,,,,,,,,,,{23},
LN00220677,"A467,A543",2,,{80},,,,,,,,,,,,,{23},
LN01377887,A543,1,,,,,,,,,,,,,,,{23},
LN00732618,"A468,A543",2,,,,{81},,,,,,,,,,,{23},
LN03240684,"A468,A543",2,,,,{79},,,,,,,,,,,{23},
LN02188857,"A468,A543",2,,,,{77},,,,,,,,,,,{23},
LN02038353,"A468,A543",2,,,,{80},,,,,,,,,,,{23},
LN05379031,"A468,A543",2,,,,{79},,,,,,,,,,,{23},
LN05579478,"A468,A543",2,,,,{84},,,,,,,,,,,{23},
LN05367164,"A468,A543",2,,,,{76},,,,,,,,,,,{23},
LN05375406,"A468,A543",2,,,,{80},,,,,,,,,,,{23},
LN00159777,A543,1,,,,,,,,,,,,,,,{23},
LN02013718,"A538,A543",2,,,,,,,,,,{80},,,,,{23},
LN01352376,"A468,A543",2,,,,{75},,,,,,,,,,,{23},
LN02006815,A543,1,,,,,,,,,,,,,,,{23},
LN01368388,A543,1,,,,,,,,,,,,,,,{23},
LN02009315,"A467,A543",2,,{79},,,,,,,,,,,,,{23},
LN02056066,A543,1,,,,,,,,,,,,,,,{23},
LN02055966,"A468,A543",2,,,,{79},,,,,,,,,,,{23},
LN00302276,"A468,A543",2,,,,{79},,,,,,,,,,,{23},
LN00198965,"A468,A543",2,,,,{85},,,,,,,,,,,{23},
LN05519540,"A468,A543",2,,,,{85},,,,,,,,,,,{23},
LN00248145,"A468,A543",2,,,,{83},,,,,,,,,,,{23},
LN05695070,A543,1,,,,,,,,,,,,,,,{23},
LN04547704,"A468,A543",2,,,,{78},,,,,,,,,,,{23},
LN03246984,"A468,A543",2,,,,{81},,,,,,,,,,,{23},
LN00002951,"A468,A543",2,,,,{75},,,,,,,,,,,{23},
LN05766110,"A468,A543",2,,,,{82},,,,,,,,,,,{23},
LN00201532,"A468,A543",2,,,,{74},,,,,,,,,,,{23},
LN00226847,"A468,A543",2,,,,{76},,,,,,,,,,,{23},
LN05438320,"A467,A543",2,,{87},,,,,,,,,,,,,{23},
LN01363160,"A467,A468,A543",3,,{77},,{78},,,,,,,,,,,{23},
LN00001717,A543,1,,,,,,,,,,,,,,,{23},
LN04694082,"A468,A543",2,,,,{86},,,,,,,,,,,{23},
LN00116808,A543,1,,,,,,,,,,,,,,,{23},
LN00191263,"A467,A543",2,,{77},,,,,,,,,,,,,{23},
LN04977498,A543,1,,,,,,,,,,,,,,,{23},
LN00214150,"A468,A543",2,,,,{90},,,,,,,,,,,{23},
LN05683993,A543,1,,,,,,,,,,,,,,,{23},
LN04917123,A543,1,,,,,,,,,,,,,,,{23},
LN02169625,"A468,A543",2,,,,{83},,,,,,,,,,,{23},
LN01313250,"A467,A468,A543",3,,{77},,{78},,,,,,,,,,,{23},
LN03246412,"A468,A543",2,,,,{73},,,,,,,,,,,{23},
LN05729314,"A468,A543",2,,,,{73},,,,,,,,,,,{23},
LN02167338,A543,1,,,,,,,,,,,,,,,{23},
LN05452944,A543,1,,,,,,,,,,,,,,,{23},
LN01314864,A543,1,,,,,,,,,,,,,,,{23},
LN03267558,"A468,A543",2,,,,{82},,,,,,,,,,,{23},
LN01802066,"A468,A543",2,,,,{79},,,,,,,,,,,{23},
LN00005041,A543,1,,,,,,,,,,,,,,,{23},
LN00111733,"A467,A543",2,,{77},,,,,,,,,,,,,{23},
LN01867551,A543,1,,,,,,,,,,,,,,,{23},
LN02187726,"A467,A543",2,,{77},,,,,,,,,,,,,{23},
LN04601394,"A468,A543",2,,,,{80},,,,,,,,,,,{23},
LN05590095,"A468,A543",2,,,,{78},,,,,,,,,,,{23},
LN00336457,"A468,A543",2,,,,{78},,,,,,,,,,,{23},
LN02037810,"A468,A543",2,,,,{77},,,,,,,,,,,{23},
LN05701488,"A467,A543",2,,{77},,,,,,,,,,,,,{23},
LN04598608,"A468,A543",2,,,,{72},,,,,,,,,,,{23},
LN03232993,"A468,A543",2,,,,{79},,,,,,,,,,,{23},
LN01814072,"A468,A543",2,,,,{76},,,,,,,,,,,{23},
LN00198669,"A468,A543",2,,,,{80},,,,,,,,,,,{23},
LN00215472,"A468,A543",2,,,,{74},,,,,,,,,,,{23},
LN04745848,"A468,A543",2,,,,{74},,,,,,,,,,,{23},
LN00158199,A543,1,,,,,,,,,,,,,,,{23},
LN04546753,"A468,A543",2,,,,{82},,,,,,,,,,,{23},
LN04998108,"A468,A543",2,,,,{81},,,,,,,,,,,{23},
LN04736219,"A468,A543",2,,,,{87},,,,,,,,,,,{23},
LN05007887,A543,1,,,,,,,,,,,,,,,{23},
LN03265484,"A468,A543",2,,,,{82},,,,,,,,,,,{23},
LN00223346,A543,1,,,,,,,,,,,,,,,{23},
LN05432530,"A468,A543",2,,,,{86},,,,,,,,,,,{23},
LN04972445,A543,1,,,,,,,,,,,,,,,{23},
LN00181405,A543,1,,,,,,,,,,,,,,,{23},
LN04733999,"A468,A543",2,,,,{78},,,,,,,,,,,{23},
LN05351032,"A468,A543",2,,,,{80},,,,,,,,,,,{23},
LN00147267,"A468,A543",2,,,,{85},,,,,,,,,,,{23},
LN00226808,"A468,A543",2,,,,{75},,,,,,,,,,,{23},
LN00125419,"A468,A543",2,,,,{78},,,,,,,,,,,{23},
LN05459661,"A538,A543",2,,,,,,,,,,{85},,,,,{23},
LN00222123,A543,1,,,,,,,,,,,,,,,{23},
LN04593726,"A468,A543",2,,,,{77},,,,,,,,,,,{23},
LN00242802,"A468,A543",2,,,,{81},,,,,,,,,,,{23},
LN02188532,"A468,A543",2,,,,{79},,,,,,,,,,,{23},
LN00337630,"A467,A468,A543",3,,{79},,{82},,,,,,,,,,,{23},
LN02012127,"A467,A543",2,,{80},,,,,,,,,,,,,{23},
LN02188858,"A468,A543",2,,,,{78},,,,,,,,,,,{23},
LN00219376,"A468,A543",2,,,,{78},,,,,,,,,,,{23},
LN00115560,"A468,A543",2,,,,{81},,,,,,,,,,,{23},
LN00151789,"A538,A543",2,,,,,,,,,,{79},,,,,{23},
LN04693848,"A468,A473,A543",3,,,,{78},,,,{76},,,,,,,{23},
LN00120787,"A468,A543",2,,,,{81},,,,,,,,,,,{23},
LN05384861,"A467,A468,A543",3,,{81},,{80},,,,,,,,,,,{23},
LN02122434,"A468,A543",2,,,,{79},,,,,,,,,,,{23},
LN00173093,"A468,A543",2,,,,{75},,,,,,,,,,,{23},
LN00129071,"A468,A543",2,,,,{85},,,,,,,,,,,{23},
LN00131692,A543,1,,,,,,,,,,,,,,,{23},
LN05832765,A543,1,,,,,,,,,,,,,,,{23},
LN05431788,"A468,A543",2,,,,{82},,,,,,,,,,,{23},
LN02063140,"A468,A543",2,,,,{78},,,,,,,,,,,{23},
LN05357651,A543,1,,,,,,,,,,,,,,,{23},
LN00134366,"A468,A543",2,,,,{80},,,,,,,,,,,{23},
LN00335003,"A468,A543",2,,,,{76},,,,,,,,,,,{23},
LN00234821,A543,1,,,,,,,,,,,,,,,{23},
LN03243769,"A468,A543",2,,,,{80},,,,,,,,,,,{23},
LN05039118,A543,1,,,,,,,,,,,,,,,{23},
LN02020021,"A468,A543",2,,,,{79},,,,,,,,,,,{23},
LN02123033,"A468,A543",2,,,,{82},,,,,,,,,,,{23},
LN03265522,"A468,A543",2,,,,{74},,,,,,,,,,,{23},
LN05447733,"A468,A543",2,,,,{77},,,,,,,,,,,{23},
LN04744738,A543,1,,,,,,,,,,,,,,,{23},
LN05525905,"A467,A543",2,,{82},,,,,,,,,,,,,{23},
LN04744758,"A468,A543",2,,,,{81},,,,,,,,,,,{23},
LN05368872,A543,1,,,,,,,,,,,,,,,{23},
LN02138029,"A468,A543",2,,,,{86},,,,,,,,,,,{23},
LN01867516,"A538,A543",2,,,,,,,,,,{80},,,,,{23},
LN00008906,"A468,A543",2,,,,{78},,,,,,,,,,,{23},
LN05425244,"A468,A543",2,,,,{82},,,,,,,,,,,{23},
LN00204040,"A468,A543",2,,,,{80},,,,,,,,,,,{23},
LN00182771,A543,1,,,,,,,,,,,,,,,{23},
LN00158520,"A468,A543",2,,,,{79},,,,,,,,,,,{23},
LN00173900,"A468,A543",2,,,,{79},,,,,,,,,,,{23},
LN04848665,A543,1,,,,,,,,,,,,,,,{23},
LN00126241,"A468,A543",2,,,,{84},,,,,,,,,,,{23},
LN00213558,"A468,A543",2,,,,{75},,,,,,,,,,,{23},
LN05442647,"A468,A543",2,,,,{82},,,,,,,,,,,{23},
LN00158352,A543,1,,,,,,,,,,,,,,,{23},
LN00132876,"A468,A543",2,,,,{78},,,,,,,,,,,{23},
LN00465589,"A468,A543",2,,,,{80},,,,,,,,,,,{23},
LN00213706,A543,1,,,,,,,,,,,,,,,{23},
LN05818219,A543,1,,,,,,,,,,,,,,,{23},
LN02038353,A543,1,,,,,,,,,,,,,,,{23},
LN02008661,"A468,A543",2,,,,{78},,,,,,,,,,,{23},
LN04602948,A543,1,,,,,,,,,,,,,,,{23},
LN00117333,A543,1,,,,,,,,,,,,,,,{23},
LN04848722,"A468,A543",2,,,,{74},,,,,,,,,,,{23},
LN05376795,"A467,A543",2,,{77},,,,,,,,,,,,,{23},
LN03272646,"A468,A543",2,,,,{82},,,,,,,,,,,{23},
LN05522261,"A468,A543",2,,,,{73},,,,,,,,,,,{23},
LN04545455,"A468,A543",2,,,,{80},,,,,,,,,,,{23},
LN02171979,"A467,A543",2,,{79},,,,,,,,,,,,,{23},
LN03248297,"A468,A543",2,,,,{81},,,,,,,,,,,{23},
LN02055966,A543,1,,,,,,,,,,,,,,,{23},
LN05698439,"A467,A543",2,,{79},,,,,,,,,,,,,{23},
LN04542590,"A467,A468,A543",3,,{80},,{81},,,,,,,,,,,{23},
LN05437769,"A468,A543",2,,,,{79},,,,,,,,,,,{23},
LN05366157,"A468,A543",2,,,,{79},,,,,,,,,,,{23},
LN05380402,"A468,A543",2,,,,{85},,,,,,,,,,,{23},
LN01365066,"A467,A543",2,,{80},,,,,,,,,,,,,{23},
LN02055966,"A468,A543",2,,,,"{84, 78}",,,,,,,,,,,{23},
LN05380344,A543,1,,,,,,,,,,,,,,,{23},
LN01367113,"A468,A543",2,,,,{80},,,,,,,,,,,{23},
LN05472086,"A468,A543",2,,,,{86},,,,,,,,,,,{23},
LN02187207,A543,1,,,,,,,,,,,,,,,{23},
LN05367268,A543,1,,,,,,,,,,,,,,,{23},
LN02046903,"A468,A543",2,,,,{84},,,,,,,,,,,{23},
LN01261062,"A468,A543",2,,,,{84},,,,,,,,,,,{23},
LN00169213,A543,1,,,,,,,,,,,,,,,{23},
LN01362688,"A468,A543",2,,,,{76},,,,,,,,,,,{23},
LN00245157,A543,1,,,,,,,,,,,,,,,{23},
LN00122153,"A467,A468,A543",3,,{77},,{78},,,,,,,,,,,{23},
LN03277150,"A468,A543",2,,,,{82},,,,,,,,,,,{23},
LN05441415,"A468,A543",2,,,,{76},,,,,,,,,,,{23},
LN05375409,"A468,A543",2,,,,{80},,,,,,,,,,,{23},
LN01361518,"A468,A543",2,,,,{81},,,,,,,,,,,{23},
LN02128138,"A468,A543",2,,,,{83},,,,,,,,,,,{23},
LN04704854,"A467,A468,A543",3,,{80},,{81},,,,,,,,,,,{23},
LN04681309,"A467,A468,A543",3,{42},,,{80},,,,,,,,,,,{23},
LN00277819,"A468,A543",2,,,,{80},,,,,,,,,,,{23},
LN00139027,A543,1,,,,,,,,,,,,,,,{23},
LN05448303,"A468,A543",2,,,,{78},,,,,,,,,,,{23},
LN06310197,"A468,A543",2,,,,{80},,,,,,,,,,,{23},
LN02174419,"A468,A543",2,,,,{83},,,,,,,,,,,{23},
LN00198056,"A468,A543",2,,,,{74},,,,,,,,,,,{23},
LN05440060,"A468,A543",2,,,,{78},,,,,,,,,,,{23},
LN00160119,A543,1,,,,,,,,,,,,,,,{23},
LN05364629,"A468,A543",2,,,,{78},,,,,,,,,,,{23},
LN00170230,"A468,A543",2,,,,{77},,,,,,,,,,,{23},
LN02156105,"A468,A543",2,,,,{79},,,,,,,,,,,{23},
LN01868609,"A467,A543",2,,{83},,,,,,,,,,,,,{23},
LN06130335,A543,1,,,,,,,,,,,,,,,{23},
LN01364847,"A468,A543",2,,,,{77},,,,,,,,,,,{23},
LN03271630,"A468,A543",2,,,,{83},,,,,,,,,,,{23},
LN00213994,A543,1,,,,,,,,,,,,,,,{23},
LN05369296,"A468,A543",2,,,,{81},,,,,,,,,,,{23},
LN01367338,A543,1,,,,,,,,,,,,,,,{23},
LN05766113,"A468,A543",2,,,,{74},,,,,,,,,,,{23},
LN05527488,A543,1,,,,,,,,,,,,,,,{23},
LN00251768,"A468,A543",2,,,,{79},,,,,,,,,,,{23},
LN00833622,"A468,A543",2,,,,{86},,,,,,,,,,,{23},
LN02191980,"A467,A543",2,,{77},,,,,,,,,,,,,{23},
LN00244678,"A468,A543",2,,,,{82},,,,,,,,,,,{23},
LN00307962,A543,1,,,,,,,,,,,,,,,{23},
LN01358568,"A468,A543",2,,,,{76},,,,,,,,,,,{23},
LN00338842,"A468,A543",2,,,,{89},,,,,,,,,,,{23},
LN01326931,"A468,A543",2,,,,{86},,,,,,,,,,,{23},
LN01217297,"A468,A543",2,,,,{78},,,,,,,,,,,{23},
LN00191790,"A468,A543",2,,,,{79},,,,,,,,,,,{23},
LN04724746,"A468,A543",2,,,,{91},,,,,,,,,,,{23},
LN03260357,A543,1,,,,,,,,,,,,,,,{23},
LN02040849,"A468,A543",2,,,,{77},,,,,,,,,,,{23},
LN05619708,A543,1,,,,,,,,,,,,,,,{23},
LN00188403,"A468,A543",2,,,,{83},,,,,,,,,,,{23},
LN01244134,"A467,A468,A543",3,,{79},,{80},,,,,,,,,,,{23},
LN01328847,"A468,A543",2,,,,{79},,,,,,,,,,,{23},
LN05680742,"A467,A543",2,,{80},,,,,,,,,,,,,{23},
LN00200377,"A468,A543",2,,,,{82},,,,,,,,,,,{23},
LN05341343,"A468,A543",2,,,,{77},,,,,,,,,,,{23},
LN05343401,"A468,A543",2,,,,{78},,,,,,,,,,,{23},
LN02055966,"A468,A543",2,,,,{84},,,,,,,,,,,{23},
LN04963188,"A468,A543",2,,,,{77},,,,,,,,,,,{23},
LN01374711,"A468,A543",2,,,,{73},,,,,,,,,,,{23},
LN01814276,A543,1,,,,,,,,,,,,,,,{23},
LN02152000,"A467,A543",2,,{79},,,,,,,,,,,,,{23},
LN00174307,"A467,A543",2,,{79},,,,,,,,,,,,,{23},
LN04660706,A543,1,,,,,,,,,,,,,,,{23},
LN02038353,"A468,A543",2,,,,{79},,,,,,,,,,,{23},
LN02000083,"A468,A543",2,,,,{79},,,,,,,,,,,{23},
LN00175341,A543,1,,,,,,,,,,,,,,,{23},
LN04949220,"A468,A543",2,,,,{85},,,,,,,,,,,{23},
LN04821097,"A467,A468,A543",3,,{79},,{83},,,,,,,,,,,{23},
LN00001030,"A468,A543",2,,,,{78},,,,,,,,,,,{23},
LN05575755,A543,1,,,,,,,,,,,,,,,{23},
LN00132433,A543,1,,,,,,,,,,,,,,,{23},
LN05428382,A543,1,,,,,,,,,,,,,,,{23},
LN05090943,A543,1,,,,,,,,,,,,,,,{23},
LN04962038,"A468,A543",2,,,,{83},,,,,,,,,,,{23},
LN00228685,"A468,A543",2,,,,{85},,,,,,,,,,,{23},
LN04821094,"A468,A543",2,,,,{80},,,,,,,,,,,{23},
LN06112037,"A467,A543",2,,{77},,,,,,,,,,,,,{23},
LN05428214,"A536,A543",2,,,,,,,,,,,{41},,,,{23},
LN02151602,"A468,A543",2,,,,{81},,,,,,,,,,,{23},
LN05575624,"A468,A543",2,,,,{77},,,,,,,,,,,{23},
LN03250084,"A467,A468,A543",3,,{82},,{86},,,,,,,,,,,{23},
LN05362466,"A468,A543",2,,,,{79},,,,,,,,,,,{23},
LN01362932,"A468,A543",2,,,,{88},,,,,,,,,,,{23},
LN01374568,"A468,A543",2,,,,{86},,,,,,,,,,,{23},
LN01999780,"A468,A543",2,,,,{78},,,,,,,,,,,{23},
LN01327815,A543,1,,,,,,,,,,,,,,,{23},
LN05442297,"A468,A543",2,,,,{82},,,,,,,,,,,{23},
LN05458180,"A467,A543",2,,{80},,,,,,,,,,,,,{23},
LN00232420,"A468,A543",2,,,,{81},,,,,,,,,,,{23},
LN01267435,"A468,A543",2,,,,{75},,,,,,,,,,,{23},
LN00337896,"A468,A543",2,,,,{80},,,,,,,,,,,{23},
LN01347997,"A468,A543",2,,,,{81},,,,,,,,,,,{23},
LN00287660,"A468,A543",2,,,,{85},,,,,,,,,,,{23},
LN06129807,"A473,A543",2,,,,,,,,{85},,,,,,,{23},
LN02152417,"A468,A543",2,,,,{77},,,,,,,,,,,{23},
LN01366146,"A467,A468,A543",3,,{80},,{81},,,,,,,,,,,{23},
LN04902500,"A468,A543",2,,,,{83},,,,,,,,,,,{23},
LN04649600,"A467,A543",2,,{77},,,,,,,,,,,,,{23},
LN03267532,"A468,A543",2,,,,"{83, 79}",,,,,,,,,,,{23},
LN04638578,A543,1,,,,,,,,,,,,,,,{23},
LN02187187,"A468,A543",2,,,,{81},,,,,,,,,,,{23},
LN05442369,"A468,A543",2,,,,{82},,,,,,,,,,,{23},
LN04539362,"A467,A468,A543",3,,{81},,{82},,,,,,,,,,,{23},
LN05654001,"A468,A543",2,,,,{75},,,,,,,,,,,{23},
LN00190875,"A468,A543",2,,,,{79},,,,,,,,,,,{23},
LN05438635,"A468,A543",2,,,,{82},,,,,,,,,,,{23},
LN00242895,A543,1,,,,,,,,,,,,,,,{23},
LN05701563,"A468,A543",2,,,,{74},,,,,,,,,,,{23},
LN05370675,A543,1,,,,,,,,,,,,,,,{23},
LN05438771,"A538,A543",2,,,,,,,,,,{83},,,,,{23},
LN00150241,A543,1,,,,,,,,,,,,,,,{23},
LN05458916,"A468,A543",2,,,,{84},,,,,,,,,,,{23},
LN05428535,"A468,A543",2,,,,{82},,,,,,,,,,,{23},
LN01367766,"A468,A543",2,,,,{81},,,,,,,,,,,{23},
LN05378481,"A468,A543",2,,,,{77},,,,,,,,,,,{23},
LN04735515,A543,1,,,,,,,,,,,,,,,{23},
LN02040099,"A468,A543",2,,,,{77},,,,,,,,,,,{23},
LN05441535,"A468,A543",2,,,,{86},,,,,,,,,,,{23},
LN05438204,"A468,A543",2,,,,{81},,,,,,,,,,,{23},
LN03263846,"A468,A543",2,,,,{80},,,,,,,,,,,{23},
LN04744741,A543,1,,,,,,,,,,,,,,,{23},
LN00236526,A543,1,,,,,,,,,,,,,,,{23},
LN00237307,"A468,A543",2,,,,{82},,,,,,,,,,,{23},
LN01265981,A543,1,,,,,,,,,,,,,,,{23},
LN02164637,"A468,A543",2,,,,{77},,,,,,,,,,,{23},
LN04601453,"A468,A543",2,,,,{80},,,,,,,,,,,{23},
LN05427381,A543,1,,,,,,,,,,,,,,,{23},
LN05425024,"A468,A543",2,,,,{84},,,,,,,,,,,{23},
LN04700062,"A467,A543",2,,{78},,,,,,,,,,,,,{23},
LN01367389,"A468,A543",2,,,,{82},,,,,,,,,,,{23},
LN06310236,"A467,A543",2,,{81},,,,,,,,,,,,,{23},
LN02141519,"A468,A543",2,,,,{83},,,,,,,,,,,{23},
LN00262187,"A467,A468,A543",3,,{79},,{83},,,,,,,,,,,{23},
LN02041996,"A468,A543",2,,,,{79},,,,,,,,,,,{23},
LN02037738,"A468,A543",2,,,,{77},,,,,,,,,,,{23},
LN05449240,"A467,A543",2,,{85},,,,,,,,,,,,,{23},
LN01349292,A543,1,,,,,,,,,,,,,,,{23},
LN01799312,A543,1,,,,,,,,,,,,,,,{23},
LN04599672,A543,1,,,,,,,,,,,,,,,{23},
LN03274070,"A468,A538,A543",3,,,,{79},,,,,{41},,,,,,{23},
LN00156604,A543,1,,,,,,,,,,,,,,,{23},
LN01845504,"A468,A543",2,,,,{81},,,,,,,,,,,{23},
LN05376987,A543,1,,,,,,,,,,,,,,,{23},
LN00230936,"A468,A543",2,,,,{80},,,,,,,,,,,{23},
LN00186791,"A468,A543",2,,,,{80},,,,,,,,,,,{23},
LN06147877,"A468,A543",2,,,,{86},,,,,,,,,,,{23},
LN00174107,"A467,A543",2,,{80},,,,,,,,,,,,,{23},
LN05442493,"A468,A543",2,,,,{80},,,,,,,,,,,{23},
LN04693727,"A468,A543",2,,,,{79},,,,,,,,,,,{23},
LN01326204,A543,1,,,,,,,,,,,,,,,{23},
LN01364549,"A468,A543",2,,,,{77},,,,,,,,,,,{23},
LN05367628,"A468,A543",2,,,,{85},,,,,,,,,,,{23},
LN01372545,"A468,A543",2,,,,{78},,,,,,,,,,,{23},
LN01284649,"A468,A543",2,,,,{84},,,,,,,,,,,{23},
LN05425278,"A468,A543",2,,,,{80},,,,,,,,,,,{23},
LN00243352,"A468,A543",2,,,,{77},,,,,,,,,,,{23},
LN05439393,"A467,A543",2,,{79},,,,,,,,,,,,,{23},
LN02195102,"A468,A543",2,,,,{83},,,,,,,,,,,{23},
LN01867792,"A468,A543",2,,,,{89},,,,,,,,,,,{23},
LN01313633,"A468,A543",2,,,,{84},,,,,,,,,,,{23},
LN02220396,A543,1,,,,,,,,,,,,,,,{23},
LN03298134,A543,1,,,,,,,,,,,,,,,{23},
LN01999039,"A468,A543",2,,,,{80},,,,,,,,,,,{23},
LN01354094,"A468,A543",2,,,,{77},,,,,,,,,,,{23},
LN01201515,"A468,A543",2,,,,{86},,,,,,,,,,,{23},
LN02013801,A543,1,,,,,,,,,,,,,,,{23},
LN05448307,"A468,A543",2,,,,{80},,,,,,,,,,,{23},
LN00125516,"A468,A543",2,,,,{79},,,,,,,,,,,{23},
LN00004300,A543,1,,,,,,,,,,,,,,,{23},
LN00238535,"A468,A543",2,,,,{85},,,,,,,,,,,{23},
LN00004412,A543,1,,,,,,,,,,,,,,,{23},
LN03251179,A543,1,,,,,,,,,,,,,,,{23},
LN02027651,"A468,A543",2,,,,{88},,,,,,,,,,,{23},
LN05369410,A543,1,,,,,,,,,,,,,,,{23},
LN02047334,A543,1,,,,,,,,,,,,,,,{23},
LN04008831,A543,1,,,,,,,,,,,,,,,{23},
LN01360177,A543,1,,,,,,,,,,,,,,,{23},
LN00217797,A543,1,,,,,,,,,,,,,,,{23},
LN00187974,"A468,A543",2,,,,{84},,,,,,,,,,,{23},
LN04533875,"A468,A543",2,,,,{80},,,,,,,,,,,{23},
LN00184948,"A467,A468,A543",3,,{77},,{78},,,,,,,,,,,{23},
LN04705491,A543,1,,,,,,,,,,,,,,,{23},
LN01367611,"A468,A543",2,,,,{78},,,,,,,,,,,{23},
LN00187867,A543,1,,,,,,,,,,,,,,,{23},
LN00174242,"A468,A543",2,,,,{76},,,,,,,,,,,{23},
LN05442229,"A468,A543",2,,,,{78},,,,,,,,,,,{23},
LN01324744,A543,1,,,,,,,,,,,,,,,{23},
LN04843998,"A468,A543",2,,,,{78},,,,,,,,,,,{23},
LN00168219,"A468,A543",2,,,,"{83, 84}",,,,,,,,,,,{23},
LN05457495,"A468,A543",2,,,,{77},,,,,,,,,,,{23},
LN00236627,"A468,A543",2,,,,{85},,,,,,,,,,,{23},
LN04729651,"A467,A473,A543",3,,{82},,,,,,{78},,,,,,,{23},
LN00192402,"A468,A543",2,,,,{82},,,,,,,,,,,{23},
LN00231853,A543,1,,,,,,,,,,,,,,,{23},
LN02019829,"A468,A543",2,,,,{83},,,,,,,,,,,{23},
LN01234822,"A468,A543",2,,,,{82},,,,,,,,,,,{23},
LN00196005,"A468,A543",2,,,,{84},,,,,,,,,,,{23},
LN05481365,"A468,A543",2,,,,{82},,,,,,,,,,,{23},
LN02172160,"A468,A543",2,,,,{79},,,,,,,,,,,{23},
LN04961389,"A468,A543",2,,,,{79},,,,,,,,,,,{23},
LN03245107,A543,1,,,,,,,,,,,,,,,{23},
LN04606637,"A468,A543",2,,,,{80},,,,,,,,,,,{23},
LN04963824,"A468,A543",2,,,,{78},,,,,,,,,,,{23},
LN05729296,"A468,A543",2,,,,{76},,,,,,,,,,,{23},
LN00230768,A543,1,,,,,,,,,,,,,,,{23},
LN02056154,"A468,A543",2,,,,{80},,,,,,,,,,,{23},
LN02009838,A543,1,,,,,,,,,,,,,,,{23},
LN00411074,"A468,A543",2,,,,{89},,,,,,,,,,,{23},
LN04675147,"A468,A543",2,,,,{85},,,,,,,,,,,{23},
LN04530430,"A468,A543",2,,,,{80},,,,,,,,,,,{23},
LN05438482,A543,1,,,,,,,,,,,,,,,{23},
LN01362520,A543,1,,,,,,,,,,,,,,,{23},
LN02041763,"A468,A543",2,,,,{78},,,,,,,,,,,{23},
LN00149998,"A468,A543",2,,,,{79},,,,,,,,,,,{23},
LN05427707,"A468,A543",2,,,,{77},,,,,,,,,,,{23},
LN01431681,A543,1,,,,,,,,,,,,,,,{23},
LN04540762,"A468,A543",2,,,,"{78, 79}",,,,,,,,,,,{23},
LN04534693,A543,1,,,,,,,,,,,,,,,{23},
LN04700028,"A468,A543",2,,,,{81},,,,,,,,,,,{23},
LN04740692,"A468,A543",2,,,,{79},,,,,,,,,,,{23},
LN02223251,A543,1,,,,,,,,,,,,,,,{23},
LN05368635,"A468,A543",2,,,,{73},,,,,,,,,,,{23},
LN04546933,"A468,A543",2,,,,{82},,,,,,,,,,,{23},
LN01362820,A543,1,,,,,,,,,,,,,,,{23},
LN04601279,"A468,A543",2,,,,{81},,,,,,,,,,,{23},
LN01362281,A543,1,,,,,,,,,,,,,,,{23},
LN05442553,"A468,A543",2,,,,{81},,,,,,,,,,,{23},
LN02009837,"A467,A543",2,,{82},,,,,,,,,,,,,{23},
LN01367383,"A468,A543",2,,,,{81},,,,,,,,,,,{23},
LN01232210,"A468,A543",2,,,,{81},,,,,,,,,,,{23},
LN01361957,"A468,A543",2,,,,{78},,,,,,,,,,,{23},
LN05729272,"A468,A543",2,,,{47},,,,,,,,,,,,{23},
LN01220417,A543,1,,,,,,,,,,,,,,,{23},
LN01740377,"A468,A543",2,,,,{84},,,,,,,,,,,{23},
LN00127238,A543,1,,,,,,,,,,,,,,,{23},
LN05350539,"A468,A543",2,,,,{85},,,,,,,,,,,{23},
LN05441773,A543,1,,,,,,,,,,,,,,,{23},
LN02223347,A543,1,,,,,,,,,,,,,,,{23},
LN00338071,A543,1,,,,,,,,,,,,,,,{23},
LN05376243,A543,1,,,,,,,,,,,,,,,{23},
LN01226257,A543,1,,,,,,,,,,,,,,,{23},
LN05366639,A543,1,,,,,,,,,,,,,,,{23},
LN05801386,A543,1,,,,,,,,,,,,,,,{23},
LN00976490,A543,1,,,,,,,,,,,,,,,{23},
LN01343853,A543,1,,,,,,,,,,,,,,,{23},
LN00172050,"A468,A543",2,,,,{75},,,,,,,,,,,{23},
LN05429287,"A468,A543",2,,,,{80},,,,,,,,,,,{23},
LN05441067,"A468,A543",2,,,,{82},,,,,,,,,,,{23},
LN05428460,A543,1,,,,,,,,,,,,,,,{23},
LN01377691,A543,1,,,,,,,,,,,,,,,{23},
LN01306421,A543,1,,,,,,,,,,,,,,,{23},
LN04546435,A543,1,,,,,,,,,,,,,,,{23},
LN05426306,"A468,A543",2,,,,{77},,,,,,,,,,,{23},
LN05442495,"A468,A543",2,,,,{88},,,,,,,,,,,{23},
LN02008922,"A468,A543",2,,,,{78},,,,,,,,,,,{23},
LN05821976,A543,1,,,,,,,,,,,,,,,{23},
LN04593722,"A468,A543",2,,,,{77},,,,,,,,,,,{23},
LN02186143,"A468,A543",2,,,,{81},,,,,,,,,,,{23},
LN00226502,A543,1,,,,,,,,,,,,,,,{23},
LN05439367,"A468,A543",2,,,,{84},,,,,,,,,,,{23},
LN01986603,"A468,A543",2,,,,{85},,,,,,,,,,,{23},
LN01091817,A543,1,,,,,,,,,,,,,,,{23},
LN00284903,A543,1,,,,,,,,,,,,,,,{23},
LN01216857,A543,1,,,,,,,,,,,,,,,{23},
LN02074494,A543,1,,,,,,,,,,,,,,,{23},
LN00935109,A543,1,,,,,,,,,,,,,,,{23},
LN02056529,A543,1,,,,,,,,,,,,,,,{23},
LN00128700,A543,1,,,,,,,,,,,,,,,{23},
LN01232962,A543,1,,,,,,,,,,,,,,,{23},
LN05729268,"A468,A543",2,,,,{85},,,,,,,,,,,{23},
LN01348092,A543,1,,,,,,,,,,,,,,,{23},
LN02013669,"A468,A543",2,,,,{82},,,,,,,,,,,{23},
LN03285575,"A467,A543",2,,{80},,,,,,,,,,,,,{23},
LN05729272,"A468,A543",2,,,,{87},,,,,,,,,,,{23},
LN00004012,A543,1,,,,,,,,,,,,,,,{23},
LN04753548,"A468,A543",2,,,,{80},,,,,,,,,,,{23},
LN02008780,"A468,A543",2,,,,{89},,,,,,,,,,,{23},
LN05437508,"A468,A543",2,,,,{84},,,,,,,,,,,{23},
LN05426119,A543,1,,,,,,,,,,,,,,,{23},
LN01968171,"A468,A543",2,,,,{85},,,,,,,,,,,{23},
LN05448549,"A468,A543",2,,,,{87},,,,,,,,,,,{23},
LN01810633,A543,1,,,,,,,,,,,,,,,{23},
LN00334813,A543,1,,,,,,,,,,,,,,,{23},
LN04661036,A543,1,,,,,,,,,,,,,,,{23},
LN00339035,A543,1,,,,,,,,,,,,,,,{23},
LN00339530,A543,1,,,,,,,,,,,,,,,{23},
LN04657952,"A467,A543",2,,{78},,,,,,,,,,,,,{23},
LN01797365,"A468,A543",2,,,,{80},,,,,,,,,,,{23},
LN06111993,"A468,A543",2,,,,{86},,,,,,,,,,,{23},
EN300-61681,"A468,A543",2,,,,{102},,,,,,,,,,,{23},
EN300-53841601,"A468,A543",2,,,{40},"{100, 101}",,,,,,,,,,,{23},
EN300-51791949,"A468,A543",2,,,,{91},,,,,,,,,,,{23},
EN300-61681,"A468,A536,A543",3,,,,{102},,,,,,,{48},,,,{23},
EN300-53843431,"A468,A543",2,,,,"{96, 97}",,,,,,,,,,,{23},
EN300-51781932,"A468,A543",2,,,,{93},,,,,,,,,,,{23},
EN300-38239167,"A468,A543",2,,,,{95},,,,,,,,,,,{23},
EN300-52471799,"A468,A543",2,,,,{102},,,,,,,,,,,{23},
EN300-53841182,"A468,A543",2,,,,{98},,,,,,,,,,,{23},
EN300-111528,"A468,A473,A543",3,,,,"{74, 75, 78}",,,,{77},,,,,,,{23},
EN300-381096,"A467,A468,A473,A543",4,{41},,,"{82, 77}",,,,{76},,,,,,,{23},
EN300-122242,"A468,A543",2,,,,"{81, 87}",,,,,,,,,,,{23},
EN300-7442400,"A468,A543",2,,,,{98},,,,,,,,,,,{23},
EN300-61681,"A468,A543",2,,,,{102},,,,,,,,,,,{23},
EN300-51794533,"A468,A543",2,,,,{93},,,,,,,,,,,{23},
EN300-195766,"A468,A543",2,,,,{94},,,,,,,,,,,{23},
EN300-3131506,"A468,A473,A543",3,,,,"{82, 75, 77}",,,,{81},,,,,,,{23},
EN300-51790734,"A468,A543",2,,,,{92},,,,,,,,,,,{23},
EN300-52471799,"A468,A543",2,,,{45},"{104, 102}",,,,,,,,,,,{23},
EN300-122195,"A468,A473,A543",3,,,,"{74, 76}",,,,{73},,,,,,,{23},
EN300-28336081,"A468,A473,A538,A543",4,,,,{79},,,,{78},,{81},,,,,{23},
EN300-1707733,"A468,A473,A538,A543",4,,,,{78},,,,{79},,{81},,,,,{23},
EN300-3559499,"A468,A543",2,,,,"{88, 84}",,,,,,,,,,,{23},
EN300-51792115,"A468,A543",2,,,,{92},,,,,,,,,,,{23},
EN300-247777,"A468,A473,A538,A543",4,,,,{73},,,,"{72, 77}",,{78},,,,,{23},
EN300-45068,"A468,A473,A543",3,,,,"{84, 79}",,,,{83},,,,,,,{23},
EN300-30815126,"A468,A473,A543",3,,,,"{83, 75}",,,,{84},,,,,,,{23},
EN300-27747082,"A467,A468,A543",3,{38},,,{96},,,,,,,,,,,{23},
EN300-51744590,A543,1,,,,,,,,,,,,,,,{23},
EN300-7442400,"A468,A543",2,,,,{98},,,,,,,,,,,{23},
EN300-53292955,"A468,A473,A543",3,,,,"{77, 79}",,,,{78},,,,,,,{23},
EN300-52223565,"A468,A473,A538,A543",4,,,,{74},,,,{73},,{78},,,,,{23},
EN300-717958,"A468,A543",2,,,,{81},,,,,,,,,,,{23},
EN300-1295517,"A468,A473,A543",3,,,,"{83, 75}",,,,{76},,,,,,,{23},
EN300-53447838,"A468,A543",2,,,,"{85, 79}",,,,,,,,,,,{23},
EN300-83095,"A468,A538,A543",3,,,,{96},,,,,,{84},,,,,{23},
EN300-7424924,"A468,A543",2,,,,{96},,,,,,,,,,,{23},
EN300-306468,"A468,A473,A543",3,,,,"{74, 77}",,,,{73},,,,,,,{23},
EN300-53852200,"A468,A543",2,,,,{93},,,,,,,,,,,{23},
EN300-182586,"A468,A543",2,,,,{94},,,,,,,,,,,{23},
EN300-1241579,"A468,A473,A538,A543",4,,,,{78},,,,{77},,{80},,,,,{23},
EN300-53345856,"A468,A543",2,,,,"{82, 85}",,,,,,,,,,,{23},
EN300-51759830,"A468,A543",2,,,,{83},,,,,,,,,,,{23},
EN300-7863114,"A468,A473,A543",3,,,,{78},,,,"{80, 79}",,,,,,,{23},
EN300-37139101,"A468,A543",2,,,,{95},,,,,,,,,,,{23},
EN300-2941900,"A468,A473,A538,A543",4,,,,{78},,,,{77},,{75},,,,,{23},
EN300-51748826,"A468,A543",2,,,,{85},,,,,,,,,,,{23},
EN300-51414182,"A468,A473,A543",3,,,,{79},,,,{80},,,,,,,{23},
EN300-73490,"A468,A473,A543",3,,,,"{80, 84}",,,,{79},,,,,,,{23},
EN300-8511003,"A468,A543",2,,,,"{81, 77}",,,,,,,,,,,{23},
EN300-51794533,"A468,A543",2,,,,{94},,,,,,,,,,,{23},
EN300-19628628,"A468,A538,A543",3,,,{51},{94},,,,,,{84},,,,,{23},
EN300-37364211,"A468,A543",2,,,,{95},,,,,,,,,,,{23},
EN300-23581212,"A468,A543",2,,,,{97},,,,,,,,,,,{23},
EN300-19628628,"A468,A538,A543",3,,,,{94},,,,,,{84},,,,,{23},
EN300-1229588,"A468,A543",2,,,,"{82, 78}",,,,,,,,,,,{23},
EN300-244363,"A468,A473,A543",3,,,,{76},,,,{78},,,,,,,{23},
EN300-322996,"A468,A543",2,,,,{91},,,,,,,,,,,{23},
EN300-1698714,"A468,A543",2,,,,{75},,,,,,,,,,,{23},
EN300-195371,"A468,A543",2,,,,"{74, 79}",,,,,,,,,,,{23},
EN300-61681,"A468,A543",2,,,,{102},,,,,,,,,,,{23},
EN300-91861,"A468,A543",2,,,,"{81, 77}",,,,,,,,,,,{23},
EN300-10245864,"A468,A543",2,,,,{79},,,,,,,,,,,{23},
EN300-7864492,"A468,A538,A543",3,,,,{78},,,,,,{81},,,,,{23},
EN300-142123,"A468,A543",2,,,,{88},,,,,,,,,,,{23},
EN300-25391170,"A468,A538,A543",3,,,,{77},,,,,,{80},,,,,{23},
EN300-18842425,"A468,A543",2,,,,{83},,,,,,,,,,,{23},
EN300-717958,"A467,A468,A543",3,{38},,,{91},,,,,,,,,,,{23},
EN300-260210,"A468,A473,A543",3,,,,{75},,,,{74},,,,,,,{23},
EN300-53867745,"A468,A538,A543",3,,,,{78},,,,,,{80},,,,,{23},
EN300-2170743,"A468,A538,A543",3,,,,{74},,,,,,{78},,,,,{23},
EN300-717958,"A468,A543",2,,,,{91},,,,,,,,,,,{23},
EN300-717958,"A468,A543",2,,,,{91},,,,,,,,,,,{23},
EN300-23228755,"A468,A543",2,,,,{80},,,,,,,,,,,{23},
EN300-53447840,"A468,A543",2,,,,{91},,,,,,,,,,,{23},
EN300-53866318,"A468,A543",2,,,,"{81, 78}",,,,,,,,,,,{23},
EN300-51792115,"A468,A543",2,,,,{92},,,,,,,,,,,{23},
EN300-53841095,"A468,A543",2,,,,{95},,,,,,,,,,,{23},
EN300-7991255,"A468,A543",2,,,,"{75, 79}",,,,,,,,,,,{23},
EN300-51792160,"A467,A468,A536,A543",4,{42},,,{93},,,,,,,{52},,,,{23},
EN300-9134337,"A468,A543",2,,,,{84},,,,,,,,,,,{23},
EN300-53417516,"A468,A538,A543",3,,,,{83},,,,,,{90},,,,,{23},
EN300-53865681,"A468,A543",2,,,,{86},,,,,,,,,,,{23},
EN300-53447839,"A468,A543",2,,,,{88},,,,,,,,,,,{23},
EN300-37474797,"A468,A538,A543",3,,,,{81},,,,,,{89},,,,,{23},
EN300-297551,"A468,A543",2,,,,{88},,,,,,,,,,,{23},
EN300-7424934,"A468,A543",2,,,,{96},,,,,,,,,,,{23},
EN300-297551,"A468,A543",2,,,,{88},,,,,,,,,,,{23},
EN300-717958,"A468,A543",2,,,,{91},,,,,,,,,,,{23},
EN300-91440,"A468,A473,A543",3,,,,{77},,,,"{78, 79}",,,,,,,{23},
EN300-717958,"A468,A543",2,,,,{91},,,,,,,,,,,{23},
EN300-07258,"A468,A473,A543",3,,,,"{73, 76}",,,,{72},,,,,,,{23},
EN300-717958,"A468,A536,A543",3,,,,{91},,,,,,,{35},,,,{23},
EN300-27081781,"A468,A543",2,,,,{92},,,,,,,,,,,{23},
EN300-51788191,A543,1,,,,,,,,,,,,,,,{23},
EN300-53286459,"A468,A473,A543",3,,,,{87},,,,{88},,,,,,,{23},
EN300-52473938,A543,1,,,,,,,,,,,,,,,{23},
EN300-160285,"A468,A543",2,,,,{90},,,,,,,,,,,{23},
EN300-80504,"A468,A543",2,,,,{79},,,,,,,,,,,{23},
EN300-26572119,"A468,A543",2,,,,{92},,,,,,,,,,,{23},
EN300-7398607,"A468,A473,A543",3,,,,{73},,,,{74},,,,,,,{23},
EN300-717958,"A468,A543",2,,,,{81},,,,,,,,,,,{23},
EN300-80591,"A468,A473,A543",3,,,,{71},,,,{72},,,,,,,{23},
EN300-68313,"A468,A543",2,,,,{80},,,,,,,,,,,{23},
EN300-297551,"A468,A543",2,,,,{88},,,,,,,,,,,{23},
EN300-176169,"A468,A543",2,,,,{87},,,,,,,,,,,{23},
EN300-1663719,"A468,A473,A538,A543",4,,,,{81},,,,"{80, 78}",,{79},,,,,{23},
EN300-19628628,"A468,A538,A543",3,,,,{94},,,,,,{84},,,,,{23},
EN300-3025349,"A468,A473,A536,A543",4,,,,{80},,,,{81},,,{37},,,,{23},
EN300-717958,"A468,A543",2,,,,{91},,,,,,,,,,,{23},
EN300-45729738,"A468,A543",2,,,,{81},,,,,,,,,,,{23},
EN300-51783634,A543,1,,,,,,,,,,,,,,,{23},
EN300-717958,"A468,A543",2,,,,{81},,,,,,,,,,,{23},
EN300-26664478,"A468,A543",2,,,,{81},,,,,,,,,,,{23},
EN300-53449032,"A468,A543",2,,,,"{82, 79}",,,,,,,,,,,{23},
EN300-177493,"A468,A543",2,,,,{91},,,,,,,,,,,{23},
EN300-53447840,"A468,A543",2,,,{39},{91},,,,,,,,,,,{23},
EN300-45237948,"A468,A536,A543",3,,,,{87},,,,,,,{37},,,,{23},
EN300-62317,"A468,A543",2,,,,{85},,,,,,,,,,,{23},
EN300-53450361,A543,1,,,,,,,,,,,,,,,{23},
EN300-52213811,"A468,A543",2,,,,"{84, 78}",,,,,,,,,,,{23},
EN300-53843973,"A468,A543",2,,,,{94},,,,,,,,,,,{23},
EN300-717958,"A468,A543",2,,,,{91},,,,,,,,,,,{23},
EN300-53866164,"A468,A538,A543",3,,,,{78},,,,,,{80},,,,,{23},
EN300-49692,"A468,A543",2,,,,{82},,,,,,,,,,,{23},
EN300-53845367,"A468,A536,A543",3,,,,{90},,,,,,,{40},,,,{23},
EN300-68341,"A468,A543",2,,,,{80},,,,,,,,,,,{23},
EN300-7404455,"A468,A473,A538,A543",4,,,,{76},,,,{75},,{78},,,,,{23},
EN300-176169,"A468,A543",2,,,,{87},,,,,,,,,,,{23},
EN300-218221,"A468,A543",2,,,,{80},,,,,,,,,,,{23},
EN300-20837072,"A468,A538,A543",3,,,,{75},,,,,,{78},,,,,{23},
EN300-53438631,"A468,A543",2,,,,{84},,,,,,,,,,,{23},
EN300-53449425,"A467,A468,A543",3,{41},,,{81},,,,,,,,,,,{23},
EN300-717958,"A468,A536,A543",3,,,,{91},,,,,,,{35},,,,{23},
EN300-29163772,"A468,A473,A543",3,,,,{80},,,,{81},,,,,,,{23},
EN300-717958,"A468,A543",2,,,,{91},,,,,,,,,,,{23},
EN300-67112,"A468,A473,A543",3,,,,{78},,,,{77},,,,,,,{23},
EN300-207510,"A468,A543",2,,,,{82},,,,,,,,,,,{23},
EN300-7456982,"A468,A543",2,,,,{80},,,,,,,,,,,{23},
EN300-717958,"A468,A543",2,,,,{91},,,,,,,,,,,{23},
EN300-28332036,"A468,A543",2,,,,{86},,,,,,,,,,,{23},
EN300-1267164,"A468,A543",2,,,,{93},,,,,,,,,,,{23},
EN300-717958,"A468,A543",2,,,,{91},,,,,,,,,,,{23},
EN300-53447284,"A468,A538,A543",3,,,,{75},,,,,,{81},,,,,{23},
EN300-53121695,"A468,A473,A543",3,,,,{77},,,,{76},,,,,,,{23},
EN300-37350977,"A468,A543",2,,,,{84},,,,,,,,,,,{23},
EN300-717958,"A468,A543",2,,,,{81},,,,,,,,,,,{23},
EN300-111274,"A468,A473,A543",3,,,,{73},,,,"{72, 77}",,,,,,,{23},
EN300-12795380,"A468,A543",2,,,,{80},,,,,,,,,,,{23},
EN300-10180108,"A468,A543",2,,,,{87},,,,,,,,,,,{23},
EN300-717958,"A468,A543",2,,,,{91},,,,,,,,,,,{23},
EN300-53450360,"A468,A543",2,,,,{79},,,,,,,,,,,{23},
EN300-726355,"A468,A473,A536,A543",4,,,,{92},,,,{93},,,{36},,,,{23},
EN300-7408826,"A468,A473,A543",3,,,,{76},,,,{77},,,,,,,{23},
EN300-46394606,"A468,A543",2,,,,{74},,,,,,,,,,,{23},
EN300-27742537,"A468,A543",2,,,,{99},,,,,,,,,,,{23},
EN300-46742889,"A467,A468,A543",3,{49},,,{79},,,,,,,,,,,{23},
EN300-53864536,"A468,A538,A543",3,,,,{77},,,,,,{79},,,,,{23},
EN300-8540884,"A468,A543",2,,,,"{80, 83}",,,,,,,,,,,{23},
EN300-345501,"A468,A473,A543",3,,,,{74},,,,{75},,,,,,,{23},
EN300-717958,"A468,A543",2,,,,{91},,,,,,,,,,,{23},
EN300-204179,"A468,A543",2,,,,{80},,,,,,,,,,,{23},
EN300-27113532,"A468,A543",2,,,,{82},,,,,,,,,,,{23},
EN300-69934,"A468,A543",2,,,,{82},,,,,,,,,,,{23},
EN300-6776564,"A468,A473,A543",3,,,,{74},,,,{75},,,,,,,{23},
EN300-717958,"A467,A543",2,{47},,,,,,,,,,,,,,{23},
EN300-44216,"A468,A543",2,,,,{87},,,,,,,,,,,{23},
EN300-129990,"A467,A468,A473,A543",4,{38},,,{78},,,,{77},,,,,,,{23},
EN300-53865793,"A468,A538,A543",3,,,,{81},,,,,,{80},,,,,{23},
EN300-45560642,"A468,A543",2,,,,{83},,,,,,,,,,,{23},
EN300-13150398,"A468,A543",2,,,,{88},,,,,,,,,,,{23},
EN300-195265,"A468,A543",2,,,,{84},,,,,,,,,,,{23},
EN300-52473621,"A468,A543",2,,,{50},,,,,,,,,,,,{23},
EN300-717958,"A468,A543",2,,,,{81},,,,,,,,,,,{23},
EN300-23612616,"A468,A543",2,,,,"{75, 85}",,,,,,,,,,,{23},
EN300-8048659,"A468,A543",2,,,,{80},,,,,,,,,,,{23},
EN300-24537523,"A468,A543",2,,,,{79},,,,,,,,,,,{23},
EN300-44828088,"A468,A538,A543",3,,,,{74},,,,,,{78},,,,,{23},
EN300-53290175,"A468,A538,A543",3,,,,{77},,,,,,{86},,,,,{23},
EN300-05028,"A468,A536,A543",3,,,,{92},,,,,,,{44},,,,{23},
EN300-177904,"A468,A473,A543",3,,,,{73},,,,"{72, 76}",,,,,,,{23},
EN300-53866012,"A468,A543",2,,,,"{80, 77}",,,,,,,,,,,{23},
EN300-53447838,"A468,A543",2,,,,{85},,,,,,,,,,,{23},
EN300-53589781,"A468,A543",2,,,,{75},,,,,,,,,,,{23},
EN300-717958,"A468,A543",2,,,,{81},,,,,,,,,,,{23},
EN300-297551,"A468,A543",2,,,,{88},,,,,,,,,,,{23},
EN300-1270488,"A467,A468,A536,A543",4,{44},,,{91},,,,,,,{47},,,,{23},
EN300-26572102,"A468,A543",2,,,,{85},,,,,,,,,,,{23},
EN300-174397,"A468,A543",2,,,,{88},,,,,,,,,,,{23},
EN300-19628628,"A468,A473,A543",3,,,,{94},,,,{84},,,,,,,{23},
EN300-173651,"A468,A543",2,,,,"{80, 83}",,,,,,,,,,,{23},
EN300-53436815,"A468,A543",2,,,,{82},,,,,,,,,,,{23},
EN300-51688393,"A468,A543",2,,,,{83},,,,,,,,,,,{23},
EN300-53447839,"A468,A543",2,,,,{88},,,,,,,,,,,{23},
EN300-80185,"A468,A543",2,,,,{87},,,,,,,,,,,{23},
EN300-53447285,"A468,A538,A543",3,,,,{79},,,,,,{84},,,,,{23},
EN300-53436814,"A468,A543",2,,,,{78},,,,,,,,,,,{23},
EN300-47335673,"A468,A543",2,,,,{91},,,,,,,,,,,{23},
EN300-2941933,"A468,A473,A543",3,,,,{74},,,,{75},,,,,,,{23},
EN300-52416134,"A468,A536,A543",3,,,,{74},,,,,,,{44},,,,{23},
EN300-25645355,"A468,A536,A543",3,,,,{76},,,,,,,{46},,,,{23},
EN300-248106,"A468,A543",2,,,,"{82, 76}",,,,,,,,,,,{23},
EN300-741431,"A468,A543",2,,,,{79},,,,,,,,,,,{23},
EN300-342644,"A468,A543",2,,,,{77},,,,,,,,,,,{23},
EN300-19628628,"A468,A538,A543",3,,,,{94},,,,,,{84},,,,,{23},
EN300-53449650,"A468,A538,A543",3,,,,{75},,,,,,{79},,,,,{23},
EN300-45237948,"A468,A536,A543",3,,,,{87},,,,,,,{37},,,,{23},
EN300-26572119,"A468,A543",2,,,,{92},,,,,,,,,,,{23},
EN300-52473621,A543,1,,,,,,,,,,,,,,,{23},
EN300-140143,"A468,A543",2,,,,{73},,,,,,,,,,,{23},
EN300-229362,"A468,A543",2,,,,{83},,,,,,,,,,,{23},
EN300-26868650,"A468,A536,A543",3,,,,{93},,,,,,,{56},,,,{23},
EN300-1724047,"A468,A473,A536,A543",4,,,,{79},,,,{80},,,{45},,,,{23},
EN300-12850218,"A468,A543",2,,,,{88},,,,,,,,,,,{23},
EN300-51788191,"A536,A543",2,,,,,,,,,,,{35},,,,{23},
EN300-190978,"A468,A473,A543",3,,,,{74},,,,{73},,,,,,,{23},
EN300-252694,"A468,A543",2,,,,{88},,,,,,,,,,,{23},
EN300-184317,"A467,A468,A543",3,{43},,,{87},,,,,,,,,,,{23},
EN300-378050,"A468,A473,A538,A543",4,,,,{82},,,,{81},,{80},,,,,{23},
EN300-27027503,"A468,A543",2,,,,{103},,,,,,,,,,,{23},
EN300-386143,"A468,A543",2,,,,{79},,,,,,,,,,,{23},
EN300-45164260,"A468,A543",2,,,,{92},,,,,,,,,,,{23},
EN300-53438943,"A468,A543",2,,,,{83},,,,,,,,,,,{23},
EN300-52796170,"A468,A543",2,,,,{78},,,,,,,,,,,{23},
EN300-226234,"A468,A543",2,,,,{83},,,,,,,,,,,{23},
EN300-43379194,"A468,A543",2,,,,{91},,,,,,,,,,,{23},
EN300-53866876,"A468,A543",2,,,,{80},,,,,,,,,,,{23},
EN300-48262310,"A468,A538,A543",3,,,,{83},,,,,,{87},,,,,{23},
EN300-6745151,"A468,A473,A543",3,,,,{71},,,,{70},,,,,,,{23},
EN300-171640,"A468,A543",2,,,,{89},,,,,,,,,,,{23},
EN300-53412048,"A468,A543",2,,,,{89},,,,,,,,,,,{23},
EN300-85274,"A468,A543",2,,,,{83},,,,,,,,,,,{23},
EN300-51750009,"A468,A543",2,,,,{88},,,,,,,,,,,{23},
EN300-02894,"A468,A543",2,,,,{90},,,,,,,,,,,{23},
EN300-53841073,"A468,A543",2,,,,{79},,,,,,,,,,,{23},
EN300-1662372,"A468,A473,A543",3,,,,{73},,,,{72},,,,,,,{23},
EN300-715705,"A468,A473,A543",3,,,,{81},,,,{82},,,,,,,{23},
EN300-45164260,"A468,A543",2,,,,{92},,,,,,,,,,,{23},
EN300-121459,"A468,A473,A543",3,,,,{73},,,,"{72, 76}",,,,,,,{23},
EN300-39915912,"A468,A543",2,,,,{92},,,,,,,,,,,{23},
EN300-51878002,"A468,A473,A538,A543",4,,,,{87},,,,{81},,{80},,,,,{23},
EN300-46915540,"A468,A543",2,,,,{73},,,,,,,,,,,{23},
EN300-141344,"A468,A473,A543",3,,,,{73},,,,{72},,,,,,,{23},
EN300-51927599,"A468,A473,A543",3,,,,{73},,,,"{72, 76}",,,,,,,{23},
EN300-717958,"A468,A543",2,,,,{91},,,,,,,,,,,{23},
EN300-51836143,"A468,A543",2,,,,{76},,,,,,,,,,,{23},
EN300-53843972,"A468,A543",2,,,,{94},,,,,,,,,,,{23},
EN300-53866062,"A468,A543",2,,,,{81},,,,,,,,,,,{23},
EN300-53345882,"A468,A536,A543",3,,,,{81},,,,,,,{48},,,,{23},
EN300-80564,"A468,A543",2,,,,"{81, 76}",,,,,,,,,,,{23},
EN300-12880491,"A468,A543",2,,,{44},{80},,,,,,,,,,,{23},
EN300-296884,"A468,A543",2,,,,"{74, 78}",,,,,,,,,,,{23},
EN300-5056061,"A468,A538,A543",3,,,,{86},,,,,,{87},,,,,{23},
EN300-697240,"A467,A536,A543",3,{36},,,,,,,,,,{39},,,,{23},
EN300-27149408,"A468,A473,A543",3,,,,{74},,,,{73},,,,,,,{23},
EN300-7720251,"A467,A468,A543",3,{37},,,{77},,,,,,,,,,,{23},
EN300-7405681,"A468,A473,A543",3,,,,{78},,,,{77},,,,,,,{23},
EN300-52810712,"A468,A473,A543",3,,,,{73},,,,{74},,,,,,,{23},
EN300-53410975,"A468,A543",2,,,,{78},,,,,,,,,,,{23},
EN300-47335679,"A468,A543",2,,,,{91},,,,,,,,,,,{23},
EN300-365666,"A468,A473,A543",3,,,,{73},,,,{74},,,,,,,{23},
EN300-1270488,"A468,A536,A543",3,,,,{91},,,,,,,{47},,,,{23},
EN300-58930,"A468,A543",2,,,,{82},,,,,,,,,,,{23},
EN300-51763598,"A468,A473,A543",3,,,,{79},,,,{80},,,,,,,{23},
EN300-53285087,"A468,A473,A543",3,,,,{78},,,,{79},,,,,,,{23},
EN300-344026,"A468,A543",2,,,,{86},,,,,,,,,,,{23},
EN300-95932,"A468,A543",2,,,,{88},,,,,,,,,,,{23},
EN300-53842192,"A468,A543",2,,,,{97},,,,,,,,,,,{23},
EN300-1270488,"A467,A468,A536,A543",4,{44},,,{91},,,,,,,{47},,,,{23},
EN300-53436166,"A468,A543",2,,,,{79},,,,,,,,,,,{23},
EN300-53432608,"A468,A543",2,,,,{84},,,,,,,,,,,{23},
EN300-52010545,"A467,A468,A473,A543",4,{43},,,{77},,,,{76},,,,,,,{23},
EN300-52148077,"A468,A543",2,,,,{73},,,,,,,,,,,{23},
EN300-192130,"A468,A543",2,,,,{81},,,,,,,,,,,{23},
EN300-1694206,"A468,A473,A543",3,,,,{73},,,,{74},,,,,,,{23},
EN300-99793,"A468,A473,A543",3,,,,{77},,,,{78},,,,,,,{23},
EN300-1270488,"A467,A468,A543",3,{44},,,{91},,,,,,,,,,,{23},
EN300-45641055,"A468,A473,A543",3,,,,{77},,,,{78},,,,,,,{23},
EN300-53288004,"A468,A533,A538,A543",4,,,,{78},,{81},,,,{82},,,,,{23},
EN300-124545,"A468,A543",2,,,,{82},,,,,,,,,,,{23},
EN300-106067,"A468,A473,A543",3,,,,{73},,,,{74},,,,,,,{23},
EN300-02913,"A468,A543",2,,,,{86},,,,,,,,,,,{23},
EN300-53449530,"A468,A536,A543",3,,,,{81},,,,,,,{37},,,,{23},
EN300-7186999,"A468,A538,A543",3,,,,{74},,,,,,{80},,,,,{23},
EN300-7548495,"A468,A533,A543",3,,,,{79},,{83},,,,,,,,,{23},
EN300-47045499,"A468,A543",2,,,,{89},,,,,,,,,,,{23},
EN300-52407622,"A468,A538,A543",3,,,,{78},,,,,,{76},,,,,{23},
EN300-33255665,"A468,A543",2,,,,{80},,,,,,,,,,,{23},
EN300-53434718,"A468,A543",2,,,,{84},,,,,,,,,,,{23},
EN300-6478177,"A468,A473,A538,A543",4,,,,{78},,,,{77},,{74},,,,,{23},
EN300-7504014,"A468,A543",2,,,,{76},,,,,,,,,,,{23},
EN300-32056012,"A468,A538,A543",3,,,,{79},,,,,,{77},,,,,{23},
EN300-53287861,"A468,A533,A473,A543",4,,,,{77},,{80},,{76},,,,,,,{23},
EN300-45592883,"A468,A543",2,,,,{73},,,,,,,,,,,{23},
EN300-24132454,"A468,A543",2,,,,{78},,,,,,,,,,,{23},
EN300-53449821,"A468,A543",2,,,,{87},,,,,,,,,,,{23},
EN300-126730,"A468,A543",2,,,,{79},,,,,,,,,,,{23},
EN300-132309,"A468,A543",2,,,,{76},,,,,,,,,,,{23},
EN300-53288584,"A468,A473,A543",3,,,,{74},,,,{75},,,,,,,{23},
EN300-195265,"A468,A543",2,,,,{84},,,,,,,,,,,{23},
EN300-399414,"A468,A543",2,,,,{77},,,,,,,,,,,{23},
EN300-203724,"A468,A543",2,,,,{77},,,,,,,,,,,{23},
EN300-7655133,"A468,A543",2,,,,{73},,,,,,,,,,,{23},
EN300-08158,"A468,A543",2,,,,{83},,,,,,,,,,,{23},
EN300-142352,A543,1,,,,,,,,,,,,,,,{23},
EN300-1165090,A543,1,,,,,,,,,,,,,,,{23},
EN300-45164260,"A468,A543",2,,,,{92},,,,,,,,,,,{23},
EN300-4710596,"A468,A543",2,,,,{73},,,,,,,,,,,{23},
EN300-51743814,"A468,A543",2,,,,{77},,,,,,,,,,,{23},
EN300-39913892,"A468,A473,A543",3,,,,{74},,,,{75},,,,,,,{23},
EN300-53416437,"A468,A536,A543",3,,,,{83},,,,,,,{35},,,,{23},
EN300-53444803,"A467,A468,A543",3,{38},,,"{80, 78}",,,,,,,,,,,{23},
EN300-8170675,"A468,A543",2,,,,"{83, 76}",,,,,,,,,,,{23},
EN300-51842,"A468,A473,A543",3,,,,{80},,,,{79},,,,,,,{23},
EN300-268696,"A467,A468,A543",3,{37},,,{78},,,,,,,,,,,{23},
EN300-331610,"A468,A543",2,,,,{89},,,,,,,,,,,{23},
EN300-7960136,"A468,A538,A543",3,,,,{75},,,,,,{84},,,,,{23},
EN300-118499,"A468,A543",2,,,,{81},,,,,,,,,,,{23},
EN300-1655714,"A468,A543",2,,,,{75},,,,,,,,,,,{23},
EN300-46303513,"A468,A543",2,,,,"{77, 79}",,,,,,,,,,,{23},
EN300-10180078,"A468,A543",2,,,,{87},,,,,,,,,,,{23},
EN300-32608290,"A468,A473,A538,A543",4,,,,{80},,,,{77},,{78},,,,,{23},
EN300-197141,"A468,A543",2,,,,{86},,,,,,,,,,,{23},
EN300-52473621,"A468,A543",2,,,{50},,,,,,,,,,,,{23},
EN300-157780,"A468,A473,A543",3,,,,{85},,,,{86},,,,,,,{23},
EN300-20822709,"A468,A543",2,,,,{73},,,,,,,,,,,{23},
EN300-26572102,"A468,A543",2,,,,{85},,,,,,,,,,,{23},
EN300-27113311,"A468,A543",2,,,,"{87, 79}",,,,,,,,,,,{23},
EN300-53452099,"A468,A543",2,,,,{77},,,,,,,,,,,{23},
EN300-46831132,"A468,A543",2,,,,{81},,,,,,,,,,,{23},
EN300-47339153,"A468,A543",2,,,,{81},,,,,,,,,,,{23},
EN300-46810798,"A468,A543",2,,,,{78},,,,,,,,,,,{23},
EN300-221745,"A468,A536,A543",3,,,,{91},,,,,,,{47},,,,{23},
EN300-1270488,"A468,A536,A543",3,,,,{91},,,,,,,{47},,,,{23},
EN300-178474,"A468,A543",2,,,,{94},,,,,,,,,,,{23},
EN300-91215,"A468,A543",2,,,,{73},,,,,,,,,,,{23},
EN300-53453347,"A468,A543",2,,,,{81},,,,,,,,,,,{23},
EN300-14922,"A468,A543",2,,,,{78},,,,,,,,,,,{23},
EN300-46981294,"A468,A543",2,,,,"{81, 75, 77}",,,,,,,,,,,{23},
EN300-180181,"A468,A543",2,,,,"{83, 79}",,,,,,,,,,,{23},
EN300-84345,"A468,A543",2,,,,{73},,,,,,,,,,,{23},
EN300-5385307,"A468,A543",2,,,,{73},,,,,,,,,,,{23},
EN300-188103,"A468,A543",2,,,,{77},,,,,,,,,,,{23},
EN300-27721159,"A468,A543",2,,,,{76},,,,,,,,,,,{23},
EN300-20837068,"A467,A473,A543",3,,{76},,,,,,{77},,,,,,,{23},
EN300-3033008,"A468,A473,A543",3,,,,{77},,,,{76},,,,,,,{23},
EN300-53864568,"A468,A543",2,,,,{85},,,,,,,,,,,{23},
EN300-52061838,"A468,A473,A543",3,,,,{74},,,,{73},,,,,,,{23},
EN300-3173467,"A468,A543",2,,,,{80},,,,,,,,,,,{23},
EN300-51878002,"A473,A538,A543",3,,,,,,,,{81},,{80},,,,,{23},
EN300-272081,"A468,A543",2,,,,{75},,,,,,,,,,,{23},
EN300-27143647,"A468,A543",2,,,,{109},,,,,,,,,,,{23},
EN300-7758832,"A468,A543",2,,,,{74},,,,,,,,,,,{23},
EN300-3029476,"A468,A543",2,,,,{78},,,,,,,,,,,{23},
EN300-45687126,"A468,A543",2,,,,{74},,,,,,,,,,,{23},
EN300-69710,"A468,A543",2,,,,{85},,,,,,,,,,,{23},
EN300-137461,"A468,A473,A543",3,,,,{80},,,,{81},,,,,,,{23},
EN300-37288323,"A536,A543",2,,,,,,,,,,,{48},,,,{23},
EN300-53412048,"A468,A543",2,,,,{89},,,,,,,,,,,{23},
EN300-3335339,"A468,A543",2,,,,{79},,,,,,,,,,,{23},
EN300-7864956,"A468,A543",2,,,,{78},,,,,,,,,,,{23},
EN300-52193862,"A468,A543",2,,,,{79},,,,,,,,,,,{23},
EN300-37408331,"A468,A543",2,,,,{78},,,,,,,,,,,{23},
EN300-7880806,"A468,A543",2,,,,{78},,,,,,,,,,,{23},
EN300-315861,"A468,A473,A543",3,,,,{77},,,,{76},,,,,,,{23},
EN300-53449424,"A467,A468,A543",3,{41},,,{77},,,,,,,,,,,{23},
EN300-783274,"A468,A543",2,,,,{72},,,,,,,,,,,{23},
EN300-109806,"A468,A543",2,,,,{72},,,,,,,,,,,{23},
EN300-317029,"A468,A538,A543",3,,,,{73},,,,,,{78},,,,,{23},
EN300-45473088,"A468,A473,A543",3,,,,{77},,,,{76},,,,,,,{23},
EN300-1896941,"A468,A533,A543",3,,,,{80},,{75},,,,,,,,,{23},
EN300-7472708,"A468,A543",2,,,,{82},,,,,,,,,,,{23},
EN300-1228739,"A468,A543",2,,,,{82},,,,,,,,,,,{23},
EN300-170768,"A468,A536,A543",3,,,,{83},,,,,,,{50},,,,{23},
EN300-39860558,"A468,A543",2,,,,{75},,,,,,,,,,,{23},
EN300-170290,"A468,A536,A543",3,,,,{83},,,,,,,{49},,,,{23},
EN300-1169998,"A468,A543",2,,,,{76},,,,,,,,,,,{23},
EN300-203973,"A468,A543",2,,,,{77},,,,,,,,,,,{23},
EN300-37291284,"A467,A468,A543",3,{43},,,{79},,,,,,,,,,,{23},
EN300-20928181,"A468,A543",2,,,,{72},,,,,,,,,,,{23},
EN300-54126920,"A468,A473,A543",3,,,,{79},,,,{80},,,,,,,{23},
EN300-95665,"A468,A543",2,,,,"{80, 86}",,,,,,,,,,,{23},
EN300-8162210,"A468,A543",2,,,,{76},,,,,,,,,,,{23},
EN300-53423190,"A468,A543",2,,,,{77},,,,,,,,,,,{23},
EN300-37387263,"A468,A533,A473,A543",4,,,,{73},,{76},,{72},,,,,,,{23},
EN300-1913166,"A468,A543",2,,,,{73},,,,,,,,,,,{23},
EN300-15283,A543,1,,,,,,,,,,,,,,,{23},
EN300-197761,"A468,A543",2,,,,{78},,,,,,,,,,,{23},
EN300-3250793,"A468,A543",2,,,,{80},,,,,,,,,,,{23},
EN300-53293215,"A468,A473,A543",3,,,,{76},,,,{77},,,,,,,{23},
EN300-1165090,"A468,A543",2,,,,{92},,,,,,,,,,,{23},
EN300-7751472,"A468,A543",2,,,,{74},,,,,,,,,,,{23},
EN300-7883360,"A468,A543",2,,,,{78},,,,,,,,,,,{23},
EN300-28316356,"A468,A543",2,,,,{78},,,,,,,,,,,{23},
EN300-1692850,"A468,A473,A543",3,,,,{73},,,,{72},,,,,,,{23},
EN300-51743730,"A468,A543",2,,,,{84},,,,,,,,,,,{23},
EN300-114616,"A468,A543",2,,,,{74},,,,,,,,,,,{23},
EN300-45237948,"A468,A536,A543",3,,,,{87},,,,,,,{37},,,,{23},
EN300-37408342,"A468,A533,A543",3,,,,{75},,{80},,,,,,,,,{23},
EN300-53281461,"A468,A473,A543",3,,,,{74},,,,"{75, 76}",,,,,,,{23},
EN300-78414,"A468,A543",2,,,,{81},,,,,,,,,,,{23},
EN300-52473621,"A468,A543",2,,,{40},{102},,,,,,,,,,,{23},
EN300-183338,"A468,A536,A543",3,,,,{73},,,,,,,{43},,,,{23},
EN300-366524,"A468,A543",2,,,,{79},,,,,,,,,,,{23},
EN300-53832534,"A468,A543",2,,,,{81},,,,,,,,,,,{23},
EN300-8670956,"A468,A543",2,,,,{77},,,,,,,,,,,{23},
EN300-719393,"A468,A543",2,,,,{75},,,,,,,,,,,{23},
EN300-6777803,"A468,A543",2,,,,{74},,,,,,,,,,,{23},
EN300-53448639,A543,1,,,,,,,,,,,,,,,{23},
EN300-51993604,"A468,A543",2,,,,{74},,,,,,,,,,,{23},
EN300-62063,"A468,A543",2,,,,{76},,,,,,,,,,,{23},
EN300-3218294,"A468,A543",2,,,,{73},,,,,,,,,,,{23},
EN300-122760,"A468,A543",2,,,,{83},,,,,,,,,,,{23},
EN300-297551,"A468,A543",2,,,{43},,,,,,,,,,,,{23},
EN300-3042795,"A468,A473,A543",3,,,,{85},,,,{84},,,,,,,{23},
EN300-206077,"A468,A543",2,,,,{81},,,,,,,,,,,{23},
EN300-18541241,"A468,A538,A543",3,,,,{94},,,,,,{84},,,,,{23},
EN300-52473621,"A468,A543",2,,,,{102},,,,,,,,,,,{23},
EN300-47298735,"A468,A473,A543",3,,,,{81},,,,{80},,,,,,,{23},
EN300-200741,"A468,A543",2,,,,{82},,,,,,,,,,,{23},
EN300-197065,A543,1,,,,,,,,,,,,,,,{23},
EN300-103401,"A468,A543",2,,,,{75},,,,,,,,,,,{23},
EN300-53292974,"A468,A473,A543",3,,,,{77},,,,{78},,,,,,,{23},
EN300-52473621,"A468,A543",2,,,,{102},,,,,,,,,,,{23},
EN300-76864,"A467,A468,A543",3,,{98},,{98},,,,,,,,,,,{23},
EN300-21489,"A468,A543",2,,,,{80},,,,,,,,,,,{23},
EN300-195625,"A468,A543",2,,,,{72},,,,,,,,,,,{23},
EN300-1903527,"A468,A543",2,,,,"{88, 83}",,,,,,,,,,,{23},
EN300-365972,"A468,A473,A543",3,,,,{77},,,,{76},,,,,,,{23},
EN300-7442812,"A468,A473,A543",3,,,,{72},,,,{71},,,,,,,{23},
EN300-1654637,"A468,A543",2,,,,{79},,,,,,,,,,,{23},
EN300-6811267,"A468,A473,A543",3,,,,{74},,,,{75},,,,,,,{23},
EN300-7934047,"A468,A543",2,,,,{78},,,,,,,,,,,{23},
EN300-9548807,"A467,A468,A543",3,{39},,,{89},,,,,,,,,,,{23},
EN300-19593818,"A468,A543",2,,,,{77},,,,,,,,,,,{23},
EN300-52461333,"A467,A468,A543",3,{40},,,{90},,,,,,,,,,,{23},
EN300-180115,"A468,A543",2,,,,"{74, 82}",,,,,,,,,,,{23},
EN300-53279670,"A468,A543",2,,,,{92},,,,,,,,,,,{23},
EN300-28250396,"A468,A473,A543",3,,,,{81},,,,{80},,,,,,,{23},
EN300-77916,"A468,A473,A543",3,,,,{78},,,,{77},,,,,,,{23},
EN300-53439277,"A468,A543",2,,,,{80},,,,,,,,,,,{23},
EN300-746492,"A468,A543",2,,,,{82},,,,,,,,,,,{23},
EN300-7541698,"A468,A543",2,,,,{82},,,,,,,,,,,{23},
EN300-37267758,"A468,A543",2,,,,{81},,,,,,,,,,,{23},
EN300-47339153,"A468,A543",2,,,,{81},,,,,,,,,,,{23},
EN300-192331,"A468,A473,A543",3,,,,{77},,,,{76},,,,,,,{23},
EN300-7370797,"A468,A543",2,,,,{76},,,,,,,,,,,{23},
EN300-117772,"A468,A473,A543",3,,,,{71},,,,{70},,,,,,,{23},
EN300-26869239,"A467,A468,A543",3,{35},,,{83},,,,,,,,,,,{23},
EN300-109045,"A468,A473,A543",3,,,,{73},,,,{72},,,,,,,{23},
EN300-123993,"A468,A543",2,,,,{89},,,,,,,,,,,{23},
EN300-45033,"A468,A543",2,,,,{79},,,,,,,,,,,{23},
EN300-46626514,"A468,A543",2,,,,{77},,,,,,,,,,,{23},
EN300-226493,"A468,A543",2,,,,{90},,,,,,,,,,,{23},
EN300-170303,"A468,A543",2,,,,{74},,,,,,,,,,,{23},
EN300-10647584,"A468,A543",2,,,,{90},,,,,,,,,,,{23},
EN300-103566,"A468,A543",2,,,,{75},,,,,,,,,,,{23},
EN300-10406955,"A468,A543",2,,,,{87},,,,,,,,,,,{23},
EN300-53290899,"A468,A543",2,,,,{75},,,,,,,,,,,{23},
EN300-25391122,"A468,A543",2,,,,{75},,,,,,,,,,,{23},
EN300-1695560,"A468,A543",2,,,,{78},,,,,,,,,,,{23},
EN300-1698682,A543,1,,,,,,,,,,,,,,,{23},
EN300-2944786,"A468,A543",2,,,,{74},,,,,,,,,,,{23},
EN300-28333118,"A468,A543",2,,,,{96},,,,,,,,,,,{23},
EN300-141074,"A468,A543",2,,,,{80},,,,,,,,,,,{23},
EN300-61953,"A468,A543",2,,,,{82},,,,,,,,,,,{23},
EN300-77945,"A468,A543",2,,,,{80},,,,,,,,,,,{23},
EN300-153021,"A468,A543",2,,,,{79},,,,,,,,,,,{23},
EN300-6508042,"A468,A543",2,,,,{74},,,,,,,,,,,{23},
EN300-52352682,"A468,A538,A543",3,,,,{75},,,,,,{73},,,,,{23},
EN300-127106,"A468,A543",2,,,,{87},,,,,,,,,,,{23},
EN300-53448143,"A468,A538,A543",3,,,,{86},,,,,,{77},,,,,{23},
EN300-12017379,"A468,A473,A543",3,,,,{73},,,,{72},,,,,,,{23},
EN300-53450041,"A468,A543",2,,,,{80},,,,,,,,,,,{23},
EN300-52413092,"A468,A473,A543",3,,,,{74},,,,{75},,,,,,,{23},
EN300-45592590,"A468,A473,A543",3,,,,{75},,,,{74},,,,,,,{23},
EN300-205835,"A468,A543",2,,,,{74},,,,,,,,,,,{23},
EN300-78033,"A468,A543",2,,,,{81},,,,,,,,,,,{23},
EN300-136655,"A468,A473,A543",3,,,,{73},,,,{74},,,,,,,{23},
EN300-51783690,"A468,A543",2,,,,{91},,,,,,,,,,,{23},
EN300-33326675,"A468,A543",2,,,,{74},,,,,,,,,,,{23},
EN300-53434554,"A468,A543",2,,,,{86},,,,,,,,,,,{23},
EN300-52267969,"A468,A543",2,,,,{83},,,,,,,,,,,{23},
EN300-3525711,"A468,A543",2,,,,{75},,,,,,,,,,,{23},
EN300-1662481,"A468,A543",2,,,,{80},,,,,,,,,,,{23},
EN300-1693908,"A468,A543",2,,,,{80},,,,,,,,,,,{23},
EN300-118598,"A468,A543",2,,,,{75},,,,,,,,,,,{23},
EN300-69424,"A468,A543",2,,,,{82},,,,,,,,,,,{23},
EN300-4992926,"A468,A543",2,,,,{77},,,,,,,,,,,{23},
EN300-26665877,"A468,A543",2,,,,"{82, 75}",,,,,,,,,,,{23},
EN300-53430752,"A468,A543",2,,,,"{80, 83}",,,,,,,,,,,{23},
EN300-101034,"A468,A543",2,,,,{72},,,,,,,,,,,{23},
EN300-123584,"A468,A543",2,,,,{81},,,,,,,,,,,{23},
EN300-53449651,"A468,A538,A543",3,,,,{79},,,,,,{82},,,,,{23},
EN300-247332,"A468,A473,A543",3,,,,{80},,,,{79},,,,,,,{23},
EN300-3566053,"A468,A543",2,,,,{76},,,,,,,,,,,{23},
EN300-178624,"A468,A543",2,,,,{80},,,,,,,,,,,{23},
EN300-3246949,"A468,A543",2,,,,{79},,,,,,,,,,,{23},
EN300-53866935,"A467,A468,A543",3,{38},,,{79},,,,,,,,,,,{23},
EN300-53864595,"A467,A468,A543",3,{41},,,{79},,,,,,,,,,,{23},
EN300-37285104,"A468,A543",2,,,,{76},,,,,,,,,,,{23},
EN300-3335338,"A468,A543",2,,,,{79},,,,,,,,,,,{23},
EN300-4314047,"A467,A468,A543",3,{37},,,{77},,,,,,,,,,,{23},
EN300-52370,"A468,A543",2,,,,{80},,,,,,,,,,,{23},
EN300-53287291,"A468,A543",2,,,,{93},,,,,,,,,,,{23},
EN300-6234017,"A468,A473,A543",3,,,,{74},,,,{73},,,,,,,{23},
EN300-6479080,A543,1,,,,,,,,,,,,,,,{23},
EN300-6473480,"A468,A473,A543",3,,,,{73},,,,{72},,,,,,,{23},
EN300-1915220,"A468,A543",2,,,,{80},,,,,,,,,,,{23},
EN300-125657,"A468,A543",2,,,,{72},,,,,,,,,,,{23},
EN300-1703691,"A468,A543",2,,,,{77},,,,,,,,,,,{23},
EN300-51752237,"A468,A543",2,,,,{85},,,,,,,,,,,{23},
EN300-7426434,"A468,A538,A543",3,,,,{78},,,,,,{71},,,,,{23},
EN300-7870658,"A468,A543",2,,,,{82},,,,,,,,,,,{23},
EN300-74683,A543,1,,,,,,,,,,,,,,,{23},
EN300-3266656,"A468,A543",2,,,,{77},,,,,,,,,,,{23},
EN300-124292,"A468,A473,A543",3,,,,{76},,,,{77},,,,,,,{23},
EN300-118525,"A468,A543",2,,,,{72},,,,,,,,,,,{23},
EN300-9176124,"A468,A543",2,,,,{86},,,,,,,,,,,{23},
EN300-184116,"A468,A543",2,,,,{72},,,,,,,,,,,{23},
EN300-51745091,"A468,A543",2,,,,{81},,,,,,,,,,,{23},
EN300-717958,"A468,A543",2,,,,{81},,,,,,,,,,,{23},
EN300-174097,"A468,A473,A543",3,,,,{73},,,,"{72, 76}",,,,,,,{23},
EN300-53414870,"A468,A543",2,,,,{84},,,,,,,,,,,{23},
EN300-8156756,"A538,A543",2,,,,,,,,,,{77},,,,,{23},
EN300-123679,"A468,A473,A543",3,,,,{78},,,,{77},,,,,,,{23},
EN300-7423479,"A468,A543",2,,,,{76},,,,,,,,,,,{23},
EN300-7719688,"A468,A543",2,,,,{74},,,,,,,,,,,{23},
EN300-198913,"A468,A543",2,,,,{81},,,,,,,,,,,{23},
EN300-657245,"A468,A543",2,,,,{74},,,,,,,,,,,{23},
EN300-74724,"A468,A538,A543",3,,,,{79},,,,,,{77},,,,,{23},
EN300-53866641,"A468,A543",2,,,,{83},,,,,,,,,,,{23},
EN300-52559552,"A468,A543",2,,,,{80},,,,,,,,,,,{23},
EN300-247854,"A468,A473,A543",3,,,,{72},,,,{73},,,,,,,{23},
EN300-46795416,"A468,A543",2,,,,{88},,,,,,,,,,,{23},
EN300-53864798,"A468,A543",2,,,,{79},,,,,,,,,,,{23},
EN300-33048097,"A468,A543",2,,,,{79},,,,,,,,,,,{23},
EN300-4334137,"A468,A543",2,,,,{74},,,,,,,,,,,{23},
EN300-1706042,"A468,A538,A543",3,,,,{77},,,,,,{73},,,,,{23},
EN300-6475871,"A468,A473,A536,A543",4,,,,{75},,,,{76},,,{35},,,,{23},
EN300-6738924,"A468,A543",2,,,,{75},,,,,,,,,,,{23},
EN300-297551,A543,1,,,,,,,,,,,,,,,{23},
EN300-53451682,"A468,A543",2,,,,{80},,,,,,,,,,,{23},
EN300-53416005,"A468,A543",2,,,,{84},,,,,,,,,,,{23},
EN300-30051108,"A468,A543",2,,,,{76},,,,,,,,,,,{23},
EN300-1450247,"A468,A543",2,,,,{84},,,,,,,,,,,{23},
EN300-220460,"A468,A543",2,,,,{80},,,,,,,,,,,{23},
EN300-21340,"A468,A543",2,,,,{72},,,,,,,,,,,{23},
EN300-43356976,"A468,A543",2,,,,{92},,,,,,,,,,,{23},
EN300-53449178,"A468,A543",2,,,,{83},,,,,,,,,,,{23},
EN300-51868459,"A467,A468,A543",3,{41},,,{77},,,,,,,,,,,{23},
EN300-120551,"A468,A543",2,,,,{75},,,,,,,,,,,{23},
EN300-296075,"A468,A543",2,,,,{75},,,,,,,,,,,{23},
EN300-120146,"A468,A473,A543",3,,,,{73},,,,{72},,,,,,,{23},
EN300-2993230,"A468,A543",2,,,,{76},,,,,,,,,,,{23},
EN300-1930393,"A468,A543",2,,,,{75},,,,,,,,,,,{23},
EN300-53345888,"A468,A543",2,,,,{85},,,,,,,,,,,{23},
EN300-127544,"A468,A543",2,,,,{85},,,,,,,,,,,{23},
EN300-53419042,"A468,A543",2,,,,{76},,,,,,,,,,,{23},
EN300-300490,"A468,A543",2,,,,{75},,,,,,,,,,,{23},
EN300-12826764,"A468,A543",2,,,,{80},,,,,,,,,,,{23},
EN300-26673323,"A468,A543",2,,,,{79},,,,,,,,,,,{23},
EN300-7387477,"A468,A473,A543",3,,,,{74},,,,{73},,,,,,,{23},
EN300-53447619,"A468,A543",2,,,,{78},,,,,,,,,,,{23},
EN300-124485,"A468,A543",2,,,,{74},,,,,,,,,,,{23},
EN300-51744949,"A468,A543",2,,,,{79},,,,,,,,,,,{23},
EN300-1590078,"A468,A543",2,,,,{80},,,,,,,,,,,{23},
EN300-103011,"A468,A543",2,,,,{78},,,,,,,,,,,{23},
EN300-227536,"A468,A543",2,,,,{84},,,,,,,,,,,{23},
EN300-102298,"A468,A543",2,,,,{76},,,,,,,,,,,{23},
EN300-205846,"A468,A543",2,,,,{84},,,,,,,,,,,{23},
EN300-37474797,"A468,A538,A543",3,,,,{81},,,,,,{89},,,,,{23},
EN300-236229,"A468,A543",2,,,,{80},,,,,,,,,,,{23},
EN300-6185676,"A468,A543",2,,,,{72},,,,,,,,,,,{23},
EN300-8170675,"A468,A543",2,,,,"{83, 76}",,,,,,,,,,,{23},
EN300-53834983,"A468,A536,A543",3,,,,{80},,,,,,,{45},,,,{23},
EN300-7548854,"A468,A543",2,,,,{86},,,,,,,,,,,{23},
EN300-100186,"A468,A473,A543",3,,,,{84},,,,{83},,,,,,,{23},
EN300-297551,A543,1,,,,,,,,,,,,,,,{23},
EN300-193555,"A468,A543",2,,,,{72},,,,,,,,,,,{23},
EN300-5543505,"A468,A543",2,,,,{80},,,,,,,,,,,{23},
EN300-53449531,"A468,A536,A543",3,,,,{84},,,,,,,{38},,,,{23},
EN300-137088,"A468,A473,A543",3,,,,{73},,,,{74},,,,,,,{23},
EN300-37082431,"A468,A543",2,,,,{84},,,,,,,,,,,{23},
EN300-53436682,"A468,A543",2,,,,{80},,,,,,,,,,,{23},
EN300-75654,"A467,A468,A543",3,,{77},,{74},,,,,,,,,,,{23},
EN300-83754,"A468,A473,A543",3,,,,{76},,,,{75},,,,,,,{23},
EN300-53287512,"A468,A538,A543",3,,,,{87},,,,,,{92},,,,,{23},
EN300-51743911,"A468,A536,A543",3,,,,{86},,,,,,,{35},,,,{23},
EN300-253555,"A468,A543",2,,,,{74},,,,,,,,,,,{23},
EN300-7359605,A543,1,,,,,,,,,,,,,,,{23},
EN300-8150912,"A468,A543",2,,,,{82},,,,,,,,,,,{23},
EN300-45237948,"A468,A543",2,,,,{87},,,,,,,,,,,{23},
EN300-53447346,"A468,A543",2,,,,{76},,,,,,,,,,,{23},
EN300-187634,"A468,A473,A543",3,,,,{74},,,,{73},,,,,,,{23},
EN300-708639,"A468,A543",2,,,,{74},,,,,,,,,,,{23},
EN300-19628628,"A538,A543",2,,,,,,,,,,{84},,,,,{23},
EN300-655530,"A467,A468,A543",3,{37},,,{84},,,,,,,,,,,{23},
EN300-1702678,"A468,A543",2,,,,{79},,,,,,,,,,,{23},
EN300-18123,"A468,A543",2,,,,{75},,,,,,,,,,,{23},
EN300-45729522,"A468,A543",2,,,,{80},,,,,,,,,,,{23},
EN300-53341670,"A468,A473,A543",3,,,,{79},,,,{80},,,,,,,{23},
EN300-6740556,"A468,A543",2,,,,{77},,,,,,,,,,,{23},
EN300-53443105,"A467,A468,A543",3,{39},,,{84},,,,,,,,,,,{23},
EN300-53865797,"A468,A543",2,,,,{75},,,,,,,,,,,{23},
EN300-28247764,"A468,A543",2,,,,{83},,,,,,,,,,,{23},
EN300-26862608,"A468,A543",2,,,,{87},,,,,,,,,,,{23},
EN300-51878002,"A468,A473,A538,A543",4,,,,{91},,,,{81},,{80},,,,,{23},
EN300-6774825,"A467,A538,A543",3,,{76},,,,,,,,{74},,,,,{23},
EN300-206729,"A468,A543",2,,,,{79},,,,,,,,,,,{23},
EN300-200736,"A468,A543",2,,,,{75},,,,,,,,,,,{23},
EN300-53287911,"A468,A543",2,,,,{86},,,,,,,,,,,{23},
EN300-23569706,"A467,A468,A543",3,,{75},,{74},,,,,,,,,,,{23},
EN300-4757896,"A468,A473,A543",3,,,,{80},,,,{79},,,,,,,{23},
EN300-256042,"A468,A543",2,,,,{87},,,,,,,,,,,{23},
EN300-1722815,"A468,A543",2,,,,{74},,,,,,,,,,,{23},
EN300-122883,"A468,A543",2,,,,{80},,,,,,,,,,,{23},
EN300-18541241,"A468,A538,A543",3,,,,{94},,,,,,{84},,,,,{23},
EN300-300194,"A468,A543",2,,,,{79},,,,,,,,,,,{23},
EN300-392911,"A468,A543",2,,,,{80},,,,,,,,,,,{23},
EN300-121960,"A468,A473,A543",3,,,,{72},,,,{73},,,,,,,{23},
EN300-742247,"A468,A543",2,,,,{79},,,,,,,,,,,{23},
EN300-51745924,"A468,A473,A543",3,,,,{77},,,,{76},,,,,,,{23},
EN300-177221,"A468,A533,A543",3,,,,{72},,{74},,,,,,,,,{23},
EN300-3549429,"A468,A543",2,,,,"{80, 79}",,,,,,,,,,,{23},
EN300-263806,"A468,A543",2,,,,{80},,,,,,,,,,,{23},
EN300-1273333,"A468,A543",2,,,,{82},,,,,,,,,,,{23},
EN300-305666,A543,1,,,,,,,,,,,,,,,{23},
EN300-717958,A543,1,,,,,,,,,,,,,,,{23},
EN300-106815,"A468,A543",2,,,,{76},,,,,,,,,,,{23},
EN300-17620,"A468,A543",2,,,,{79},,,,,,,,,,,{23},
EN300-53288268,"A468,A473,A543",3,,,,{75},,,,{74},,,,,,,{23},
EN300-8680833,"A468,A543",2,,,,{78},,,,,,,,,,,{23},
EN300-23905180,"A468,A473,A543",3,,,,{73},,,,{74},,,,,,,{23},
EN300-7297739,"A468,A543",2,,,,{77},,,,,,,,,,,{23},
EN300-247046,"A467,A543",2,,{90},,,,,,,,,,,,,{23},
EN300-260679,A543,1,,,,,,,,,,,,,,,{23},
EN300-37287363,"A468,A543",2,,,,{77},,,,,,,,,,,{23},
EN300-8295730,"A468,A543",2,,,,{76},,,,,,,,,,,{23},
EN300-124970,"A468,A543",2,,,,{72},,,,,,,,,,,{23},
EN300-53013660,"A468,A473,A543",3,,,,{73},,,,{74},,,,,,,{23},
EN300-85315,"A468,A543",2,,,,{72},,,,,,,,,,,{23},
EN300-53414350,"A468,A543",2,,,,{80},,,,,,,,,,,{23},
EN300-53447182,"A468,A543",2,,,,{79},,,,,,,,,,,{23},
EN300-37289023,"A468,A543",2,,,,{79},,,,,,,,,,,{23},
EN300-22106846,"A468,A543",2,,,,{74},,,,,,,,,,,{23},
EN300-199086,"A468,A543",2,,,,{81},,,,,,,,,,,{23},
EN300-53290145,"A468,A543",2,,,,{77},,,,,,,,,,,{23},
EN300-297392,"A468,A538,A543",3,,,,{90},,,,,,{92},,,,,{23},
EN300-220896,"A468,A473,A543",3,,,,{79},,,,{78},,,,,,,{23},
EN300-74438,"A468,A473,A543",3,,,,{72},,,,{71},,,,,,,{23},
EN300-110117,"A468,A543",2,,,,{73},,,,,,,,,,,{23},
EN300-92094,"A468,A473,A543",3,,,,{75},,,,{76},,,,,,,{23},
EN300-218648,"A468,A473,A543",3,,,,{77},,,,{78},,,,,,,{23},
EN300-114725,"A468,A543",2,,,,{80},,,,,,,,,,,{23},
EN300-52505034,"A468,A543",2,,,,"{81, 76}",,,,,,,,,,,{23},
EN300-75159,"A468,A543",2,,,,{82},,,,,,,,,,,{23},
EN300-53450040,"A468,A543",2,,,,{76},,,,,,,,,,,{23},
EN300-60832,"A468,A543",2,,,,{72},,,,,,,,,,,{23},
EN300-37332188,"A468,A473,A543",3,,,,{80},,,,{79},,,,,,,{23},
EN300-05289,"A467,A468,A543",3,{44},,,{82},,,,,,,,,,,{23},
EN300-5251236,"A468,A543",2,,,,{75},,,,,,,,,,,{23},
EN300-53449820,"A468,A543",2,,,,{84},,,,,,,,,,,{23},
EN300-86546,"A468,A543",2,,,,{82},,,,,,,,,,,{23},
EN300-717958,"A467,A468,A543",3,{38},,,{91},,,,,,,,,,,{23},
EN300-7437244,"A468,A543",2,,,,{78},,,,,,,,,,,{23},
EN300-214505,"A468,A543",2,,,,{90},,,,,,,,,,,{23},
EN300-205197,"A468,A543",2,,,,{74},,,,,,,,,,,{23},
EN300-20937721,"A468,A543",2,,,,{74},,,,,,,,,,,{23},
EN300-53436681,"A468,A543",2,,,,{85},,,,,,,,,,,{23},
EN300-2170675,"A468,A543",2,,,,{79},,,,,,,,,,,{23},
EN300-297551,"A468,A543",2,,,,{88},,,,,,,,,,,{23},
EN300-27147165,"A468,A543",2,,,,{83},,,,,,,,,,,{23},
EN300-47339256,"A468,A543",2,,,,{83},,,,,,,,,,,{23},
EN300-7358405,"A468,A543",2,,,,{80},,,,,,,,,,,{23},
EN300-309072,"A468,A473,A543",3,,,,{80},,,,{79},,,,,,,{23},
EN300-7619425,"A468,A473,A543",3,,,,{78},,,,{77},,,,,,,{23},
EN300-3029477,"A468,A543",2,,,,{78},,,,,,,,,,,{23},
EN300-4248687,"A468,A543",2,,,,{75},,,,,,,,,,,{23},
EN300-392725,"A468,A543",2,,,,{78},,,,,,,,,,,{23},
EN300-7654072,"A468,A543",2,,,,{79},,,,,,,,,,,{23},
EN300-6481394,"A468,A543",2,,,,{80},,,,,,,,,,,{23},
EN300-3059600,"A468,A543",2,,,,{80},,,,,,,,,,,{23},
EN300-754059,"A468,A543",2,,,,{73},,,,,,,,,,,{23},
EN300-53449177,"A468,A543",2,,,,{80},,,,,,,,,,,{23},
EN300-736838,"A468,A543",2,,,,{83},,,,,,,,,,,{23},
EN300-60726,"A468,A473,A543",3,,,,{85},,,,{84},,,,,,,{23},
EN300-12967499,"A467,A468,A543",3,{43},,,{83},,,,,,,,,,,{23},
EN300-952663,"A468,A543",2,,,,{78},,,,,,,,,,,{23},
EN300-115217,"A468,A543",2,,,,{75},,,,,,,,,,,{23},
EN300-73232,"A468,A543",2,,,,"{83, 86}",,,,,,,,,,,{23},
EN300-909292,"A468,A543",2,,,,{83},,,,,,,,,,,{23},
EN300-53017733,"A468,A543",2,,,,{84},,,,,,,,,,,{23},
EN300-226493,"A468,A543",2,,,,{90},,,,,,,,,,,{23},
EN300-156617,"A468,A543",2,,,,{79},,,,,,,,,,,{23},
EN300-6774739,"A468,A543",2,,,,{81},,,,,,,,,,,{23},
EN300-26968723,"A468,A543",2,,,,{74},,,,,,,,,,,{23},
EN300-19584830,"A468,A543",2,,,,"{80, 83}",,,,,,,,,,,{23},
EN300-98001,"A468,A543",2,,,,{79},,,,,,,,,,,{23},
EN300-39868290,"A468,A543",2,,,,"{80, 77}",,,,,,,,,,,{23},
EN300-53409326,"A468,A543",2,,,,{88},,,,,,,,,,,{23},
EN300-322524,"A468,A543",2,,,,"{81, 76}",,,,,,,,,,,{23},
EN300-127682,"A468,A473,A543",3,,,,{87},,,,{86},,,,,,,{23},
EN300-51747461,"A468,A543",2,,,,{83},,,,,,,,,,,{23},
EN300-54270,"A468,A543",2,,,,{82},,,,,,,,,,,{23},
EN300-8048149,"A468,A543",2,,,,{76},,,,,,,,,,,{23},
EN300-7354650,"A468,A543",2,,,,{83},,,,,,,,,,,{23},
EN300-52471949,"A468,A543",2,,,,{83},,,,,,,,,,,{23},
EN300-19628628,"A468,A473,A543",3,,,,{90},,,,{84},,,,,,,{23},
EN300-3529451,"A468,A543",2,,,,{75},,,,,,,,,,,{23},
EN300-53434960,"A468,A543",2,,,,{81},,,,,,,,,,,{23},
EN300-7536399,"A468,A543",2,,,,{75},,,,,,,,,,,{23},
EN300-51783634,A543,1,,,,,,,,,,,,,,,{23},
EN300-7840196,"A467,A468,A543",3,{38},,,{79},,,,,,,,,,,{23},
EN300-3020882,"A468,A543",2,,,,{77},,,,,,,,,,,{23},
EN300-44829691,"A468,A543",2,,,,{78},,,,,,,,,,,{23},
EN300-53438691,"A468,A543",2,,,,{78},,,,,,,,,,,{23},
EN300-16470,"A468,A543",2,,,,{81},,,,,,,,,,,{23},
EN300-18158,"A468,A543",2,,,,{72},,,,,,,,,,,{23},
EN300-909292,"A468,A543",2,,,,{83},,,,,,,,,,,{23},
EN300-53357618,"A468,A543",2,,,,{81},,,,,,,,,,,{23},
EN300-97240,A543,1,,,,,,,,,,,,,,,{23},
EN300-30649897,"A468,A543",2,,,,{76},,,,,,,,,,,{23},
EN300-43458555,"A468,A543",2,,,,{90},,,,,,,,,,,{23},
EN300-19362298,"A467,A468,A543",3,{38},,,{76},,,,,,,,,,,{23},
EN300-297551,A543,1,,,,,,,,,,,,,,,{23},
EN300-126955,"A467,A468,A543",3,{44},,,{74},,,,,,,,,,,{23},
EN300-7691884,"A468,A543",2,,,,{74},,,,,,,,,,,{23},
EN300-27081238,"A468,A543",2,,,,{76},,,,,,,,,,,{23},
EN300-71311,"A468,A543",2,,,,"{84, 85}",,,,,,,,,,,{23},
EN300-41735,"A468,A543",2,,,,{74},,,,,,,,,,,{23},
EN300-02868,"A468,A536,A543",3,,,,{92},,,,,,,{44},,,,{23},
EN300-19102372,"A468,A543",2,,,,"{83, 78}",,,,,,,,,,,{23},
EN300-53447627,"A468,A543",2,,,,{78},,,,,,,,,,,{23},
EN300-1662397,"A468,A543",2,,,,{89},,,,,,,,,,,{23},
EN300-339502,"A468,A473,A543",3,,,,{74},,,,{75},,,,,,,{23},
EN300-23269675,"A467,A473,A543",3,,{76},,,,,,{78},,,,,,,{23},
EN300-26863336,"A468,A543",2,,,,{81},,,,,,,,,,,{23},
EN300-94330,"A468,A543",2,,,,{79},,,,,,,,,,,{23},
EN300-18541241,"A468,A538,A543",3,,,,{94},,,,,,{84},,,,,{23},
EN300-247097,"A468,A473,A543",3,,,,{73},,,,{72},,,,,,,{23},
EN300-51878002,"A468,A473,A538,A543",4,,,,{87},,,,{81},,{80},,,,,{23},
EN300-8029298,"A468,A538,A543",3,,,,{78},,,,,,{80},,,,,{23},
EN300-717958,"A468,A543",2,,,,{81},,,,,,,,,,,{23},
EN300-46583637,"A468,A543",2,,,,"{80, 88}",,,,,,,,,,,{23},
EN300-12589976,"A468,A543",2,,,,{76},,,,,,,,,,,{23},
EN300-41489,"A468,A543",2,,,,{72},,,,,,,,,,,{23},
EN300-53963748,"A468,A543",2,,,,{77},,,,,,,,,,,{23},
EN300-253521,"A468,A543",2,,,,{75},,,,,,,,,,,{23},
EN300-99543,"A468,A473,A543",3,,,,{80},,,,{79},,,,,,,{23},
EN300-18541241,"A468,A538,A543",3,,,,{94},,,,,,{84},,,,,{23},
EN300-278218,"A468,A543",2,,,,{80},,,,,,,,,,,{23},
EN300-53440802,"A468,A543",2,,,,{81},,,,,,,,,,,{23},
EN300-200579,"A468,A543",2,,,,{82},,,,,,,,,,,{23},
EN300-53414232,"A468,A543",2,,,,{81},,,,,,,,,,,{23},
EN300-135005,"A468,A543",2,,,,"{74, 78}",,,,,,,,,,,{23},
EN300-106735,"A468,A543",2,,,,{73},,,,,,,,,,,{23},
EN300-53292559,"A468,A473,A543",3,,,,{77},,,,{78},,,,,,,{23},
EN300-53418268,"A468,A543",2,,,,{76},,,,,,,,,,,{23},
EN300-1707306,"A468,A538,A543",3,,,,{73},,,,,,{78},,,,,{23},
EN300-754059,"A468,A543",2,,,,{73},,,,,,,,,,,{23},
EN300-1266298,"A468,A543",2,,,,{76},,,,,,,,,,,{23},
EN300-28305188,"A468,A543",2,,,,{75},,,,,,,,,,,{23},
EN300-39848083,"A468,A543",2,,,,{74},,,,,,,,,,,{23},
EN300-137538,"A468,A543",2,,,,{75},,,,,,,,,,,{23},
EN300-42716,"A468,A543",2,,,,{79},,,,,,,,,,,{23},
EN300-53422117,"A468,A543",2,,,,{85},,,,,,,,,,,{23},
EN300-72460,"A468,A543",2,,,,{77},,,,,,,,,,,{23},
EN300-3200938,"A468,A543",2,,,,{74},,,,,,,,,,,{23},
EN300-307442,"A468,A543",2,,,,{74},,,,,,,,,,,{23},
EN300-53416989,"A468,A543",2,,,,{80},,,,,,,,,,,{23},
EN300-53439466,"A468,A543",2,,,,{77},,,,,,,,,,,{23},
EN300-316315,"A468,A543",2,,,,{74},,,,,,,,,,,{23},
EN300-1725485,"A468,A473,A543",3,,,,{76},,,,{77},,,,,,,{23},
EN300-124169,"A468,A543",2,,,,{81},,,,,,,,,,,{23},
EN300-120554,"A468,A543",2,,,,{75},,,,,,,,,,,{23},
EN300-296075,"A468,A543",2,,,,{75},,,,,,,,,,,{23},
EN300-53287976,"A468,A533,A543",3,,,,{82},,{81},,,,,,,,,{23},
EN300-22033014,"A468,A543",2,,,,{73},,,,,,,,,,,{23},
EN300-66527,"A468,A543",2,,,,"{78, 79}",,,,,,,,,,,{23},
EN300-155357,"A468,A543",2,,,,{76},,,,,,,,,,,{23},
EN300-331829,"A468,A543",2,,,,{81},,,,,,,,,,,{23},
EN300-19628628,"A538,A543",2,,,,,,,,,,{84},,,,,{23},
EN300-106028,"A468,A543",2,,,,{79},,,,,,,,,,,{23},
EN300-27780744,"A468,A473,A543",3,,,,{81},,,,{82},,,,,,,{23},
EN300-48985015,"A468,A543",2,,,,{77},,,,,,,,,,,{23},
EN300-1067062,"A468,A543",2,,,,{81},,,,,,,,,,,{23},
EN300-53290507,"A468,A543",2,,,,{87},,,,,,,,,,,{23},
EN300-142180,"A468,A543",2,,,,{89},,,,,,,,,,,{23},
EN300-75451,"A468,A543",2,,,,{72},,,,,,,,,,,{23},
EN300-6480549,"A468,A543",2,,,,{77},,,,,,,,,,,{23},
EN300-53419487,"A468,A543",2,,,,{80},,,,,,,,,,,{23},
EN300-725111,"A468,A543",2,,,,{75},,,,,,,,,,,{23},
EN300-22038604,"A467,A468,A543",3,{37},,,{77},,,,,,,,,,,{23},
EN300-3539077,"A468,A543",2,,,,{79},,,,,,,,,,,{23},
EN300-7163838,"A468,A543",2,,,,{77},,,,,,,,,,,{23},
EN300-314759,"A468,A473,A543",3,,,,{78},,,,{79},,,,,,,{23},
EN300-24813022,"A468,A543",2,,,,{80},,,,,,,,,,,{23},
EN300-311597,"A468,A543",2,,,,{72},,,,,,,,,,,{23},
EN300-349359,"A468,A538,A543",3,,,,{82},,,,,,{74},,,,,{23},
EN300-52159437,"A468,A543",2,,,,{80},,,,,,,,,,,{23},
EN300-6494017,"A468,A543",2,,,,{78},,,,,,,,,,,{23},
EN300-65771,"A468,A543",2,,,,"{74, 76}",,,,,,,,,,,{23},
EN300-53865300,"A468,A543",2,,,,{86},,,,,,,,,,,{23},
EN300-7359390,"A468,A543",2,,,,{79},,,,,,,,,,,{23},
EN300-1270488,"A468,A543",2,,,,{91},,,,,,,,,,,{23},
EN300-28247026,"A468,A543",2,,,,{77},,,,,,,,,,,{23},
EN300-66138,"A468,A473,A543",3,,,,{76},,,,{75},,,,,,,{23},
EN300-6498686,"A468,A538,A543",3,,,,{77},,,,,,{79},,,,,{23},
EN300-6775524,"A468,A543",2,,,,{74},,,,,,,,,,,{23},
EN300-171427,"A468,A543",2,,,,{84},,,,,,,,,,,{23},
EN300-1700470,"A468,A543",2,,,,{72},,,,,,,,,,,{23},
EN300-197323,"A468,A543",2,,,,{78},,,,,,,,,,,{23},
EN300-52471799,"A468,A543",2,,,,{102},,,,,,,,,,,{23},
EN300-9529718,"A468,A543",2,,,,{83},,,,,,,,,,,{23},
EN300-8934048,A543,1,,,,,,,,,,,,,,,{23},
EN300-952663,"A468,A543",2,,,,{78},,,,,,,,,,,{23},
EN300-16470,"A468,A543",2,,,,{81},,,,,,,,,,,{23},
EN300-755074,"A468,A543",2,,,,{77},,,,,,,,,,,{23},
EN300-39921607,"A468,A543",2,,,,{76},,,,,,,,,,,{23},
EN300-189269,"A468,A543",2,,,,{76},,,,,,,,,,,{23},
EN300-7869577,"A468,A543",2,,,,{78},,,,,,,,,,,{23},
EN300-717241,"A468,A543",2,,,,{73},,,,,,,,,,,{23},
EN300-1897629,"A468,A543",2,,,,{80},,,,,,,,,,,{23},
EN300-46775761,"A468,A543",2,,,,{73},,,,,,,,,,,{23},
EN300-6512724,"A468,A543",2,,,,{79},,,,,,,,,,,{23},
EN300-6923371,"A468,A543",2,,,,{75},,,,,,,,,,,{23},
EN300-03647,"A468,A543",2,,,,{78},,,,,,,,,,,{23},
EN300-867164,"A468,A543",2,,,,{76},,,,,,,,,,,{23},
EN300-7671548,"A468,A543",2,,,,{73},,,,,,,,,,,{23},
EN300-717958,"A468,A543",2,,,,{81},,,,,,,,,,,{23},
EN300-7861033,"A468,A543",2,,,,{81},,,,,,,,,,,{23},
EN300-26869239,"A467,A468,A543",3,{35},,,{83},,,,,,,,,,,{23},
EN300-37296763,"A468,A543",2,,,,{91},,,,,,,,,,,{23},
EN300-7368168,"A468,A543",2,,,,{76},,,,,,,,,,,{23},
EN300-53450771,"A468,A543",2,,,,{80},,,,,,,,,,,{23},
EN300-1294620,"A468,A543",2,,,,{76},,,,,,,,,,,{23},
EN300-162647,"A468,A473,A543",3,,,,{72},,,,{71},,,,,,,{23},
EN300-200742,"A468,A543",2,,,,{82},,,,,,,,,,,{23},
EN300-19579245,"A468,A543",2,,,,{79},,,,,,,,,,,{23},
EN300-333140,"A468,A543",2,,,,{76},,,,,,,,,,,{23},
EN300-120396,"A468,A543",2,,,,{75},,,,,,,,,,,{23},
EN300-8094620,A543,1,,,,,,,,,,,,,,,{23},
EN300-53866241,"A468,A543",2,,,,{84},,,,,,,,,,,{23},
EN300-1662447,"A468,A543",2,,,,{74},,,,,,,,,,,{23},
EN300-53411347,"A468,A543",2,,,,{96},,,,,,,,,,,{23},
EN300-137435,"A468,A543",2,,,,{72},,,,,,,,,,,{23},
EN300-245786,"A468,A473,A543",3,,,,{75},,,,{74},,,,,,,{23},
EN300-46740486,"A468,A543",2,,,,{79},,,,,,,,,,,{23},
EN300-105759,"A468,A473,A543",3,,,,{72},,,,{71},,,,,,,{23},
EN300-53832542,"A468,A543",2,,,,{82},,,,,,,,,,,{23},
EN300-53433414,"A468,A543",2,,,,{76},,,,,,,,,,,{23},
EN300-2985391,"A468,A473,A543",3,,,,{78},,,,{77},,,,,,,{23},
EN300-1270488,"A467,A468,A543",3,{44},,,{91},,,,,,,,,,,{23},
EN300-27185098,"A468,A536,A543",3,,,,{76},,,,,,,{40},,,,{23},
EN300-53845367,"A468,A536,A543",3,,,,{90},,,,,,,{40},,,,{23},
EN300-51759832,"A467,A468,A543",3,{42},,,{85},,,,,,,,,,,{23},
EN300-53867510,"A468,A543",2,,,,{79},,,,,,,,,,,{23},
EN300-27103542,"A468,A473,A543",3,,,,{76},,,,{85},,,,,,,{23},
EN300-7440473,"A468,A543",2,,,,{88},,,,,,,,,,,{23},
EN300-3250793,"A468,A543",2,,,,{80},,,,,,,,,,,{23},
EN300-45177706,"A468,A543",2,,,,{91},,,,,,,,,,,{23},
EN300-131895,"A468,A543",2,,,,{87},,,,,,,,,,,{23},
EN300-339264,"A468,A543",2,,,,{80},,,,,,,,,,,{23},
EN300-1270488,"A468,A543",2,,,,{91},,,,,,,,,,,{23},
EN300-1456530,"A468,A543",2,,,,{76},,,,,,,,,,,{23},
EN300-7412538,"A468,A543",2,,,,{73},,,,,,,,,,,{23},
EN300-53448144,"A468,A533,A538,A543",4,,,,{86},,{78},,,,{79},,,,,{23},
EN300-37289026,"A468,A543",2,,,,{79},,,,,,,,,,,{23},
EN300-53433976,A543,1,,,,,,,,,,,,,,,{23},
EN300-10647584,"A468,A543",2,,,,{90},,,,,,,,,,,{23},
EN300-338260,"A468,A543",2,,,,{76},,,,,,,,,,,{23},
EN300-52687801,"A468,A543",2,,,,{76},,,,,,,,,,,{23},
EN300-3005949,"A468,A543",2,,,,{75},,,,,,,,,,,{23},
EN300-37287825,A543,1,,,,,,,,,,,,,,,{23},
EN300-53436121,"A467,A468,A543",3,{37},,,{78},,,,,,,,,,,{23},
EN300-46624264,"A468,A543",2,,,,{74},,,,,,,,,,,{23},
EN300-156707,"A468,A543",2,,,,{75},,,,,,,,,,,{23},
EN300-199875,"A468,A543",2,,,,{75},,,,,,,,,,,{23},
EN300-53436966,"A468,A543",2,,,,{84},,,,,,,,,,,{23},
EN300-28297049,"A468,A543",2,,,,{76},,,,,,,,,,,{23},
EN300-362156,"A468,A543",2,,,,{83},,,,,,,,,,,{23},
EN300-717958,A543,1,,,,,,,,,,,,,,,{23},
EN300-309430,"A468,A543",2,,,,{81},,,,,,,,,,,{23},
EN300-736552,"A468,A543",2,,,,{76},,,,,,,,,,,{23},
EN300-1259042,"A468,A543",2,,,,{75},,,,,,,,,,,{23},
EN300-206543,"A468,A473,A543",3,,,,{73},,,,{72},,,,,,,{23},
EN300-53443273,A543,1,,,,,,,,,,,,,,,{23},
EN300-17911,"A468,A543",2,,,,{72},,,,,,,,,,,{23},
EN300-7536796,"A468,A543",2,,,,"{73, 79}",,,,,,,,,,,{23},
EN300-53431254,"A468,A543",2,,,,{78},,,,,,,,,,,{23},
EN300-213025,"A468,A543",2,,,,{81},,,,,,,,,,,{23},
EN300-255777,"A468,A543",2,,,,{90},,,,,,,,,,,{23},
EN300-297216,"A468,A536,A543",3,,,,{79},,,,,,,{35},,,,{23},
EN300-52055904,A543,1,,,,,,,,,,,,,,,{23},
EN300-52473621,A543,1,,,,,,,,,,,,,,,{23},
EN300-18541241,"A468,A538,A543",3,,,,{90},,,,,,{84},,,,,{23},
EN300-37278278,"A468,A473,A543",3,,,,{75},,,,{74},,,,,,,{23},
EN300-53419486,"A468,A543",2,,,,{76},,,,,,,,,,,{23},
EN300-53866318,"A468,A543",2,,,,{79},,,,,,,,,,,{23},
EN300-717958,"A468,A543",2,,,,{81},,,,,,,,,,,{23},
EN300-127476,"A468,A543",2,,,,{80},,,,,,,,,,,{23},
EN300-191942,"A468,A543",2,,,,{73},,,,,,,,,,,{23},
EN300-53962078,"A468,A536,A543",3,,,,{79},,,,,,,{43},,,,{23},
EN300-338260,"A468,A543",2,,,,{76},,,,,,,,,,,{23},
EN300-53866040,"A468,A543",2,,,,"{81, 78}",,,,,,,,,,,{23},
EN300-29581,"A468,A543",2,,,,{76},,,,,,,,,,,{23},
EN300-19628628,"A468,A473,A543",3,,,,{94},,,,{84},,,,,,,{23},
EN300-118874,"A468,A543",2,,,,{76},,,,,,,,,,,{23},
EN300-312590,"A468,A536,A543",3,,,,{82},,,,,,,{36},,,,{23},
EN300-8549859,"A468,A543",2,,,,{80},,,,,,,,,,,{23},
EN300-53423191,"A468,A543",2,,,,{78},,,,,,,,,,,{23},
EN300-219590,"A468,A543",2,,,,{78},,,,,,,,,,,{23},
EN300-211058,"A468,A543",2,,,,{78},,,,,,,,,,,{23},
EN300-1587621,"A468,A543",2,,,,{83},,,,,,,,,,,{23},
EN300-53439869,"A468,A543",2,,,,{80},,,,,,,,,,,{23},
EN300-1655966,"A468,A543",2,,,,{73},,,,,,,,,,,{23},
EN300-246110,"A468,A543",2,,,,{81},,,,,,,,,,,{23},
EN300-154488,"A468,A543",2,,,,{73},,,,,,,,,,,{23},
EN300-45177709,"A468,A543",2,,,,{78},,,,,,,,,,,{23},
EN300-108949,"A468,A543",2,,,,{79},,,,,,,,,,,{23},
EN300-147488,"A468,A543",2,,,,{73},,,,,,,,,,,{23},
EN300-1666743,"A468,A543",2,,,,{79},,,,,,,,,,,{23},
EN300-53451784,"A468,A543",2,,,,{78},,,,,,,,,,,{23},
EN300-53418083,"A468,A543",2,,,,{75},,,,,,,,,,,{23},
EN300-121843,"A467,A538,A543",3,,{76},,,,,,,,{74},,,,,{23},
EN300-216917,"A468,A473,A543",3,,,,{72},,,,{75},,,,,,,{23},
EN300-52418508,"A468,A543",2,,,,{77},,,,,,,,,,,{23},
EN300-53434959,"A468,A543",2,,,,{83},,,,,,,,,,,{23},
EN300-53439543,"A468,A473,A543",3,,,,{78},,,,{81},,,,,,,{23},
EN300-1924089,"A468,A543",2,,,,{85},,,,,,,,,,,{23},
EN300-26640,"A468,A473,A543",3,,,,{81},,,,{80},,,,,,,{23},
EN300-199074,"A468,A543",2,,,,{79},,,,,,,,,,,{23},
EN300-112494,"A468,A543",2,,,,{78},,,,,,,,,,,{23},
EN300-53411713,"A468,A543",2,,,,{81},,,,,,,,,,,{23},
EN300-7721107,"A468,A543",2,,,,{78},,,,,,,,,,,{23},
EN300-3430031,"A468,A473,A543",3,,,,{87},,,,{88},,,,,,,{23},
EN300-27776897,"A468,A538,A543",3,,,,{79},,,,,,{77},,,,,{23},
EN300-371878,"A468,A473,A543",3,,,,{75},,,,{76},,,,,,,{23},
EN300-203916,"A468,A543",2,,,,{76},,,,,,,,,,,{23},
EN300-85314,"A468,A543",2,,,,{77},,,,,,,,,,,{23},
EN300-1116213,"A468,A543",2,,,,{75},,,,,,,,,,,{23},
EN300-25368772,"A468,A543",2,,,,{80},,,,,,,,,,,{23},
EN300-649739,"A468,A473,A543",3,,,,{74},,,,{75},,,,,,,{23},
EN300-22828618,"A468,A543",2,,,,{79},,,,,,,,,,,{23},
EN300-6478223,"A468,A543",2,,,,"{82, 77}",,,,,,,,,,,{23},
EN300-121953,"A468,A473,A543",3,,,,{73},,,,{72},,,,,,,{23},
EN300-51756487,A543,1,,,,,,,,,,,,,,,{23},
EN300-1665510,"A468,A473,A543",3,,,,{85},,,,{86},,,,,,,{23},
EN300-80806,"A468,A543",2,,,,{88},,,,,,,,,,,{23},
EN300-28302511,"A468,A473,A543",3,,,,{73},,,,{74},,,,,,,{23},
EN300-66252,"A468,A473,A543",3,,,,{73},,,,{72},,,,,,,{23},
EN300-53866192,"A467,A468,A543",3,{44},,,{79},,,,,,,,,,,{23},
EN300-188682,"A468,A543",2,,,,{75},,,,,,,,,,,{23},
EN300-166167,"A468,A543",2,,,,"{82, 83}",,,,,,,,,,,{23},
EN300-920907,"A468,A543",2,,,,{80},,,,,,,,,,,{23},
EN300-1618706,"A468,A538,A543",3,,,,{82},,,,,,{80},,,,,{23},
EN300-1914571,"A468,A543",2,,,,{77},,,,,,,,,,,{23},
EN300-53702168,"A468,A543",2,,,,{78},,,,,,,,,,,{23},
EN300-53841094,"A468,A543",2,,,,{95},,,,,,,,,,,{23},
EN300-268260,"A468,A543",2,,,,{76},,,,,,,,,,,{23},
EN300-6775639,"A468,A543",2,,,,{81},,,,,,,,,,,{23},
EN300-1719791,"A468,A543",2,,,,{76},,,,,,,,,,,{23},
EN300-183978,"A468,A543",2,,,,{74},,,,,,,,,,,{23},
EN300-53962417,"A468,A543",2,,,,{80},,,,,,,,,,,{23},
EN300-64240,"A468,A543",2,,,,{80},,,,,,,,,,,{23},
EN300-175846,"A468,A543",2,,,,{77},,,,,,,,,,,{23},
EN300-6754440,"A468,A543",2,,,,{78},,,,,,,,,,,{23},
EN300-1478769,"A468,A543",2,,,,{95},,,,,,,,,,,{23},
EN300-113000,"A468,A543",2,,,,{75},,,,,,,,,,,{23},
EN300-1262919,"A468,A543",2,,,,{76},,,,,,,,,,,{23},
EN300-53541326,"A468,A543",2,,,,{77},,,,,,,,,,,{23},
EN300-22835344,"A468,A543",2,,,,{77},,,,,,,,,,,{23},
EN300-53411348,"A468,A543",2,,,,{83},,,,,,,,,,,{23},
EN300-6334174,"A468,A543",2,,,,{78},,,,,,,,,,,{23},
EN300-10872335,"A468,A473,A543",3,,,,{72},,,,{71},,,,,,,{23},
EN300-46810261,"A468,A538,A543",3,,,,{77},,,,,,{74},,,,,{23},
EN300-1913232,"A468,A543",2,,,,{73},,,,,,,,,,,{23},
EN300-227786,A543,1,,,,,,,,,,,,,,,{23},
EN300-753066,"A468,A543",2,,,,{73},,,,,,,,,,,{23},
EN300-245626,"A468,A543",2,,,,{74},,,,,,,,,,,{23},
EN300-6488133,"A468,A543",2,,,,{78},,,,,,,,,,,{23},
EN300-26074860,"A467,A468,A543",3,{40},,,{76},,,,,,,,,,,{23},
EN300-201052,"A467,A468,A543",3,{38},,,{74},,,,,,,,,,,{23},
EN300-2966717,"A468,A473,A543",3,,,,{74},,,,{73},,,,,,,{23},
EN300-53357619,"A468,A543",2,,,,{79},,,,,,,,,,,{23},
EN300-185521,"A468,A543",2,,,,{73},,,,,,,,,,,{23},
EN300-87122,"A468,A543",2,,,,{71},,,,,,,,,,,{23},
EN300-24498495,"A468,A543",2,,,,{78},,,,,,,,,,,{23},
EN300-10900767,"A468,A543",2,,,,{79},,,,,,,,,,,{23},
EN300-110253,"A467,A468,A543",3,{40},,,{83},,,,,,,,,,,{23},
EN300-4702508,"A468,A543",2,,,,{74},,,,,,,,,,,{23},
EN300-53290559,"A468,A543",2,,,,{79},,,,,,,,,,,{23},
EN300-6776741,"A468,A543",2,,,,{83},,,,,,,,,,,{23},
EN300-33048316,"A468,A543",2,,,,{83},,,,,,,,,,,{23},
EN300-54381,"A468,A543",2,,,,"{77, 78}",,,,,,,,,,,{23},
EN300-53447411,"A468,A543",2,,,,{76},,,,,,,,,,,{23},
EN300-1929459,"A468,A543",2,,,,{77},,,,,,,,,,,{23},
EN300-47318191,"A468,A543",2,,,,{83},,,,,,,,,,,{23},
EN300-53195458,"A468,A543",2,,,,"{83, 84}",,,,,,,,,,,{23},
EN300-1702722,"A468,A543",2,,,,{75},,,,,,,,,,,{23},
EN300-304207,"A468,A543",2,,,,{92},,,,,,,,,,,{23},
EN300-321727,"A468,A543",2,,,,{77},,,,,,,,,,,{23},
EN300-24205609,"A468,A543",2,,,,{82},,,,,,,,,,,{23},
EN300-13136,"A468,A543",2,,,,"{74, 76}",,,,,,,,,,,{23},
EN300-1722224,"A468,A543",2,,,,{79},,,,,,,,,,,{23},
EN300-53416004,"A468,A543",2,,,,{79},,,,,,,,,,,{23},
EN300-211570,"A468,A543",2,,,,{81},,,,,,,,,,,{23},
EN300-18600814,"A468,A543",2,,,,{86},,,,,,,,,,,{23},
EN300-7369434,"A468,A543",2,,,,{76},,,,,,,,,,,{23},
EN300-3075388,"A468,A543",2,,,,{76},,,,,,,,,,,{23},
EN300-7653651,"A468,A533,A543",3,,,,{73},,{78},,,,,,,,,{23},
EN300-37100789,"A468,A473,A543",3,,,,{71},,,,{72},,,,,,,{23},
EN300-7440774,"A468,A543",2,,,,{72},,,,,,,,,,,{23},
EN300-200581,"A468,A543",2,,,,{80},,,,,,,,,,,{23},
EN300-121842,"A468,A473,A543",3,,,,{71},,,,{72},,,,,,,{23},
EN300-5641692,"A467,A543",2,,{80},,,,,,,,,,,,,{23},
EN300-6775643,"A468,A473,A543",3,,,,{78},,,,{79},,,,,,,{23},
EN300-99681,"A468,A543",2,,,,"{74, 79}",,,,,,,,,,,{23},
EN300-343442,"A468,A543",2,,,,{79},,,,,,,,,,,{23},
EN300-256406,"A468,A543",2,,,,{92},,,,,,,,,,,{23},
EN300-53411347,"A468,A543",2,,,,{96},,,,,,,,,,,{23},
EN300-166167,"A468,A543",2,,,,{83},,,,,,,,,,,{23},
EN300-345222,"A468,A543",2,,,,{84},,,,,,,,,,,{23},
EN300-53867128,"A468,A543",2,,,,{79},,,,,,,,,,,{23},
EN300-106271,"A468,A473,A543",3,,,,{76},,,,{77},,,,,,,{23},
EN300-45845033,"A468,A543",2,,,,{76},,,,,,,,,,,{23},
EN300-26586385,"A468,A538,A543",3,,,,{93},,,,,,{96},,,,,{23},
EN300-309381,"A468,A533,A543",3,,,,{74},,{81},,,,,,,,,{23},
EN300-227522,"A468,A473,A543",3,,,,{74},,,,{75},,,,,,,{23},
EN300-53962242,"A468,A543",2,,,,{78},,,,,,,,,,,{23},
EN300-53413593,"A536,A543",2,,,,,,,,,,,{42},,,,{23},
EN300-7460336,"A468,A543",2,,,,{86},,,,,,,,,,,{23},
EN300-1725197,"A468,A543",2,,,,{75},,,,,,,,,,,{23},
EN300-1899692,"A468,A543",2,,,,{74},,,,,,,,,,,{23},
EN300-131066,"A468,A543",2,,,,{89},,,,,,,,,,,{23},
EN300-32178,"A468,A543",2,,,,{82},,,,,,,,,,,{23},
EN300-3223204,"A468,A543",2,,,,{77},,,,,,,,,,,{23},
EN300-51788679,A543,1,,,,,,,,,,,,,,,{23},
EN300-128386,"A468,A473,A543",3,,,,{75},,,,{74},,,,,,,{23},
EN300-53444804,"A468,A543",2,,,,{83},,,,,,,,,,,{23},
EN300-53288461,"A468,A543",2,,,,{75},,,,,,,,,,,{23},
EN300-27755057,"A468,A543",2,,,,{76},,,,,,,,,,,{23},
EN300-51733244,"A468,A543",2,,,,{78},,,,,,,,,,,{23},
EN300-247077,"A468,A536,A543",3,,,,{77},,,,,,,{44},,,,{23},
EN300-53431255,"A468,A543",2,,,,{81},,,,,,,,,,,{23},
EN300-60552,"A468,A543",2,,,,{75},,,,,,,,,,,{23},
EN300-19628628,"A538,A543",2,,,,,,,,,,{84},,,,,{23},
EN300-28539225,"A467,A468,A543",3,{39},,,{82},,,,,,,,,,,{23},
EN300-53434959,"A468,A543",2,,,,{83},,,,,,,,,,,{23},
EN300-7391459,"A468,A543",2,,,,{85},,,,,,,,,,,{23},
EN300-51891142,"A467,A468,A543",3,{36},,,{84},,,,,,,,,,,{23},
EN300-51752811,"A468,A543",2,,,,{84},,,,,,,,,,,{23},
EN300-1724157,"A468,A543",2,,,,{81},,,,,,,,,,,{23},
EN300-135407,"A468,A543",2,,,,{76},,,,,,,,,,,{23},
EN300-27734113,"A468,A543",2,,,,{83},,,,,,,,,,,{23},
EN300-1120749,"A468,A543",2,,,,{76},,,,,,,,,,,{23},
EN300-6505088,"A468,A538,A543",3,,,,{75},,,,,,{76},,,,,{23},
EN300-250967,"A468,A473,A543",3,,,,{83},,,,{84},,,,,,,{23},
EN300-53261996,"A468,A538,A543",3,,,,{84},,,,,,{79},,,,,{23},
EN300-267723,"A468,A543",2,,,,{79},,,,,,,,,,,{23},
EN300-227344,"A468,A543",2,,,,"{81, 86}",,,,,,,,,,,{23},
EN300-02963,"A468,A536,A543",3,,,,{92},,,,,,,{44},,,,{23},
EN300-176428,"A468,A473,A543",3,,,,{73},,,,{72},,,,,,,{23},
EN300-1117799,"A468,A543",2,,,,{76},,,,,,,,,,,{23},
EN300-36717,"A468,A543",2,,,,{73},,,,,,,,,,,{23},
EN300-213121,"A468,A543",2,,,,{74},,,,,,,,,,,{23},
EN300-53436967,"A468,A543",2,,,,{81},,,,,,,,,,,{23},
EN300-37291059,"A468,A543",2,,,,{80},,,,,,,,,,,{23},
EN300-269662,"A468,A543",2,,,,{76},,,,,,,,,,,{23},
EN300-79339,"A468,A543",2,,,,{82},,,,,,,,,,,{23},
EN300-45237948,"A468,A543",2,,,,{87},,,,,,,,,,,{23},
EN300-23308678,"A468,A543",2,,,,{74},,,,,,,,,,,{23},
EN300-128898,"A468,A543",2,,,,{72},,,,,,,,,,,{23},
EN300-37289195,"A468,A543",2,,,,{78},,,,,,,,,,,{23},
EN300-6497892,"A468,A543",2,,,,{75},,,,,,,,,,,{23},
EN300-320921,"A468,A543",2,,,,{80},,,,,,,,,,,{23},
EN300-53438169,"A468,A543",2,,,,{80},,,,,,,,,,,{23},
EN300-26863048,"A468,A543",2,,,,{81},,,,,,,,,,,{23},
EN300-5480010,"A468,A543",2,,,,{75},,,,,,,,,,,{23},
EN300-196250,"A468,A543",2,,,,{76},,,,,,,,,,,{23},
EN300-53443105,"A467,A468,A543",3,{39},,,{84},,,,,,,,,,,{23},
EN300-52053215,"A468,A538,A543",3,,,,{74},,,,,,{78},,,,,{23},
EN300-53443104,"A468,A543",2,,,,{79},,,,,,,,,,,{23},
EN300-37289302,"A468,A543",2,,,,{79},,,,,,,,,,,{23},
EN300-53287516,"A468,A543",2,,,,{75},,,,,,,,,,,{23},
EN300-51739213,"A468,A543",2,,,,{78},,,,,,,,,,,{23},
EN300-27734692,"A468,A543",2,,,,{86},,,,,,,,,,,{23},
EN300-103729,"A468,A473,A543",3,,,,{76},,,,{77},,,,,,,{23},
EN300-72989,"A468,A543",2,,,,{77},,,,,,,,,,,{23},
EN300-52473294,"A468,A543",2,,,,{81},,,,,,,,,,,{23},
EN300-19091256,"A468,A543",2,,,,{81},,,,,,,,,,,{23},
EN300-1952352,"A468,A543",2,,,,{77},,,,,,,,,,,{23},
EN300-66584,"A468,A543",2,,,,{91},,,,,,,,,,,{23},
EN300-53451681,"A468,A543",2,,,,{76},,,,,,,,,,,{23},
EN300-7260901,"A468,A473,A543",3,,,,{72},,,,{75},,,,,,,{23},
EN300-98634,"A468,A473,A543",3,,,,{72},,,,{71},,,,,,,{23},
EN300-45381653,"A468,A543",2,,,,{76},,,,,,,,,,,{23},
EN300-1933496,"A468,A543",2,,,,{75},,,,,,,,,,,{23},
EN300-7124733,"A468,A473,A543",3,,,,{72},,,,{71},,,,,,,{23},
EN300-45471,"A468,A543",2,,,,{81},,,,,,,,,,,{23},
EN300-1086626,"A468,A473,A543",3,,,,{80},,,,{79},,,,,,,{23},
EN300-51878002,"A468,A473,A538,A543",4,,,,{91},,,,{81},,{80},,,,,{23},
EN300-197142,"A468,A543",2,,,,{88},,,,,,,,,,,{23},
EN300-62373,"A468,A543",2,,,,{86},,,,,,,,,,,{23},
EN300-45217297,"A468,A543",2,,,,{77},,,,,,,,,,,{23},
EN300-79336,"A468,A543",2,,,,{78},,,,,,,,,,,{23},
EN300-6797071,"A468,A543",2,,,,{74},,,,,,,,,,,{23},
EN300-37285328,"A468,A543",2,,,,{75},,,,,,,,,,,{23},
EN300-115056,"A468,A543",2,,,,{81},,,,,,,,,,,{23},
EN300-128162,"A468,A543",2,,,,{75},,,,,,,,,,,{23},
EN300-27708420,"A468,A543",2,,,,{79},,,,,,,,,,,{23},
EN300-297838,"A468,A543",2,,,,{83},,,,,,,,,,,{23},
EN300-10528709,"A468,A543",2,,,,{82},,,,,,,,,,,{23},
EN300-172758,"A468,A543",2,,,,{82},,,,,,,,,,,{23},
EN300-53416003,"A468,A543",2,,,,{75},,,,,,,,,,,{23},
EN300-7428256,"A467,A468,A543",3,{40},,,{76},,,,,,,,,,,{23},
EN300-53451783,"A468,A543",2,,,,{74},,,,,,,,,,,{23},
EN300-37347591,"A468,A543",2,,,,{75},,,,,,,,,,,{23},
EN300-8163353,"A468,A543",2,,,,{86},,,,,,,,,,,{23},
EN300-53867026,"A468,A543",2,,,,{80},,,,,,,,,,,{23},
EN300-51890820,"A468,A543",2,,,,{75},,,,,,,,,,,{23},
EN300-8030866,"A468,A543",2,,,,{78},,,,,,,,,,,{23},
EN300-7862088,"A468,A543",2,,,,{77},,,,,,,,,,,{23},
EN300-207553,"A468,A543",2,,,,{82},,,,,,,,,,,{23},
EN300-85274,"A468,A543",2,,,,{83},,,,,,,,,,,{23},
EN300-4878555,"A468,A543",2,,,,{89},,,,,,,,,,,{23},
EN300-27082539,"A468,A536,A543",3,,,,{83},,,,,,,{53},,,,{23},
EN300-7403917,"A468,A473,A543",3,,,,{73},,,,{74},,,,,,,{23},
EN300-4400775,"A468,A543",2,,,,{78},,,,,,,,,,,{23},
EN300-5104023,"A468,A543",2,,,,{79},,,,,,,,,,,{23},
EN300-86141,"A468,A543",2,,,,{83},,,,,,,,,,,{23},
EN300-7470801,"A468,A543",2,,,,{86},,,,,,,,,,,{23},
EN300-7399600,"A468,A543",2,,,,{86},,,,,,,,,,,{23},
EN300-1722737,"A468,A473,A543",3,,,,{75},,,,{76},,,,,,,{23},
EN300-8364052,"A467,A468,A543",3,{44},,,{81},,,,,,,,,,,{23},
EN300-217275,"A468,A543",2,,,,{87},,,,,,,,,,,{23},
EN300-297585,"A468,A543",2,,,,{87},,,,,,,,,,,{23},
EN300-35465,"A467,A468,A543",3,{41},,,{82},,,,,,,,,,,{23},
EN300-53289183,"A468,A543",2,,,,{76},,,,,,,,,,,{23},
EN300-98894,"A468,A543",2,,,,{76},,,,,,,,,,,{23},
EN300-1947027,"A468,A543",2,,,,{76},,,,,,,,,,,{23},
EN300-53416468,"A467,A468,A543",3,{42},,,{78},,,,,,,,,,,{23},
EN300-53982836,"A468,A543",2,,,,{74},,,,,,,,,,,{23},
EN300-101349,"A467,A468,A543",3,{39},,,{76},,,,,,,,,,,{23},
EN300-46611343,"A468,A543",2,,,,"{74, 82}",,,,,,,,,,,{23},
EN300-159771,"A468,A543",2,,,,{75},,,,,,,,,,,{23},
EN300-717958,"A468,A543",2,,,,{81},,,,,,,,,,,{23},
EN300-4395807,"A468,A543",2,,,,{77},,,,,,,,,,,{23},
EN300-7413511,"A468,A536,A543",3,,,,{76},,,,,,,{35},,,,{23},
EN300-53414349,"A468,A543",2,,,,{76},,,,,,,,,,,{23},
EN300-53416469,A543,1,,,,,,,,,,,,,,,{23},
EN300-179051,"A468,A543",2,,,,{82},,,,,,,,,,,{23},
EN300-7039001,"A468,A473,A543",3,,,,{76},,,,{75},,,,,,,{23},
EN300-245218,"A468,A473,A543",3,,,,{79},,,,{80},,,,,,,{23},
EN300-135012,"A468,A543",2,,,,{76},,,,,,,,,,,{23},
EN300-297551,"A468,A543",2,,,,{90},,,,,,,,,,,{23},
EN300-53704068,"A468,A543",2,,,,{76},,,,,,,,,,,{23},
EN300-53963748,"A468,A543",2,,,,{77},,,,,,,,,,,{23},
EN300-4266602,"A468,A473,A543",3,,,,{74},,,,{75},,,,,,,{23},
EN300-53448300,"A468,A543",2,,,,{80},,,,,,,,,,,{23},
EN300-7727090,"A468,A543",2,,,,{77},,,,,,,,,,,{23},
EN300-7547200,"A468,A473,A543",3,,,,{77},,,,{76},,,,,,,{23},
EN300-199768,"A468,A543",2,,,,{81},,,,,,,,,,,{23},
EN300-1165978,"A468,A543",2,,,,{80},,,,,,,,,,,{23},
EN300-46898337,"A468,A538,A543",3,,,,{74},,,,,,{80},,,,,{23},
EN300-28257308,"A467,A468,A543",3,{47},,,{85},,,,,,,,,,,{23},
EN300-7439113,"A467,A468,A543",3,{39},,,{76},,,,,,,,,,,{23},
EN300-131066,"A468,A543",2,,,,{89},,,,,,,,,,,{23},
EN300-227536,"A468,A543",2,,,,{83},,,,,,,,,,,{23},
EN300-247692,"A468,A538,A543",3,,,,{76},,,,,,{79},,,,,{23},
EN300-52473938,"A468,A543",2,,,,{107},,,,,,,,,,,{23},
EN300-54073368,"A468,A473,A543",3,,,,{85},,,,"{84, 78}",,,,,,,{23},
EN300-1642531,"A468,A473,A543",3,,,,{76},,,,{77},,,,,,,{23},
EN300-196387,"A468,A543",2,,,,{78},,,,,,,,,,,{23},
EN300-24420524,"A468,A543",2,,,,"{83, 79}",,,,,,,,,,,{23},
EN300-6775623,"A468,A543",2,,,,{74},,,,,,,,,,,{23},
EN300-28547829,"A467,A468,A543",3,{40},,,{85},,,,,,,,,,,{23},
EN300-52778879,"A468,A543",2,,,,{77},,,,,,,,,,,{23},
EN300-1270488,"A467,A468,A543",3,{44},,,{91},,,,,,,,,,,{23},
EN300-28316356,"A468,A543",2,,,,{78},,,,,,,,,,,{23},
EN300-371881,"A468,A543",2,,,,{83},,,,,,,,,,,{23},
EN300-45033,"A468,A543",2,,,,{79},,,,,,,,,,,{23},
EN300-1243099,"A468,A473,A543",3,,,,{77},,,,{78},,,,,,,{23},
EN300-214015,"A468,A543",2,,,,{88},,,,,,,,,,,{23},
EN300-297933,"A468,A543",2,,,,{78},,,,,,,,,,,{23},
EN300-53864318,"A468,A543",2,,,,{79},,,,,,,,,,,{23},
EN300-5103355,"A468,A543",2,,,,{79},,,,,,,,,,,{23},
EN300-45559808,"A467,A468,A543",3,{37},,,{77},,,,,,,,,,,{23},
EN300-8943786,"A468,A543",2,,,,{84},,,,,,,,,,,{23},
EN300-206174,"A468,A543",2,,,,{76},,,,,,,,,,,{23},
EN300-223520,"A468,A543",2,,,,{72},,,,,,,,,,,{23},
EN300-10900767,"A468,A543",2,,,,{79},,,,,,,,,,,{23},
EN300-160289,"A468,A543",2,,,,{74},,,,,,,,,,,{23},
EN300-21919,"A468,A543",2,,,,{79},,,,,,,,,,,{23},
EN300-7762169,"A468,A543",2,,,,{80},,,,,,,,,,,{23},
EN300-18541241,"A467,A468,A543",3,{49},,,{83},,,,,,,,,,,{23},
EN300-262092,"A468,A473,A543",3,,,,{79},,,,{80},,,,,,,{23},
EN300-1604729,"A468,A543",2,,,,{77},,,,,,,,,,,{23},
EN300-8048548,"A468,A543",2,,,,{78},,,,,,,,,,,{23},
EN300-37387211,"A468,A543",2,,,,{79},,,,,,,,,,,{23},
EN300-7440771,"A468,A543",2,,,,{72},,,,,,,,,,,{23},
EN300-19628628,"A538,A543",2,,,,,,,,,,{84},,,,,{23},
EN300-132490,"A468,A473,A543",3,,,,{73},,,,{74},,,,,,,{23},
EN300-157020,"A468,A473,A538,A543",4,,,,{79},,,,{76},,{77},,,,,{23},
EN300-8094575,"A468,A543",2,,,,{79},,,,,,,,,,,{23},
EN300-26971310,"A468,A543",2,,,,{78},,,,,,,,,,,{23},
EN300-399119,"A468,A473,A543",3,,,,{76},,,,{75},,,,,,,{23},
EN300-7759031,"A468,A543",2,,,,{74},,,,,,,,,,,{23},
EN300-53408174,"A468,A543",2,,,,{78},,,,,,,,,,,{23},
EN300-26657681,"A468,A543",2,,,,{110},,,,,,,,,,,{23},
EN300-52594442,"A468,A543",2,,,,{75},,,,,,,,,,,{23},
EN300-109106,"A468,A543",2,,,,{75},,,,,,,,,,,{23},
EN300-309238,"A468,A543",2,,,,{84},,,,,,,,,,,{23},
EN300-2933171,"A468,A543",2,,,,{80},,,,,,,,,,,{23},
EN300-4694471,"A468,A543",2,,,,{75},,,,,,,,,,,{23},
EN300-46361173,"A468,A543",2,,,,{76},,,,,,,,,,,{23},
EN300-53432920,"A468,A536,A543",3,,,,{88},,,,,,,{39},,,,{23},
EN300-220467,"A468,A543",2,,,,{72},,,,,,,,,,,{23},
EN300-30681755,"A468,A543",2,,,,{76},,,,,,,,,,,{23},
EN300-1896813,"A468,A543",2,,,,{73},,,,,,,,,,,{23},
EN300-1238489,"A468,A543",2,,,,{84},,,,,,,,,,,{23},
EN300-03663,"A468,A543",2,,,,"{73, 74}",,,,,,,,,,,{23},
EN300-123171,"A468,A543",2,,,,{78},,,,,,,,,,,{23},
EN300-7267507,"A468,A543",2,,,,{73},,,,,,,,,,,{23},
EN300-69391,"A468,A543",2,,,,{78},,,,,,,,,,,{23},
EN300-1694162,"A468,A536,A543",3,,,,{85},,,,,,,{36},,,,{23},
EN300-88610,"A468,A473,A543",3,,,,{73},,,,{72},,,,,,,{23},
EN300-53865709,"A468,A543",2,,,,{86},,,,,,,,,,,{23},
EN300-24592153,"A468,A543",2,,,,{75},,,,,,,,,,,{23},
EN300-51835427,"A468,A473,A543",3,,,,{76},,,,{77},,,,,,,{23},
EN300-53154272,"A468,A543",2,,,,{90},,,,,,,,,,,{23},
EN300-53702225,"A468,A543",2,,,,{90},,,,,,,,,,,{23},
EN300-6498831,"A468,A543",2,,,,{79},,,,,,,,,,,{23},
EN300-140076,"A468,A543",2,,,,{74},,,,,,,,,,,{23},
EN300-46617500,"A468,A543",2,,,,{89},,,,,,,,,,,{23},
EN300-631694,"A468,A543",2,,,,{75},,,,,,,,,,,{23},
EN300-227536,"A468,A543",2,,,,{83},,,,,,,,,,,{23},
EN300-307450,"A468,A543",2,,,,{79},,,,,,,,,,,{23},
EN300-53417517,"A468,A538,A543",3,,,,{79},,,,,,{93},,,,,{23},
EN300-18140,"A468,A543",2,,,,{78},,,,,,,,,,,{23},
EN300-7753558,"A468,A543",2,,,,{74},,,,,,,,,,,{23},
EN300-114650,"A468,A543",2,,,,{72},,,,,,,,,,,{23},
EN300-1929382,"A468,A543",2,,,,{75},,,,,,,,,,,{23},
EN300-53834989,"A468,A543",2,,,,{80},,,,,,,,,,,{23},
EN300-6481615,"A468,A543",2,,,,{75},,,,,,,,,,,{23},
EN300-51759832,"A467,A468,A536,A543",4,{42},,,{85},,,,,,,{55},,,,{23},
EN300-7548678,"A468,A543",2,,,,{86},,,,,,,,,,,{23},
EN300-94392,"A468,A543",2,,,,{75},,,,,,,,,,,{23},
EN300-7721840,"A468,A543",2,,,,{76},,,,,,,,,,,{23},
EN300-45947180,"A468,A543",2,,,,{74},,,,,,,,,,,{23},
EN300-272760,"A468,A543",2,,,,{75},,,,,,,,,,,{23},
EN300-153341,"A468,A473,A543",3,,,,{81},,,,{82},,,,,,,{23},
EN300-125359,"A468,A543",2,,,,{79},,,,,,,,,,,{23},
EN300-49386004,"A468,A543",2,,,,{77},,,,,,,,,,,{23},
EN300-8154391,"A468,A543",2,,,,{76},,,,,,,,,,,{23},
EN300-37241422,"A468,A543",2,,,,{84},,,,,,,,,,,{23},
EN300-53867320,"A468,A543",2,,,,{80},,,,,,,,,,,{23},
EN300-7409900,"A468,A543",2,,,,{81},,,,,,,,,,,{23},
EN300-53342408,A543,1,,,,,,,,,,,,,,,{23},
EN300-7446455,"A468,A543",2,,,,{77},,,,,,,,,,,{23},
EN300-53416807,"A468,A543",2,,,,{80},,,,,,,,,,,{23},
EN300-7758804,"A468,A543",2,,,,{74},,,,,,,,,,,{23},
EN300-112550,"A468,A543",2,,,,{78},,,,,,,,,,,{23},
EN300-754057,"A468,A543",2,,,,{73},,,,,,,,,,,{23},
EN300-37286615,"A468,A543",2,,,,{76},,,,,,,,,,,{23},
EN300-7863545,"A468,A543",2,,,,{75},,,,,,,,,,,{23},
EN300-316647,"A468,A543",2,,,,{71},,,,,,,,,,,{23},
EN300-1116135,"A468,A473,A543",3,,,,{78},,,,{77},,,,,,,{23},
EN300-7461613,"A468,A473,A543",3,,,,{75},,,,{76},,,,,,,{23},
EN300-19628628,"A468,A473,A543",3,,,,"{90, 83}",,,,{84},,,,,,,{23},
EN300-174397,"A468,A543",2,,,,{88},,,,,,,,,,,{23},
EN300-46446329,"A468,A543",2,,,,{82},,,,,,,,,,,{23},
EN300-3218902,"A468,A543",2,,,,{79},,,,,,,,,,,{23},
EN300-162982,"A468,A543",2,,,,{88},,,,,,,,,,,{23},
EN300-53422227,"A467,A468,A543",3,,{81},,{81},,,,,,,,,,,{23},
EN300-206084,"A468,A543",2,,,,{73},,,,,,,,,,,{23},
EN300-6762944,"A468,A543",2,,,,{78},,,,,,,,,,,{23},
EN300-53447412,A543,1,,,,,,,,,,,,,,,{23},
EN300-330132,"A468,A543",2,,,,{75},,,,,,,,,,,{23},
EN300-718019,"A468,A543",2,,,,{75},,,,,,,,,,,{23},
EN300-51744421,"A468,A543",2,,,,{78},,,,,,,,,,,{23},
EN300-37284393,"A468,A543",2,,,,{74},,,,,,,,,,,{23},
EN300-45434697,"A468,A543",2,,,,{82},,,,,,,,,,,{23},
EN300-53837603,"A467,A468,A536,A543",4,{43},,,{79},,,,,,,{46},,,,{23},
EN300-219041,"A468,A543",2,,,,{81},,,,,,,,,,,{23},
EN300-215709,"A468,A543",2,,,,{81},,,,,,,,,,,{23},
EN300-46285719,"A468,A543",2,,,,{74},,,,,,,,,,,{23},
EN300-1263665,"A468,A543",2,,,,{80},,,,,,,,,,,{23},
EN300-37241422,"A468,A536,A543",3,,,,{91},,,,,,,{35},,,,{23},
EN300-54535360,"A468,A543",2,,,,{79},,,,,,,,,,,{23},
EN300-8935252,"A468,A543",2,,,,{80},,,,,,,,,,,{23},
EN300-22976211,"A468,A473,A543",3,,,,{79},,,,{74},,,,,,,{23},
EN300-27782160,"A468,A543",2,,,,{79},,,,,,,,,,,{23},
EN300-7542728,"A468,A543",2,,,,{78},,,,,,,,,,,{23},
EN300-214234,"A468,A543",2,,,,{76},,,,,,,,,,,{23},
EN300-28299265,"A468,A543",2,,,,{78},,,,,,,,,,,{23},
EN300-10171056,A543,1,,,,,,,,,,,,,,,{23},
EN300-212815,"A468,A543",2,,,,{75},,,,,,,,,,,{23},
EN300-133508,"A468,A543",2,,,,{87},,,,,,,,,,,{23},
EN300-162982,"A468,A543",2,,,,{88},,,,,,,,,,,{23},
EN300-253337,"A468,A543",2,,,,{99},,,,,,,,,,,{23},
EN300-53287516,"A468,A543",2,,,,{75},,,,,,,,,,,{23},
EN300-65619,"A468,A543",2,,,,"{82, 79}",,,,,,,,,,,{23},
EN300-199408,"A468,A473,A543",3,,,,{76},,,,{75},,,,,,,{23},
EN300-51758724,"A468,A473,A543",3,,,,{84},,,,{83},,,,,,,{23},
EN300-53420844,"A468,A543",2,,,,{78},,,,,,,,,,,{23},
EN300-6490970,"A468,A543",2,,,,{81},,,,,,,,,,,{23},
EN300-45565969,"A468,A536,A543",3,,,,{81},,,,,,,{46},,,,{23},
EN300-8690230,"A467,A468,A543",3,{38},,,{86},,,,,,,,,,,{23},
EN300-46359800,"A468,A543",2,,,,{77},,,,,,,,,,,{23},
EN300-46611343,"A468,A543",2,,,,"{74, 82}",,,,,,,,,,,{23},
EN300-4339286,A543,1,,,,,,,,,,,,,,,{23},
EN300-22814497,"A468,A543",2,,,,{79},,,,,,,,,,,{23},
EN300-113784,"A467,A468,A543",3,{37},,,{78},,,,,,,,,,,{23},
EN300-747121,"A468,A543",2,,,,{79},,,,,,,,,,,{23},
EN300-53417451,"A468,A543",2,,,,{82},,,,,,,,,,,{23},
EN300-28299743,"A468,A543",2,,,,{75},,,,,,,,,,,{23},
EN300-6731056,"A468,A543",2,,,,{78},,,,,,,,,,,{23},
EN300-1708850,"A468,A543",2,,,,{81},,,,,,,,,,,{23},
EN300-45792422,"A468,A543",2,,,,{79},,,,,,,,,,,{23},
EN300-46731546,"A468,A543",2,,,,{77},,,,,,,,,,,{23},
EN300-179049,"A468,A543",2,,,,{82},,,,,,,,,,,{23},
EN300-28333277,"A468,A543",2,,,,{71},,,,,,,,,,,{23},
EN300-129522,"A468,A543",2,,,,{72},,,,,,,,,,,{23},
EN300-7548495,"A468,A543",2,,,,{83},,,,,,,,,,,{23},
EN300-6503941,"A468,A543",2,,,,{83},,,,,,,,,,,{23},
EN300-26209887,"A468,A543",2,,,,{86},,,,,,,,,,,{23},
EN300-6823935,"A468,A543",2,,,,{78},,,,,,,,,,,{23},
EN300-21682251,"A468,A543",2,,,,{77},,,,,,,,,,,{23},
EN300-1707702,"A468,A543",2,,,,{76},,,,,,,,,,,{23},
EN300-1704765,"A468,A543",2,,,,{76},,,,,,,,,,,{23},
EN300-297551,"A468,A543",2,,,,{88},,,,,,,,,,,{23},
EN300-7758351,"A468,A543",2,,,,{74},,,,,,,,,,,{23},
EN300-6793232,"A468,A473,A543",3,,,,{75},,,,{74},,,,,,,{23},
EN300-127450,"A468,A543",2,,,,{75},,,,,,,,,,,{23},
EN300-26862790,"A468,A543",2,,,,{87},,,,,,,,,,,{23},
EN300-1604729,"A468,A543",2,,,,{77},,,,,,,,,,,{23},
EN300-52461367,"A468,A543",2,,,,{77},,,,,,,,,,,{23},
EN300-53449596,"A468,A543",2,,,,{87},,,,,,,,,,,{23},
EN300-8202496,"A468,A543",2,,,,"{81, 76}",,,,,,,,,,,{23},
EN300-1952352,"A468,A543",2,,,,{77},,,,,,,,,,,{23},
EN300-130378,"A468,A543",2,,,,{72},,,,,,,,,,,{23},
EN300-6296672,"A468,A543",2,,,,{77},,,,,,,,,,,{23},
EN300-26869239,"A468,A543",2,,,,{76},,,,,,,,,,,{23},
EN300-10190600,"A467,A468,A543",3,{42},,,{79},,,,,,,,,,,{23},
EN300-53867674,"A467,A468,A543",3,{40},,,{76},,,,,,,,,,,{23},
EN300-53867320,"A467,A468,A543",3,{40},,,{76},,,,,,,,,,,{23},
EN300-53452606,"A468,A543",2,,,,{77},,,,,,,,,,,{23},
EN300-1258164,"A468,A543",2,,,,{77},,,,,,,,,,,{23},
EN300-53592108,"A468,A543",2,,,,{85},,,,,,,,,,,{23},
EN300-1906033,"A468,A543",2,,,,{73},,,,,,,,,,,{23},
EN300-228204,"A468,A543",2,,,,{82},,,,,,,,,,,{23},
EN300-39676004,"A468,A543",2,,,,{75},,,,,,,,,,,{23},
EN300-251525,"A468,A543",2,,,,{73},,,,,,,,,,,{23},
EN300-22806499,"A468,A543",2,,,,{80},,,,,,,,,,,{23},
EN300-7433550,"A468,A543",2,,,,{79},,,,,,,,,,,{23},
EN300-53286469,"A468,A543",2,,,,{83},,,,,,,,,,,{23},
EN300-21417,"A468,A543",2,,,,{71},,,,,,,,,,,{23},
EN300-307181,"A468,A543",2,,,,{74},,,,,,,,,,,{23},
EN300-37286877,"A468,A543",2,,,,{77},,,,,,,,,,,{23},
EN300-53596144,"A468,A543",2,,,,{77},,,,,,,,,,,{23},
EN300-120405,"A468,A473,A543",3,,,,"{74, 76}",,,,{73},,,,,,,{23},
EN300-21648552,"A468,A543",2,,,,{75},,,,,,,,,,,{23},
EN300-1895168,"A468,A543",2,,,,{74},,,,,,,,,,,{23},
EN300-6766598,"A468,A538,A543",3,,,,{74},,,,,,{78},,,,,{23},
EN300-53289740,"A468,A543",2,,,,{80},,,,,,,,,,,{23},
EN300-175847,"A468,A543",2,,,,{86},,,,,,,,,,,{23},
EN300-139538,"A468,A543",2,,,,{72},,,,,,,,,,,{23},
EN300-32577495,"A468,A543",2,,,,{80},,,,,,,,,,,{23},
EN300-105778,"A468,A473,A543",3,,,,{73},,,,{72},,,,,,,{23},
EN300-1587887,"A468,A473,A543",3,,,,{75},,,,{74},,,,,,,{23},
EN300-1086298,"A468,A543",2,,,,{72},,,,,,,,,,,{23},
EN300-211968,"A468,A543",2,,,,{74},,,,,,,,,,,{23},
EN300-53434515,"A468,A543",2,,,,{80},,,,,,,,,,,{23},
EN300-7439113,"A468,A543",2,,,,{77},,,,,,,,,,,{23},
EN300-5049963,"A468,A543",2,,,,{83},,,,,,,,,,,{23},
EN300-1256259,"A468,A543",2,,,,{82},,,,,,,,,,,{23},
EN300-77545,"A468,A543",2,,,,{81},,,,,,,,,,,{23},
EN300-52054136,"A468,A543",2,,,,{82},,,,,,,,,,,{23},
EN300-102234,"A468,A473,A543",3,,,,{78},,,,{77},,,,,,,{23},
EN300-1666743,"A468,A543",2,,,,{79},,,,,,,,,,,{23},
EN300-2931329,"A468,A543",2,,,,{73},,,,,,,,,,,{23},
EN300-53865953,"A468,A543",2,,,,"{81, 78}",,,,,,,,,,,{23},
EN300-134561,"A468,A543",2,,,,{72},,,,,,,,,,,{23},
EN300-7544376,"A468,A543",2,,,,{77},,,,,,,,,,,{23},
EN300-170972,"A468,A473,A543",3,,,,{72},,,,{71},,,,,,,{23},
EN300-182768,"A468,A543",2,,,,{77},,,,,,,,,,,{23},
EN300-1698682,A543,1,,,,,,,,,,,,,,,{23},
EN300-203580,"A468,A543",2,,,,{79},,,,,,,,,,,{23},
EN300-306250,"A468,A543",2,,,,{88},,,,,,,,,,,{23},
EN300-53022748,"A468,A538,A543",3,,,,{78},,,,,,{77},,,,,{23},
EN300-52596117,"A468,A543",2,,,,{81},,,,,,,,,,,{23},
EN300-1636758,"A468,A543",2,,,,{74},,,,,,,,,,,{23},
EN300-28295176,"A468,A543",2,,,,{75},,,,,,,,,,,{23},
EN300-53634523,"A468,A473,A538,A543",4,,,,{82},,,,{79},,{78},,,,,{23},
EN300-45556969,A543,1,,,,,,,,,,,,,,,{23},
EN300-43348361,"A468,A543",2,,,,{74},,,,,,,,,,,{23},
EN300-53834989,"A468,A543",2,,,,{80},,,,,,,,,,,{23},
EN300-1599530,"A468,A538,A543",3,,,,{80},,,,,,{79},,,,,{23},
EN300-213226,"A468,A543",2,,,,"{73, 79}",,,,,,,,,,,{23},
EN300-7502296,"A468,A473,A543",3,,,,{79},,,,{80},,,,,,,{23},
EN300-26666240,"A468,A543",2,,,,{76},,,,,,,,,,,{23},
EN300-46373826,"A468,A543",2,,,,{86},,,,,,,,,,,{23},
EN300-1910259,"A468,A543",2,,,,{75},,,,,,,,,,,{23},
EN300-28312787,"A468,A543",2,,,,{76},,,,,,,,,,,{23},
EN300-5049963,"A468,A543",2,,,,{83},,,,,,,,,,,{23},
EN300-1937520,"A468,A543",2,,,,{76},,,,,,,,,,,{23},
EN300-51746605,"A468,A543",2,,,,{79},,,,,,,,,,,{23},
EN300-7758570,"A468,A543",2,,,,{74},,,,,,,,,,,{23},
EN300-197464,"A468,A543",2,,,,{82},,,,,,,,,,,{23},
EN300-25391411,"A468,A543",2,,,,"{75, 79}",,,,,,,,,,,{23},
EN300-7542727,"A468,A543",2,,,,{78},,,,,,,,,,,{23},
EN300-26371105,"A468,A543",2,,,,{74},,,,,,,,,,,{23},
EN300-121241,"A468,A543",2,,,,{75},,,,,,,,,,,{23},
EN300-46902659,"A468,A543",2,,,,{89},,,,,,,,,,,{23},
EN300-5520290,"A468,A543",2,,,,{83},,,,,,,,,,,{23},
EN300-1726010,"A468,A473,A543",3,,,,{73},,,,{72},,,,,,,{23},
EN300-38248263,"A468,A536,A543",3,,,,{83},,,,,,,{47},,,,{23},
EN300-197314,"A468,A543",2,,,,{75},,,,,,,,,,,{23},
EN300-20822250,"A468,A543",2,,,,{75},,,,,,,,,,,{23},
EN300-46614808,"A468,A543",2,,,,{77},,,,,,,,,,,{23},
EN300-36969794,"A468,A543",2,,,,{76},,,,,,,,,,,{23},
EN300-202127,"A468,A543",2,,,,{80},,,,,,,,,,,{23},
EN300-53427319,"A468,A543",2,,,,{80},,,,,,,,,,,{23},
EN300-51878002,"A468,A538,A543",3,,,,{91},,,,,,{80},,,,,{23},
EN300-128235,"A468,A473,A543",3,,,,{90},,,,{89},,,,,,,{23},
EN300-116802,"A468,A543",2,,,,{75},,,,,,,,,,,{23},
EN300-7426457,"A468,A543",2,,,,{78},,,,,,,,,,,{23},
EN300-7751176,"A468,A543",2,,,,{74},,,,,,,,,,,{23},
EN300-1912019,"A468,A543",2,,,,{78},,,,,,,,,,,{23},
EN300-74435,A543,1,,,,,,,,,,,,,,,{23},
EN300-53850456,"A467,A468,A536,A543",4,{45},,,{82},,,,,,,{46},,,,{23},
EN300-9289794,"A468,A543",2,,,,{85},,,,,,,,,,,{23},
EN300-3044218,"A468,A543",2,,,,{79},,,,,,,,,,,{23},
EN300-2173664,"A468,A473,A543",3,,,,{74},,,,{75},,,,,,,{23},
EN300-53864595,"A468,A543",2,,,,{83},,,,,,,,,,,{23},
EN300-53963769,"A468,A543",2,,,,{88},,,,,,,,,,,{23},
EN300-27721122,"A468,A543",2,,,,{82},,,,,,,,,,,{23},
EN300-22803870,"A468,A543",2,,,,{79},,,,,,,,,,,{23},
EN300-51758725,"A467,A468,A543",3,{41},,,{84},,,,,,,,,,,{23},
EN300-1270484,"A468,A543",2,,,,{78},,,,,,,,,,,{23},
EN300-1990083,"A468,A538,A543",3,,,,{77},,,,,,{82},,,,,{23},
EN300-37469336,"A468,A543",2,,,,{74},,,,,,,,,,,{23},
EN300-47339274,"A468,A543",2,,,,{74},,,,,,,,,,,{23},
EN300-8024990,"A468,A543",2,,,,{82},,,,,,,,,,,{23},
EN300-2566040,"A468,A543",2,,,,{77},,,,,,,,,,,{23},
EN300-329225,"A468,A543",2,,,,{73},,,,,,,,,,,{23},
EN300-53423189,"A468,A543",2,,,{41},{76},,,,,,,,,,,{23},
EN300-1930393,"A468,A543",2,,,,{75},,,,,,,,,,,{23},
EN300-4249589,"A468,A543",2,,,,{73},,,,,,,,,,,{23},
EN300-46981325,"A468,A543",2,,,,{85},,,,,,,,,,,{23},
EN300-1716649,"A468,A543",2,,,,{81},,,,,,,,,,,{23},
EN300-7720723,"A468,A543",2,,,,{76},,,,,,,,,,,{23},
EN300-1478769,"A468,A536,A543",3,,,,{95},,,,,,,"{49, 44}",,,,{23},
EN300-5475295,"A468,A543",2,,,,{73},,,,,,,,,,,{23},
EN300-39870553,"A467,A468,A473,A543",4,{42},,,{77},,,,{76},,,,,,,{23},
EN300-53452607,"A468,A543",2,,,,{81},,,,,,,,,,,{23},
EN300-53962244,"A467,A468,A543",3,{42},,,{78},,,,,,,,,,,{23},
EN300-53416005,"A468,A543",2,,,,{84},,,,,,,,,,,{23},
EN300-1587651,"A468,A543",2,,,,{76},,,,,,,,,,,{23},
EN300-25131137,"A468,A543",2,,,,{85},,,,,,,,,,,{23},
EN300-37079861,"A468,A543",2,,,,{82},,,,,,,,,,,{23},
EN300-1726013,"A468,A543",2,,,,{82},,,,,,,,,,,{23},
EN300-24441,"A468,A473,A543",3,,,,{71},,,,{70},,,,,,,{23},
EN300-1718558,"A468,A543",2,,,,{77},,,,,,,,,,,{23},
EN300-82325,"A468,A473,A543",3,,,,{79},,,,{80},,,,,,,{23},
EN300-345881,"A467,A543",2,,{95},,,,,,,,,,,,,{23},
EN300-3542583,"A468,A543",2,,,,{76},,,,,,,,,,,{23},
EN300-53865906,"A468,A543",2,,,,{85},,,,,,,,,,,{23},
EN300-32577495,"A468,A543",2,,,,{80},,,,,,,,,,,{23},
EN300-331621,"A468,A543",2,,,,{72},,,,,,,,,,,{23},
EN300-1255562,"A468,A543",2,,,,{74},,,,,,,,,,,{23},
EN300-51750009,"A468,A543",2,,,,{88},,,,,,,,,,,{23},
EN300-219590,"A468,A543",2,,,,{82},,,,,,,,,,,{23},
EN300-28228378,"A468,A543",2,,,,{77},,,,,,,,,,,{23},
EN300-52378356,"A468,A543",2,,,,{83},,,,,,,,,,,{23},
EN300-45592894,"A468,A543",2,,,,{77},,,,,,,,,,,{23},
EN300-52596117,"A468,A543",2,,,,{77},,,,,,,,,,,{23},
EN300-226799,"A468,A473,A543",3,,,,{76},,,,{75},,,,,,,{23},
EN300-52500009,"A468,A543",2,,,,{75},,,,,,,,,,,{23},
EN300-717958,A543,1,,,,,,,,,,,,,,,{23},
EN300-869832,"A468,A543",2,,,,{79},,,,,,,,,,,{23},
EN300-51792669,A543,1,,,,,,,,,,,,,,,{23},
EN300-53432638,"A468,A543",2,,,,"{75, 78}",,,,,,,,,,,{23},
EN300-47303785,"A468,A536,A543",3,,,,{79},,,,,,,{35},,,,{23},
EN300-133585,"A468,A543",2,,,,{72},,,,,,,,,,,{23},
EN300-51756487,"A468,A543",2,,,,{84},,,,,,,,,,,{23},
EN300-176973,"A468,A543",2,,,,{75},,,,,,,,,,,{23},
EN300-215719,"A468,A543",2,,,,{85},,,,,,,,,,,{23},
EN300-717958,"A468,A543",2,,,,{81},,,,,,,,,,,{23},
EN300-7417340,"A468,A543",2,,,,{82},,,,,,,,,,,{23},
EN300-2921676,"A468,A543",2,,,,{77},,,,,,,,,,,{23},
EN300-126375,"A468,A543",2,,,,{88},,,,,,,,,,,{23},
EN300-53438942,"A468,A543",2,,,,{83},,,,,,,,,,,{23},
EN300-53022747,"A468,A538,A543",3,,,,{81},,,,,,{80},,,,,{23},
EN300-46984860,"A467,A468,A543",3,{38},,,{79},,,,,,,,,,,{23},
EN300-53865787,"A468,A543",2,,,,"{80, 78}",,,,,,,,,,,{23},
EN300-266275,"A468,A543",2,,,,{75},,,,,,,,,,,{23},
EN300-153291,"A468,A543",2,,,,{76},,,,,,,,,,,{23},
EN300-53962417,"A468,A543",2,,,,{81},,,,,,,,,,,{23},
EN300-122736,"A468,A543",2,,,,{82},,,,,,,,,,,{23},
EN300-255635,"A468,A543",2,,,,{89},,,,,,,,,,,{23},
EN300-43476497,"A468,A538,A543",3,,,,"{93, 95}",,,,,,{84},,,,,{23},
EN300-7793515,A543,1,,,,,,,,,,,,,,,{23},
EN300-44822767,"A468,A543",2,,,,{88},,,,,,,,,,,{23},
EN300-53835125,"A467,A468,A543",3,{40},,,{80},,,,,,,,,,,{23},
EN300-30567882,"A468,A543",2,,,,{80},,,,,,,,,,,{23},
EN300-199087,"A468,A543",2,,,,{86},,,,,,,,,,,{23},
EN300-6482137,"A468,A543",2,,,,{82},,,,,,,,,,,{23},
EN300-53438169,"A468,A543",2,,,,{80},,,,,,,,,,,{23},
EN300-10988759,"A468,A543",2,,,,{82},,,,,,,,,,,{23},
EN300-7837282,"A468,A543",2,,,,{75},,,,,,,,,,,{23},
EN300-53864797,"A468,A538,A543",3,,,,{79},,,,,,{85},,,,,{23},
EN300-6775291,"A468,A543",2,,,,{84},,,,,,,,,,,{23},
EN300-176806,"A468,A543",2,,,,{79},,,,,,,,,,,{23},
EN300-33317814,"A468,A473,A543",3,,,,{84},,,,{83},,,,,,,{23},
EN300-53341120,"A468,A543",2,,,,{79},,,,,,,,,,,{23},
EN300-189615,"A468,A543",2,,,,{76},,,,,,,,,,,{23},
EN300-53288256,"A468,A473,A543",3,,,,{74},,,,{75},,,,,,,{23},
EN300-53963546,"A468,A543",2,,,,{81},,,,,,,,,,,{23},
EN300-43346816,"A468,A473,A543",3,,,,{74},,,,{75},,,,,,,{23},
EN300-37291417,"A467,A543",2,{44},,,,,,,,,,,,,,{23},
EN300-3223204,"A468,A543",2,,,,{77},,,,,,,,,,,{23},
EN300-53423528,"A468,A543",2,,,,{77},,,,,,,,,,,{23},
EN300-109719,A543,1,,,,,,,,,,,,,,,{23},
EN300-7505474,"A468,A543",2,,,,{76},,,,,,,,,,,{23},
EN300-51744759,"A467,A468,A543",3,{40},,,{77},,,,,,,,,,,{23},
EN300-7460940,"A468,A543",2,,,,{86},,,,,,,,,,,{23},
EN300-37388988,"A468,A538,A543",3,,,,{73},,,,,,{79},,,,,{23},
EN300-37158500,"A468,A543",2,,,,{83},,,,,,,,,,,{23},
EN300-45647666,"A468,A543",2,,,,{79},,,,,,,,,,,{23},
EN300-7358431,"A468,A473,A538,A543",4,,,,{91},,,,{81},,{80},,,,,{23},
EN300-51878002,"A468,A473,A538,A543",4,,,,{91},,,,{81},,{80},,,,,{23},
EN300-2917375,"A468,A543",2,,,,{77},,,,,,,,,,,{23},
EN300-53446754,"A468,A473,A538,A543",4,,,,{78},,,,{76},,{77},,,,,{23},
EN300-22874210,"A468,A543",2,,,,{76},,,,,,,,,,,{23},
EN300-52284,"A468,A543",2,,,,{76},,,,,,,,,,,{23},
EN300-52473621,"A468,A543",2,,,,{102},,,,,,,,,,,{23},
EN300-37386953,"A468,A543",2,,,,{79},,,,,,,,,,,{23},
EN300-37274111,"A468,A543",2,,,,{78},,,,,,,,,,,{23},
EN300-297551,"A468,A543",2,,,,{88},,,,,,,,,,,{23},
EN300-178431,"A468,A543",2,,,,{74},,,,,,,,,,,{23},
EN300-27745779,"A468,A473,A543",3,,,,{76},,,,{75},,,,,,,{23},
EN300-304348,"A467,A468,A543",3,{38},,,{74},,,,,,,,,,,{23},
EN300-6478200,"A468,A543",2,,,,{81},,,,,,,,,,,{23},
EN300-53864805,"A468,A543",2,,,,{79},,,,,,,,,,,{23},
EN300-53416004,"A468,A543",2,,,,{81},,,,,,,,,,,{23},
EN300-297551,"A468,A543",2,,,,{88},,,,,,,,,,,{23},
EN300-115304,"A468,A543",2,,,,{78},,,,,,,,,,,{23},
EN300-42419,"A468,A543",2,,,,{80},,,,,,,,,,,{23},
EN300-53124824,"A468,A543",2,,,,"{76, 77}",,,,,,,,,,,{23},
EN300-22929419,"A468,A543",2,,,,{74},,,,,,,,,,,{23},
EN300-8167079,"A468,A543",2,,,,{81},,,,,,,,,,,{23},
EN300-53423530,"A468,A543",2,,,,{79},,,,,,,,,,,{23},
EN300-266966,"A468,A538,A543",3,,,,{76},,,,,,{74},,,,,{23},
EN300-253454,"A468,A543",2,,,,{79},,,,,,,,,,,{23},
EN300-96198,A543,1,,,,,,,,,,,,,,,{23},
EN300-7447039,"A468,A543",2,,,,{78},,,,,,,,,,,{23},
EN300-1721315,"A467,A468,A543",3,{40},,,{77},,,,,,,,,,,{23},
EN300-6473666,"A468,A473,A543",3,,,,{75},,,,{74},,,,,,,{23},
EN300-39868281,"A468,A543",2,,,,{77},,,,,,,,,,,{23},
EN300-254446,"A468,A543",2,,,,{77},,,,,,,,,,,{23},
EN300-8161010,"A468,A543",2,,,,{76},,,,,,,,,,,{23},
EN300-8204456,"A468,A543",2,,,,{76},,,,,,,,,,,{23},
EN300-53357593,"A468,A543",2,,,,{73},,,,,,,,,,,{23},
EN300-52230045,"A468,A538,A543",3,,,,{81},,,,,,{79},,,,,{23},
EN300-7404039,"A467,A468,A543",3,{58},,,{109},,,,,,,,,,,{23},
EN300-53865162,"A468,A543",2,,,,{78},,,,,,,,,,,{23},
EN300-53435736,"A468,A543",2,,,,{80},,,,,,,,,,,{23},
EN300-187074,"A468,A543",2,,,,{88},,,,,,,,,,,{23},
EN300-8154522,"A468,A543",2,,,,{76},,,,,,,,,,,{23},
EN300-8028961,"A468,A543",2,,,,{78},,,,,,,,,,,{23},
EN300-212403,"A468,A543",2,,,,{83},,,,,,,,,,,{23},
EN300-249038,"A468,A543",2,,,,{76},,,,,,,,,,,{23},
EN300-7456298,"A468,A543",2,,,,{75},,,,,,,,,,,{23},
EN300-3200459,"A468,A473,A543",3,,,,{77},,,,{74},,,,,,,{23},
EN300-6501791,"A468,A543",2,,,,{83},,,,,,,,,,,{23},
EN300-297551,"A468,A543",2,,,,{88},,,,,,,,,,,{23},
EN300-226495,"A468,A543",2,,,,{76},,,,,,,,,,,{23},
EN300-37291028,A543,1,,,,,,,,,,,,,,,{23},
EN300-37288191,"A468,A543",2,,,,{77},,,,,,,,,,,{23},
EN300-196248,"A468,A543",2,,,,{76},,,,,,,,,,,{23},
EN300-53449072,"A468,A543",2,,,,{74},,,,,,,,,,,{23},
EN300-384542,"A468,A543",2,,,,{76},,,,,,,,,,,{23},
EN300-1897629,"A468,A543",2,,,,{76},,,,,,,,,,,{23},
EN300-37408341,"A468,A543",2,,,,"{82, 77}",,,,,,,,,,,{23},
EN300-7718783,"A468,A543",2,,,,{76},,,,,,,,,,,{23},
EN300-362986,"A468,A543",2,,,,{76},,,,,,,,,,,{23},
EN300-9455716,"A468,A543",2,,,,{80},,,,,,,,,,,{23},
EN300-47311007,"A468,A543",2,,,,{83},,,,,,,,,,,{23},
EN300-17923,"A467,A543",2,,{83},,,,,,,,,,,,,{23},
EN300-52558824,A543,1,,,,,,,,,,,,,,,{23},
EN300-53961243,"A468,A543",2,,,,{76},,,,,,,,,,,{23},
EN300-53865521,"A468,A543",2,,,,{77},,,,,,,,,,,{23},
EN300-64115,"A468,A543",2,,,,{77},,,,,,,,,,,{23},
EN300-7379630,"A468,A543",2,,,,{77},,,,,,,,,,,{23},
EN300-209206,"A468,A473,A543",3,,,,{77},,,,{74},,,,,,,{23},
EN300-53446957,"A468,A543",2,,,,{81},,,,,,,,,,,{23},
EN300-4299946,A543,1,,,,,,,,,,,,,,,{23},
EN300-37158500,"A468,A543",2,,,,{83},,,,,,,,,,,{23},
EN300-1245104,"A468,A543",2,,,,{75},,,,,,,,,,,{23},
EN300-53432978,"A468,A543",2,,,,{80},,,,,,,,,,,{23},
EN300-142506,"A468,A543",2,,,,{82},,,,,,,,,,,{23},
EN300-27780590,"A468,A543",2,,,,{81},,,,,,,,,,,{23},
EN300-978795,"A468,A543",2,,,,{81},,,,,,,,,,,{23},
EN300-1912503,"A468,A543",2,,,,{81},,,,,,,,,,,{23},
EN300-24204368,"A468,A543",2,,,,{75},,,,,,,,,,,{23},
EN300-53712608,"A468,A543",2,,,,{80},,,,,,,,,,,{23},
EN300-51230,"A468,A473,A543",3,,,,{72},,,,{74},,,,,,,{23},
EN300-80221,"A468,A543",2,,,,{76},,,,,,,,,,,{23},
EN300-52851709,"A468,A536,A543",3,,,,{92},,,,,,,{35},,,,{23},
EN300-753066,"A468,A543",2,,,,{73},,,,,,,,,,,{23},
EN300-7428263,"A468,A543",2,,,,{80},,,,,,,,,,,{23},
EN300-7721107,"A468,A543",2,,,,{78},,,,,,,,,,,{23},
EN300-1270484,"A468,A543",2,,,,{78},,,,,,,,,,,{23},
EN300-7440381,"A468,A543",2,,,,{77},,,,,,,,,,,{23},
EN300-140604,"A468,A543",2,,,,{75},,,,,,,,,,,{23},
EN300-46361173,"A468,A543",2,,,,{76},,,,,,,,,,,{23},
EN300-5049963,"A468,A543",2,,,,{80},,,,,,,,,,,{23},
EN300-52500009,"A468,A543",2,,,,{75},,,,,,,,,,,{23},
EN300-387538,"A468,A543",2,,,,{75},,,,,,,,,,,{23},
EN300-4860605,"A468,A543",2,,,,{83},,,,,,,,,,,{23},
EN300-24801926,"A468,A543",2,,,,{76},,,,,,,,,,,{23},
EN300-53864834,"A468,A543",2,,,,{75},,,,,,,,,,,{23},
EN300-94623,"A468,A543",2,,,,{73},,,,,,,,,,,{23},
EN300-53423687,"A468,A543",2,,,,{84},,,,,,,,,,,{23},
EN300-53432977,"A468,A543",2,,,,{76},,,,,,,,,,,{23},
EN300-129280,"A468,A543",2,,,,{78},,,,,,,,,,,{23},
EN300-53867955,"A468,A543",2,,,,{79},,,,,,,,,,,{23},
EN300-19588291,"A468,A543",2,,,,{80},,,,,,,,,,,{23},
EN300-53415682,"A467,A536,A543",3,,{80},,,,,,,,,{37},,,,{23},
EN300-53450588,"A468,A543",2,,,,{77},,,,,,,,,,,{23},
EN300-170732,"A468,A543",2,,,,{76},,,,,,,,,,,{23},
EN300-123255,"A468,A543",2,,,,{75},,,,,,,,,,,{23},
EN300-25685267,"A468,A543",2,,,,{76},,,,,,,,,,,{23},
EN300-26983136,"A468,A543",2,,,,{76},,,,,,,,,,,{23},
EN300-6813879,"A468,A543",2,,,,{81},,,,,,,,,,,{23},
EN300-53450844,"A468,A543",2,,,,{78},,,,,,,,,,,{23},
EN300-2959362,"A468,A543",2,,,,{76},,,,,,,,,,,{23},
EN300-744816,"A468,A543",2,,,,{77},,,,,,,,,,,{23},
EN300-53423529,"A468,A543",2,,,,{82},,,,,,,,,,,{23},
EN300-37289302,"A468,A543",2,,,,{80},,,,,,,,,,,{23},
EN300-244721,"A467,A468,A543",3,{39},,,{77},,,,,,,,,,,{23},
EN300-139457,"A468,A543",2,,,,{75},,,,,,,,,,,{23},
EN300-22880768,"A468,A543",2,,,,{75},,,,,,,,,,,{23},
EN300-53866076,"A467,A468,A543",3,{38},,,{75},,,,,,,,,,,{23},
EN300-2239091,"A468,A543",2,,,,{74},,,,,,,,,,,{23},
EN300-28298478,"A468,A543",2,,,,{81},,,,,,,,,,,{23},
EN300-3568971,"A468,A543",2,,,,{75},,,,,,,,,,,{23},
EN300-7861431,"A468,A543",2,,,,{75},,,,,,,,,,,{23},
EN300-51878002,"A468,A473,A538,A543",4,,,,{87},,,,{81},,{80},,,,,{23},
EN300-164630,"A468,A543",2,,,,{82},,,,,,,,,,,{23},
EN300-1725183,"A468,A543",2,,,,{82},,,,,,,,,,,{23},
EN300-51743730,"A468,A543",2,,,,{84},,,,,,,,,,,{23},
EN300-135655,"A468,A543",2,,,,{78},,,,,,,,,,,{23},
EN300-1241838,"A468,A543",2,,,,{74},,,,,,,,,,,{23},
EN300-37241422,"A468,A543",2,,,,{84},,,,,,,,,,,{23},
EN300-197870,"A468,A543",2,,,,{85},,,,,,,,,,,{23},
EN300-1945633,"A468,A543",2,,,,{77},,,,,,,,,,,{23},
EN300-45237948,A543,1,,,,,,,,,,,,,,,{23},
EN300-2981638,"A467,A468,A543",3,,{74},,{74},,,,,,,,,,,{23},
EN300-1247598,"A468,A543",2,,,,{80},,,,,,,,,,,{23},
EN300-53279772,"A468,A543",2,,,,{82},,,,,,,,,,,{23},
EN300-3092996,"A468,A543",2,,,,{84},,,,,,,,,,,{23},
EN300-298097,"A468,A543",2,,,,{77},,,,,,,,,,,{23},
EN300-651400,"A468,A543",2,,,,{74},,,,,,,,,,,{23},
EN300-3436054,"A468,A543",2,,,,{78},,,,,,,,,,,{23},
EN300-1232895,"A468,A543",2,,,,{73},,,,,,,,,,,{23},
EN300-247294,"A468,A473,A543",3,,,,{77},,,,{76},,,,,,,{23},
EN300-61773,"A468,A543",2,,,,{82},,,,,,,,,,,{23},
EN300-25409057,"A468,A543",2,,,,{77},,,,,,,,,,,{23},
EN300-1590616,"A468,A543",2,,,,{75},,,,,,,,,,,{23},
EN300-53448643,"A468,A543",2,,,,{81},,,,,,,,,,,{23},
EN300-6489465,"A468,A543",2,,,,{83},,,,,,,,,,,{23},
EN300-7710983,"A468,A543",2,,,,{74},,,,,,,,,,,{23},
EN300-7427482,"A468,A543",2,,,,{74},,,,,,,,,,,{23},
EN300-53289509,"A468,A543",2,,,,{75},,,,,,,,,,,{23},
EN300-75549,"A468,A543",2,,,,{81},,,,,,,,,,,{23},
EN300-7907140,"A468,A543",2,,,,{78},,,,,,,,,,,{23},
EN300-17905,"A468,A543",2,,,,{75},,,,,,,,,,,{23},
EN300-222740,"A468,A543",2,,,,{82},,,,,,,,,,,{23},
EN300-645273,"A468,A536,A543",3,,,,{83},,,,,,,{36},,,,{23},
EN300-1957095,"A468,A543",2,,,,{75},,,,,,,,,,,{23},
EN300-12090,"A468,A543",2,,,,{77},,,,,,,,,,,{23},
EN300-120606,"A468,A533,A538,A543",4,,,,{79},,{83},,,,{84},,,,,{23},
EN300-872982,"A468,A543",2,,,,{77},,,,,,,,,,,{23},
EN300-7796525,"A468,A543",2,,,,{78},,,,,,,,,,,{23},
EN300-1425549,"A468,A543",2,,,,{79},,,,,,,,,,,{23},
EN300-6478157,"A468,A536,A543",3,,,,{75},,,,,,,{41},,,,{23},
EN300-46624264,"A468,A543",2,,,,{74},,,,,,,,,,,{23},
EN300-203749,"A468,A473,A543",3,,,,{75},,,,{76},,,,,,,{23},
EN300-1246521,"A468,A543",2,,,,{76},,,,,,,,,,,{23},
EN300-77944,"A468,A543",2,,,,{80},,,,,,,,,,,{23},
EN300-269662,"A468,A543",2,,,,{76},,,,,,,,,,,{23},
EN300-7906521,"A468,A543",2,,,,{78},,,,,,,,,,,{23},
EN300-31989659,"A468,A543",2,,,,{83},,,,,,,,,,,{23},
EN300-6797045,"A468,A543",2,,,,{74},,,,,,,,,,,{23},
EN300-18698582,"A468,A543",2,,,,{88},,,,,,,,,,,{23},
EN300-53446291,"A468,A536,A543",3,,,,{85},,,,,,,{38},,,,{23},
EN300-47311007,"A468,A543",2,,,,{83},,,,,,,,,,,{23},
EN300-53283912,"A468,A543",2,,,,{75},,,,,,,,,,,{23},
EN300-106577,"A468,A543",2,,,,{75},,,,,,,,,,,{23},
EN300-53418884,"A468,A536,A543",3,,,,{85},,,,,,,{38},,,,{23},
EN300-126645,"A468,A543",2,,,,{81},,,,,,,,,,,{23},
EN300-2152489,"A468,A543",2,,,,{85},,,,,,,,,,,{23},
EN300-178449,"A468,A473,A543",3,,,,{78},,,,"{80, 79}",,,,,,,{23},
EN300-227558,"A468,A543",2,,,,{79},,,,,,,,,,,{23},
EN300-214996,"A468,A543",2,,,,{73},,,,,,,,,,,{23},
EN300-27735889,"A468,A543",2,,,,{81},,,,,,,,,,,{23},
EN300-7447087,"A468,A543",2,,,,{78},,,,,,,,,,,{23},
EN300-7979779,"A468,A543",2,,,,{82},,,,,,,,,,,{23},
EN300-8937373,"A468,A543",2,,,,{82},,,,,,,,,,,{23},
EN300-6820305,"A468,A543",2,,,,{74},,,,,,,,,,,{23},
EN300-24793146,"A468,A543",2,,,,{80},,,,,,,,,,,{23},
EN300-52407126,"A468,A543",2,,,,{81},,,,,,,,,,,{23},
EN300-45217311,"A468,A543",2,,,,{77},,,,,,,,,,,{23},
EN300-744816,"A468,A543",2,,,,{77},,,,,,,,,,,{23},
EN300-222740,"A468,A543",2,,,,{82},,,,,,,,,,,{23},
EN300-1588232,"A468,A543",2,,,,{75},,,,,,,,,,,{23},
EN300-215100,"A468,A536,A543",3,,,,{75},,,,,,,{35},,,,{23},
EN300-179047,"A468,A543",2,,,,{74},,,,,,,,,,,{23},
EN300-39922470,"A468,A543",2,,,,{78},,,,,,,,,,,{23},
EN300-53440353,"A468,A543",2,,,,{85},,,,,,,,,,,{23},
EN300-51850116,"A468,A543",2,,,,{75},,,,,,,,,,,{23},
EN300-7493821,A543,1,,,,,,,,,,,,,,,{23},
EN300-46752618,"A468,A543",2,,,,{74},,,,,,,,,,,{23},
EN300-1655014,"A468,A543",2,,,,{74},,,,,,,,,,,{23},
EN300-316509,"A468,A543",2,,,,{74},,,,,,,,,,,{23},
EN300-27721159,"A468,A543",2,,,,{80},,,,,,,,,,,{23},
EN300-53867487,"A468,A543",2,,,,{77},,,,,,,,,,,{23},
EN300-5882199,"A468,A543",2,,,,{84},,,,,,,,,,,{23},
EN300-3244654,"A468,A543",2,,,,{77},,,,,,,,,,,{23},
EN300-252945,"A468,A543",2,,,,{89},,,,,,,,,,,{23},
EN300-1264075,"A468,A543",2,,,,{75},,,,,,,,,,,{23},
EN300-647026,"A468,A473,A543",3,,,,{78},,,,{79},,,,,,,{23},
EN300-22022158,"A468,A543",2,,,,{77},,,,,,,,,,,{23},
EN300-141037,"A468,A543",2,,,,{75},,,,,,,,,,,{23},
EN300-33039528,"A468,A543",2,,,,{84},,,,,,,,,,,{23},
EN300-37360543,"A468,A543",2,,,,{75},,,,,,,,,,,{23},
EN300-53442539,"A468,A543",2,,,,{76},,,,,,,,,,,{23},
EN300-1636705,"A468,A543",2,,,,{72},,,,,,,,,,,{23},
EN300-179790,"A468,A543",2,,,,{72},,,,,,,,,,,{23},
EN300-3069937,"A468,A543",2,,,,{79},,,,,,,,,,,{23},
EN300-47248479,"A468,A543",2,,,,{75},,,,,,,,,,,{23},
EN300-7924509,A543,1,,,,,,,,,,,,,,,{23},
EN300-6793897,"A468,A543",2,,,,{76},,,,,,,,,,,{23},
EN300-53962251,"A468,A543",2,,,,{76},,,,,,,,,,,{23},
EN300-344880,"A468,A543",2,,,,{71},,,,,,,,,,,{23},
EN300-121429,"A468,A543",2,,,,{79},,,,,,,,,,,{23},
EN300-52558824,"A468,A543",2,,,,{87},,,,,,,,,,,{23},
EN300-52539959,"A468,A543",2,,,,{75},,,,,,,,,,,{23},
EN300-1913769,"A468,A543",2,,,,{82},,,,,,,,,,,{23},
EN300-128119,"A468,A543",2,,,,{78},,,,,,,,,,,{23},
EN300-715706,"A468,A543",2,,,,{81},,,,,,,,,,,{23},
EN300-52245725,"A468,A543",2,,,,{79},,,,,,,,,,,{23},
EN300-206225,"A468,A473,A543",3,,,,{76},,,,{77},,,,,,,{23},
EN300-783279,"A468,A473,A543",3,,,,{74},,,,{75},,,,,,,{23},
EN300-365103,"A468,A543",2,,,,{76},,,,,,,,,,,{23},
EN300-6496840,"A468,A538,A543",3,,,,{80},,,,,,{76},,,,,{23},
EN300-6735056,"A468,A543",2,,,,{77},,,,,,,,,,,{23},
EN300-33081460,A543,1,,,,,,,,,,,,,,,{23},
EN300-5035889,"A468,A543",2,,,,{76},,,,,,,,,,,{23},
EN300-6495507,"A468,A543",2,,,,{86},,,,,,,,,,,{23},
EN300-267094,"A468,A473,A543",3,,,,{73},,,,{74},,,,,,,{23},
EN300-53449000,"A468,A543",2,,,,{75},,,,,,,,,,,{23},
EN300-52976,"A468,A543",2,,,,{71},,,,,,,,,,,{23},
EN300-121084,"A468,A543",2,,,,{85},,,,,,,,,,,{23},
EN300-317336,"A468,A543",2,,,,{76},,,,,,,,,,,{23},
EN300-7447825,"A468,A543",2,,,,{73},,,,,,,,,,,{23},
EN300-53864797,"A468,A538,A543",3,,,,{78},,,,,,{85},,,,,{23},
EN300-2417498,"A468,A543",2,,,,{82},,,,,,,,,,,{23},
EN300-8029299,"A468,A543",2,,,,{78},,,,,,,,,,,{23},
EN300-227778,A543,1,,,,,,,,,,,,,,,{23},
EN300-26571321,"A468,A543",2,,,,{73},,,,,,,,,,,{23},
EN300-706055,"A468,A543",2,,,,{76},,,,,,,,,,,{23},
EN300-206180,"A468,A543",2,,,,{72},,,,,,,,,,,{23},
EN300-209060,"A468,A543",2,,,,{72},,,,,,,,,,,{23},
EN300-7722094,"A468,A543",2,,,,{75},,,,,,,,,,,{23},
EN300-75861,"A468,A543",2,,,,{73},,,,,,,,,,,{23},
EN300-7446443,A543,1,,,,,,,,,,,,,,,{23},
EN300-170768,"A468,A543",2,,,,{83},,,,,,,,,,,{23},
EN300-53866248,"A468,A543",2,,,,{77},,,,,,,,,,,{23},
EN300-37241422,"A468,A543",2,,,,{84},,,,,,,,,,,{23},
EN300-227344,"A468,A543",2,,,,{86},,,,,,,,,,,{23},
EN300-178153,"A468,A543",2,,,,{79},,,,,,,,,,,{23},
EN300-7721153,"A468,A543",2,,,,{76},,,,,,,,,,,{23},
EN300-53962242,"A468,A543",2,,,,{76},,,,,,,,,,,{23},
EN300-7428239,"A468,A543",2,,,,{86},,,,,,,,,,,{23},
EN300-1270488,"A467,A468,A543",3,{44},,,{91},,,,,,,,,,,{23},
EN300-1263536,"A468,A543",2,,,,{74},,,,,,,,,,,{23},
EN300-37443494,"A468,A543",2,,,,{78},,,,,,,,,,,{23},
EN300-3036435,"A468,A543",2,,,,{83},,,,,,,,,,,{23},
EN300-1720189,"A468,A543",2,,,,{77},,,,,,,,,,,{23},
EN300-53580167,"A468,A543",2,,,,{78},,,,,,,,,,,{23},
EN300-255826,"A468,A543",2,,,,{75},,,,,,,,,,,{23},
EN300-6928571,"A468,A543",2,,,,{74},,,,,,,,,,,{23},
EN300-39546,"A468,A543",2,,,,{74},,,,,,,,,,,{23},
EN300-138916,"A468,A543",2,,,,{84},,,,,,,,,,,{23},
EN300-7015175,"A468,A543",2,,,,{75},,,,,,,,,,,{23},
EN300-306369,"A468,A543",2,,,,{90},,,,,,,,,,,{23},
EN300-13787,"A468,A543",2,,,,{77},,,,,,,,,,,{23},
EN300-53844482,"A468,A543",2,,,,{92},,,,,,,,,,,{23},
EN300-28305043,"A468,A536,A543",3,,,,{82},,,,,,,{35},,,,{23},
EN300-53432684,"A468,A543",2,,,,{78},,,,,,,,,,,{23},
EN300-45748335,"A468,A538,A543",3,,,,{76},,,,,,{78},,,,,{23},
EN300-53449001,"A468,A543",2,,,,{79},,,,,,,,,,,{23},
EN300-53449073,"A468,A543",2,,,,{78},,,,,,,,,,,{23},
EN300-7865794,"A468,A543",2,,,,{80},,,,,,,,,,,{23},
EN300-53290559,"A468,A543",2,,,,{82},,,,,,,,,,,{23},
EN300-53449971,"A467,A543",2,,{84},,,,,,,,,,,,,{23},
EN300-53962251,"A468,A543",2,,,,{78},,,,,,,,,,,{23},
EN300-1661005,"A468,A543",2,,,,{83},,,,,,,,,,,{23},
EN300-53962123,"A468,A543",2,,,,{77},,,,,,,,,,,{23},
EN300-190575,"A468,A543",2,,,,{82},,,,,,,,,,,{23},
EN300-297551,"A468,A543",2,,,,{82},,,,,,,,,,,{23},
EN300-297551,A543,1,,,,,,,,,,,,,,,{23},
EN300-80609,"A468,A543",2,,,,{74},,,,,,,,,,,{23},
EN300-107266,"A468,A543",2,,,,{76},,,,,,,,,,,{23},
EN300-123973,"A468,A543",2,,,,{81},,,,,,,,,,,{23},
EN300-1238163,"A468,A543",2,,,,{84},,,,,,,,,,,{23},
EN300-46737198,"A468,A543",2,,,,{86},,,,,,,,,,,{23},
EN300-6775153,"A468,A543",2,,,,{74},,,,,,,,,,,{23},
EN300-94329,"A468,A543",2,,,,{75},,,,,,,,,,,{23},
EN300-234234,"A468,A543",2,,,,{79},,,,,,,,,,,{23},
EN300-29190821,"A468,A543",2,,,,{79},,,,,,,,,,,{23},
EN300-7548203,"A468,A543",2,,,,{74},,,,,,,,,,,{23},
EN300-8316816,"A468,A543",2,,,,{76},,,,,,,,,,,{23},
EN300-212403,"A468,A543",2,,,,{83},,,,,,,,,,,{23},
EN300-53963916,"A468,A543",2,,,,{81},,,,,,,,,,,{23},
EN300-222740,A543,1,,,,,,,,,,,,,,,{23},
EN300-7443487,"A468,A543",2,,,,{78},,,,,,,,,,,{23},
EN300-45596162,"A468,A543",2,,,,{77},,,,,,,,,,,{23},
EN300-43356349,A543,1,,,,,,,,,,,,,,,{23},
EN300-1270488,"A468,A543",2,,,,{87},,,,,,,,,,,{23},
EN300-102545,"A468,A543",2,,,,{83},,,,,,,,,,,{23},
EN300-3274479,"A468,A543",2,,,,{78},,,,,,,,,,,{23},
EN300-1254704,"A468,A538,A543",3,,,,{74},,,,,,{72},,,,,{23},
EN300-7446948,"A468,A543",2,,,,{76},,,,,,,,,,,{23},
EN300-157519,"A468,A543",2,,,,"{82, 84}",,,,,,,,,,,{23},
EN300-53450080,"A468,A543",2,,,,{79},,,,,,,,,,,{23},
EN300-7813029,"A468,A543",2,,,,{83},,,,,,,,,,,{23},
EN300-1707702,"A468,A543",2,,,,{76},,,,,,,,,,,{23},
EN300-1705721,"A468,A543",2,,,,{76},,,,,,,,,,,{23},
EN300-80976,"A468,A543",2,,,,{85},,,,,,,,,,,{23},
EN300-1705859,"A468,A543",2,,,,{85},,,,,,,,,,,{23},
EN300-37286616,"A468,A543",2,,,,{75},,,,,,,,,,,{23},
EN300-184000,"A468,A543",2,,,,{79},,,,,,,,,,,{23},
EN300-7421149,"A468,A543",2,,,,{74},,,,,,,,,,,{23},
EN300-45412799,"A468,A543",2,,,,{74},,,,,,,,,,,{23},
EN300-52360734,"A468,A543",2,,,,{78},,,,,,,,,,,{23},
EN300-46373826,"A468,A543",2,,,,{86},,,,,,,,,,,{23},
EN300-53963749,"A468,A543",2,,,,{77},,,,,,,,,,,{23},
EN300-26979699,"A468,A543",2,,,,{73},,,,,,,,,,,{23},
EN300-28243698,"A468,A543",2,,,,{75},,,,,,,,,,,{23},
EN300-234140,"A468,A543",2,,,,{81},,,,,,,,,,,{23},
EN300-8045327,"A468,A543",2,,,,{83},,,,,,,,,,,{23},
EN300-27780257,"A468,A543",2,,,,{76},,,,,,,,,,,{23},
EN300-5882199,"A468,A543",2,,,,{84},,,,,,,,,,,{23},
EN300-25940390,"A468,A543",2,,,,{80},,,,,,,,,,,{23},
EN300-1899692,"A468,A543",2,,,,{74},,,,,,,,,,,{23},
EN300-53440517,"A468,A543",2,,,,{75},,,,,,,,,,,{23},
EN300-1637728,"A468,A543",2,,,,{73},,,,,,,,,,,{23},
EN300-22033331,"A467,A543",2,,{78},,,,,,,,,,,,,{23},
EN300-7447060,"A468,A543",2,,,,{77},,,,,,,,,,,{23},
EN300-53447096,"A468,A543",2,,,,{78},,,,,,,,,,,{23},
EN300-52364456,"A468,A543",2,,,,{79},,,,,,,,,,,{23},
EN300-298343,"A468,A543",2,,,,{71},,,,,,,,,,,{23},
EN300-18166888,"A468,A543",2,,,,{87},,,,,,,,,,,{23},
EN300-46902659,"A468,A543",2,,,,{87},,,,,,,,,,,{23},
EN300-23410917,A543,1,,,,,,,,,,,,,,,{23},
EN300-185823,"A468,A543",2,,,,{76},,,,,,,,,,,{23},
EN300-6201502,"A468,A543",2,,,,{79},,,,,,,,,,,{23},
EN300-126452,"A468,A543",2,,,,{79},,,,,,,,,,,{23},
EN300-53283937,"A468,A538,A543",3,,,,{76},,,,,,{74},,,,,{23},
EN300-7446456,"A468,A543",2,,,,{77},,,,,,,,,,,{23},
EN300-37469335,"A468,A543",2,,,,{74},,,,,,,,,,,{23},
EN300-47339274,"A468,A543",2,,,,{74},,,,,,,,,,,{23},
EN300-3212409,"A468,A543",2,,,,{76},,,,,,,,,,,{23},
EN300-2972483,"A468,A543",2,,,,{73},,,,,,,,,,,{23},
EN300-51745602,A543,1,,,,,,,,,,,,,,,{23},
EN300-46890649,"A468,A543",2,,,,{80},,,,,,,,,,,{23},
EN300-238639,"A468,A543",2,,,,{75},,,,,,,,,,,{23},
EN300-37288275,"A468,A543",2,,,,{78},,,,,,,,,,,{23},
EN300-7447060,"A468,A543",2,,,,{78},,,,,,,,,,,{23},
EN300-53963868,"A468,A543",2,,,,{79},,,,,,,,,,,{23},
EN300-21047708,"A468,A538,A543",3,,,,{77},,,,,,{80},,,,,{23},
EN300-8108160,"A468,A543",2,,,,{76},,,,,,,,,,,{23},
EN300-4234350,"A468,A543",2,,,,{76},,,,,,,,,,,{23},
EN300-26256322,A543,1,,,,,,,,,,,,,,,{23},
EN300-6746271,"A468,A543",2,,,,{74},,,,,,,,,,,{23},
EN300-1240424,"A467,A468,A543",3,{38},,,{74},,,,,,,,,,,{23},
EN300-53287527,"A468,A543",2,,,,{85},,,,,,,,,,,{23},
EN300-7410455,"A468,A543",2,,,,{79},,,,,,,,,,,{23},
EN300-708652,A543,1,,,,,,,,,,,,,,,{23},
EN300-19203585,"A468,A538,A543",3,,,,{73},,,,,,{83},,,,,{23},
EN300-53423529,"A468,A543",2,,,,{78},,,,,,,,,,,{23},
EN300-142180,"A468,A543",2,,,,{88},,,,,,,,,,,{23},
EN300-64829,"A468,A543",2,,,,{77},,,,,,,,,,,{23},
EN300-7375730,"A468,A543",2,,,,{83},,,,,,,,,,,{23},
EN300-3179868,"A468,A543",2,,,,{75},,,,,,,,,,,{23},
EN300-7875550,"A468,A473,A543",3,,,,{87},,,,{86},,,,,,,{23},
EN300-7760815,"A468,A538,A543",3,,,,{75},,,,,,{77},,,,,{23},
EN300-108942,"A468,A538,A543",3,,,,{74},,,,,,{72},,,,,{23},
EN300-37139355,"A468,A543",2,,,,{76},,,,,,,,,,,{23},
EN300-71299,"A468,A543",2,,,,{77},,,,,,,,,,,{23},
EN300-20834056,"A468,A543",2,,,,{74},,,,,,,,,,,{23},
EN300-53013853,"A468,A543",2,,,,{79},,,,,,,,,,,{23},
EN300-31803,"A468,A543",2,,,,{71},,,,,,,,,,,{23},
EN300-170732,"A468,A543",2,,,,{76},,,,,,,,,,,{23},
EN300-7115777,"A468,A543",2,,,,{73},,,,,,,,,,,{23},
EN300-177521,"A468,A473,A543",3,,,,{72},,,,{73},,,,,,,{23},
EN300-139995,"A468,A543",2,,,,{75},,,,,,,,,,,{23},
EN300-121928,"A468,A543",2,,,,{77},,,,,,,,,,,{23},
EN300-46580786,"A468,A543",2,,,,{82},,,,,,,,,,,{23},
EN300-1693101,"A468,A543",2,,,,{77},,,,,,,,,,,{23},
EN300-39915298,"A468,A543",2,,,,{74},,,,,,,,,,,{23},
EN300-198253,A543,1,,,,,,,,,,,,,,,{23},
EN300-6501791,"A468,A543",2,,,,{83},,,,,,,,,,,{23},
EN300-53867847,"A468,A543",2,,,,{82},,,,,,,,,,,{23},
EN300-53438337,"A468,A533,A543",3,,,,{82},,{78},,,,,,,,,{23},
EN300-7119543,"A468,A543",2,,,,{78},,,,,,,,,,,{23},
EN300-7398096,"A468,A473,A543",3,,,,{73},,,,{72},,,,,,,{23},
EN300-28304340,"A468,A543",2,,,,{79},,,,,,,,,,,{23},
EN300-52487804,"A468,A543",2,,,,{80},,,,,,,,,,,{23},
EN300-170732,"A468,A543",2,,,,{76},,,,,,,,,,,{23},
EN300-52409449,"A468,A473,A543",3,,,,{79},,,,{78},,,,,,,{23},
EN300-22129946,"A468,A543",2,,,,{75},,,,,,,,,,,{23},
EN300-23312474,"A468,A543",2,,,,{77},,,,,,,,,,,{23},
EN300-140772,"A468,A543",2,,,,{74},,,,,,,,,,,{23},
EN300-188593,"A468,A543",2,,,,{71},,,,,,,,,,,{23},
EN300-53866141,"A468,A543",2,,,,{79},,,,,,,,,,,{23},
EN300-6487620,"A468,A543",2,,,,{78},,,,,,,,,,,{23},
EN300-7548854,"A468,A543",2,,,,{86},,,,,,,,,,,{23},
EN300-68275,"A468,A473,A543",3,,,,{83},,,,{82},,,,,,,{23},
EN300-7380723,"A468,A543",2,,,,{78},,,,,,,,,,,{23},
EN300-53287527,"A468,A543",2,,,,{84},,,,,,,,,,,{23},
EN300-53439642,"A468,A543",2,,,,{79},,,,,,,,,,,{23},
EN300-37287837,"A468,A543",2,,,,{78},,,,,,,,,,,{23},
EN300-31240852,"A468,A543",2,,,,{85},,,,,,,,,,,{23},
EN300-26865143,"A468,A543",2,,,,{82},,,,,,,,,,,{23},
EN300-20988548,"A468,A543",2,,,,{81},,,,,,,,,,,{23},
EN300-7238150,"A468,A543",2,,,,{78},,,,,,,,,,,{23},
EN300-53446812,"A468,A543",2,,,,{79},,,,,,,,,,,{23},
EN300-5048564,"A468,A543",2,,,,{77},,,,,,,,,,,{23},
EN300-1478769,"A468,A536,A543",3,,,,"{85, 95}",,,,,,,{49},,,,{23},
EN300-1699416,"A468,A543",2,,,,{85},,,,,,,,,,,{23},
EN300-37139240,"A468,A543",2,,,,{78},,,,,,,,,,,{23},
EN300-6827067,"A468,A543",2,,,,{74},,,,,,,,,,,{23},
EN300-52364375,"A468,A543",2,,,,{78},,,,,,,,,,,{23},
EN300-46781919,"A468,A543",2,,,,{75},,,,,,,,,,,{23},
EN300-2992708,"A468,A543",2,,,,{74},,,,,,,,,,,{23},
EN300-362986,"A468,A543",2,,,,{76},,,,,,,,,,,{23},
EN300-7548514,A543,1,,,,,,,,,,,,,,,{23},
EN300-53962468,"A468,A543",2,,,,{82},,,,,,,,,,,{23},
EN300-52471949,"A468,A543",2,,,,{83},,,,,,,,,,,{23},
EN300-7294237,"A468,A543",2,,,,{73},,,,,,,,,,,{23},
EN300-1240424,"A468,A543",2,,,,{78},,,,,,,,,,,{23},
EN300-53963546,"A468,A543",2,,,,{80},,,,,,,,,,,{23},
EN300-14825416,"A468,A543",2,,,,{90},,,,,,,,,,,{23},
EN300-23821332,"A467,A543",2,,{93},,,,,,,,,,,,,{23},
EN300-53865671,"A468,A543",2,,,,{78},,,,,,,,,,,{23},
EN300-370549,"A468,A543",2,,,,{81},,,,,,,,,,,{23},
EN300-53409491,"A468,A543",2,,,,{90},,,,,,,,,,,{23},
EN300-53449021,"A468,A543",2,,,,{80},,,,,,,,,,,{23},
EN300-33037288,"A468,A543",2,,,,{77},,,,,,,,,,,{23},
EN300-53709813,"A467,A468,A543",3,{38},,,{80},,,,,,,,,,,{23},
EN300-56525,"A468,A543",2,,,,{86},,,,,,,,,,,{23},
EN300-53434248,"A468,A543",2,,,,{75},,,,,,,,,,,{23},
EN300-67249,"A468,A543",2,,,,{80},,,,,,,,,,,{23},
EN300-3564815,"A468,A473,A543",3,,,,{77},,,,{78},,,,,,,{23},
EN300-193098,"A468,A543",2,,,,{87},,,,,,,,,,,{23},
EN300-189636,"A468,A543",2,,,,{89},,,,,,,,,,,{23},
EN300-726549,A543,1,,,,,,,,,,,,,,,{23},
EN300-6258794,"A468,A543",2,,,,{74},,,,,,,,,,,{23},
EN300-97762,"A468,A543",2,,,,{73},,,,,,,,,,,{23},
EN300-1912783,"A468,A543",2,,,,{74},,,,,,,,,,,{23},
EN300-6732491,"A467,A543",2,,{77},,,,,,,,,,,,,{23},
EN300-311766,"A468,A543",2,,,,{75},,,,,,,,,,,{23},
EN300-51757130,"A468,A543",2,,,,{85},,,,,,,,,,,{23},
EN300-52851709,"A468,A543",2,,,,{96},,,,,,,,,,,{23},
EN300-42418,"A468,A543",2,,,,{73},,,,,,,,,,,{23},
EN300-53962123,"A468,A543",2,,,,{79},,,,,,,,,,,{23},
EN300-53416003,"A468,A543",2,,,,{78},,,,,,,,,,,{23},
EN300-303621,"A468,A543",2,,,,{87},,,,,,,,,,,{23},
EN300-249893,"A468,A543",2,,,,{87},,,,,,,,,,,{23},
EN300-1478769,"A468,A536,A543",3,,,,{85},,,,,,,{51},,,,{23},
EN300-7447591,"A468,A543",2,,,,{72},,,,,,,,,,,{23},
EN300-37285329,"A468,A543",2,,,,{75},,,,,,,,,,,{23},
EN300-52416113,"A468,A543",2,,,,{86},,,,,,,,,,,{23},
EN300-46922187,"A468,A543",2,,,,{77},,,,,,,,,,,{23},
EN300-76815,"A468,A543",2,,,,{71},,,,,,,,,,,{23},
EN300-5116423,"A468,A543",2,,,,{75},,,,,,,,,,,{23},
EN300-314875,"A468,A543",2,,,,{85},,,,,,,,,,,{23},
EN300-39922470,"A468,A543",2,,,,{77},,,,,,,,,,,{23},
EN300-19628628,"A468,A543",2,,,,{94},,,,,,,,,,,{23},
EN300-1704270,"A468,A543",2,,,,{94},,,,,,,,,,,{23},
EN300-6481940,"A468,A543",2,,,,{84},,,,,,,,,,,{23},
EN300-1270488,"A467,A468,A543",3,{44},,,{91},,,,,,,,,,,{23},
EN300-53436160,"A468,A543",2,,,,{81},,,,,,,,,,,{23},
EN300-744816,"A468,A543",2,,,,{77},,,,,,,,,,,{23},
EN300-53287503,"A468,A543",2,,,,{87},,,,,,,,,,,{23},
EN300-128107,"A468,A543",2,,,,{77},,,,,,,,,,,{23},
EN300-7430733,"A468,A543",2,,,,{81},,,,,,,,,,,{23},
EN300-7447719,"A468,A543",2,,,,{87},,,,,,,,,,,{23},
EN300-155009,"A468,A543",2,,,,{70},,,,,,,,,,,{23},
EN300-19628628,"A468,A538,A543",3,,,,{94},,,,,,{84},,,,,{23},
EN300-70774,"A468,A543",2,,,,{78},,,,,,,,,,,{23},
EN300-66410,"A468,A543",2,,,,{73},,,,,,,,,,,{23},
EN300-6740144,"A468,A473,A543",3,,,,{73},,,,{72},,,,,,,{23},
EN300-1666358,"A468,A543",2,,,,{75},,,,,,,,,,,{23},
EN300-6474286,"A468,A543",2,,,,{75},,,,,,,,,,,{23},
EN300-1259549,"A468,A543",2,,,,{75},,,,,,,,,,,{23},
EN300-53288043,"A468,A543",2,,,,{78},,,,,,,,,,,{23},
EN300-7129609,"A468,A543",2,,,,{80},,,,,,,,,,,{23},
EN300-99513,"A468,A543",2,,,,{76},,,,,,,,,,,{23},
EN300-53865377,"A468,A543",2,,,,{78},,,,,,,,,,,{23},
EN300-37432135,"A468,A543",2,,,,{77},,,,,,,,,,,{23},
EN300-61652,"A468,A543",2,,,,{81},,,,,,,,,,,{23},
EN300-7447040,A543,1,,,,,,,,,,,,,,,{23},
EN300-715203,"A468,A543",2,,,,{76},,,,,,,,,,,{23},
EN300-53961443,"A468,A543",2,,,,{78},,,,,,,,,,,{23},
EN300-61396,"A468,A543",2,,,,{77},,,,,,,,,,,{23},
EN300-131312,"A468,A543",2,,,,{77},,,,,,,,,,,{23},
EN300-6811009,"A468,A543",2,,,,{84},,,,,,,,,,,{23},
EN300-52762635,"A467,A543",2,,{80},,,,,,,,,,,,,{23},
EN300-28264023,"A468,A543",2,,,,{77},,,,,,,,,,,{23},
EN300-4607350,"A468,A543",2,,,,{72},,,,,,,,,,,{23},
EN300-7446462,"A468,A543",2,,,,{88},,,,,,,,,,,{23},
EN300-39873812,"A468,A543",2,,,,{75},,,,,,,,,,,{23},
EN300-71367,"A468,A543",2,,,,{72},,,,,,,,,,,{23},
EN300-53835120,"A468,A543",2,,,,{80},,,,,,,,,,,{23},
EN300-7408887,"A468,A543",2,,,,{79},,,,,,,,,,,{23},
EN300-27082104,"A468,A543",2,,,,{84},,,,,,,,,,,{23},
EN300-27733910,"A468,A543",2,,,,{77},,,,,,,,,,,{23},
EN300-1984556,"A468,A543",2,,,,{76},,,,,,,,,,,{23},
EN300-53867912,"A468,A543",2,,,,{77},,,,,,,,,,,{23},
EN300-19628628,"A468,A473,A543",3,,,,{83},,,,{84},,,,,,,{23},
EN300-245975,A543,1,,,,,,,,,,,,,,,{23},
EN300-264906,"A468,A543",2,,,,{81},,,,,,,,,,,{23},
EN300-190322,"A468,A538,A543",3,,,,{90},,,,,,{79},,,,,{23},
EN300-124587,"A468,A543",2,,,,{88},,,,,,,,,,,{23},
EN300-202149,"A468,A543",2,,,,{80},,,,,,,,,,,{23},
EN300-152282,"A468,A543",2,,,,{78},,,,,,,,,,,{23},
EN300-3009573,"A468,A543",2,,,,{75},,,,,,,,,,,{23},
EN300-52481422,"A467,A468,A543",3,{39},,,{76},,,,,,,,,,,{23},
EN300-1129306,"A468,A543",2,,,,{90},,,,,,,,,,,{23},
EN300-6478200,"A468,A543",2,,,,{82},,,,,,,,,,,{23},
EN300-53865307,"A468,A543",2,,,,{80},,,,,,,,,,,{23},
EN300-267938,"A468,A543",2,,,,{84},,,,,,,,,,,{23},
EN300-46898456,"A468,A543",2,,,,{74},,,,,,,,,,,{23},
EN300-1588244,"A468,A543",2,,,,{72},,,,,,,,,,,{23},
EN300-22976211,"A468,A543",2,,,,{84},,,,,,,,,,,{23},
EN300-39923825,"A468,A543",2,,,,{75},,,,,,,,,,,{23},
EN300-53420843,"A468,A543",2,,,,{80},,,,,,,,,,,{23},
EN300-155010,"A468,A473,A543",3,,,,{71},,,,{70},,,,,,,{23},
EN300-37287625,"A468,A543",2,,,,{77},,,,,,,,,,,{23},
EN300-4263619,"A468,A543",2,,,,{73},,,,,,,,,,,{23},
EN300-215327,"A468,A543",2,,,,{73},,,,,,,,,,,{23},
EN300-1270488,"A467,A468,A543",3,{44},,,{91},,,,,,,,,,,{23},
EN300-53284875,"A468,A536,A543",3,,,,{83},,,,,,,{38},,,,{23},
EN300-7425807,"A468,A473,A543",3,,,,{73},,,,{72},,,,,,,{23},
EN300-6892612,"A468,A543",2,,,,{77},,,,,,,,,,,{23},
EN300-45615222,"A468,A543",2,,,,{73},,,,,,,,,,,{23},
EN300-46617500,"A468,A543",2,,,,{89},,,,,,,,,,,{23},
EN300-53340778,A543,1,,,,,,,,,,,,,,,{23},
EN300-395211,"A468,A543",2,,,,{85},,,,,,,,,,,{23},
EN300-1073214,"A468,A543",2,,,,{73},,,,,,,,,,,{23},
EN300-53418014,"A468,A543",2,,,,{77},,,,,,,,,,,{23},
EN300-53431196,"A468,A543",2,,,,{81},,,,,,,,,,,{23},
EN300-79736,"A468,A543",2,,,,{75},,,,,,,,,,,{23},
EN300-52235699,"A468,A473,A543",3,,,,{75},,,,{74},,,,,,,{23},
EN300-46150671,"A468,A543",2,,,,{77},,,,,,,,,,,{23},
EN300-53436159,"A468,A543",2,,,,{77},,,,,,,,,,,{23},
EN300-106028,"A468,A543",2,,,,{79},,,,,,,,,,,{23},
EN300-46901515,"A468,A543",2,,,,{75},,,,,,,,,,,{23},
EN300-1608758,"A468,A538,A543",3,,,,{78},,,,,,{77},,,,,{23},
EN300-37241422,"A468,A543",2,,,,{84},,,,,,,,,,,{23},
EN300-46414925,"A468,A543",2,,,,{81},,,,,,,,,,,{23},
EN300-53434786,"A468,A543",2,,,,{80},,,,,,,,,,,{23},
EN300-26281515,"A468,A543",2,,,,{75},,,,,,,,,,,{23},
EN300-718019,"A468,A543",2,,,,{75},,,,,,,,,,,{23},
EN300-2163968,"A468,A543",2,,,,{73},,,,,,,,,,,{23},
EN300-6762412,"A468,A543",2,,,,{77},,,,,,,,,,,{23},
EN300-213158,"A468,A543",2,,,,{85},,,,,,,,,,,{23},
EN300-37287626,A543,1,,,,,,,,,,,,,,,{23},
EN300-189506,"A468,A543",2,,,,{84},,,,,,,,,,,{23},
EN300-7418860,"A468,A543",2,,,,{80},,,,,,,,,,,{23},
EN300-46373960,"A468,A543",2,,,,{74},,,,,,,,,,,{23},
EN300-880721,A543,1,,,,,,,,,,,,,,,{23},
EN300-186388,"A467,A543",2,,{81},,,,,,,,,,,,,{23},
EN300-46373826,"A468,A543",2,,,,{86},,,,,,,,,,,{23},
EN300-6479617,"A468,A543",2,,,,{75},,,,,,,,,,,{23},
EN300-220458,"A468,A543",2,,,,{84},,,,,,,,,,,{23},
EN300-53446414,"A468,A473,A543",3,,,,{74},,,,{78},,,,,,,{23},
EN300-7396772,A543,1,,,,,,,,,,,,,,,{23},
EN300-53963694,"A468,A536,A543",3,,,,{77},,,,,,,{43},,,,{23},
EN300-53961236,"A468,A543",2,,,,{76},,,,,,,,,,,{23},
EN300-46902659,"A468,A543",2,,,,{87},,,,,,,,,,,{23},
EN300-170947,"A468,A543",2,,,,{76},,,,,,,,,,,{23},
EN300-53438853,"A468,A543",2,,,,{80},,,,,,,,,,,{23},
EN300-10826078,"A468,A538,A543",3,,,,{72},,,,,,{80},,,,,{23},
EN300-19593102,"A468,A543",2,,,,{77},,,,,,,,,,,{23},
EN300-53450764,"A536,A543",2,,,,,,,,,,,{39},,,,{23},
EN300-21923162,"A468,A543",2,,,,{81},,,,,,,,,,,{23},
EN300-5049963,"A468,A543",2,,,,{80},,,,,,,,,,,{23},
EN300-53280153,"A468,A543",2,,,,{77},,,,,,,,,,,{23},
EN300-645779,"A468,A543",2,,,,{76},,,,,,,,,,,{23},
EN300-199129,"A468,A473,A543",3,,,,{78},,,,{77},,,,,,,{23},
EN300-8820969,A543,1,,,,,,,,,,,,,,,{23},
EN300-53592218,"A468,A473,A543",3,,,,{75},,,,{74},,,,,,,{23},
EN300-46611333,"A468,A543",2,,,,{79},,,,,,,,,,,{23},
EN300-2116904,"A468,A543",2,,,,{84},,,,,,,,,,,{23},
EN300-53214172,"A468,A543",2,,,,{79},,,,,,,,,,,{23},
EN300-37400185,A543,1,,,,,,,,,,,,,,,{23},
EN300-85366,"A468,A543",2,,,,{79},,,,,,,,,,,{23},
EN300-53854429,"A468,A543",2,,,,{89},,,,,,,,,,,{23},
EN300-43973,"A468,A543",2,,,,{78},,,,,,,,,,,{23},
EN300-27114354,"A468,A543",2,,,,{75},,,,,,,,,,,{23},
EN300-27721122,"A468,A543",2,,,,{82},,,,,,,,,,,{23},
EN300-53429185,"A468,A543",2,,,,{78},,,,,,,,,,,{23},
EN300-247273,"A468,A543",2,,,,{72},,,,,,,,,,,{23},
EN300-28294312,"A468,A543",2,,,,{76},,,,,,,,,,,{23},
EN300-203534,"A468,A543",2,,,,{79},,,,,,,,,,,{23},
EN300-53423530,"A468,A543",2,,,,{78},,,,,,,,,,,{23},
EN300-106183,"A468,A543",2,,,,{76},,,,,,,,,,,{23},
EN300-391794,"A468,A543",2,,,,{76},,,,,,,,,,,{23},
EN300-1604729,"A468,A543",2,,,,{77},,,,,,,,,,,{23},
EN300-134125,"A468,A543",2,,,,{75},,,,,,,,,,,{23},
EN300-25086426,"A468,A543",2,,,,{73},,,,,,,,,,,{23},
EN300-53824844,A543,1,,,,,,,,,,,,,,,{23},
EN300-46984991,"A468,A543",2,,,,{80},,,,,,,,,,,{23},
EN300-53443104,"A468,A543",2,,,,{81},,,,,,,,,,,{23},
EN300-53442539,"A468,A543",2,,,,{76},,,,,,,,,,,{23},
EN300-7550923,"A468,A473,A543",3,,,,{75},,,,{76},,,,,,,{23},
EN300-52364376,"A468,A543",2,,,,{78},,,,,,,,,,,{23},
EN300-53441528,"A468,A543",2,,,,{84},,,,,,,,,,,{23},
EN300-97383,A543,1,,,,,,,,,,,,,,,{23},
EN300-263362,"A468,A473,A543",3,,,,{73},,,,{74},,,,,,,{23},
EN300-1225253,"A468,A543",2,,,,{79},,,,,,,,,,,{23},
EN300-7501202,"A468,A543",2,,,,{79},,,,,,,,,,,{23},
EN300-53963347,"A468,A543",2,,,,{80},,,,,,,,,,,{23},
EN300-37241422,"A468,A543",2,,,,{84},,,,,,,,,,,{23},
EN300-46816508,"A468,A543",2,,,,{76},,,,,,,,,,,{23},
EN300-1244409,"A468,A543",2,,,,{74},,,,,,,,,,,{23},
EN300-51666164,"A468,A543",2,,,,{82},,,,,,,,,,,{23},
EN300-209463,"A468,A543",2,,,,{79},,,,,,,,,,,{23},
EN300-214667,"A468,A543",2,,,,{79},,,,,,,,,,,{23},
EN300-4400775,"A468,A543",2,,,,{78},,,,,,,,,,,{23},
EN300-116717,"A468,A543",2,,,,{77},,,,,,,,,,,{23},
EN300-157054,"A468,A543",2,,,,{79},,,,,,,,,,,{23},
EN300-53834982,"A468,A543",2,,,,{81},,,,,,,,,,,{23},
EN300-26293541,"A468,A543",2,,,,{80},,,,,,,,,,,{23},
EN300-1240977,"A468,A543",2,,,,{74},,,,,,,,,,,{23},
EN300-195905,"A468,A543",2,,,,{79},,,,,,,,,,,{23},
EN300-51878957,"A468,A543",2,,,,{80},,,,,,,,,,,{23},
EN300-27735889,"A468,A543",2,,,,{81},,,,,,,,,,,{23},
EN300-52796988,"A468,A543",2,,,,{84},,,,,,,,,,,{23},
EN300-53865667,"A468,A543",2,,,,{75},,,,,,,,,,,{23},
EN300-254386,"A468,A543",2,,,,{74},,,,,,,,,,,{23},
EN300-1937520,"A468,A543",2,,,,{76},,,,,,,,,,,{23},
EN300-53447404,"A468,A473,A543",3,,,,{79},,,,{78},,,,,,,{23},
EN300-67144,"A468,A543",2,,,,{74},,,,,,,,,,,{23},
EN300-203600,"A468,A543",2,,,,{81},,,,,,,,,,,{23},
EN300-53434258,A543,1,,,,,,,,,,,,,,,{23},
EN300-52213034,"A468,A543",2,,,,{76},,,,,,,,,,,{23},
EN300-26862790,"A468,A543",2,,,,{87},,,,,,,,,,,{23},
EN300-20826819,"A468,A543",2,,,,{73},,,,,,,,,,,{23},
EN300-7441840,"A468,A543",2,,,,{80},,,,,,,,,,,{23},
EN300-645263,"A468,A543",2,,,,{76},,,,,,,,,,,{23},
EN300-37451254,"A468,A543",2,,,,{75},,,,,,,,,,,{23},
EN300-26233224,"A468,A543",2,,,,{73},,,,,,,,,,,{23},
EN300-53963916,"A468,A543",2,,,,{81},,,,,,,,,,,{23},
EN300-206831,"A468,A543",2,,,,{76},,,,,,,,,,,{23},
EN300-53866912,"A468,A543",2,,,,{79},,,,,,,,,,,{23},
EN300-46902659,"A468,A543",2,,,,{87},,,,,,,,,,,{23},
EN300-106719,"A468,A543",2,,,,{72},,,,,,,,,,,{23},
EN300-23316160,"A468,A543",2,,,,{76},,,,,,,,,,,{23},
EN300-33271465,"A468,A543",2,,,,{85},,,,,,,,,,,{23},
EN300-45585860,"A468,A543",2,,,,{73},,,,,,,,,,,{23},
EN300-28220680,"A468,A543",2,,,,{76},,,,,,,,,,,{23},
EN300-1231925,"A468,A543",2,,,,{84},,,,,,,,,,,{23},
EN300-27734692,"A468,A543",2,,,,{86},,,,,,,,,,,{23},
EN300-133226,"A468,A543",2,,,,{85},,,,,,,,,,,{23},
EN300-6359519,"A468,A543",2,,,,{81},,,,,,,,,,,{23},
EN300-46816508,"A468,A543",2,,,,{76},,,,,,,,,,,{23},
EN300-51686986,"A468,A543",2,,,,{76},,,,,,,,,,,{23},
EN300-24172858,"A468,A543",2,,,,{76},,,,,,,,,,,{23},
EN300-170204,"A468,A543",2,,,,{83},,,,,,,,,,,{23},
EN300-25683484,"A468,A543",2,,,,{72},,,,,,,,,,,{23},
EN300-73364,"A468,A543",2,,,,{76},,,,,,,,,,,{23},
EN300-7392473,"A468,A543",2,,,,{82},,,,,,,,,,,{23},
EN300-23866363,"A468,A543",2,,,,{80},,,,,,,,,,,{23},
EN300-53775124,"A468,A543",2,,,,{79},,,,,,,,,,,{23},
EN300-3211010,"A468,A543",2,,,,{75},,,,,,,,,,,{23},
EN300-1931470,"A468,A543",2,,,,{77},,,,,,,,,,,{23},
EN300-256399,"A468,A543",2,,,,{72},,,,,,,,,,,{23},
EN300-243795,"A468,A543",2,,,,{78},,,,,,,,,,,{23},
EN300-364818,"A468,A543",2,,,,{79},,,,,,,,,,,{23},
EN300-26673879,"A468,A543",2,,,,{78},,,,,,,,,,,{23},
EN300-45229674,"A468,A543",2,,,,{77},,,,,,,,,,,{23},
EN300-53962244,"A467,A468,A543",3,{42},,,{78},,,,,,,,,,,{23},
EN300-1914650,"A468,A543",2,,,,{86},,,,,,,,,,,{23},
EN300-27113633,"A468,A543",2,,,,{76},,,,,,,,,,,{23},
EN300-51663914,"A468,A543",2,,,,{74},,,,,,,,,,,{23},
EN300-8216440,"A468,A543",2,,,,{79},,,,,,,,,,,{23},
EN300-56480,"A468,A543",2,,,,{77},,,,,,,,,,,{23},
EN300-55964,"A468,A543",2,,,,{82},,,,,,,,,,,{23},
EN300-53962606,"A468,A543",2,,,,{79},,,,,,,,,,,{23},
EN300-53836192,"A468,A543",2,,,,{79},,,,,,,,,,,{23},
EN300-53867821,"A468,A543",2,,,,{87},,,,,,,,,,,{23},
EN300-53290742,"A468,A543",2,,,,{76},,,,,,,,,,,{23},
EN300-93259,"A468,A543",2,,,,{72},,,,,,,,,,,{23},
EN300-37286621,"A468,A543",2,,,,{75},,,,,,,,,,,{23},
EN300-37389332,"A468,A543",2,,,,{76},,,,,,,,,,,{23},
EN300-53002198,"A468,A543",2,,,,{75},,,,,,,,,,,{23},
EN300-128257,"A468,A473,A543",3,,,,{78},,,,{77},,,,,,,{23},
EN300-181177,"A468,A543",2,,,,{78},,,,,,,,,,,{23},
EN300-233465,"A468,A543",2,,,,{75},,,,,,,,,,,{23},
ligprep_Enamine_102025_Aryl.maegz:11094,"A468,A536,A543",3,,,,{79},,,,,,,{37},,,,{23},
EN300-53961237,"A468,A543",2,,,,{78},,,,,,,,,,,{23},
EN300-22874210,"A468,A543",2,,,,{76},,,,,,,,,,,{23},
EN300-132119,"A468,A473,A543",3,,,,{76},,,,{75},,,,,,,{23},
EN300-27082539,A543,1,,,,,,,,,,,,,,,{23},
EN300-395211,"A468,A543",2,,,,{85},,,,,,,,,,,{23},
EN300-28310719,"A467,A468,A543",3,,{83},,{84},,,,,,,,,,,{23},
EN300-113031,"A468,A473,A543",3,,,,{73},,,,{74},,,,,,,{23},
EN300-37368903,"A468,A543",2,,,,{78},,,,,,,,,,,{23},
EN300-6201502,"A468,A543",2,,,,{74},,,,,,,,,,,{23},
EN300-46902659,"A468,A543",2,,,,{89},,,,,,,,,,,{23},
EN300-2359239,"A468,A543",2,,,,{80},,,,,,,,,,,{23},
EN300-53864731,"A468,A538,A543",3,,,,{78},,,,,,{81},,,,,{23},
EN300-754057,"A468,A543",2,,,,{73},,,,,,,,,,,{23},
EN300-53421893,"A468,A543",2,,,,{80},,,,,,,,,,,{23},
EN300-110252,"A467,A543",2,{39},,,,,,,,,,,,,,{23},
EN300-53424489,"A468,A543",2,,,,{87},,,,,,,,,,,{23},
EN300-110312,"A468,A543",2,,,,{76},,,,,,,,,,,{23},
EN300-27739281,"A468,A543",2,,,,{77},,,,,,,,,,,{23},
EN300-7399499,"A468,A543",2,,,,{75},,,,,,,,,,,{23},
EN300-3575797,"A468,A543",2,,,,{77},,,,,,,,,,,{23},
EN300-174169,"A468,A543",2,,,,{78},,,,,,,,,,,{23},
EN300-76778,"A468,A543",2,,,,{85},,,,,,,,,,,{23},
EN300-6735278,"A468,A543",2,,,,{74},,,,,,,,,,,{23},
EN300-7426457,"A468,A538,A543",3,,,,{78},,,,,,{76},,,,,{23},
EN300-7380814,"A467,A468,A543",3,{35},,,{88},,,,,,,,,,,{23},
EN300-53838047,"A467,A468,A543",3,{40},,,{78},,,,,,,,,,,{23},
EN300-53838049,"A467,A468,A543",3,{40},,,{78},,,,,,,,,,,{23},
EN300-53585838,"A468,A543",2,,,,{78},,,,,,,,,,,{23},
EN300-07255,"A468,A543",2,,,,{86},,,,,,,,,,,{23},
EN300-46902659,"A468,A543",2,,,,{87},,,,,,,,,,,{23},
EN300-10226199,"A468,A543",2,,,,{83},,,,,,,,,,,{23},
EN300-110143,"A468,A473,A536,A543",4,,,,{75},,,,{76},,,{35},,,,{23},
EN300-10372074,"A468,A543",2,,,,{82},,,,,,,,,,,{23},
EN300-117565,"A468,A473,A543",3,,,,{71},,,,{72},,,,,,,{23},
EN300-53413326,"A468,A543",2,,,,{85},,,,,,,,,,,{23},
EN300-28305291,"A468,A543",2,,,,{84},,,,,,,,,,,{23},
EN300-28256797,"A468,A543",2,,,,{80},,,,,,,,,,,{23},
EN300-37286614,"A468,A543",2,,,,{75},,,,,,,,,,,{23},
EN300-53837234,"A468,A543",2,,,,{79},,,,,,,,,,,{23},
EN300-232815,"A468,A543",2,,,,{73},,,,,,,,,,,{23},
EN300-53961443,"A468,A543",2,,,,{78},,,,,,,,,,,{23},
EN300-45485920,"A468,A543",2,,,,{80},,,,,,,,,,,{23},
EN300-53413592,"A468,A543",2,,,,{78},,,,,,,,,,,{23},
EN300-53867726,"A468,A543",2,,,,{77},,,,,,,,,,,{23},
EN300-53864954,"A468,A543",2,,,,{80},,,,,,,,,,,{23},
EN300-7878291,"A468,A543",2,,,,{86},,,,,,,,,,,{23},
EN300-7447039,A543,1,,,,,,,,,,,,,,,{23},
EN300-53443068,"A468,A543",2,,,,{76},,,,,,,,,,,{23},
EN300-52334,"A468,A543",2,,,,{78},,,,,,,,,,,{23},
EN300-8084541,"A468,A543",2,,,,{88},,,,,,,,,,,{23},
EN300-234148,"A468,A533,A543",3,,,,{74},,{81},,,,,,,,,{23},
EN300-7358812,"A468,A543",2,,,,{81},,,,,,,,,,,{23},
EN300-298891,"A468,A543",2,,,,{74},,,,,,,,,,,{23},
EN300-6732655,"A468,A538,A543",3,,,,{71},,,,,,{75},,,,,{23},
EN300-1266325,"A468,A543",2,,,,{76},,,,,,,,,,,{23},
EN300-7440236,"A467,A468,A543",3,{44},,,{74},,,,,,,,,,,{23},
EN300-7381408,"A468,A543",2,,,,{75},,,,,,,,,,,{23},
EN300-194914,"A468,A543",2,,,,{75},,,,,,,,,,,{23},
EN300-27734692,"A468,A543",2,,,,{86},,,,,,,,,,,{23},
EN300-3535791,"A468,A543",2,,,,{71},,,,,,,,,,,{23},
EN300-6503940,"A468,A543",2,,,,{77},,,,,,,,,,,{23},
EN300-22976211,"A468,A543",2,,,,{84},,,,,,,,,,,{23},
EN300-7069209,"A468,A543",2,,,,{79},,,,,,,,,,,{23},
EN300-26285122,"A468,A543",2,,,,{80},,,,,,,,,,,{23},
EN300-47338671,"A468,A543",2,,,,{80},,,,,,,,,,,{23},
EN300-29264315,"A468,A543",2,,,,{84},,,,,,,,,,,{23},
EN300-625052,"A468,A543",2,,,,{76},,,,,,,,,,,{23},
EN300-46373826,"A468,A543",2,,,,{86},,,,,,,,,,,{23},
EN300-53961236,"A468,A543",2,,,,{78},,,,,,,,,,,{23},
EN300-31896481,"A468,A543",2,,,,{74},,,,,,,,,,,{23},
EN300-53866092,"A468,A543",2,,,,{78},,,,,,,,,,,{23},
EN300-53438560,"A468,A543",2,,,,{81},,,,,,,,,,,{23},
EN300-27103390,"A468,A473,A543",3,,,,{78},,,,{77},,,,,,,{23},
EN300-53864881,"A468,A543",2,,,,{79},,,,,,,,,,,{23},
EN300-53833114,"A468,A536,A543",3,,,,{80},,,,,,,{47},,,,{23},
EN300-53288213,"A468,A543",2,,,,{80},,,,,,,,,,,{23},
EN300-153414,"A468,A543",2,,,,{73},,,,,,,,,,,{23},
EN300-26683096,"A468,A543",2,,,,{82},,,,,,,,,,,{23},
EN300-37289018,A543,1,,,,,,,,,,,,,,,{23},
EN300-98096,"A468,A473,A543",3,,,,{73},,,,{75},,,,,,,{23},
EN300-26209887,"A468,A543",2,,,,{86},,,,,,,,,,,{23},
EN300-26866220,A543,1,,,,,,,,,,,,,,,{23},
EN300-6820538,"A468,A543",2,,,,{74},,,,,,,,,,,{23},
EN300-61040,"A468,A543",2,,,,"{81, 83}",,,,,,,,,,,{23},
EN300-52364458,"A468,A543",2,,,,{82},,,,,,,,,,,{23},
EN300-52361559,"A468,A543",2,,,,{82},,,,,,,,,,,{23},
EN300-7376709,"A468,A543",2,,,,{90},,,,,,,,,,,{23},
EN300-26209887,"A468,A543",2,,,,{90},,,,,,,,,,,{23},
EN300-53866351,"A468,A543",2,,,,{77},,,,,,,,,,,{23},
EN300-26861339,"A468,A543",2,,,,{87},,,,,,,,,,,{23},
EN300-37110,"A468,A543",2,,,,{78},,,,,,,,,,,{23},
EN300-62021,"A468,A543",2,,,,{90},,,,,,,,,,,{23},
EN300-53439824,"A468,A543",2,,,,{77},,,,,,,,,,,{23},
EN300-7431486,"A468,A543",2,,,,{78},,,,,,,,,,,{23},
EN300-37287822,"A468,A543",2,,,,{78},,,,,,,,,,,{23},
EN300-46902659,"A468,A543",2,,,,{87},,,,,,,,,,,{23},
EN300-8153099,"A468,A543",2,,,,{79},,,,,,,,,,,{23},
EN300-141274,"A468,A543",2,,,,{80},,,,,,,,,,,{23},
EN300-28316356,"A468,A543",2,,,,{78},,,,,,,,,,,{23},
EN300-7440473,"A468,A543",2,,,,{88},,,,,,,,,,,{23},
EN300-210686,"A468,A543",2,,,,{80},,,,,,,,,,,{23},
EN300-6883604,"A468,A543",2,,,,{77},,,,,,,,,,,{23},
EN300-52705040,"A468,A543",2,,,,{78},,,,,,,,,,,{23},
EN300-51765412,"A468,A543",2,,,,{75},,,,,,,,,,,{23},
EN300-46781926,"A468,A473,A543",3,,,,{71},,,,{70},,,,,,,{23},
EN300-125738,"A468,A543",2,,,,{73},,,,,,,,,,,{23},
EN300-189641,A543,1,,,,,,,,,,,,,,,{23},
EN300-6764528,"A468,A543",2,,,,{74},,,,,,,,,,,{23},
EN300-24129339,"A468,A543",2,,,,"{82, 84}",,,,,,,,,,,{23},
EN300-1916560,"A468,A543",2,,,,{79},,,,,,,,,,,{23},
EN300-3021879,"A468,A543",2,,,,{80},,,,,,,,,,,{23},
EN300-196780,"A468,A543",2,,,,{73},,,,,,,,,,,{23},
EN300-1929382,"A468,A543",2,,,,{75},,,,,,,,,,,{23},
EN300-6760331,"A468,A473,A543",3,,,,{74},,,,{75},,,,,,,{23},
EN300-53963347,"A468,A543",2,,,,{80},,,,,,,,,,,{23},
EN300-26869239,"A468,A543",2,,,,{83},,,,,,,,,,,{23},
EN300-26869831,"A468,A543",2,,,,{83},,,,,,,,,,,{23},
EN300-26571386,"A468,A543",2,,,,{79},,,,,,,,,,,{23},
EN300-4605066,"A468,A543",2,,,,{72},,,,,,,,,,,{23},
EN300-19461746,"A468,A543",2,,,,{74},,,,,,,,,,,{23},
EN300-23910893,"A468,A543",2,,,,{78},,,,,,,,,,,{23},
EN300-37289880,"A468,A543",2,,,,{79},,,,,,,,,,,{23},
EN300-2953874,"A467,A543",2,,{76},,,,,,,,,,,,,{23},
EN300-6526738,"A468,A543",2,,,,{77},,,,,,,,,,,{23},
EN300-53866770,"A468,A543",2,,,,{84},,,,,,,,,,,{23},
EN300-52361559,"A468,A543",2,,,,{77},,,,,,,,,,,{23},
EN300-53430962,"A468,A543",2,,,,{78},,,,,,,,,,,{23},
EN300-28316356,"A468,A543",2,,,,{78},,,,,,,,,,,{23},
EN300-28332147,"A468,A543",2,,,,{78},,,,,,,,,,,{23},
EN300-39919864,"A468,A543",2,,,,{76},,,,,,,,,,,{23},
EN300-102013,"A468,A543",2,,,,{77},,,,,,,,,,,{23},
EN300-23614610,"A468,A543",2,,,,{87},,,,,,,,,,,{23},
EN300-51880420,"A468,A473,A543",3,,,,{79},,,,{80},,,,,,,{23},
EN300-257123,"A467,A468,A543",3,,{86},,{85},,,,,,,,,,,{23},
EN300-170317,"A468,A543",2,,,,{82},,,,,,,,,,,{23},
EN300-22976211,"A468,A543",2,,,,{84},,,,,,,,,,,{23},
EN300-15472,"A468,A543",2,,,,{75},,,,,,,,,,,{23},
EN300-270125,"A468,A543",2,,,,{76},,,,,,,,,,,{23},
EN300-1222479,"A468,A543",2,,,,{80},,,,,,,,,,,{23},
EN300-28299265,"A468,A543",2,,,,{77},,,,,,,,,,,{23},
EN300-37289026,"A468,A543",2,,,,{78},,,,,,,,,,,{23},
EN300-8188322,"A468,A543",2,,,,{84},,,,,,,,,,,{23},
EN300-7428200,"A468,A543",2,,,,{93},,,,,,,,,,,{23},
EN300-51757809,"A468,A543",2,,,,{82},,,,,,,,,,,{23},
EN300-26667923,"A468,A543",2,,,,{79},,,,,,,,,,,{23},
EN300-1588021,A543,1,,,,,,,,,,,,,,,{23},
EN300-44822442,"A468,A543",2,,,,{75},,,,,,,,,,,{23},
EN300-1925816,"A468,A543",2,,,,{79},,,,,,,,,,,{23},
EN300-2982887,"A468,A543",2,,,,{76},,,,,,,,,,,{23},
EN300-53962606,"A468,A543",2,,,,{79},,,,,,,,,,,{23},
EN300-102457,"A468,A543",2,,,,{73},,,,,,,,,,,{23},
EN300-7105864,"A468,A543",2,,,,{79},,,,,,,,,,,{23},
EN300-53290022,"A468,A543",2,,,,{81},,,,,,,,,,,{23},
EN300-125359,"A468,A543",2,,,,{79},,,,,,,,,,,{23},
EN300-26958560,"A467,A543",2,,{89},,,,,,,,,,,,,{23},
EN300-1241838,"A468,A543",2,,,,{74},,,,,,,,,,,{23},
EN300-27121351,"A468,A543",2,,,,{74},,,,,,,,,,,{23},
EN300-712519,"A468,A543",2,,,,{81},,,,,,,,,,,{23},
EN300-7428256,"A468,A543",2,,,,{83},,,,,,,,,,,{23},
EN300-1933496,"A468,A543",2,,,,{75},,,,,,,,,,,{23},
EN300-106891,"A468,A543",2,,,,{80},,,,,,,,,,,{23},
EN300-39923804,"A468,A543",2,,,,{79},,,,,,,,,,,{23},
EN300-391794,"A468,A543",2,,,,{76},,,,,,,,,,,{23},
EN300-180954,"A468,A543",2,,,,{73},,,,,,,,,,,{23},
EN300-52727453,"A468,A543",2,,,,{82},,,,,,,,,,,{23},
EN300-18698582,"A468,A543",2,,,,{88},,,,,,,,,,,{23},
EN300-7987184,"A468,A543",2,,,,{75},,,,,,,,,,,{23},
EN300-3566132,"A468,A543",2,,,,{76},,,,,,,,,,,{23},
EN300-192065,"A468,A473,A543",3,,,,{79},,,,{78},,,,,,,{23},
EN300-1241838,"A468,A543",2,,,,{74},,,,,,,,,,,{23},
EN300-316718,"A468,A543",2,,,,{74},,,,,,,,,,,{23},
EN300-1659261,"A468,A543",2,,,,{74},,,,,,,,,,,{23},
EN300-22171316,"A468,A543",2,,,,{74},,,,,,,,,,,{23},
EN300-28220680,A543,1,,,,,,,,,,,,,,,{23},
EN300-142199,"A468,A543",2,,,,{76},,,,,,,,,,,{23},
EN300-79340,"A468,A543",2,,,,{83},,,,,,,,,,,{23},
EN300-5041769,"A468,A543",2,,,,{76},,,,,,,,,,,{23},
EN300-174570,"A468,A543",2,,,,{75},,,,,,,,,,,{23},
EN300-5270183,"A468,A473,A543",3,,,,{75},,,,{74},,,,,,,{23},
EN300-53439641,"A468,A543",2,,,,{75},,,,,,,,,,,{23},
EN300-31775,"A468,A543",2,,,,{71},,,,,,,,,,,{23},
EN300-208374,"A468,A543",2,,,,{71},,,,,,,,,,,{23},
EN300-4254253,"A468,A543",2,,,,{77},,,,,,,,,,,{23},
EN300-67196,"A467,A536,A543",3,,{79},,,,,,,,,{35},,,,{23},
EN300-1270488,"A468,A543",2,,,,{87},,,,,,,,,,,{23},
EN300-7426457,"A468,A543",2,,,,{78},,,,,,,,,,,{23},
EN300-208650,"A468,A543",2,,,,{78},,,,,,,,,,,{23},
EN300-261807,"A468,A543",2,,,,"{90, 86}",,,,,,,,,,,{23},
EN300-53423528,"A468,A543",2,,,,{77},,,,,,,,,,,{23},
EN300-265923,"A468,A543",2,,,,{79},,,,,,,,,,,{23},
EN300-7274980,"A468,A543",2,,,,{73},,,,,,,,,,,{23},
EN300-11866,"A468,A543",2,,,,{77},,,,,,,,,,,{23},
EN300-177404,"A468,A543",2,,,,{72},,,,,,,,,,,{23},
EN300-53450044,"A468,A543",2,,,,{77},,,,,,,,,,,{23},
EN300-98299,"A468,A543",2,,,,{76},,,,,,,,,,,{23},
EN300-53442504,"A467,A536,A543",3,,{86},,,,,,,,,{39},,,,{23},
EN300-53409489,"A468,A543",2,,,,{84},,,,,,,,,,,{23},
EN300-7425991,"A468,A543",2,,,,{76},,,,,,,,,,,{23},
EN300-37241422,"A468,A543",2,,,,{91},,,,,,,,,,,{23},
EN300-201240,"A468,A543",2,,,,{74},,,,,,,,,,,{23},
EN300-52521063,"A468,A543",2,,,,{76},,,,,,,,,,,{23},
EN300-27699173,A543,1,,,,,,,,,,,,,,,{23},
EN300-53261996,"A467,A468,A543",3,{41},,,{84},,,,,,,,,,,{23},
EN300-51743910,"A468,A543",2,,,,{87},,,,,,,,,,,{23},
EN300-26277617,"A468,A543",2,,,,{74},,,,,,,,,,,{23},
EN300-51755824,"A467,A543",2,,{88},,,,,,,,,,,,,{23},
EN300-53259204,"A468,A543",2,,,,{76},,,,,,,,,,,{23},
EN300-53449074,"A468,A543",2,,,,{83},,,,,,,,,,,{23},
EN300-233637,"A468,A473,A543",3,,,,{77},,,,{78},,,,,,,{23},
EN300-2981640,"A468,A543",2,,,,{79},,,,,,,,,,,{23},
EN300-126896,"A468,A543",2,,,,{72},,,,,,,,,,,{23},
EN300-645261,"A468,A543",2,,,,{79},,,,,,,,,,,{23},
EN300-27082104,A543,1,,,,,,,,,,,,,,,{23},
EN300-5132311,"A468,A543",2,,,,{82},,,,,,,,,,,{23},
EN300-27148610,"A468,A473,A543",3,,,,{81},,,,{80},,,,,,,{23},
EN300-6503692,"A468,A473,A543",3,,,,{78},,,,{79},,,,,,,{23},
EN300-1608691,"A468,A543",2,,,,{78},,,,,,,,,,,{23},
EN300-7455424,"A468,A543",2,,,,{77},,,,,,,,,,,{23},
EN300-680538,"A468,A543",2,,,,{80},,,,,,,,,,,{23},
EN300-52562440,"A468,A543",2,,,,{77},,,,,,,,,,,{23},
EN300-37085116,"A467,A468,A543",3,{40},,,{77},,,,,,,,,,,{23},
EN300-52361571,"A468,A543",2,,,,{78},,,,,,,,,,,{23},
EN300-269815,"A468,A538,A543",3,,,,{74},,,,,,{72},,,,,{23},
EN300-1256675,"A468,A543",2,,,,{82},,,,,,,,,,,{23},
EN300-77974,"A468,A543",2,,,,{75},,,,,,,,,,,{23},
EN300-27100539,"A468,A543",2,,,,{82},,,,,,,,,,,{23},
EN300-5104139,"A468,A543",2,,,,{74},,,,,,,,,,,{23},
EN300-13339127,"A468,A543",2,,,,{80},,,,,,,,,,,{23},
EN300-46894279,"A468,A543",2,,,,{73},,,,,,,,,,,{23},
EN300-33271465,"A468,A543",2,,,,{85},,,,,,,,,,,{23},
EN300-53961633,"A468,A543",2,,,,{80},,,,,,,,,,,{23},
EN300-53416759,A543,1,,,,,,,,,,,,,,,{23},
EN300-53422263,"A468,A543",2,,,,{84},,,,,,,,,,,{23},
EN300-51745602,"A468,A543",2,,,,{79},,,,,,,,,,,{23},
EN300-4403253,"A468,A543",2,,,,{73},,,,,,,,,,,{23},
EN300-170732,"A468,A543",2,,,,{76},,,,,,,,,,,{23},
EN300-19583335,"A468,A543",2,,,,{76},,,,,,,,,,,{23},
EN300-53450393,"A468,A543",2,,,,{73},,,,,,,,,,,{23},
EN300-80976,"A468,A543",2,,,,{85},,,,,,,,,,,{23},
EN300-97225,"A468,A473,A543",3,,,,{77},,,,{76},,,,,,,{23},
EN300-114968,"A468,A543",2,,,,{80},,,,,,,,,,,{23},
EN300-51783695,"A468,A543",2,,,,{92},,,,,,,,,,,{23},
EN300-27734692,"A468,A543",2,,,,{86},,,,,,,,,,,{23},
EN300-194801,"A468,A543",2,,,,{72},,,,,,,,,,,{23},
EN300-2152489,"A468,A543",2,,,,{86},,,,,,,,,,,{23},
EN300-53284024,"A468,A543",2,,,,{75},,,,,,,,,,,{23},
EN300-53439765,"A468,A543",2,,,,{72},,,,,,,,,,,{23},
EN300-5087344,"A468,A543",2,,,,{87},,,,,,,,,,,{23},
EN300-2009398,"A468,A533,A543",3,,,,{81},,{74},,,,,,,,,{23},
EN300-7392029,"A468,A543",2,,,,{77},,,,,,,,,,,{23},
EN300-46611493,"A468,A538,A543",3,,,,{75},,,,,,{73},,,,,{23},
EN300-1255558,"A468,A543",2,,,,{74},,,,,,,,,,,{23},
EN300-244579,"A468,A543",2,,,,{75},,,,,,,,,,,{23},
EN300-53963045,"A468,A543",2,,,,{79},,,,,,,,,,,{23},
EN300-8688267,"A467,A543",2,,{80},,,,,,,,,,,,,{23},
EN300-7704043,"A468,A543",2,,,,{80},,,,,,,,,,,{23},
EN300-6784617,"A468,A543",2,,,,{74},,,,,,,,,,,{23},
EN300-141514,"A468,A543",2,,,,{75},,,,,,,,,,,{23},
EN300-170338,"A468,A543",2,,,,{74},,,,,,,,,,,{23},
EN300-8161234,"A468,A543",2,,,,{78},,,,,,,,,,,{23},
EN300-7473371,"A468,A543",2,,,,{78},,,,,,,,,,,{23},
EN300-53445172,A543,1,,,,,,,,,,,,,,,{23},
EN300-8679793,"A468,A543",2,,,,{79},,,,,,,,,,,{23},
EN300-53446811,"A468,A543",2,,,,{75},,,,,,,,,,,{23},
EN300-53290175,"A468,A538,A543",3,,,,{81},,,,,,{86},,,,,{23},
EN300-6491143,"A468,A543",2,,,,{83},,,,,,,,,,,{23},
EN300-217398,"A468,A543",2,,,,{72},,,,,,,,,,,{23},
EN300-249894,A543,1,,,,,,,,,,,,,,,{23},
EN300-1897159,"A468,A543",2,,,,{78},,,,,,,,,,,{23},
EN300-53961616,"A468,A543",2,,,,{76},,,,,,,,,,,{23},
EN300-53867820,"A468,A543",2,,,,{82},,,,,,,,,,,{23},
EN300-47247615,"A468,A538,A543",3,,,,{76},,,,,,{82},,,,,{23},
EN300-4374177,"A467,A543",2,,{75},,,,,,,,,,,,,{23},
EN300-217496,"A468,A543",2,,,,{75},,,,,,,,,,,{23},
EN300-7655484,"A468,A543",2,,,,{73},,,,,,,,,,,{23},
EN300-195725,"A468,A543",2,,,,{76},,,,,,,,,,,{23},
EN300-715203,"A468,A543",2,,,,{76},,,,,,,,,,,{23},
EN300-8662915,"A468,A543",2,,,,{80},,,,,,,,,,,{23},
EN300-226787,"A468,A543",2,,,,{77},,,,,,,,,,,{23},
EN300-53962027,"A468,A543",2,,,,{77},,,,,,,,,,,{23},
EN300-137666,"A467,A543",2,,{75},,,,,,,,,,,,,{23},
EN300-6763832,A543,1,,,,,,,,,,,,,,,{23},
EN300-53437822,"A468,A543",2,,,,{75},,,,,,,,,,,{23},
EN300-53154286,"A468,A538,A543",3,,,,{79},,,,,,{73},,,,,{23},
EN300-4401240,"A468,A543",2,,,,{87},,,,,,,,,,,{23},
EN300-10226199,A543,1,,,,,,,,,,,,,,,{23},
EN300-53434251,"A468,A543",2,,,,{86},,,,,,,,,,,{23},
EN300-52851709,"A468,A543",2,,,,{92},,,,,,,,,,,{23},
EN300-7542172,"A468,A543",2,,,,{81},,,,,,,,,,,{23},
EN300-116547,"A467,A543",2,{38},,,,,,,,,,,,,,{23},
EN300-53290021,"A468,A543",2,,,,{81},,,,,,,,,,,{23},
EN300-51757130,"A468,A536,A543",3,,,,{86},,,,,,,{52},,,,{23},
EN300-173550,"A468,A543",2,,,,{72},,,,,,,,,,,{23},
EN300-2007640,"A468,A543",2,,,,{77},,,,,,,,,,,{23},
EN300-7763279,"A468,A543",2,,,,{74},,,,,,,,,,,{23},
EN300-51746651,"A468,A543",2,,,,{79},,,,,,,,,,,{23},
EN300-53290315,A543,1,,,,,,,,,,,,,,,{23},
EN300-7548584,"A468,A543",2,,,,{76},,,,,,,,,,,{23},
EN300-128364,"A468,A543",2,,,,{72},,,,,,,,,,,{23},
EN300-1295162,"A468,A543",2,,,,{76},,,,,,,,,,,{23},
EN300-53290022,A543,1,,,,,,,,,,,,,,,{23},
EN300-304207,"A468,A543",2,,,,{92},,,,,,,,,,,{23},
EN300-51837923,"A468,A543",2,,,,{77},,,,,,,,,,,{23},
EN300-1699416,"A468,A543",2,,,,{85},,,,,,,,,,,{23},
EN300-170774,"A468,A543",2,,,,{73},,,,,,,,,,,{23},
EN300-345261,"A468,A543",2,,,,{77},,,,,,,,,,,{23},
EN300-39852352,"A468,A543",2,,,,{76},,,,,,,,,,,{23},
EN300-7441840,"A468,A543",2,,,,{80},,,,,,,,,,,{23},
EN300-8161608,"A468,A543",2,,,,{82},,,,,,,,,,,{23},
EN300-7427196,"A468,A538,A543",3,,,,{78},,,,,,{85},,,,,{23},
EN300-7434392,"A468,A543",2,,,,{79},,,,,,,,,,,{23},
EN300-681456,"A468,A543",2,,,,{76},,,,,,,,,,,{23},
EN300-37241422,"A468,A543",2,,,,{84},,,,,,,,,,,{23},
EN300-4994728,"A468,A543",2,,,,{82},,,,,,,,,,,{23},
EN300-44883,"A468,A543",2,,,,{75},,,,,,,,,,,{23},
EN300-1967043,"A468,A543",2,,,,{77},,,,,,,,,,,{23},
EN300-190388,"A468,A543",2,,,,{77},,,,,,,,,,,{23},
EN300-51663726,"A468,A543",2,,,,{81},,,,,,,,,,,{23},
EN300-23609704,"A468,A543",2,,,,{81},,,,,,,,,,,{23},
EN300-1720518,"A468,A543",2,,,,{74},,,,,,,,,,,{23},
EN300-19608439,"A468,A543",2,,,,{81},,,,,,,,,,,{23},
EN300-86176,"A468,A543",2,,,,{72},,,,,,,,,,,{23},
EN300-53445313,"A468,A543",2,,,,{87},,,,,,,,,,,{23},
EN300-37083858,"A468,A543",2,,,,{76},,,,,,,,,,,{23},
EN300-3572885,"A468,A543",2,,,,{75},,,,,,,,,,,{23},
EN300-11007089,"A468,A543",2,,,,{85},,,,,,,,,,,{23},
EN300-37241422,A543,1,,,,,,,,,,,,,,,{23},
EN300-199638,"A468,A543",2,,,,{74},,,,,,,,,,,{23},
EN300-7447042,"A468,A543",2,,,,{78},,,,,,,,,,,{23},
EN300-37241422,"A468,A543",2,,,,{84},,,,,,,,,,,{23},
EN300-53961212,"A468,A543",2,,,,{77},,,,,,,,,,,{23},
EN300-215640,"A468,A543",2,,,,{75},,,,,,,,,,,{23},
EN300-53345838,"A468,A543",2,,,,{77},,,,,,,,,,,{23},
EN300-51745469,"A468,A536,A543",3,,,,{78},,,,,,,{47},,,,{23},
EN300-52473271,"A468,A543",2,,,,{84},,,,,,,,,,,{23},
EN300-51607981,"A468,A543",2,,,,{84},,,,,,,,,,,{23},
EN300-113159,"A468,A543",2,,,,{72},,,,,,,,,,,{23},
EN300-99108,"A468,A473,A543",3,,,,{77},,,,{78},,,,,,,{23},
EN300-7674092,"A468,A543",2,,,,{73},,,,,,,,,,,{23},
EN300-97760,"A468,A543",2,,,,{76},,,,,,,,,,,{23},
EN300-333310,"A468,A543",2,,,,{75},,,,,,,,,,,{23},
EN300-37693531,"A468,A543",2,,,,{87},,,,,,,,,,,{23},
EN300-6237250,"A468,A543",2,,,,{74},,,,,,,,,,,{23},
EN300-106087,"A467,A468,A543",3,{40},,,{76},,,,,,,,,,,{23},
EN300-39853557,"A468,A543",2,,,,{75},,,,,,,,,,,{23},
EN300-52057692,"A468,A543",2,,,,{76},,,,,,,,,,,{23},
EN300-221790,"A468,A543",2,,,,{90},,,,,,,,,,,{23},
EN300-645270,"A468,A543",2,,,,{81},,,,,,,,,,,{23},
EN300-3274349,"A468,A543",2,,,,{80},,,,,,,,,,,{23},
EN300-159277,"A468,A543",2,,,,{95},,,,,,,,,,,{23},
EN300-53261996,"A468,A543",2,,,,{84},,,,,,,,,,,{23},
EN300-21008526,"A468,A543",2,,,,{74},,,,,,,,,,,{23},
EN300-32156,"A468,A543",2,,,,{83},,,,,,,,,,,{23},
EN300-1912019,"A467,A468,A543",3,,{78},,{74},,,,,,,,,,,{23},
EN300-2010112,"A468,A543",2,,,,{77},,,,,,,,,,,{23},
EN300-322337,"A468,A543",2,,,,{82},,,,,,,,,,,{23},
EN300-170009,"A468,A543",2,,,,{74},,,,,,,,,,,{23},
EN300-309723,"A468,A543",2,,,,{79},,,,,,,,,,,{23},
EN300-6494620,A543,1,,,,,,,,,,,,,,,{23},
EN300-6729074,"A468,A538,A543",3,,,,{76},,,,,,{81},,,,,{23},
EN300-189850,"A468,A543",2,,,,{74},,,,,,,,,,,{23},
EN300-53836192,"A468,A543",2,,,,{80},,,,,,,,,,,{23},
EN300-39849278,"A468,A543",2,,,,{89},,,,,,,,,,,{23},
EN300-53961204,"A468,A543",2,,,,{77},,,,,,,,,,,{23},
EN300-53963736,"A468,A543",2,,,,{85},,,,,,,,,,,{23},
EN300-7654395,"A468,A543",2,,,,{80},,,,,,,,,,,{23},
EN300-56273,"A468,A543",2,,,,{71},,,,,,,,,,,{23},
EN300-6487998,"A468,A543",2,,,,{75},,,,,,,,,,,{23},
EN300-6488615,"A468,A543",2,,,,{72},,,,,,,,,,,{23},
EN300-53832531,"A468,A543",2,,,,{81},,,,,,,,,,,{23},
EN300-53431172,A543,1,,,,,,,,,,,,,,,{23},
EN300-53440354,"A468,A543",2,,,,{85},,,,,,,,,,,{23},
EN300-640683,"A468,A543",2,,,,{75},,,,,,,,,,,{23},
EN300-37278277,"A468,A543",2,,,,{79},,,,,,,,,,,{23},
EN300-7447079,"A468,A543",2,,,,{77},,,,,,,,,,,{23},
EN300-192001,"A468,A543",2,,,,{74},,,,,,,,,,,{23},
EN300-3047859,"A468,A543",2,,,,{84},,,,,,,,,,,{23},
EN300-22044837,"A468,A543",2,,,,{72},,,,,,,,,,,{23},
EN300-53481,"A468,A473,A543",3,,,,{72},,,,{71},,,,,,,{23},
EN300-26862721,"A468,A543",2,,,,{77},,,,,,,,,,,{23},
EN300-53429428,"A468,A543",2,,,,{81},,,,,,,,,,,{23},
EN300-3203444,"A468,A543",2,,,,{80},,,,,,,,,,,{23},
EN300-53865307,"A468,A543",2,,,,{80},,,,,,,,,,,{23},
EN300-7447079,"A468,A543",2,,,,{76},,,,,,,,,,,{23},
EN300-26958577,"A468,A543",2,,,,{76},,,,,,,,,,,{23},
EN300-53448301,"A468,A543",2,,,,{83},,,,,,,,,,,{23},
EN300-1699802,"A468,A543",2,,,,{77},,,,,,,,,,,{23},
EN300-28298244,"A468,A543",2,,,,{74},,,,,,,,,,,{23},
EN300-220254,"A468,A473,A543",3,,,,{75},,,,{76},,,,,,,{23},
EN300-7935271,"A468,A543",2,,,,{75},,,,,,,,,,,{23},
EN300-46811781,"A468,A543",2,,,,{76},,,,,,,,,,,{23},
EN300-53439465,"A468,A543",2,,,,{73},,,,,,,,,,,{23},
EN300-200474,"A468,A473,A543",3,,,,{80},,,,{81},,,,,,,{23},
EN300-53434339,"A468,A543",2,,,,{79},,,,,,,,,,,{23},
EN300-46593900,"A468,A543",2,,,,{84},,,,,,,,,,,{23},
EN300-51745862,"A468,A543",2,,,,{76},,,,,,,,,,,{23},
EN300-51999209,"A468,A543",2,,,,{80},,,,,,,,,,,{23},
EN300-177942,"A468,A543",2,,,,{86},,,,,,,,,,,{23},
EN300-21054514,"A468,A543",2,,,,{73},,,,,,,,,,,{23},
EN300-195696,"A468,A543",2,,,,{76},,,,,,,,,,,{23},
EN300-149389,"A468,A543",2,,,,{80},,,,,,,,,,,{23},
EN300-3212352,"A468,A543",2,,,,{79},,,,,,,,,,,{23},
EN300-53447405,"A468,A543",2,,,,{81},,,,,,,,,,,{23},
EN300-51653007,"A468,A543",2,,,,{88},,,,,,,,,,,{23},
EN300-113294,"A468,A543",2,,,,{77},,,,,,,,,,,{23},
EN300-37289173,"A468,A543",2,,,,{79},,,,,,,,,,,{23},
EN300-96053,"A468,A543",2,,,,{81},,,,,,,,,,,{23},
EN300-102108,"A468,A473,A543",3,,,,{82},,,,{81},,,,,,,{23},
EN300-6479571,"A468,A543",2,,,,{76},,,,,,,,,,,{23},
EN300-3077393,"A468,A543",2,,,,{76},,,,,,,,,,,{23},
EN300-52698627,"A468,A543",2,,,,{79},,,,,,,,,,,{23},
EN300-7931494,"A468,A543",2,,,,{78},,,,,,,,,,,{23},
EN300-2239091,"A468,A543",2,,,,{74},,,,,,,,,,,{23},
EN300-52471853,"A468,A543",2,,,,{85},,,,,,,,,,,{23},
EN300-52603651,"A468,A543",2,,,,{85},,,,,,,,,,,{23},
EN300-53963415,"A468,A543",2,,,,{81},,,,,,,,,,,{23},
ligprep_Enamine_102025_Aryl.maegz:25208,"A468,A543",2,,,,{73},,,,,,,,,,,{23},
EN300-190229,"A468,A543",2,,,,{75},,,,,,,,,,,{23},
EN300-25922,"A468,A533,A543",3,,,,{83},,{78},,,,,,,,,{23},
EN300-51743941,A543,1,,,,,,,,,,,,,,,{23},
EN300-221790,"A468,A543",2,,,,{90},,,,,,,,,,,{23},
EN300-141765,"A468,A543",2,,,,{85},,,,,,,,,,,{23},
EN300-33039410,"A467,A543",2,,{75},,,,,,,,,,,,,{23},
EN300-53449597,"A468,A543",2,,,,{81},,,,,,,,,,,{23},
EN300-726450,"A468,A543",2,,,,{85},,,,,,,,,,,{23},
EN300-7543550,"A468,A473,A536,A543",4,,,,{79},,,,{80},,,{37},,,,{23},
EN300-67249,"A468,A543",2,,,,{80},,,,,,,,,,,{23},
EN300-52434922,"A468,A543",2,,,,{75},,,,,,,,,,,{23},
EN300-225495,"A468,A543",2,,,,{78},,,,,,,,,,,{23},
EN300-3180061,"A468,A543",2,,,,{80},,,,,,,,,,,{23},
EN300-59936,"A468,A543",2,,,,{75},,,,,,,,,,,{23},
EN300-83842,"A468,A543",2,,,,{75},,,,,,,,,,,{23},
EN300-53434292,"A468,A543",2,,,,{87},,,,,,,,,,,{23},
EN300-21835784,"A468,A543",2,,,,{73},,,,,,,,,,,{23},
EN300-53002198,"A468,A543",2,,,,{75},,,,,,,,,,,{23},
EN300-1968412,"A468,A543",2,,,,{74},,,,,,,,,,,{23},
EN300-22996813,"A468,A473,A543",3,,,,{73},,,,{74},,,,,,,{23},
EN300-1232892,"A468,A543",2,,,,{77},,,,,,,,,,,{23},
EN300-53867148,"A468,A536,A543",3,,,,{84},,,,,,,{38},,,,{23},
EN300-7409819,"A468,A543",2,,,,{79},,,,,,,,,,,{23},
EN300-53417741,"A468,A543",2,,,,{78},,,,,,,,,,,{23},
EN300-37288503,"A468,A543",2,,,,{77},,,,,,,,,,,{23},
EN300-313709,"A468,A543",2,,,,{78},,,,,,,,,,,{23},
EN300-45229674,"A468,A536,A543",3,,,,{76},,,,,,,{39},,,,{23},
EN300-73591,"A468,A543",2,,,,{84},,,,,,,,,,,{23},
EN300-53287503,"A468,A543",2,,,,{86},,,,,,,,,,,{23},
EN300-53865221,"A468,A543",2,,,,{79},,,,,,,,,,,{23},
EN300-53597170,"A468,A473,A543",3,,,,{75},,,,{76},,,,,,,{23},
EN300-22976211,"A538,A543",2,,,,,,,,,,{74},,,,,{23},
EN300-7548457,"A468,A543",2,,,,{80},,,,,,,,,,,{23},
EN300-13886,"A468,A543",2,,,,{78},,,,,,,,,,,{23},
EN300-228932,"A468,A543",2,,,,{78},,,,,,,,,,,{23},
EN300-6926743,"A468,A543",2,,,,{74},,,,,,,,,,,{23},
EN300-5123453,"A468,A543",2,,,,{84},,,,,,,,,,,{23},
EN300-6866866,"A468,A543",2,,,,{77},,,,,,,,,,,{23},
EN300-53432640,"A468,A543",2,,,,{84},,,,,,,,,,,{23},
EN300-7425528,"A468,A543",2,,,,{79},,,,,,,,,,,{23},
EN300-22891434,"A468,A543",2,,,,{73},,,,,,,,,,,{23},
EN300-6744173,"A468,A543",2,,,,{87},,,,,,,,,,,{23},
EN300-53443272,"A468,A543",2,,,,{84},,,,,,,,,,,{23},
EN300-1929459,"A468,A543",2,,,,{77},,,,,,,,,,,{23},
EN300-1720880,A543,1,,,,,,,,,,,,,,,{23},
EN300-104615,"A468,A543",2,,,,{82},,,,,,,,,,,{23},
EN300-1945633,"A468,A543",2,,,,{77},,,,,,,,,,,{23},
EN300-53439276,"A468,A543",2,,,,{76},,,,,,,,,,,{23},
EN300-2008027,"A468,A543",2,,,,{75},,,,,,,,,,,{23},
EN300-4265520,"A468,A543",2,,,,{70},,,,,,,,,,,{23},
EN300-52366131,"A468,A543",2,,,,{78},,,,,,,,,,,{23},
EN300-1168546,"A468,A543",2,,,,{72},,,,,,,,,,,{23},
EN300-27777653,"A468,A543",2,,,,{75},,,,,,,,,,,{23},
EN300-52816044,"A468,A543",2,,,,{80},,,,,,,,,,,{23},
EN300-378319,"A468,A543",2,,,,{82},,,,,,,,,,,{23},
EN300-7367399,"A468,A543",2,,,,{76},,,,,,,,,,,{23},
EN300-53014063,"A468,A543",2,,,,{73},,,,,,,,,,,{23},
ligprep_Enamine_102025_Aryl.maegz:25208,"A468,A543",2,,,,{74},,,,,,,,,,,{23},
EN300-75760,"A468,A543",2,,,,{72},,,,,,,,,,,{23},
EN300-52473294,"A468,A543",2,,,,{81},,,,,,,,,,,{23},
EN300-19089156,"A468,A543",2,,,,{81},,,,,,,,,,,{23},
EN300-4261342,"A468,A543",2,,,,{72},,,,,,,,,,,{23},
EN300-310218,"A468,A543",2,,,,{78},,,,,,,,,,,{23},
EN300-53961205,"A468,A543",2,,,,{77},,,,,,,,,,,{23},
EN300-30595405,"A468,A536,A543",3,,,,{95},,,,,,,{44},,,,{23},
EN300-1478769,"A468,A536,A543",3,,,,{95},,,,,,,{44},,,,{23},
EN300-6767165,"A467,A468,A543",3,{43},,,{78},,,,,,,,,,,{23},
EN300-7363597,"A468,A543",2,,,,{78},,,,,,,,,,,{23},
EN300-19458003,"A468,A543",2,,,,{81},,,,,,,,,,,{23},
EN300-30983328,"A468,A543",2,,,,{76},,,,,,,,,,,{23},
EN300-372522,"A468,A543",2,,,,{74},,,,,,,,,,,{23},
EN300-37241422,"A468,A543",2,,,,{84},,,,,,,,,,,{23},
EN300-213442,"A468,A543",2,,,,{75},,,,,,,,,,,{23},
EN300-53867718,"A468,A543",2,,,,{76},,,,,,,,,,,{23},
EN300-2958577,"A468,A543",2,,,,{74},,,,,,,,,,,{23},
EN300-1726013,"A468,A543",2,,,,{82},,,,,,,,,,,{23},
EN300-6497739,"A468,A538,A543",3,,,,{84},,,,,,{74},,,,,{23},
EN300-84166,"A468,A543",2,,,,{72},,,,,,,,,,,{23},
EN300-7929739,"A468,A543",2,,,,{75},,,,,,,,,,,{23},
EN300-53963261,"A468,A543",2,,,,{93},,,,,,,,,,,{23},
EN300-233465,"A468,A543",2,,,,{75},,,,,,,,,,,{23},
EN300-7761772,"A467,A468,A543",3,,{74},,{74},,,,,,,,,,,{23},
EN300-195436,"A468,A543",2,,,,{73},,,,,,,,,,,{23},
EN300-134051,"A468,A543",2,,,,{80},,,,,,,,,,,{23},
EN300-8269174,"A468,A543",2,,,,{76},,,,,,,,,,,{23},
EN300-121441,"A468,A543",2,,,,{71},,,,,,,,,,,{23},
EN300-53445226,A543,1,,,,,,,,,,,,,,,{23},
EN300-72917,"A468,A543",2,,,,{75},,,,,,,,,,,{23},
EN300-40838,"A468,A543",2,,,,{81},,,,,,,,,,,{23},
EN300-77449,"A468,A543",2,,,,{75},,,,,,,,,,,{23},
EN300-219487,"A468,A543",2,,,,{89},,,,,,,,,,,{23},
EN300-1259042,"A468,A543",2,,,,{75},,,,,,,,,,,{23},
EN300-53259204,"A468,A543",2,,,,{75},,,,,,,,,,,{23},
EN300-45861653,A543,1,,,,,,,,,,,,,,,{23},
EN300-124086,"A468,A543",2,,,,{79},,,,,,,,,,,{23},
EN300-37241422,A543,1,,,,,,,,,,,,,,,{23},
EN300-1910603,"A468,A543",2,,,,{79},,,,,,,,,,,{23},
EN300-3190991,"A468,A543",2,,,,{72},,,,,,,,,,,{23},
EN300-742258,"A468,A543",2,,,,{79},,,,,,,,,,,{23},
EN300-61899,"A468,A473,A543",3,,,,{79},,,,{78},,,,,,,{23},
EN300-47337808,"A468,A543",2,,,,{76},,,,,,,,,,,{23},
EN300-221790,"A468,A543",2,,,,{90},,,,,,,,,,,{23},
EN300-2259300,A543,1,,,,,,,,,,,,,,,{23},
EN300-51730928,"A468,A543",2,,,,{77},,,,,,,,,,,{23},
EN300-37287081,"A468,A543",2,,,,{76},,,,,,,,,,,{23},
EN300-53868083,A543,1,,,,,,,,,,,,,,,{23},
EN300-3206566,"A468,A543",2,,,,{76},,,,,,,,,,,{23},
EN300-53865389,A543,1,,,,,,,,,,,,,,,{23},
EN300-170648,"A467,A543",2,,{76},,,,,,,,,,,,,{23},
EN300-154665,"A468,A543",2,,,,{76},,,,,,,,,,,{23},
EN300-89284,"A468,A543",2,,,,{76},,,,,,,,,,,{23},
EN300-2985748,A543,1,,,,,,,,,,,,,,,{23},
EN300-5733628,"A468,A543",2,,,,{82},,,,,,,,,,,{23},
EN300-191154,"A468,A543",2,,,,{74},,,,,,,,,,,{23},
EN300-243354,A543,1,,,,,,,,,,,,,,,{23},
EN300-6729872,"A468,A543",2,,,,{77},,,,,,,,,,,{23},
EN300-7501202,"A468,A543",2,,,,{79},,,,,,,,,,,{23},
EN300-53452382,"A468,A543",2,,,,{80},,,,,,,,,,,{23},
EN300-199875,"A468,A543",2,,,,{75},,,,,,,,,,,{23},
EN300-24794634,"A468,A543",2,,,,{74},,,,,,,,,,,{23},
EN300-3008689,"A468,A543",2,,,,{78},,,,,,,,,,,{23},
EN300-6779217,"A468,A543",2,,,,{74},,,,,,,,,,,{23},
EN300-165830,"A468,A543",2,,,,{82},,,,,,,,,,,{23},
EN300-37293282,"A467,A468,A543",3,{43},,,{79},,,,,,,,,,,{23},
EN300-28227296,"A468,A543",2,,,,{86},,,,,,,,,,,{23},
EN300-38836702,"A468,A543",2,,,,{78},,,,,,,,,,,{23},
EN300-53963871,"A468,A543",2,,,,{79},,,,,,,,,,,{23},
EN300-37107,"A468,A543",2,,,,{71},,,,,,,,,,,{23},
EN300-1267157,"A468,A543",2,,,,{78},,,,,,,,,,,{23},
EN300-53450764,A543,1,,,,,,,,,,,,,,,{23},
EN300-33403776,"A467,A543",2,,{77},,,,,,,,,,,,,{23},
EN300-6776569,"A467,A543",2,,{79},,,,,,,,,,,,,{23},
EN300-213860,"A468,A543",2,,,,{75},,,,,,,,,,,{23},
EN300-137190,"A468,A543",2,,,,{77},,,,,,,,,,,{23},
EN300-53866519,A543,1,,,,,,,,,,,,,,,{23},
EN300-12442638,"A468,A543",2,,,,{75},,,,,,,,,,,{23},
EN300-262671,"A468,A473,A543",3,,,,{73},,,,{72},,,,,,,{23},
EN300-2971079,"A468,A538,A543",3,,,,{78},,,,,,{77},,,,,{23},
EN300-873193,"A468,A543",2,,,,{84},,,,,,,,,,,{23},
EN300-8743542,"A468,A543",2,,,,{77},,,,,,,,,,,{23},
EN300-52053723,"A468,A543",2,,,,{79},,,,,,,,,,,{23},
EN300-8028609,"A467,A468,A543",3,{38},,,{78},,,,,,,,,,,{23},
EN300-53431093,"A468,A543",2,,,,{75},,,,,,,,,,,{23},
EN300-193702,"A468,A543",2,,,,{72},,,,,,,,,,,{23},
EN300-1666326,"A468,A543",2,,,,{79},,,,,,,,,,,{23},
EN300-64733,"A468,A543",2,,,,{80},,,,,,,,,,,{23},
EN300-53431256,"A467,A468,A543",3,{39},,,{84},,,,,,,,,,,{23},
EN300-53154286,"A468,A538,A543",3,,,,{79},,,,,,{73},,,,,{23},
EN300-8002581,"A468,A543",2,,,,{75},,,,,,,,,,,{23},
EN300-28297034,"A468,A543",2,,,,{76},,,,,,,,,,,{23},
EN300-697615,"A468,A543",2,,,,{79},,,,,,,,,,,{23},
EN300-53090368,"A468,A543",2,,,,{74},,,,,,,,,,,{23},
EN300-100823,"A468,A543",2,,,,{73},,,,,,,,,,,{23},
EN300-53960242,"A468,A543",2,,,,{76},,,,,,,,,,,{23},
EN300-131746,"A468,A543",2,,,,{76},,,,,,,,,,,{23},
EN300-247472,"A468,A543",2,,,,{78},,,,,,,,,,,{23},
EN300-248763,"A468,A543",2,,,,{72},,,,,,,,,,,{23},
EN300-18541241,"A468,A538,A543",3,,,,{90},,,,,,{84},,,,,{23},
EN300-142103,"A468,A543",2,,,,{74},,,,,,,,,,,{23},
EN300-53963202,"A468,A543",2,,,,{78},,,,,,,,,,,{23},
EN300-53434960,"A468,A543",2,,,,{81},,,,,,,,,,,{23},
EN300-1478769,"A536,A543",2,,,,,,,,,,,"{51, 47}",,,,{23},
EN300-33281918,"A468,A543",2,,,,{88},,,,,,,,,,,{23},
EN300-52851552,"A468,A543",2,,,,{88},,,,,,,,,,,{23},
EN300-53290764,"A468,A543",2,,,,{86},,,,,,,,,,,{23},
EN300-113469,"A468,A543",2,,,,{77},,,,,,,,,,,{23},
EN300-52211054,"A468,A543",2,,,,{78},,,,,,,,,,,{23},
EN300-53418885,A543,1,,,,,,,,,,,,,,,{23},
EN300-374138,"A468,A543",2,,,,{76},,,,,,,,,,,{23},
EN300-1624275,"A468,A543",2,,,,{75},,,,,,,,,,,{23},
EN300-192362,"A468,A543",2,,,,{73},,,,,,,,,,,{23},
EN300-46883509,"A468,A543",2,,,,{76},,,,,,,,,,,{23},
EN300-25683800,"A468,A543",2,,,,{80},,,,,,,,,,,{23},
EN300-4249634,"A468,A543",2,,,,{75},,,,,,,,,,,{23},
EN300-33063816,"A468,A543",2,,,,{74},,,,,,,,,,,{23},
EN300-27718982,"A468,A543",2,,,,{74},,,,,,,,,,,{23},
EN300-28250051,"A468,A543",2,,,,{77},,,,,,,,,,,{23},
EN300-52443490,"A468,A543",2,,,,{83},,,,,,,,,,,{23},
EN300-2982455,"A468,A543",2,,,,{82},,,,,,,,,,,{23},
EN300-314210,"A468,A543",2,,,,{74},,,,,,,,,,,{23},
EN300-173083,A543,1,,,,,,,,,,,,,,,{23},
EN300-1232741,"A468,A543",2,,,,{73},,,,,,,,,,,{23},
EN300-53421892,"A468,A543",2,,,,{81},,,,,,,,,,,{23},
EN300-268818,"A468,A543",2,,,,{80},,,,,,,,,,,{23},
EN300-27143428,"A468,A543",2,,,,{77},,,,,,,,,,,{23},
EN300-52473490,"A468,A543",2,,,,{77},,,,,,,,,,,{23},
EN300-633475,"A468,A543",2,,,,{79},,,,,,,,,,,{23},
EN300-53962151,"A468,A543",2,,,,{79},,,,,,,,,,,{23},
EN300-5625277,"A468,A543",2,,,,{77},,,,,,,,,,,{23},
EN300-1267250,"A467,A543",2,,{83},,,,,,,,,,,,,{23},
EN300-297324,"A468,A543",2,,,,{83},,,,,,,,,,,{23},
EN300-313116,"A468,A543",2,,,,{76},,,,,,,,,,,{23},
EN300-7447062,"A468,A543",2,,,,{77},,,,,,,,,,,{23},
EN300-52351709,"A468,A543",2,,,,{76},,,,,,,,,,,{23},
EN300-170351,"A468,A543",2,,,,{74},,,,,,,,,,,{23},
EN300-172453,"A467,A543",2,,{76},,,,,,,,,,,,,{23},
EN300-194283,"A468,A543",2,,,,{75},,,,,,,,,,,{23},
EN300-6817804,"A468,A543",2,,,,{74},,,,,,,,,,,{23},
EN300-2005046,"A468,A543",2,,,,{83},,,,,,,,,,,{23},
EN300-333142,"A468,A543",2,,,,{76},,,,,,,,,,,{23},
EN300-217207,"A468,A543",2,,,,{85},,,,,,,,,,,{23},
EN300-1301429,"A468,A543",2,,,,{73},,,,,,,,,,,{23},
EN300-1071034,"A468,A543",2,,,,{82},,,,,,,,,,,{23},
EN300-7447062,"A468,A543",2,,,,{77},,,,,,,,,,,{23},
EN300-218647,"A468,A473,A543",3,,,,{73},,,,{72},,,,,,,{23},
EN300-53445022,A543,1,,,,,,,,,,,,,,,{23},
EN300-53845366,A543,1,,,,,,,,,,,,,,,{23},
EN300-125064,"A468,A543",2,,,,{77},,,,,,,,,,,{23},
EN300-28233704,"A468,A543",2,,,,{73},,,,,,,,,,,{23},
EN300-46884718,"A468,A543",2,,,,{82},,,,,,,,,,,{23},
EN300-176806,"A468,A543",2,,,,{78},,,,,,,,,,,{23},
EN300-1264886,"A468,A543",2,,,,{72},,,,,,,,,,,{23},
EN300-1718190,"A468,A543",2,,,,{83},,,,,,,,,,,{23},
EN300-6496350,"A467,A543",2,{39},,,,,,,,,,,,,,{23},
EN300-22874165,"A468,A543",2,,,,{80},,,,,,,,,,,{23},
EN300-224707,"A468,A543",2,,,,{76},,,,,,,,,,,{23},
EN300-37339559,"A468,A543",2,,,,{73},,,,,,,,,,,{23},
EN300-7565040,"A468,A543",2,,,,{77},,,,,,,,,,,{23},
EN300-27114963,"A468,A543",2,,,,{76},,,,,,,,,,,{23},
EN300-53450079,"A468,A543",2,,,,{75},,,,,,,,,,,{23},
EN300-76303,"A468,A543",2,,,,{77},,,,,,,,,,,{23},
EN300-120900,"A468,A543",2,,,,{72},,,,,,,,,,,{23},
EN300-179521,"A468,A543",2,,,,{74},,,,,,,,,,,{23},
EN300-269989,"A468,A543",2,,,,{73},,,,,,,,,,,{23},
EN300-53435781,"A468,A543",2,,,,{79},,,,,,,,,,,{23},
EN300-53281465,A543,1,,,,,,,,,,,,,,,{23},
EN300-53867430,"A468,A543",2,,,,{78},,,,,,,,,,,{23},
EN300-22936413,"A467,A468,A543",3,,{78},,{77},,,,,,,,,,,{23},
EN300-53005404,"A468,A543",2,,,,{76},,,,,,,,,,,{23},
EN300-3209458,"A467,A543",2,,{80},,,,,,,,,,,,,{23},
EN300-53418439,"A468,A543",2,,,,{77},,,,,,,,,,,{23},
EN300-3215813,"A468,A543",2,,,,{74},,,,,,,,,,,{23},
EN300-217473,"A468,A543",2,,,,{79},,,,,,,,,,,{23},
EN300-316528,"A468,A538,A543",3,,,,{73},,,,,,{77},,,,,{23},
EN300-111685,"A468,A543",2,,,,{71},,,,,,,,,,,{23},
EN300-7869259,"A467,A543",2,,{78},,,,,,,,,,,,,{23},
EN300-135012,"A468,A543",2,,,,{76},,,,,,,,,,,{23},
EN300-53188,"A468,A543",2,,,,{81},,,,,,,,,,,{23},
EN300-5764489,"A468,A543",2,,,,{78},,,,,,,,,,,{23},
EN300-28303248,"A468,A543",2,,,,{78},,,,,,,,,,,{23},
EN300-1255550,"A468,A543",2,,,,{75},,,,,,,,,,,{23},
EN300-53427009,"A468,A543",2,,,,{78},,,,,,,,,,,{23},
EN300-263078,"A468,A543",2,,,,{81},,,,,,,,,,,{23},
EN300-27831,"A468,A543",2,,,,{75},,,,,,,,,,,{23},
EN300-184232,"A468,A543",2,,,,{75},,,,,,,,,,,{23},
EN300-7868684,"A468,A543",2,,,,{78},,,,,,,,,,,{23},
EN300-306909,"A468,A473,A543",3,,,,{75},,,,{74},,,,,,,{23},
EN300-25693916,"A468,A543",2,,,,{83},,,,,,,,,,,{23},
EN300-53867796,"A468,A543",2,,,,{76},,,,,,,,,,,{23},
EN300-6746216,"A468,A543",2,,,,{73},,,,,,,,,,,{23},
EN300-6488241,"A468,A536,A543",3,,,,{77},,,,,,,{39},,,,{23},
EN300-53440659,"A468,A543",2,,,,{80},,,,,,,,,,,{23},
EN300-53450935,"A468,A543",2,,,,{73},,,,,,,,,,,{23},
EN300-303683,"A467,A543",2,,{83},,,,,,,,,,,,,{23},
EN300-6474536,"A468,A543",2,,,,{75},,,,,,,,,,,{23},
EN300-3077734,"A468,A543",2,,,,{80},,,,,,,,,,,{23},
EN300-2943175,"A468,A543",2,,,,{76},,,,,,,,,,,{23},
EN300-37221,"A468,A543",2,,,,{72},,,,,,,,,,,{23},
EN300-55440,"A468,A543",2,,,,{79},,,,,,,,,,,{23},
EN300-4329287,"A468,A543",2,,,,{77},,,,,,,,,,,{23},
EN300-7564202,"A468,A543",2,,,,{74},,,,,,,,,,,{23},
EN300-51743681,"A468,A543",2,,,,{79},,,,,,,,,,,{23},
EN300-33440,"A468,A543",2,,,,{74},,,,,,,,,,,{23},
EN300-7924847,"A467,A543",2,,{80},,,,,,,,,,,,,{23},
EN300-55313,"A468,A543",2,,,,{81},,,,,,,,,,,{23},
EN300-188467,"A468,A543",2,,,,{77},,,,,,,,,,,{23},
EN300-7623949,"A468,A473,A543",3,,,,{73},,,,{72},,,,,,,{23},
EN300-1294864,"A468,A543",2,,,,{80},,,,,,,,,,,{23},
EN300-53423689,"A468,A543",2,,,,{78},,,,,,,,,,,{23},
EN300-761740,"A468,A543",2,,,,{79},,,,,,,,,,,{23},
EN300-28332037,"A468,A543",2,,,,{88},,,,,,,,,,,{23},
EN300-46831773,"A468,A543",2,,,,{74},,,,,,,,,,,{23},
EN300-37241422,"A468,A543",2,,,,{91},,,,,,,,,,,{23},
EN300-53961205,"A468,A543",2,,,,{77},,,,,,,,,,,{23},
EN300-349262,"A468,A543",2,,,,{85},,,,,,,,,,,{23},
EN300-63589,"A468,A543",2,,,,{76},,,,,,,,,,,{23},
EN300-53963404,"A468,A543",2,,,,{87},,,,,,,,,,,{23},
EN300-3256329,"A468,A543",2,,,,{78},,,,,,,,,,,{23},
EN300-6777601,"A468,A543",2,,,,{74},,,,,,,,,,,{23},
EN300-210686,"A468,A543",2,,,,{80},,,,,,,,,,,{23},
EN300-53518742,"A468,A543",2,,,,{79},,,,,,,,,,,{23},
EN300-53962604,"A468,A543",2,,,,{79},,,,,,,,,,,{23},
EN300-119026,"A468,A543",2,,,,{80},,,,,,,,,,,{23},
EN300-20831774,"A468,A543",2,,,,{74},,,,,,,,,,,{23},
EN300-25371921,"A468,A543",2,,,,{80},,,,,,,,,,,{23},
EN300-1713681,"A468,A543",2,,,,{82},,,,,,,,,,,{23},
EN300-75422,"A468,A543",2,,,,{72},,,,,,,,,,,{23},
EN300-131070,"A468,A543",2,,,,{83},,,,,,,,,,,{23},
EN300-53281695,"A468,A543",2,,,,{75},,,,,,,,,,,{23},
EN300-26665696,"A468,A543",2,,,,{80},,,,,,,,,,,{23},
EN300-47320128,"A468,A543",2,,,,{75},,,,,,,,,,,{23},
EN300-1931450,"A468,A543",2,,,,{76},,,,,,,,,,,{23},
EN300-72633,"A468,A543",2,,,,{76},,,,,,,,,,,{23},
EN300-110122,"A468,A543",2,,,,{85},,,,,,,,,,,{23},
EN300-8669552,"A468,A543",2,,,,{78},,,,,,,,,,,{23},
EN300-7869568,"A468,A543",2,,,,{75},,,,,,,,,,,{23},
EN300-53414166,"A467,A543",2,,{80},,,,,,,,,,,,,{23},
EN300-53445312,"A468,A543",2,,,,{84},,,,,,,,,,,{23},
EN300-362985,"A468,A543",2,,,,{76},,,,,,,,,,,{23},
EN300-171142,"A468,A543",2,,,,{75},,,,,,,,,,,{23},
EN300-39879092,"A468,A543",2,,,,{76},,,,,,,,,,,{23},
EN300-1708761,A543,1,,,,,,,,,,,,,,,{23},
EN300-244721,"A468,A543",2,,,,{77},,,,,,,,,,,{23},
EN300-74290,"A468,A543",2,,,,{77},,,,,,,,,,,{23},
EN300-53417935,"A468,A543",2,,,,{79},,,,,,,,,,,{23},
EN300-2335871,"A468,A543",2,,,,{73},,,,,,,,,,,{23},
EN300-177370,"A468,A543",2,,,,{80},,,,,,,,,,,{23},
EN300-1984769,"A468,A543",2,,,,{81},,,,,,,,,,,{23},
EN300-72939,A543,1,,,,,,,,,,,,,,,{23},
EN300-364416,"A468,A543",2,,,,{74},,,,,,,,,,,{23},
EN300-53865924,"A468,A543",2,,,,{77},,,,,,,,,,,{23},
EN300-27193417,"A468,A543",2,,,,{89},,,,,,,,,,,{23},
EN300-22902625,"A468,A543",2,,,,{77},,,,,,,,,,,{23},
EN300-37468828,"A468,A543",2,,,,{74},,,,,,,,,,,{23},
EN300-26977655,A543,1,,,,,,,,,,,,,,,{23},
EN300-53415699,"A468,A543",2,,,,{76},,,,,,,,,,,{23},
EN300-45487746,"A468,A543",2,,,,"{82, 84}",,,,,,,,,,,{23},
EN300-197190,"A468,A543",2,,,,{75},,,,,,,,,,,{23},
EN300-09207,"A468,A543",2,,,,{73},,,,,,,,,,,{23},
EN300-203559,"A467,A543",2,,{86},,,,,,,,,,,,,{23},
EN300-373708,"A468,A543",2,,,,{79},,,,,,,,,,,{23},
EN300-188858,"A468,A543",2,,,,{72},,,,,,,,,,,{23},
EN300-46621733,"A468,A543",2,,,,{78},,,,,,,,,,,{23},
EN300-108417,"A468,A473,A543",3,,,,{72},,,,{76},,,,,,,{23},
EN300-53447989,"A468,A543",2,,,,{80},,,,,,,,,,,{23},
EN300-53280988,"A538,A543",2,,,,,,,,,,{78},,,,,{23},
EN300-51989354,"A468,A543",2,,,,{74},,,,,,,,,,,{23},
EN300-192503,"A468,A543",2,,,,{83},,,,,,,,,,,{23},
EN300-37241422,"A468,A543",2,,,,{84},,,,,,,,,,,{23},
EN300-178908,"A468,A543",2,,,,{79},,,,,,,,,,,{23},
EN300-1625550,"A468,A543",2,,,,{73},,,,,,,,,,,{23},
EN300-398738,"A468,A543",2,,,,{77},,,,,,,,,,,{23},
EN300-3114750,"A468,A543",2,,,,"{74, 76}",,,,,,,,,,,{23},
EN300-1722741,"A467,A543",2,,{78},,,,,,,,,,,,,{23},
EN300-37473980,"A468,A543",2,,,,{72},,,,,,,,,,,{23},
EN300-3200093,"A468,A543",2,,,,{77},,,,,,,,,,,{23},
EN300-43066,"A468,A543",2,,,,{71},,,,,,,,,,,{23},
EN300-5083664,"A468,A543",2,,,,{78},,,,,,,,,,,{23},
EN300-4262431,"A468,A543",2,,,,{75},,,,,,,,,,,{23},
EN300-25391889,"A468,A543",2,,,,"{75, 78}",,,,,,,,,,,{23},
EN300-133584,"A468,A543",2,,,,{73},,,,,,,,,,,{23},
EN300-7446967,A543,1,,,,,,,,,,,,,,,{23},
EN300-68772,"A468,A543",2,,,,{82},,,,,,,,,,,{23},
EN300-28299793,"A468,A543",2,,,,{75},,,,,,,,,,,{23},
EN300-726392,"A468,A473,A543",3,,,,{78},,,,{77},,,,,,,{23},
EN300-3000425,"A468,A543",2,,,,{81},,,,,,,,,,,{23},
EN300-7562805,"A468,A543",2,,,,{76},,,,,,,,,,,{23},
EN300-53438833,"A468,A543",2,,,,{84},,,,,,,,,,,{23},
EN300-7539142,"A468,A543",2,,,,{80},,,,,,,,,,,{23},
EN300-52484042,"A468,A543",2,,,,{77},,,,,,,,,,,{23},
EN300-211577,A543,1,,,,,,,,,,,,,,,{23},
EN300-6526791,"A468,A543",2,,,,{84},,,,,,,,,,,{23},
EN300-37241422,"A468,A543",2,,,,{84},,,,,,,,,,,{23},
EN300-56508,"A468,A543",2,,,,{74},,,,,,,,,,,{23},
EN300-45874863,"A467,A543",2,,{79},,,,,,,,,,,,,{23},
EN300-7878291,"A468,A543",2,,,,{86},,,,,,,,,,,{23},
EN300-12586497,"A468,A543",2,,,,{78},,,,,,,,,,,{23},
EN300-51781806,"A468,A543",2,,,,"{83, 79}",,,,,,,,,,,{23},
EN300-190388,"A468,A543",2,,,,{77},,,,,,,,,,,{23},
EN300-1968737,"A468,A543",2,,,,{77},,,,,,,,,,,{23},
EN300-53447390,"A468,A543",2,,,,{83},,,,,,,,,,,{23},
EN300-190422,"A467,A543",2,,{76},,,,,,,,,,,,,{23},
EN300-51880426,"A468,A543",2,,,,{81},,,,,,,,,,,{23},
EN300-6744051,"A468,A543",2,,,,{81},,,,,,,,,,,{23},
EN300-319108,"A468,A543",2,,,,{75},,,,,,,,,,,{23},
EN300-22906823,"A468,A543",2,,,,{77},,,,,,,,,,,{23},
EN300-33063819,"A468,A543",2,,,,{77},,,,,,,,,,,{23},
EN300-371875,"A468,A543",2,,,,{75},,,,,,,,,,,{23},
EN300-28220982,"A468,A533,A543",3,,,,{75},,{83},,,,,,,,,{23},
EN300-6775182,"A468,A543",2,,,,{77},,,,,,,,,,,{23},
EN300-5597162,"A468,A543",2,,,,{84},,,,,,,,,,,{23},
EN300-7355232,"A467,A468,A543",3,,{74},,{73},,,,,,,,,,,{23},
EN300-27747688,"A468,A543",2,,,,{74},,,,,,,,,,,{23},
EN300-384022,"A468,A543",2,,,,{81},,,,,,,,,,,{23},
EN300-7758331,"A468,A543",2,,,,{74},,,,,,,,,,,{23},
EN300-295296,"A468,A543",2,,,,{83},,,,,,,,,,,{23},
EN300-349279,"A468,A543",2,,,,{76},,,,,,,,,,,{23},
EN300-261532,"A468,A543",2,,,,{77},,,,,,,,,,,{23},
EN300-103690,"A468,A543",2,,,,{76},,,,,,,,,,,{23},
EN300-7654756,"A468,A533,A543",3,,,,{76},,{73},,,,,,,,,{23},
EN300-25371921,"A468,A543",2,,,,{80},,,,,,,,,,,{23},
EN300-52698869,"A467,A468,A543",3,{43},,,{83},,,,,,,,,,,{23},
EN300-366872,"A468,A543",2,,,,{78},,,,,,,,,,,{23},
EN300-53450295,"A468,A543",2,,,,{75},,,,,,,,,,,{23},
EN300-37292786,"A468,A543",2,,,,{78},,,,,,,,,,,{23},
EN300-7760487,"A467,A468,A543",3,,{74},,{75},,,,,,,,,,,{23},
EN300-6800394,"A468,A543",2,,,,{74},,,,,,,,,,,{23},
EN300-74125,"A468,A543",2,,,,{92},,,,,,,,,,,{23},
EN300-37241422,"A468,A543",2,,,,{91},,,,,,,,,,,{23},
EN300-37400171,"A468,A543",2,,,,{86},,,,,,,,,,,{23},
EN300-26690608,"A468,A543",2,,,,{74},,,,,,,,,,,{23},
EN300-1295860,"A468,A543",2,,,,{78},,,,,,,,,,,{23},
EN300-822199,"A468,A543",2,,,,{74},,,,,,,,,,,{23},
EN300-36116679,"A467,A543",2,,{75},,,,,,,,,,,,,{23},
EN300-299385,"A468,A473,A543",3,,,,{73},,,,{74},,,,,,,{23},
EN300-22118450,"A468,A543",2,,,,{75},,,,,,,,,,,{23},
EN300-8498296,"A468,A543",2,,,,{76},,,,,,,,,,,{23},
EN300-1721013,"A468,A543",2,,,,{72},,,,,,,,,,,{23},
EN300-6775546,"A468,A543",2,,,,{76},,,,,,,,,,,{23},
EN300-46902930,"A467,A468,A543",3,{37},,,{83},,,,,,,,,,,{23},
EN300-360088,"A468,A543",2,,,,{79},,,,,,,,,,,{23},
EN300-53447347,"A468,A543",2,,,,{80},,,,,,,,,,,{23},
EN300-7412704,"A467,A468,A543",3,,{74},,{75},,,,,,,,,,,{23},
EN300-19101024,"A467,A468,A543",3,,{74},,{75},,,,,,,,,,,{23},
EN300-51746605,A543,1,,,,,,,,,,,,,,,{23},
EN300-121116,"A468,A538,A543",3,,,,{74},,,,,,{72},,,,,{23},
EN300-77450,"A468,A543",2,,,,{75},,,,,,,,,,,{23},
EN300-71439,"A468,A543",2,,,,{82},,,,,,,,,,,{23},
EN300-115496,A543,1,,,,,,,,,,,,,,,{23},
EN300-52804018,"A468,A543",2,,,,{76},,,,,,,,,,,{23},
EN300-36596847,"A468,A543",2,,,,{75},,,,,,,,,,,{23},
EN300-61629,"A468,A543",2,,,,{80},,,,,,,,,,,{23},
EN300-1719899,"A468,A543",2,,,,{77},,,,,,,,,,,{23},
EN300-1910273,"A468,A543",2,,,,{77},,,,,,,,,,,{23},
EN300-52473490,"A468,A543",2,,,,{77},,,,,,,,,,,{23},
EN300-55472,"A468,A543",2,,,,{80},,,,,,,,,,,{23},
EN300-1246560,"A468,A543",2,,,,{78},,,,,,,,,,,{23},
EN300-6734166,"A468,A543",2,,,,{75},,,,,,,,,,,{23},
EN300-3328680,"A468,A543",2,,,,{83},,,,,,,,,,,{23},
EN300-53423387,A543,1,,,,,,,,,,,,,,,{23},
EN300-1243351,"A468,A543",2,,,,{80},,,,,,,,,,,{23},
EN300-396368,"A468,A543",2,,,,{82},,,,,,,,,,,{23},
EN300-52409350,"A468,A543",2,,,,{80},,,,,,,,,,,{23},
EN300-10191204,"A468,A543",2,,,,{88},,,,,,,,,,,{23},
EN300-46183158,"A468,A536,A543",3,,,,{84},,,,,,,{35},,,,{23},
EN300-53417934,"A468,A543",2,,,,{78},,,,,,,,,,,{23},
EN300-225633,"A467,A468,A543",3,{43},,,{80},,,,,,,,,,,{23},
EN300-26862790,"A468,A543",2,,,,{87},,,,,,,,,,,{23},
EN300-1270488,"A468,A543",2,,,,{87},,,,,,,,,,,{23},
EN300-170340,"A467,A543",2,,{75},,,,,,,,,,,,,{23},
EN300-52213441,"A468,A543",2,,,,{77},,,,,,,,,,,{23},
EN300-1720827,"A467,A543",2,,{93},,,,,,,,,,,,,{23},
EN300-23821332,"A467,A543",2,,{93},,,,,,,,,,,,,{23},
EN300-192468,"A468,A538,A543",3,,,,{85},,,,,,{88},,,,,{23},
EN300-52366130,"A468,A543",2,,,,{81},,,,,,,,,,,{23},
EN300-3073887,"A468,A543",2,,,,{76},,,,,,,,,,,{23},
EN300-298504,"A468,A543",2,,,,{75},,,,,,,,,,,{23},
EN300-53449007,"A468,A543",2,,,,{76},,,,,,,,,,,{23},
EN300-199307,"A468,A543",2,,,,{79},,,,,,,,,,,{23},
EN300-7780294,A543,1,,,,,,,,,,,,,,,{23},
EN300-52535628,"A468,A543",2,,,,{78},,,,,,,,,,,{23},
EN300-1720884,"A468,A543",2,,,,{73},,,,,,,,,,,{23},
EN300-2930417,"A468,A543",2,,,,{78},,,,,,,,,,,{23},
EN300-117896,"A468,A543",2,,,,{75},,,,,,,,,,,{23},
EN300-22819422,"A468,A543",2,,,,{77},,,,,,,,,,,{23},
EN300-3059607,"A468,A543",2,,,,{81},,,,,,,,,,,{23},
EN300-7002962,"A468,A543",2,,,,{72},,,,,,,,,,,{23},
EN300-51744864,"A468,A543",2,,,,{83},,,,,,,,,,,{23},
EN300-25046434,"A468,A543",2,,,,{73},,,,,,,,,,,{23},
EN300-45910527,"A468,A543",2,,,,{81},,,,,,,,,,,{23},
EN300-254606,"A468,A543",2,,,,{80},,,,,,,,,,,{23},
EN300-6253474,"A468,A543",2,,,,{77},,,,,,,,,,,{23},
EN300-7383857,"A467,A543",2,,{75},,,,,,,,,,,,,{23},
EN300-53422262,A543,1,,,,,,,,,,,,,,,{23},
EN300-52534223,"A468,A543",2,,,,{78},,,,,,,,,,,{23},
EN300-53288137,"A468,A543",2,,,,{87},,,,,,,,,,,{23},
EN300-27108746,"A468,A543",2,,,,{78},,,,,,,,,,,{23},
EN300-19104260,"A468,A543",2,,,,{78},,,,,,,,,,,{23},
EN300-53963045,"A468,A543",2,,,,{81},,,,,,,,,,,{23},
EN300-37273158,"A468,A543",2,,,,{79},,,,,,,,,,,{23},
EN300-45902282,"A467,A543",2,,{82},,,,,,,,,,,,,{23},
EN300-187074,A543,1,,,,,,,,,,,,,,,{23},
EN300-37289014,"A468,A543",2,,,,{78},,,,,,,,,,,{23},
EN300-6532031,"A467,A543",2,,{78},,,,,,,,,,,,,{23},
EN300-6875443,"A468,A543",2,,,,{77},,,,,,,,,,,{23},
EN300-23313056,"A468,A543",2,,,,{79},,,,,,,,,,,{23},
EN300-1233052,"A468,A543",2,,,,{78},,,,,,,,,,,{23},
EN300-46303127,"A468,A543",2,,,,{77},,,,,,,,,,,{23},
EN300-109006,"A468,A538,A543",3,,,,{77},,,,,,{78},,,,,{23},
EN300-293267,"A468,A543",2,,,,{77},,,,,,,,,,,{23},
EN300-53865833,"A467,A468,A543",3,{38},,,{77},,,,,,,,,,,{23},
EN300-43361501,A543,1,,,,,,,,,,,,,,,{23},
EN300-53447649,"A468,A543",2,,,,{80},,,,,,,,,,,{23},
EN300-247741,"A468,A543",2,,,,{78},,,,,,,,,,,{23},
EN300-02233,"A468,A543",2,,,,{75},,,,,,,,,,,{23},
EN300-8041954,"A468,A543",2,,,,{75},,,,,,,,,,,{23},
EN300-53445312,"A467,A468,A543",3,{38},,,{84},,,,,,,,,,,{23},
EN300-246339,"A468,A543",2,,,,{84},,,,,,,,,,,{23},
EN300-46581498,"A468,A543",2,,,,{84},,,,,,,,,,,{23},
EN300-1705859,"A468,A543",2,,,,{85},,,,,,,,,,,{23},
EN300-26209887,"A468,A543",2,,,,{90},,,,,,,,,,,{23},
EN300-53412797,"A468,A543",2,,,,{76},,,,,,,,,,,{23},
EN300-51743135,"A468,A543",2,,,,{76},,,,,,,,,,,{23},
EN300-1165945,"A468,A543",2,,,,{81},,,,,,,,,,,{23},
EN300-7446456,"A468,A543",2,,,,{77},,,,,,,,,,,{23},
EN300-2993932,"A468,A543",2,,,,{74},,,,,,,,,,,{23},
EN300-2925392,"A468,A543",2,,,,{72},,,,,,,,,,,{23},
EN300-27739296,"A468,A473,A543",3,,,,{75},,,,{74},,,,,,,{23},
EN300-22124858,"A468,A543",2,,,,{77},,,,,,,,,,,{23},
EN300-46902659,"A468,A543",2,,,,{89},,,,,,,,,,,{23},
EN300-52416203,"A468,A543",2,,,,{80},,,,,,,,,,,{23},
EN300-37241422,"A468,A543",2,,,,{91},,,,,,,,,,,{23},
EN300-53345461,"A467,A543",2,,{85},,,,,,,,,,,,,{23},
EN300-27695478,"A468,A473,A543",3,,,,{77},,,,{78},,,,,,,{23},
EN300-243307,"A468,A543",2,,,,{79},,,,,,,,,,,{23},
EN300-51661613,"A468,A543",2,,,,{78},,,,,,,,,,,{23},
EN300-646082,A543,1,,,,,,,,,,,,,,,{23},
EN300-316799,"A468,A473,A543",3,,,,{73},,,,{72},,,,,,,{23},
EN300-6769951,"A468,A543",2,,,,{75},,,,,,,,,,,{23},
EN300-101224,"A468,A543",2,,,,{76},,,,,,,,,,,{23},
EN300-7377017,"A468,A543",2,,,,{73},,,,,,,,,,,{23},
EN300-212073,"A467,A543",2,,{80},,,,,,,,,,,,,{23},
EN300-45196,A543,1,,,,,,,,,,,,,,,{23},
EN300-7077612,"A468,A543",2,,,,{81},,,,,,,,,,,{23},
EN300-53290335,"A468,A473,A543",3,,,,{77},,,,{76},,,,,,,{23},
EN300-22177517,"A468,A543",2,,,,{78},,,,,,,,,,,{23},
EN300-53449062,"A468,A543",2,,,,{74},,,,,,,,,,,{23},
EN300-51744804,A543,1,,,,,,,,,,,,,,,{23},
EN300-45910527,"A468,A543",2,,,,{81},,,,,,,,,,,{23},
EN300-269287,"A468,A543",2,,,,{75},,,,,,,,,,,{23},
EN300-37357045,"A468,A543",2,,,,{77},,,,,,,,,,,{23},
EN300-5123453,"A468,A543",2,,,,{84},,,,,,,,,,,{23},
EN300-199638,"A468,A543",2,,,,{74},,,,,,,,,,,{23},
EN300-207087,"A468,A543",2,,,,{75},,,,,,,,,,,{23},
EN300-53288387,"A468,A543",2,,,,{76},,,,,,,,,,,{23},
EN300-7361310,"A468,A543",2,,,,{81},,,,,,,,,,,{23},
EN300-45561521,"A468,A543",2,,,,{80},,,,,,,,,,,{23},
EN300-20764186,A543,1,,,,,,,,,,,,,,,{23},
EN300-53195445,A543,1,,,,,,,,,,,,,,,{23},
EN300-37137427,"A468,A543",2,,,,{94},,,,,,,,,,,{23},
EN300-33063816,"A468,A543",2,,,,{75},,,,,,,,,,,{23},
EN300-27718981,"A468,A543",2,,,,{75},,,,,,,,,,,{23},
EN300-2975936,"A468,A543",2,,,,{82},,,,,,,,,,,{23},
EN300-3186290,"A468,A543",2,,,,{75},,,,,,,,,,,{23},
EN300-24202365,"A467,A543",2,,{77},,,,,,,,,,,,,{23},
EN300-215243,A543,1,,,,,,,,,,,,,,,{23},
EN300-46581753,"A468,A543",2,,,,{84},,,,,,,,,,,{23},
EN300-39914150,"A468,A543",2,,,,{83},,,,,,,,,,,{23},
EN300-8832753,"A467,A543",2,,{77},,,,,,,,,,,,,{23},
EN300-2303842,A543,1,,,,,,,,,,,,,,,{23},
EN300-37289020,A543,1,,,,,,,,,,,,,,,{23},
EN300-53865354,"A468,A543",2,,,,{79},,,,,,,,,,,{23},
EN300-53288048,"A468,A543",2,,,,{81},,,,,,,,,,,{23},
EN300-37241422,"A468,A543",2,,,,{91},,,,,,,,,,,{23},
EN300-7096199,"A467,A543",2,,{75},,,,,,,,,,,,,{23},
EN300-1238168,"A468,A543",2,,,,{81},,,,,,,,,,,{23},
EN300-7870473,"A468,A543",2,,,,{79},,,,,,,,,,,{23},
EN300-26862790,"A468,A543",2,,,,{87},,,,,,,,,,,{23},
EN300-388312,"A467,A468,A543",3,,{89},,{89},,,,,,,,,,,{23},
EN300-7015341,"A468,A543",2,,,,{71},,,,,,,,,,,{23},
EN300-53961739,"A468,A543",2,,,,{80},,,,,,,,,,,{23},
EN300-53962092,"A468,A543",2,,,,{78},,,,,,,,,,,{23},
EN300-33239252,A543,1,,,,,,,,,,,,,,,{23},
EN300-235927,"A468,A543",2,,,,{78},,,,,,,,,,,{23},
EN300-53448420,"A468,A543",2,,,,{77},,,,,,,,,,,{23},
EN300-260453,"A468,A543",2,,,,{73},,,,,,,,,,,{23},
EN300-53435020,"A468,A543",2,,,,{78},,,,,,,,,,,{23},
EN300-6496708,"A468,A543",2,,,,{78},,,,,,,,,,,{23},
EN300-53447089,"A468,A543",2,,,,{81},,,,,,,,,,,{23},
EN300-24205524,"A468,A543",2,,,,{78},,,,,,,,,,,{23},
EN300-37289815,"A468,A543",2,,,,{79},,,,,,,,,,,{23},
EN300-3231997,"A468,A543",2,,,,{73},,,,,,,,,,,{23},
EN300-6297694,"A468,A543",2,,,,{73},,,,,,,,,,,{23},
EN300-267490,"A467,A543",2,,{75},,,,,,,,,,,,,{23},
EN300-53425480,A543,1,,,,,,,,,,,,,,,{23},
EN300-25114554,"A468,A536,A543",3,,,,{81},,,,,,,{38},,,,{23},
EN300-132893,"A468,A543",2,,,,"{82, 84}",,,,,,,,,,,{23},
EN300-37292627,"A468,A543",2,,,,{89},,,,,,,,,,,{23},
EN300-46916404,"A468,A543",2,,,,{73},,,,,,,,,,,{23},
EN300-52468205,"A468,A543",2,,,,{92},,,,,,,,,,,{23},
EN300-5733628,"A468,A543",2,,,,{82},,,,,,,,,,,{23},
EN300-6778226,"A468,A543",2,,,,{74},,,,,,,,,,,{23},
EN300-1253974,"A468,A543",2,,,,{74},,,,,,,,,,,{23},
EN300-7473274,"A468,A543",2,,,,{81},,,,,,,,,,,{23},
EN300-53963131,"A468,A543",2,,,,{76},,,,,,,,,,,{23},
EN300-7728010,A543,1,,,,,,,,,,,,,,,{23},
EN300-53960242,"A468,A543",2,,,,{76},,,,,,,,,,,{23},
EN300-33571304,"A467,A543",2,,{78},,,,,,,,,,,,,{23},
EN300-53424192,"A468,A543",2,,,,{79},,,,,,,,,,,{23},
EN300-194273,"A538,A543",2,,,,,,,,,,{75},,,,,{23},
EN300-28309421,"A467,A543",2,{48},,,,,,,,,,,,,,{23},
EN300-45576383,"A468,A473,A543",3,,,,{76},,,,{75},,,,,,,{23},
EN300-53440518,"A468,A543",2,,,,{79},,,,,,,,,,,{23},
EN300-7042298,"A468,A543",2,,,,{73},,,,,,,,,,,{23},
EN300-19105558,"A468,A543",2,,,,{75},,,,,,,,,,,{23},
EN300-47339114,"A468,A543",2,,,,{75},,,,,,,,,,,{23},
EN300-122924,"A468,A543",2,,,,{86},,,,,,,,,,,{23},
EN300-37136882,"A468,A543",2,,,,{75},,,,,,,,,,,{23},
EN300-188831,"A468,A543",2,,,,{75},,,,,,,,,,,{23},
EN300-39922213,"A468,A543",2,,,,{82},,,,,,,,,,,{23},
EN300-26941240,"A468,A543",2,,,,{94},,,,,,,,,,,{23},
EN300-96827,"A468,A543",2,,,,{75},,,,,,,,,,,{23},
EN300-80735,"A468,A543",2,,,,{77},,,,,,,,,,,{23},
EN300-52149925,"A468,A543",2,,,,{81},,,,,,,,,,,{23},
EN300-53450331,"A468,A536,A543",3,,,,{79},,,,,,,{43},,,,{23},
EN300-374750,A543,1,,,,,,,,,,,,,,,{23},
EN300-339355,"A468,A543",2,,,,{72},,,,,,,,,,,{23},
EN300-28310719,"A467,A468,A543",3,,{83},,{83},,,,,,,,,,,{23},
EN300-77402,"A468,A543",2,,,,{75},,,,,,,,,,,{23},
EN300-51891142,"A468,A543",2,,,,{84},,,,,,,,,,,{23},
EN300-53865562,"A468,A543",2,,,,{78},,,,,,,,,,,{23},
EN300-126603,"A468,A543",2,,,,{74},,,,,,,,,,,{23},
EN300-37287169,"A468,A543",2,,,,{75},,,,,,,,,,,{23},
EN300-6825335,"A468,A543",2,,,,{74},,,,,,,,,,,{23},
EN300-53417740,"A468,A543",2,,,,{74},,,,,,,,,,,{23},
EN300-45640941,"A468,A543",2,,,,{75},,,,,,,,,,,{23},
EN300-8163353,"A468,A543",2,,,,{86},,,,,,,,,,,{23},
EN300-3262897,"A468,A543",2,,,,{74},,,,,,,,,,,{23},
EN300-1180063,"A468,A543",2,,,,{77},,,,,,,,,,,{23},
EN300-53866356,"A468,A543",2,,,,{83},,,,,,,,,,,{23},
EN300-45688747,"A468,A543",2,,,,{72},,,,,,,,,,,{23},
EN300-28282922,"A468,A543",2,,,,{74},,,,,,,,,,,{23},
EN300-28254370,"A468,A543",2,,,,{75},,,,,,,,,,,{23},
EN300-22971508,"A468,A543",2,,,,{75},,,,,,,,,,,{23},
EN300-52538489,"A468,A543",2,,,,{75},,,,,,,,,,,{23},
EN300-8001531,"A468,A543",2,,,,{75},,,,,,,,,,,{23},
EN300-5113916,"A468,A543",2,,,,{77},,,,,,,,,,,{23},
EN300-52417669,"A468,A543",2,,,,{76},,,,,,,,,,,{23},
EN300-3575178,"A468,A543",2,,,,{87},,,,,,,,,,,{23},
EN300-360109,"A468,A543",2,,,,{80},,,,,,,,,,,{23},
EN300-53962122,"A468,A543",2,,,,{79},,,,,,,,,,,{23},
EN300-1256011,"A468,A543",2,,,,{79},,,,,,,,,,,{23},
EN300-46981325,"A468,A543",2,,,,{85},,,,,,,,,,,{23},
EN300-3258774,"A468,A543",2,,,,{81},,,,,,,,,,,{23},
EN300-51869773,"A468,A543",2,,,,{79},,,,,,,,,,,{23},
EN300-21652153,"A468,A543",2,,,,{82},,,,,,,,,,,{23},
EN300-51995605,"A468,A543",2,,,,{77},,,,,,,,,,,{23},
EN300-53410686,"A467,A468,A543",3,{38},,,{82},,,,,,,,,,,{23},
EN300-173978,"A468,A543",2,,,,{73},,,,,,,,,,,{23},
EN300-374138,"A468,A543",2,,,,{76},,,,,,,,,,,{23},
EN300-45592609,"A468,A538,A543",3,,,,{78},,,,,,{74},,,,,{23},
EN300-215447,"A468,A543",2,,,,{71},,,,,,,,,,,{23},
EN300-117894,"A468,A543",2,,,,{72},,,,,,,,,,,{23},
EN300-53416527,A543,1,,,,,,,,,,,,,,,{23},
EN300-71530,"A468,A543",2,,,,{76},,,,,,,,,,,{23},
EN300-1615103,"A468,A543",2,,,,{79},,,,,,,,,,,{23},
EN300-56145,"A468,A543",2,,,,{81},,,,,,,,,,,{23},
EN300-5238627,"A468,A543",2,,,,{78},,,,,,,,,,,{23},
EN300-107949,"A468,A543",2,,,,{72},,,,,,,,,,,{23},
EN300-120362,"A468,A543",2,,,,{80},,,,,,,,,,,{23},
EN300-181583,A543,1,,,,,,,,,,,,,,,{23},
EN300-51744096,"A468,A543",2,,,,{79},,,,,,,,,,,{23},
EN300-245975,"A468,A543",2,,,,{80},,,,,,,,,,,{23},
EN300-2201515,"A468,A543",2,,,,{74},,,,,,,,,,,{23},
EN300-264075,"A468,A543",2,,,,{81},,,,,,,,,,,{23},
EN300-6763314,"A468,A543",2,,,,{76},,,,,,,,,,,{23},
EN300-39916036,"A468,A543",2,,,,{78},,,,,,,,,,,{23},
EN300-7352685,"A468,A543",2,,,,{83},,,,,,,,,,,{23},
EN300-110292,"A468,A543",2,,,,{75},,,,,,,,,,,{23},
EN300-46855175,"A468,A543",2,,,,{80},,,,,,,,,,,{23},
EN300-27692914,"A468,A543",2,,,,{73},,,,,,,,,,,{23},
EN300-53959863,"A468,A543",2,,,,{76},,,,,,,,,,,{23},
EN300-135642,"A468,A543",2,,,,{78},,,,,,,,,,,{23},
EN300-244755,"A467,A543",2,,{77},,,,,,,,,,,,,{23},
EN300-37331196,"A468,A543",2,,,,{75},,,,,,,,,,,{23},
EN300-5737708,"A468,A543",2,,,,{83},,,,,,,,,,,{23},
EN300-25071792,"A468,A543",2,,,,{78},,,,,,,,,,,{23},
EN300-7426457,"A468,A538,A543",3,,,,{78},,,,,,{72},,,,,{23},
EN300-45177707,"A468,A533,A538,A543",4,,,,{88},,{91},,,,{92},,,,,{23},
EN300-45752965,"A468,A473,A543",3,,,,{78},,,,{77},,,,,,,{23},
EN300-1666478,"A468,A543",2,,,,{81},,,,,,,,,,,{23},
EN300-51689023,"A468,A543",2,,,,{79},,,,,,,,,,,{23},
EN300-345261,"A468,A543",2,,,,{77},,,,,,,,,,,{23},
EN300-7793541,"A468,A543",2,,,,{75},,,,,,,,,,,{23},
EN300-37287495,"A468,A543",2,,,,{78},,,,,,,,,,,{23},
EN300-7521181,"A468,A543",2,,,,{93},,,,,,,,,,,{23},
EN300-28243906,"A468,A543",2,,,,{74},,,,,,,,,,,{23},
EN300-45667898,"A468,A543",2,,,,{79},,,,,,,,,,,{23},
EN300-104433,"A468,A543",2,,,,{82},,,,,,,,,,,{23},
EN300-378384,A543,1,,,,,,,,,,,,,,,{23},
EN300-81015,"A468,A543",2,,,,{72},,,,,,,,,,,{23},
EN300-7864098,"A468,A543",2,,,,{79},,,,,,,,,,,{23},
EN300-124397,"A468,A543",2,,,,{73},,,,,,,,,,,{23},
EN300-52854799,"A468,A538,A543",3,,,,{75},,,,,,{77},,,,,{23},
EN300-28339637,"A468,A543",2,,,,{71},,,,,,,,,,,{23},
EN300-37470049,"A468,A543",2,,,,{74},,,,,,,,,,,{23},
EN300-112734,"A468,A543",2,,,,{76},,,,,,,,,,,{23},
EN300-23907531,"A468,A543",2,,,,{74},,,,,,,,,,,{23},
EN300-4254690,"A468,A543",2,,,,{75},,,,,,,,,,,{23},
EN300-53962908,A543,1,,,,,,,,,,,,,,,{23},
EN300-101362,"A468,A543",2,,,,{73},,,,,,,,,,,{23},
EN300-1087028,"A468,A543",2,,,,{78},,,,,,,,,,,{23},
EN300-133587,"A468,A543",2,,,,{72},,,,,,,,,,,{23},
EN300-53434959,"A468,A543",2,,,,{83},,,,,,,,,,,{23},
EN300-119916,"A468,A543",2,,,,{85},,,,,,,,,,,{23},
EN300-26916,"A468,A543",2,,,,{77},,,,,,,,,,,{23},
EN300-185734,"A468,A543",2,,,,{72},,,,,,,,,,,{23},
EN300-26662987,"A468,A543",2,,,,{77},,,,,,,,,,,{23},
EN300-27717645,"A468,A473,A543",3,,,,{77},,,,{78},,,,,,,{23},
EN300-96208,"A468,A543",2,,,,{80},,,,,,,,,,,{23},
EN300-7408839,"A468,A543",2,,,,{76},,,,,,,,,,,{23},
EN300-5047833,"A468,A543",2,,,,{72},,,,,,,,,,,{23},
EN300-311034,"A468,A543",2,,,,{76},,,,,,,,,,,{23},
EN300-26862790,"A468,A543",2,,,,{87},,,,,,,,,,,{23},
EN300-7470801,"A468,A543",2,,,,{86},,,,,,,,,,,{23},
EN300-227536,"A468,A543",2,,,,{84},,,,,,,,,,,{23},
EN300-1147200,"A468,A543",2,,,,{80},,,,,,,,,,,{23},
EN300-53423687,"A468,A543",2,,,,{77},,,,,,,,,,,{23},
EN300-53963854,"A467,A468,A543",3,{42},,,{79},,,,,,,,,,,{23},
EN300-37288046,"A468,A543",2,,,,{77},,,,,,,,,,,{23},
EN300-26279690,"A468,A543",2,,,,{78},,,,,,,,,,,{23},
EN300-28461419,"A468,A543",2,,,,{80},,,,,,,,,,,{23},
EN300-52364673,"A468,A543",2,,,,{79},,,,,,,,,,,{23},
EN300-51743681,"A468,A543",2,,,,{79},,,,,,,,,,,{23},
EN300-46902079,"A468,A543",2,,,,{79},,,,,,,,,,,{23},
EN300-8364153,"A468,A543",2,,,,{77},,,,,,,,,,,{23},
EN300-28220922,"A468,A543",2,,,,{75},,,,,,,,,,,{23},
EN300-7383279,"A468,A473,A543",3,,,,{76},,,,{77},,,,,,,{23},
EN300-7426434,"A468,A543",2,,,,{78},,,,,,,,,,,{23},
EN300-1253383,"A468,A543",2,,,,{77},,,,,,,,,,,{23},
EN300-213927,"A468,A543",2,,,,{75},,,,,,,,,,,{23},
EN300-106096,"A468,A543",2,,,,{75},,,,,,,,,,,{23},
EN300-48288250,"A468,A543",2,,,,{76},,,,,,,,,,,{23},
EN300-26275659,A543,1,,,,,,,,,,,,,,,{23},
EN300-52453169,"A468,A543",2,,,,{82},,,,,,,,,,,{23},
EN300-52401579,"A468,A543",2,,,,{77},,,,,,,,,,,{23},
EN300-72056,"A468,A543",2,,,,{80},,,,,,,,,,,{23},
EN300-138675,A543,1,,,,,,,,,,,,,,,{23},
EN300-53410282,"A468,A543",2,,,,{79},,,,,,,,,,,{23},
EN300-2982454,"A468,A543",2,,,,{81},,,,,,,,,,,{23},
EN300-1240435,"A468,A543",2,,,,{77},,,,,,,,,,,{23},
EN300-3258774,"A468,A543",2,,,,{81},,,,,,,,,,,{23},
EN300-204111,"A468,A543",2,,,,{74},,,,,,,,,,,{23},
EN300-8516669,"A468,A543",2,,,,{84},,,,,,,,,,,{23},
EN300-14530314,"A468,A543",2,,,,{91},,,,,,,,,,,{23},
EN300-6763694,"A468,A543",2,,,,{90},,,,,,,,,,,{23},
EN300-51753071,A543,1,,,,,,,,,,,,,,,{23},
EN300-53865659,"A468,A543",2,,,,{80},,,,,,,,,,,{23},
EN300-74909,"A468,A543",2,,,,{85},,,,,,,,,,,{23},
EN300-108270,"A468,A543",2,,,,{74},,,,,,,,,,,{23},
EN300-53290049,"A468,A543",2,,,,{81},,,,,,,,,,,{23},
EN300-61397,"A468,A543",2,,,,{76},,,,,,,,,,,{23},
EN300-60729,A543,1,,,,,,,,,,,,,,,{23},
EN300-37479,A543,1,,,,,,,,,,,,,,,{23},
EN300-62420,"A468,A543",2,,,,{72},,,,,,,,,,,{23},
EN300-144216,"A468,A543",2,,,,{73},,,,,,,,,,,{23},
EN300-1241136,"A468,A543",2,,,,{79},,,,,,,,,,,{23},
EN300-266844,"A468,A543",2,,,,{72},,,,,,,,,,,{23},
EN300-53963047,"A468,A543",2,,,,{81},,,,,,,,,,,{23},
EN300-37241422,"A468,A543",2,,,,{91},,,,,,,,,,,{23},
EN300-215704,"A468,A543",2,,,,{89},,,,,,,,,,,{23},
EN300-219043,"A468,A543",2,,,,{89},,,,,,,,,,,{23},
EN300-37473844,A543,1,,,,,,,,,,,,,,,{23},
EN300-1719899,"A468,A543",2,,,,{77},,,,,,,,,,,{23},
EN300-33251110,"A468,A543",2,,,,{77},,,,,,,,,,,{23},
EN300-46875493,"A468,A543",2,,,,{74},,,,,,,,,,,{23},
EN300-212402,"A468,A543",2,,,,{86},,,,,,,,,,,{23},
EN300-53087542,"A468,A543",2,,,,{74},,,,,,,,,,,{23},
EN300-75323,A543,1,,,,,,,,,,,,,,,{23},
EN300-37269617,"A468,A543",2,,,,{76},,,,,,,,,,,{23},
EN300-27698859,A543,1,,,,,,,,,,,,,,,{23},
EN300-367300,"A468,A543",2,,,,{78},,,,,,,,,,,{23},
EN300-814121,"A468,A543",2,,,,{76},,,,,,,,,,,{23},
EN300-53865942,"A468,A543",2,,,,{81},,,,,,,,,,,{23},
EN300-734668,"A468,A543",2,,,,{81},,,,,,,,,,,{23},
EN300-53866553,"A468,A543",2,,,,"{76, 78}",,,,,,,,,,,{23},
EN300-1937098,"A468,A543",2,,,,{74},,,,,,,,,,,{23},
EN300-175495,"A468,A543",2,,,,{86},,,,,,,,,,,{23},
EN300-378860,"A468,A543",2,,,,{73},,,,,,,,,,,{23},
EN300-52851552,"A468,A543",2,,,,{88},,,,,,,,,,,{23},
EN300-332849,"A468,A543",2,,,,{76},,,,,,,,,,,{23},
EN300-333450,"A468,A543",2,,,,{76},,,,,,,,,,,{23},
EN300-220115,"A467,A543",2,,{82},,,,,,,,,,,,,{23},
EN300-27082159,"A468,A538,A543",3,,,,{74},,,,,,{79},,,,,{23},
EN300-119285,"A468,A543",2,,,,{78},,,,,,,,,,,{23},
EN300-386254,"A468,A543",2,,,,{80},,,,,,,,,,,{23},
EN300-52796988,A543,1,,,,,,,,,,,,,,,{23},
EN300-53446242,"A468,A543",2,,,,{82},,,,,,,,,,,{23},
EN300-127204,"A468,A543",2,,,,{77},,,,,,,,,,,{23},
EN300-7443011,"A468,A543",2,,,,{77},,,,,,,,,,,{23},
EN300-19092161,"A468,A543",2,,,,{77},,,,,,,,,,,{23},
EN300-53962095,"A468,A543",2,,,,{78},,,,,,,,,,,{23},
EN300-7542009,"A467,A543",2,,{79},,,,,,,,,,,,,{23},
EN300-7865892,"A468,A543",2,,,,{75},,,,,,,,,,,{23},
EN300-138855,"A468,A543",2,,,,{73},,,,,,,,,,,{23},
EN300-39672543,"A468,A543",2,,,,{74},,,,,,,,,,,{23},
EN300-32642155,"A468,A543",2,,,,{80},,,,,,,,,,,{23},
EN300-53448929,"A468,A543",2,,,,{84},,,,,,,,,,,{23},
EN300-7428245,"A468,A543",2,,,,{86},,,,,,,,,,,{23},
EN300-314827,"A467,A543",2,,{75},,,,,,,,,,,,,{23},
EN300-255662,"A468,A543",2,,,,{82},,,,,,,,,,,{23},
EN300-53962215,"A468,A543",2,,,,{77},,,,,,,,,,,{23},
EN300-75133,"A467,A468,A543",3,{45},,,{75},,,,,,,,,,,{23},
EN300-1450247,"A468,A543",2,,,,{84},,,,,,,,,,,{23},
EN300-5634488,"A468,A543",2,,,,{80},,,,,,,,,,,{23},
EN300-53432918,"A468,A536,A543",3,,,,{82},,,,,,,{37},,,,{23},
EN300-28253249,"A468,A538,A543",3,,,,{73},,,,,,{78},,,,,{23},
EN300-52192925,"A468,A543",2,,,,{76},,,,,,,,,,,{23},
EN300-37442937,"A468,A543",2,,,,{82},,,,,,,,,,,{23},
EN300-53709296,"A468,A543",2,,,,{80},,,,,,,,,,,{23},
EN300-6487998,"A468,A543",2,,,,{75},,,,,,,,,,,{23},
EN300-1270488,"A468,A543",2,,,,{87},,,,,,,,,,,{23},
EN300-237342,"A468,A543",2,,,,{73},,,,,,,,,,,{23},
EN300-37432038,"A468,A543",2,,,,{75},,,,,,,,,,,{23},
EN300-739656,"A468,A543",2,,,,{86},,,,,,,,,,,{23},
EN300-43361507,"A468,A543",2,,,,{75},,,,,,,,,,,{23},
EN300-1262675,"A468,A543",2,,,,{75},,,,,,,,,,,{23},
EN300-316389,"A468,A543",2,,,,{76},,,,,,,,,,,{23},
EN300-53445313,"A467,A468,A543",3,{39},,,{87},,,,,,,,,,,{23},
EN300-53864334,"A467,A468,A543",3,{38},,,{77},,,,,,,,,,,{23},
EN300-199534,"A468,A543",2,,,,{77},,,,,,,,,,,{23},
EN300-53443039,"A468,A538,A543",3,,,,{79},,,,,,{84},,,,,{23},
EN300-7654670,A543,1,,,,,,,,,,,,,,,{23},
EN300-249893,"A468,A543",2,,,,{87},,,,,,,,,,,{23},
EN300-28942380,"A468,A543",2,,,,{80},,,,,,,,,,,{23},
EN300-67192,"A468,A543",2,,,,{75},,,,,,,,,,,{23},
EN300-197571,"A468,A543",2,,,,{77},,,,,,,,,,,{23},
EN300-27736085,"A467,A543",2,,{80},,,,,,,,,,,,,{23},
EN300-46920793,"A468,A543",2,,,,"{83, 76}",,,,,,,,,,,{23},
EN300-5041769,"A468,A543",2,,,,{76},,,,,,,,,,,{23},
EN300-28244377,"A468,A543",2,,,,{85},,,,,,,,,,,{23},
EN300-52851552,"A468,A543",2,,,,{88},,,,,,,,,,,{23},
EN300-51794533,"A468,A543",2,,,,{93},,,,,,,,,,,{23},
EN300-22895875,"A468,A543",2,,,,{76},,,,,,,,,,,{23},
EN300-1250718,"A468,A543",2,,,,{72},,,,,,,,,,,{23},
EN300-108016,"A468,A543",2,,,,{74},,,,,,,,,,,{23},
EN300-53866912,"A468,A543",2,,,,{80},,,,,,,,,,,{23},
EN300-46958625,"A468,A543",2,,,,{77},,,,,,,,,,,{23},
EN300-1981263,"A468,A543",2,,,,{83},,,,,,,,,,,{23},
EN300-7471454,"A468,A543",2,,,,{77},,,,,,,,,,,{23},
EN300-261239,"A468,A543",2,,,,{72},,,,,,,,,,,{23},
EN300-118628,"A468,A543",2,,,,{71},,,,,,,,,,,{23},
EN300-2986899,"A468,A536,A543",3,,,,{77},,,,,,,{41},,,,{23},
EN300-29419352,"A468,A543",2,,,,{78},,,,,,,,,,,{23},
EN300-37288442,"A468,A543",2,,,,{79},,,,,,,,,,,{23},
EN300-6823949,"A468,A543",2,,,,{74},,,,,,,,,,,{23},
EN300-52151307,"A468,A543",2,,,,{78},,,,,,,,,,,{23},
EN300-1721802,"A468,A543",2,,,,{78},,,,,,,,,,,{23},
EN300-27081238,"A468,A543",2,,,,{76},,,,,,,,,,,{23},
EN300-1617305,"A468,A543",2,,,,{77},,,,,,,,,,,{23},
EN300-5634488,"A468,A543",2,,,,{80},,,,,,,,,,,{23},
EN300-5737708,"A468,A543",2,,,,{83},,,,,,,,,,,{23},
EN300-53434959,"A468,A543",2,,,,{83},,,,,,,,,,,{23},
EN300-53445311,"A468,A543",2,,,,{79},,,,,,,,,,,{23},
EN300-53833114,"A468,A543",2,,,,{80},,,,,,,,,,,{23},
EN300-28269368,"A467,A468,A543",3,,{75},,{76},,,,,,,,,,,{23},
EN300-28333175,"A467,A468,A543",3,,{75},,{76},,,,,,,,,,,{23},
EN300-6759443,"A468,A543",2,,,,{83},,,,,,,,,,,{23},
EN300-33048316,"A468,A543",2,,,,{83},,,,,,,,,,,{23},
EN300-8099837,"A468,A543",2,,,,{79},,,,,,,,,,,{23},
EN300-384489,"A468,A538,A543",3,,,,{75},,,,,,{83},,,,,{23},
EN300-52416113,"A468,A543",2,,,,{86},,,,,,,,,,,{23},
EN300-3044218,"A468,A543",2,,,,{80},,,,,,,,,,,{23},
EN300-39672503,"A468,A543",2,,,,{76},,,,,,,,,,,{23},
EN300-203458,"A467,A468,A543",3,{41},,,{76},,,,,,,,,,,{23},
EN300-244721,"A467,A468,A543",3,{39},,,{76},,,,,,,,,,,{23},
EN300-246339,"A468,A543",2,,,,{84},,,,,,,,,,,{23},
EN300-7446933,"A468,A543",2,,,,{87},,,,,,,,,,,{23},
EN300-379668,"A468,A543",2,,,,{73},,,,,,,,,,,{23},
EN300-300412,"A468,A543",2,,,,{75},,,,,,,,,,,{23},
EN300-53157110,"A468,A543",2,,,,{71},,,,,,,,,,,{23},
EN300-53448354,"A468,A543",2,,,,{74},,,,,,,,,,,{23},
EN300-765868,"A468,A543",2,,,,{77},,,,,,,,,,,{23},
EN300-220797,"A468,A543",2,,,,{79},,,,,,,,,,,{23},
EN300-3248323,"A468,A543",2,,,,{82},,,,,,,,,,,{23},
EN300-53867449,"A468,A543",2,,,,{84},,,,,,,,,,,{23},
EN300-110474,"A468,A543",2,,,,{76},,,,,,,,,,,{23},
EN300-6488822,"A468,A543",2,,,,{77},,,,,,,,,,,{23},
EN300-53865250,"A468,A543",2,,,,{75},,,,,,,,,,,{23},
EN300-6517704,"A468,A538,A543",3,,,,{78},,,,,,{84},,,,,{23},
EN300-3568966,"A468,A543",2,,,,{75},,,,,,,,,,,{23},
EN300-7861431,"A468,A543",2,,,,{75},,,,,,,,,,,{23},
EN300-97806,"A468,A543",2,,,,{84},,,,,,,,,,,{23},
EN300-45645730,"A468,A533,A543",3,,,,{83},,{86},,,,,,,,,{23},
EN300-28294445,"A468,A543",2,,,,{72},,,,,,,,,,,{23},
EN300-28312017,"A468,A543",2,,,,{76},,,,,,,,,,,{23},
EN300-51850895,A543,1,,,,,,,,,,,,,,,{23},
EN300-3898065,"A468,A543",2,,,,{80},,,,,,,,,,,{23},
EN300-37094525,"A467,A468,A543",3,{41},,,{73},,,,,,,,,,,{23},
EN300-1995763,"A468,A543",2,,,,{81},,,,,,,,,,,{23},
EN300-37289553,"A467,A468,A543",3,{44},,,{78},,,,,,,,,,,{23},
EN300-53290693,"A468,A538,A543",3,,,,{76},,,,,,{79},,,,,{23},
EN300-6830327,"A467,A543",2,,{75},,,,,,,,,,,,,{23},
EN300-6474180,"A468,A543",2,,,,{84},,,,,,,,,,,{23},
EN300-5018231,"A468,A543",2,,,,{86},,,,,,,,,,,{23},
EN300-37313707,"A468,A543",2,,,,{80},,,,,,,,,,,{23},
EN300-27767011,"A468,A543",2,,,,{80},,,,,,,,,,,{23},
EN300-7292879,"A468,A543",2,,,,{75},,,,,,,,,,,{23},
EN300-7413798,"A468,A543",2,,,,{79},,,,,,,,,,,{23},
EN300-8188322,"A468,A543",2,,,,{84},,,,,,,,,,,{23},
EN300-1168600,A543,1,,,,,,,,,,,,,,,{23},
EN300-37241422,"A468,A543",2,,,,{84},,,,,,,,,,,{23},
EN300-53963871,"A468,A543",2,,,,{79},,,,,,,,,,,{23},
EN300-198960,"A468,A543",2,,,,{76},,,,,,,,,,,{23},
EN300-6458201,"A468,A543",2,,,,{78},,,,,,,,,,,{23},
EN300-2996432,"A468,A543",2,,,,{77},,,,,,,,,,,{23},
EN300-86582,"A468,A543",2,,,,{78},,,,,,,,,,,{23},
EN300-252484,"A468,A543",2,,,,{75},,,,,,,,,,,{23},
EN300-7966856,"A468,A543",2,,,,{75},,,,,,,,,,,{23},
EN300-1603037,"A468,A543",2,,,,{77},,,,,,,,,,,{23},
EN300-61627,"A468,A543",2,,,,{77},,,,,,,,,,,{23},
EN300-53603964,"A468,A536,A543",3,,,,{75},,,,,,,{40},,,,{23},
EN300-1718828,"A468,A543",2,,,,{73},,,,,,,,,,,{23},
EN300-124082,A543,1,,,,,,,,,,,,,,,{23},
EN300-06817,"A468,A543",2,,,,{88},,,,,,,,,,,{23},
EN300-126236,"A468,A543",2,,,,{77},,,,,,,,,,,{23},
EN300-53960241,"A468,A543",2,,,,{76},,,,,,,,,,,{23},
EN300-53867868,"A468,A473,A543",3,,,,{83},,,,{81},,,,,,,{23},
EN300-301996,A543,1,,,,,,,,,,,,,,,{23},
EN300-6477070,"A468,A543",2,,,,{74},,,,,,,,,,,{23},
EN300-53440801,"A468,A543",2,,,,{88},,,,,,,,,,,{23},
EN300-130809,"A468,A543",2,,,,{75},,,,,,,,,,,{23},
EN300-46878609,"A468,A543",2,,,,{82},,,,,,,,,,,{23},
EN300-227185,A543,1,,,,,,,,,,,,,,,{23},
EN300-174900,"A468,A543",2,,,,{72},,,,,,,,,,,{23},
EN300-53447637,"A468,A543",2,,,,{79},,,,,,,,,,,{23},
EN300-83157,"A468,A543",2,,,,{74},,,,,,,,,,,{23},
EN300-1238475,"A468,A543",2,,,,{76},,,,,,,,,,,{23},
EN300-45645144,"A467,A543",2,,{75},,,,,,,,,,,,,{23},
EN300-52166584,"A468,A543",2,,,,{84},,,,,,,,,,,{23},
EN300-53195458,"A468,A543",2,,,,{84},,,,,,,,,,,{23},
EN300-277831,"A468,A473,A543",3,,,,{89},,,,{88},,,,,,,{23},
EN300-96672,"A468,A543",2,,,,{72},,,,,,,,,,,{23},
EN300-28303016,"A468,A543",2,,,,{86},,,,,,,,,,,{23},
EN300-53449063,"A468,A543",2,,,,{78},,,,,,,,,,,{23},
EN300-1091581,"A468,A543",2,,,,{83},,,,,,,,,,,{23},
EN300-8195779,"A468,A543",2,,,,{76},,,,,,,,,,,{23},
EN300-1252445,"A468,A543",2,,,,{78},,,,,,,,,,,{23},
EN300-6771016,"A468,A543",2,,,,{78},,,,,,,,,,,{23},
EN300-52851709,"A468,A536,A543",3,,,,{92},,,,,,,{35},,,,{23},
EN300-43393844,"A468,A536,A543",3,,,,{92},,,,,,,{35},,,,{23},
EN300-8814605,"A468,A543",2,,,,{77},,,,,,,,,,,{23},
EN300-1961847,"A468,A543",2,,,,{75},,,,,,,,,,,{23},
EN300-52099968,"A468,A543",2,,,,{76},,,,,,,,,,,{23},
EN300-37288278,"A468,A543",2,,,,{77},,,,,,,,,,,{23},
EN300-22899194,"A468,A543",2,,,,{75},,,,,,,,,,,{23},
EN300-45176416,"A468,A543",2,,,,{80},,,,,,,,,,,{23},
EN300-190378,"A468,A543",2,,,,{71},,,,,,,,,,,{23},
EN300-182613,"A468,A543",2,,,,{72},,,,,,,,,,,{23},
EN300-53450251,"A468,A543",2,,,,{80},,,,,,,,,,,{23},
EN300-3219195,"A468,A543",2,,,,{74},,,,,,,,,,,{23},
EN300-02480,"A468,A543",2,,,,{90},,,,,,,,,,,{23},
EN300-4993991,"A468,A543",2,,,,{73},,,,,,,,,,,{23},
EN300-106173,"A468,A543",2,,,,{72},,,,,,,,,,,{23},
EN300-1240408,"A468,A543",2,,,,{79},,,,,,,,,,,{23},
EN300-39492,"A468,A543",2,,,,{74},,,,,,,,,,,{23},
EN300-23312087,"A468,A543",2,,,,{78},,,,,,,,,,,{23},
EN300-53417933,"A468,A543",2,,,,{77},,,,,,,,,,,{23},
EN300-901545,"A468,A536,A543",3,,,,{77},,,,,,,{43},,,,{23},
EN300-61573,"A467,A543",2,,{75},,,,,,,,,,,,,{23},
EN300-3098584,"A468,A543",2,,,,{76},,,,,,,,,,,{23},
EN300-5228289,"A468,A473,A543",3,,,,{79},,,,{78},,,,,,,{23},
EN300-37289747,"A468,A543",2,,,,{78},,,,,,,,,,,{23},
EN300-1706025,"A468,A543",2,,,,{79},,,,,,,,,,,{23},
EN300-20835448,"A468,A543",2,,,,{75},,,,,,,,,,,{23},
EN300-8199421,"A468,A543",2,,,,{78},,,,,,,,,,,{23},
EN300-28333119,"A468,A543",2,,,,{92},,,,,,,,,,,{23},
EN300-247164,"A468,A543",2,,,,{74},,,,,,,,,,,{23},
EN300-110815,"A468,A543",2,,,,{76},,,,,,,,,,,{23},
EN300-7763780,"A468,A543",2,,,,{74},,,,,,,,,,,{23},
EN300-53962468,"A468,A543",2,,,,{80},,,,,,,,,,,{23},
EN300-53450324,"A468,A543",2,,,,{79},,,,,,,,,,,{23},
EN300-269687,"A468,A543",2,,,,{72},,,,,,,,,,,{23},
EN300-53960244,"A468,A543",2,,,,{76},,,,,,,,,,,{23},
EN300-6488803,"A468,A543",2,,,,{75},,,,,,,,,,,{23},
EN300-7427594,A543,1,,,,,,,,,,,,,,,{23},
EN300-37384743,A543,1,,,,,,,,,,,,,,,{23},
EN300-279037,"A468,A543",2,,,,{76},,,,,,,,,,,{23},
EN300-45726212,"A468,A543",2,,,,{72},,,,,,,,,,,{23},
EN300-4461350,"A468,A543",2,,,,{78},,,,,,,,,,,{23},
EN300-229072,"A468,A543",2,,,,{84},,,,,,,,,,,{23},
EN300-66006,"A468,A543",2,,,,{71},,,,,,,,,,,{23},
EN300-150888,"A468,A543",2,,,,{83},,,,,,,,,,,{23},
EN300-7867310,"A468,A543",2,,,,{83},,,,,,,,,,,{23},
EN300-98445,"A468,A543",2,,,,{75},,,,,,,,,,,{23},
EN300-53963041,"A468,A543",2,,,,{78},,,,,,,,,,,{23},
EN300-53445408,"A468,A543",2,,,,{80},,,,,,,,,,,{23},
EN300-26285122,"A468,A543",2,,,,{76},,,,,,,,,,,{23},
EN300-47298430,"A468,A543",2,,,,{76},,,,,,,,,,,{23},
EN300-6341234,"A468,A543",2,,,,{74},,,,,,,,,,,{23},
EN300-174211,"A468,A543",2,,,,{72},,,,,,,,,,,{23},
EN300-102089,"A468,A543",2,,,,{83},,,,,,,,,,,{23},
EN300-370612,"A468,A543",2,,,,{77},,,,,,,,,,,{23},
EN300-1663701,"A468,A543",2,,,,{79},,,,,,,,,,,{23},
EN300-1709856,"A468,A543",2,,,,{81},,,,,,,,,,,{23},
EN300-28268287,"A468,A543",2,,,,{84},,,,,,,,,,,{23},
EN300-53418235,"A468,A543",2,,,,{77},,,,,,,,,,,{23},
EN300-46902659,A543,1,,,,,,,,,,,,,,,{23},
EN300-53864553,"A468,A543",2,,,,{83},,,,,,,,,,,{23},
EN300-224481,"A468,A473,A543",3,,,,{79},,,,{78},,,,,,,{23},
EN300-53290021,"A468,A543",2,,,,{83},,,,,,,,,,,{23},
EN300-66174,A543,1,,,,,,,,,,,,,,,{23},
EN300-51663071,"A468,A543",2,,,,"{81, 76}",,,,,,,,,,,{23},
EN300-51744804,"A536,A543",2,,,,,,,,,,,{38},,,,{23},
EN300-52471853,"A468,A543",2,,,,{85},,,,,,,,,,,{23},
EN300-237654,"A468,A543",2,,,,{77},,,,,,,,,,,{23},
EN300-6962122,"A468,A543",2,,,,{78},,,,,,,,,,,{23},
EN300-45215958,"A468,A543",2,,,,{74},,,,,,,,,,,{23},
EN300-53963131,"A468,A543",2,,,,{77},,,,,,,,,,,{23},
EN300-214313,"A468,A543",2,,,,{74},,,,,,,,,,,{23},
EN300-53110626,"A468,A543",2,,,,{82},,,,,,,,,,,{23},
EN300-7444490,"A468,A543",2,,,,{77},,,,,,,,,,,{23},
EN300-302170,"A468,A543",2,,,,{78},,,,,,,,,,,{23},
EN300-1137648,"A467,A543",2,,{76},,,,,,,,,,,,,{23},
EN300-53440350,"A468,A543",2,,,,{80},,,,,,,,,,,{23},
EN300-37447308,"A468,A543",2,,,,{74},,,,,,,,,,,{23},
EN300-3006016,"A468,A543",2,,,,{78},,,,,,,,,,,{23},
EN300-37241422,"A468,A543",2,,,,{84},,,,,,,,,,,{23},
EN300-71253,A543,1,,,,,,,,,,,,,,,{23},
EN300-53284654,"A468,A543",2,,,,{80},,,,,,,,,,,{23},
EN300-218909,"A468,A543",2,,,,{80},,,,,,,,,,,{23},
EN300-44828736,"A468,A543",2,,,,{82},,,,,,,,,,,{23},
EN300-256168,"A468,A543",2,,,,{74},,,,,,,,,,,{23},
EN300-29264003,"A468,A543",2,,,,{80},,,,,,,,,,,{23},
EN300-321602,"A468,A543",2,,,,{77},,,,,,,,,,,{23},
EN300-52360244,"A468,A543",2,,,,{75},,,,,,,,,,,{23},
EN300-303621,"A468,A543",2,,,,{87},,,,,,,,,,,{23},
EN300-803644,A543,1,,,,,,,,,,,,,,,{23},
EN300-250607,"A467,A543",2,{48},,,,,,,,,,,,,,{23},
EN300-7470877,"A468,A543",2,,,,{75},,,,,,,,,,,{23},
EN300-199915,A543,1,,,,,,,,,,,,,,,{23},
EN300-172744,"A468,A543",2,,,,{79},,,,,,,,,,,{23},
EN300-247472,"A468,A543",2,,,,{84},,,,,,,,,,,{23},
EN300-53428458,"A468,A543",2,,,,{82},,,,,,,,,,,{23},
EN300-3180055,A543,1,,,,,,,,,,,,,,,{23},
EN300-6505191,"A468,A543",2,,,,{76},,,,,,,,,,,{23},
EN300-121083,"A468,A543",2,,,,{77},,,,,,,,,,,{23},
EN300-210730,"A468,A543",2,,,,{79},,,,,,,,,,,{23},
EN300-53448421,"A468,A543",2,,,,{77},,,,,,,,,,,{23},
EN300-100647,"A468,A543",2,,,,{75},,,,,,,,,,,{23},
EN300-1720876,"A468,A543",2,,,,{80},,,,,,,,,,,{23},
EN300-61076,"A468,A543",2,,,,{90},,,,,,,,,,,{23},
EN300-31240852,"A468,A543",2,,,,{85},,,,,,,,,,,{23},
EN300-51997636,"A468,A543",2,,,,{75},,,,,,,,,,,{23},
EN300-132344,"A468,A543",2,,,,{73},,,,,,,,,,,{23},
EN300-2928039,"A468,A543",2,,,,{75},,,,,,,,,,,{23},
EN300-189870,"A468,A543",2,,,,{72},,,,,,,,,,,{23},
EN300-194598,"A468,A543",2,,,,{78},,,,,,,,,,,{23},
EN300-7870076,"A468,A543",2,,,,{78},,,,,,,,,,,{23},
EN300-7720628,"A468,A543",2,,,,{77},,,,,,,,,,,{23},
EN300-1693751,"A468,A543",2,,,,{79},,,,,,,,,,,{23},
EN300-52361571,"A468,A543",2,,,,{82},,,,,,,,,,,{23},
EN300-52364459,"A468,A543",2,,,,{82},,,,,,,,,,,{23},
EN300-51755824,"A467,A543",2,,{88},,,,,,,,,,,,,{23},
EN300-53450408,"A468,A473,A543",3,,,,{78},,,,{79},,,,,,,{23},
EN300-1240977,"A468,A543",2,,,,{74},,,,,,,,,,,{23},
EN300-128060,"A468,A543",2,,,,{75},,,,,,,,,,,{23},
EN300-32140142,"A468,A543",2,,,,{85},,,,,,,,,,,{23},
EN300-46898397,"A468,A543",2,,,,{84},,,,,,,,,,,{23},
EN300-2956479,"A468,A543",2,,,,{74},,,,,,,,,,,{23},
EN300-238130,"A468,A543",2,,,,{81},,,,,,,,,,,{23},
EN300-188069,"A468,A543",2,,,,{83},,,,,,,,,,,{23},
EN300-7540795,"A468,A543",2,,,,{84},,,,,,,,,,,{23},
EN300-7444395,"A468,A543",2,,,,{77},,,,,,,,,,,{23},
EN300-3248323,"A468,A543",2,,,,{82},,,,,,,,,,,{23},
EN300-37089267,"A468,A543",2,,,,{82},,,,,,,,,,,{23},
EN300-1930577,"A468,A543",2,,,,{78},,,,,,,,,,,{23},
EN300-135440,"A468,A543",2,,,,{88},,,,,,,,,,,{23},
EN300-209115,"A468,A543",2,,,,{82},,,,,,,,,,,{23},
EN300-22896872,A543,1,,,,,,,,,,,,,,,{23},
EN300-33290781,"A468,A543",2,,,,{75},,,,,,,,,,,{23},
EN300-52473938,"A468,A543",2,,,{39},{107},,,,,,,,,,,{23},
EN300-53436026,"A468,A543",2,,,,{78},,,,,,,,,,,{23},
EN300-6526791,"A468,A543",2,,,,{91},,,,,,,,,,,{23},
EN300-37241422,"A468,A543",2,,,,{91},,,,,,,,,,,{23},
EN300-7801053,"A468,A543",2,,,,{78},,,,,,,,,,,{23},
EN300-309170,"A468,A543",2,,,,{72},,,,,,,,,,,{23},
EN300-331829,"A468,A543",2,,,,{81},,,,,,,,,,,{23},
EN300-32114510,"A468,A543",2,,,,{76},,,,,,,,,,,{23},
EN300-31173208,"A467,A543",2,,{75},,,,,,,,,,,,,{23},
EN300-6442203,"A468,A543",2,,,,{75},,,,,,,,,,,{23},
EN300-43394515,"A468,A538,A543",3,,,,{79},,,,,,{75},,,,,{23},
EN300-7446457,"A468,A543",2,,,,{77},,,,,,,,,,,{23},
EN300-53430723,"A468,A543",2,,,,{76},,,,,,,,,,,{23},
EN300-6498624,"A468,A543",2,,,,{84},,,,,,,,,,,{23},
EN300-22911816,"A468,A543",2,,,,{74},,,,,,,,,,,{23},
EN300-33146355,"A468,A543",2,,,,{78},,,,,,,,,,,{23},
EN300-51792160,"A467,A468,A543",3,{42},,,{93},,,,,,,,,,,{23},
EN300-7446869,"A468,A543",2,,,,{76},,,,,,,,,,,{23},
EN300-8001427,A543,1,,,,,,,,,,,,,,,{23},
EN300-223714,"A468,A543",2,,,,{77},,,,,,,,,,,{23},
EN300-1600740,"A468,A543",2,,,,{75},,,,,,,,,,,{23},
EN300-211302,"A468,A543",2,,,,{76},,,,,,,,,,,{23},
EN300-6759520,"A468,A543",2,,,,{80},,,,,,,,,,,{23},
EN300-182202,"A468,A543",2,,,,{74},,,,,,,,,,,{23},
EN300-1660945,"A468,A543",2,,,,{75},,,,,,,,,,,{23},
EN300-2007592,"A468,A543",2,,,,{79},,,,,,,,,,,{23},
EN300-45041,"A468,A543",2,,,,{75},,,,,,,,,,,{23},
EN300-45664091,"A468,A543",2,,,,{75},,,,,,,,,,,{23},
EN300-3020574,A543,1,,,,,,,,,,,,,,,{23},
EN300-53449169,A543,1,,,,,,,,,,,,,,,{23},
EN300-53865145,"A467,A468,A543",3,{44},,,{87},,,,,,,,,,,{23},
EN300-116504,"A468,A543",2,,,,{74},,,,,,,,,,,{23},
EN300-22901796,"A468,A543",2,,,,{81},,,,,,,,,,,{23},
EN300-9173551,"A468,A543",2,,,,{87},,,,,,,,,,,{23},
EN300-34630937,"A467,A543",2,,{83},,,,,,,,,,,,,{23},
EN300-112558,"A468,A543",2,,,,{77},,,,,,,,,,,{23},
EN300-53279772,"A468,A543",2,,,,{82},,,,,,,,,,,{23},
EN300-45143337,"A468,A543",2,,,,{74},,,,,,,,,,,{23},
EN300-210717,"A468,A543",2,,,,{74},,,,,,,,,,,{23},
EN300-7935055,A543,1,,,,,,,,,,,,,,,{23},
EN300-765684,"A467,A468,A473,A543",4,{42},,,{76},,,,{75},,,,,,,{23},
EN300-3175267,"A468,A543",2,,,,{74},,,,,,,,,,,{23},
EN300-396696,"A468,A473,A543",3,,,,{77},,,,{74},,,,,,,{23},
EN300-225207,"A467,A538,A543",3,,{76},,,,,,,,{74},,,,,{23},
EN300-53432964,"A468,A543",2,,,,{91},,,,,,,,,,,{23},
EN300-715197,"A468,A543",2,,,,{77},,,,,,,,,,,{23},
EN300-53961241,"A468,A473,A543",3,,,,"{77, 78}",,,,{76},,,,,,,{23},
EN300-37286875,"A468,A543",2,,,,{77},,,,,,,,,,,{23},
EN300-11841,"A468,A543",2,,,,{75},,,,,,,,,,,{23},
EN300-379139,"A468,A543",2,,,,{77},,,,,,,,,,,{23},
EN300-28288083,"A468,A543",2,,,,{73},,,,,,,,,,,{23},
EN300-53438455,"A468,A543",2,,,,{77},,,,,,,,,,,{23},
EN300-1910935,"A468,A543",2,,,,{78},,,,,,,,,,,{23},
EN300-135248,"A468,A543",2,,,,"{81, 79}",,,,,,,,,,,{23},
EN300-7654141,"A468,A543",2,,,,{73},,,,,,,,,,,{23},
EN300-283790,"A468,A543",2,,,,{76},,,,,,,,,,,{23},
EN300-341984,"A468,A543",2,,,,{84},,,,,,,,,,,{23},
EN300-51757809,"A468,A536,A543",3,,,,{82},,,,,,,{49},,,,{23},
EN300-332042,"A467,A543",2,,{76},,,,,,,,,,,,,{23},
EN300-272023,"A468,A543",2,,,,{84},,,,,,,,,,,{23},
EN300-37336571,"A468,A543",2,,,,{77},,,,,,,,,,,{23},
EN300-45214268,"A468,A543",2,,,,{78},,,,,,,,,,,{23},
EN300-27755181,"A468,A543",2,,,,{75},,,,,,,,,,,{23},
EN300-53417177,"A468,A543",2,,,,{75},,,,,,,,,,,{23},
EN300-36599807,"A468,A543",2,,,,{77},,,,,,,,,,,{23},
EN300-99169,"A468,A543",2,,,,{75},,,,,,,,,,,{23},
EN300-53284657,"A468,A543",2,,,,{76},,,,,,,,,,,{23},
EN300-1655692,"A468,A543",2,,,,{84},,,,,,,,,,,{23},
EN300-27755031,"A468,A543",2,,,,{85},,,,,,,,,,,{23},
EN300-8659468,"A468,A543",2,,,,{80},,,,,,,,,,,{23},
EN300-229501,"A467,A468,A543",3,{38},,,{75},,,,,,,,,,,{23},
EN300-7879342,"A468,A543",2,,,,{75},,,,,,,,,,,{23},
EN300-51656655,"A468,A543",2,,,,"{82, 77}",,,,,,,,,,,{23},
EN300-24794667,"A468,A543",2,,,,{76},,,,,,,,,,,{23},
EN300-47245060,"A468,A543",2,,,,{72},,,,,,,,,,,{23},
EN300-7302461,"A468,A543",2,,,,{77},,,,,,,,,,,{23},
EN300-5714963,"A467,A468,A543",3,{46},,,{84},,,,,,,,,,,{23},
EN300-155122,"A468,A543",2,,,,{83},,,,,,,,,,,{23},
EN300-128831,A543,1,,,,,,,,,,,,,,,{23},
EN300-314313,"A468,A543",2,,,,{76},,,,,,,,,,,{23},
EN300-80221,"A468,A543",2,,,,{76},,,,,,,,,,,{23},
EN300-219201,"A468,A543",2,,,,{72},,,,,,,,,,,{23},
EN300-53432346,"A468,A543",2,,,,{79},,,,,,,,,,,{23},
EN300-53963222,"A468,A543",2,,,,{78},,,,,,,,,,,{23},
EN300-33265320,"A467,A543",2,,{84},,,,,,,,,,,,,{23},
EN300-109408,"A468,A543",2,,,,{72},,,,,,,,,,,{23},
EN300-39922400,"A468,A473,A543",3,,,,{77},,,,{78},,,,,,,{23},
EN300-53446415,"A468,A543",2,,,,{78},,,,,,,,,,,{23},
EN300-332338,"A468,A543",2,,,,{83},,,,,,,,,,,{23},
EN300-3080209,"A468,A543",2,,,,{76},,,,,,,,,,,{23},
EN300-53453280,A543,1,,,,,,,,,,,,,,,{23},
EN300-101833,A543,1,,,,,,,,,,,,,,,{23},
EN300-12639342,"A468,A543",2,,,,{78},,,,,,,,,,,{23},
EN300-192313,"A468,A473,A543",3,,,,{73},,,,{72},,,,,,,{23},
EN300-53865596,"A468,A543",2,,,,{76},,,,,,,,,,,{23},
EN300-313403,"A468,A543",2,,,,{83},,,,,,,,,,,{23},
EN300-27685630,"A467,A468,A543",3,,{80},,{80},,,,,,,,,,,{23},
EN300-53962915,"A468,A543",2,,,,{79},,,,,,,,,,,{23},
EN300-53963773,"A468,A543",2,,,,{93},,,,,,,,,,,{23},
EN300-37241422,"A468,A543",2,,,,{84},,,,,,,,,,,{23},
EN300-12494264,"A468,A543",2,,,,{83},,,,,,,,,,,{23},
EN300-26667438,"A468,A543",2,,,,{77},,,,,,,,,,,{23},
EN300-6948047,"A468,A543",2,,,,{78},,,,,,,,,,,{23},
EN300-53846457,"A468,A543",2,,,,{78},,,,,,,,,,,{23},
EN300-37469334,"A468,A543",2,,,,{75},,,,,,,,,,,{23},
EN300-246774,"A468,A543",2,,,,{77},,,,,,,,,,,{23},
EN300-244721,"A468,A543",2,,,,{77},,,,,,,,,,,{23},
EN300-24592153,"A468,A543",2,,,,{75},,,,,,,,,,,{23},
EN300-53289367,"A468,A543",2,,,,{79},,,,,,,,,,,{23},
EN300-125984,"A468,A543",2,,,,{80},,,,,,,,,,,{23},
EN300-7793507,"A468,A543",2,,,,{75},,,,,,,,,,,{23},
EN300-7352639,"A468,A543",2,,,,{71},,,,,,,,,,,{23},
EN300-173548,A543,1,,,,,,,,,,,,,,,{23},
EN300-3171756,"A467,A543",2,,{75},,,,,,,,,,,,,{23},
EN300-234002,"A468,A543",2,,,,{72},,,,,,,,,,,{23},
EN300-6962183,"A468,A543",2,,,,{77},,,,,,,,,,,{23},
EN300-1898230,"A468,A543",2,,,,{70},,,,,,,,,,,{23},
EN300-51746068,"A468,A543",2,,,,{78},,,,,,,,,,,{23},
EN300-7411959,"A468,A543",2,,,,{74},,,,,,,,,,,{23},
EN300-4860605,"A468,A543",2,,,,{83},,,,,,,,,,,{23},
EN300-29163523,"A468,A543",2,,,,{78},,,,,,,,,,,{23},
EN300-4698484,"A468,A543",2,,,,{73},,,,,,,,,,,{23},
EN300-701267,"A468,A543",2,,,,{83},,,,,,,,,,,{23},
EN300-342178,"A468,A543",2,,,,{80},,,,,,,,,,,{23},
EN300-27782160,"A468,A543",2,,,,{79},,,,,,,,,,,{23},
EN300-96172,"A468,A543",2,,,,{77},,,,,,,,,,,{23},
EN300-263169,"A468,A543",2,,,,{74},,,,,,,,,,,{23},
EN300-52243188,"A468,A543",2,,,,{79},,,,,,,,,,,{23},
EN300-7325392,"A468,A543",2,,,,{76},,,,,,,,,,,{23},
EN300-21670862,"A468,A543",2,,,,{71},,,,,,,,,,,{23},
EN300-39014,A543,1,,,,,,,,,,,,,,,{23},
EN300-37288478,"A468,A543",2,,,,{79},,,,,,,,,,,{23},
EN300-86191,"A467,A543",2,,{75},,,,,,,,,,,,,{23},
EN300-53284648,"A468,A543",2,,,,{79},,,,,,,,,,,{23},
EN300-53434313,"A468,A543",2,,,,{80},,,,,,,,,,,{23},
EN300-7397135,A543,1,,,,,,,,,,,,,,,{23},
EN300-53409836,"A468,A543",2,,,,{81},,,,,,,,,,,{23},
EN300-53962908,A543,1,,,,,,,,,,,,,,,{23},
EN300-1233051,"A468,A543",2,,,,{74},,,,,,,,,,,{23},
EN300-53261996,"A468,A543",2,,,,{84},,,,,,,,,,,{23},
EN300-03741,"A468,A543",2,,,,{74},,,,,,,,,,,{23},
EN300-53834989,"A468,A543",2,,,,{80},,,,,,,,,,,{23},
EN300-6776744,"A468,A543",2,,,,{74},,,,,,,,,,,{23},
EN300-1137649,"A468,A543",2,,,,{77},,,,,,,,,,,{23},
EN300-5086928,"A468,A543",2,,,,{78},,,,,,,,,,,{23},
EN300-26862790,"A467,A468,A543",3,{35},,,{87},,,,,,,,,,,{23},
EN300-283804,"A468,A543",2,,,,{77},,,,,,,,,,,{23},
EN300-23035727,"A468,A543",2,,,,{80},,,,,,,,,,,{23},
EN300-1462095,"A468,A543",2,,,,{75},,,,,,,,,,,{23},
EN300-7085141,"A467,A543",2,,{74},,,,,,,,,,,,,{23},
EN300-26975871,"A468,A543",2,,,,{81},,,,,,,,,,,{23},
EN300-52684975,"A468,A473,A543",3,,,,{74},,,,{73},,,,,,,{23},
EN300-53418194,"A468,A543",2,,,,{80},,,,,,,,,,,{23},
EN300-53435457,"A468,A543",2,,,,{74},,,,,,,,,,,{23},
EN300-137442,"A468,A543",2,,,,{76},,,,,,,,,,,{23},
EN300-130704,"A468,A543",2,,,,{86},,,,,,,,,,,{23},
EN300-53413711,"A468,A543",2,,,,{80},,,,,,,,,,,{23},
EN300-51979088,"A468,A543",2,,,,{76},,,,,,,,,,,{23},
EN300-6731384,"A468,A543",2,,,,{73},,,,,,,,,,,{23},
EN300-1179860,"A468,A543",2,,,,{79},,,,,,,,,,,{23},
EN300-27106198,"A468,A543",2,,,,{73},,,,,,,,,,,{23},
EN300-3253426,"A468,A543",2,,,,{71},,,,,,,,,,,{23},
EN300-253366,"A468,A543",2,,,,{76},,,,,,,,,,,{23},
EN300-51745866,"A468,A543",2,,,,{79},,,,,,,,,,,{23},
EN300-7678439,"A468,A543",2,,,,{73},,,,,,,,,,,{23},
EN300-53448124,"A468,A543",2,,,,{87},,,,,,,,,,,{23},
EN300-1718723,"A468,A543",2,,,,{76},,,,,,,,,,,{23},
EN300-322915,"A468,A543",2,,,,{77},,,,,,,,,,,{23},
EN300-46042497,"A468,A543",2,,,,{72},,,,,,,,,,,{23},
EN300-45687826,"A468,A543",2,,,,{72},,,,,,,,,,,{23},
EN300-3146033,"A468,A543",2,,,,{76},,,,,,,,,,,{23},
EN300-746912,A543,1,,,,,,,,,,,,,,,{23},
EN300-28310971,"A468,A543",2,,,,{75},,,,,,,,,,,{23},
EN300-52360243,"A467,A543",2,,{76},,,,,,,,,,,,,{23},
EN300-228829,"A468,A543",2,,,,{74},,,,,,,,,,,{23},
EN300-37273001,"A468,A543",2,,,,{73},,,,,,,,,,,{23},
EN300-3058291,"A468,A543",2,,,,{76},,,,,,,,,,,{23},
EN300-1996139,"A468,A543",2,,,,{79},,,,,,,,,,,{23},
EN300-6732146,"A467,A468,A543",3,,{74},,{75},,,,,,,,,,,{23},
EN300-100025,"A468,A543",2,,,,{77},,,,,,,,,,,{23},
EN300-1637180,"A468,A543",2,,,,{72},,,,,,,,,,,{23},
EN300-51682204,"A468,A543",2,,,,"{83, 78}",,,,,,,,,,,{23},
EN300-221959,"A468,A543",2,,,,{76},,,,,,,,,,,{23},
EN300-45673966,"A468,A543",2,,,,{81},,,,,,,,,,,{23},
EN300-3238929,"A468,A543",2,,,,{77},,,,,,,,,,,{23},
EN300-749002,"A468,A543",2,,,,{74},,,,,,,,,,,{23},
EN300-53293081,"A468,A543",2,,,,{85},,,,,,,,,,,{23},
EN300-37285338,"A468,A543",2,,,,{74},,,,,,,,,,,{23},
EN300-309430,"A468,A543",2,,,,{81},,,,,,,,,,,{23},
EN300-43476497,"A468,A543",2,,,,{95},,,,,,,,,,,{23},
EN300-1982386,"A468,A543",2,,,,{80},,,,,,,,,,,{23},
EN300-299854,"A468,A543",2,,,,{81},,,,,,,,,,,{23},
EN300-211209,"A468,A543",2,,,,{86},,,,,,,,,,,{23},
EN300-62011,"A468,A543",2,,,,{79},,,,,,,,,,,{23},
EN300-7862430,"A468,A543",2,,,,{74},,,,,,,,,,,{23},
EN300-97047,"A468,A543",2,,,,{75},,,,,,,,,,,{23},
EN300-33240341,"A468,A543",2,,,,{77},,,,,,,,,,,{23},
EN300-4263239,"A467,A543",2,,{75},,,,,,,,,,,,,{23},
EN300-26666510,"A468,A543",2,,,,{75},,,,,,,,,,,{23},
EN300-53864374,"A468,A543",2,,,,{79},,,,,,,,,,,{23},
EN300-70774,A543,1,,,,,,,,,,,,,,,{23},
EN300-8168783,A543,1,,,,,,,,,,,,,,,{23},
EN300-45382021,"A468,A543",2,,,,{84},,,,,,,,,,,{23},
EN300-254368,"A468,A543",2,,,,{73},,,,,,,,,,,{23},
EN300-7052120,"A468,A543",2,,,,{77},,,,,,,,,,,{23},
EN300-1233320,"A468,A543",2,,,,{77},,,,,,,,,,,{23},
EN300-238181,"A468,A543",2,,,,{76},,,,,,,,,,,{23},
EN300-36596846,"A468,A543",2,,,,{75},,,,,,,,,,,{23},
EN300-53702208,"A468,A543",2,,,,{80},,,,,,,,,,,{23},
EN300-7348066,"A468,A473,A543",3,,,,{77},,,,{76},,,,,,,{23},
EN300-87176,"A468,A543",2,,,,{74},,,,,,,,,,,{23},
EN300-53961215,"A468,A543",2,,,,{76},,,,,,,,,,,{23},
EN300-8516607,"A468,A543",2,,,,{88},,,,,,,,,,,{23},
EN300-23906542,"A467,A468,A543",3,{38},,,{75},,,,,,,,,,,{23},
EN300-133089,"A468,A543",2,,,,{74},,,,,,,,,,,{23},
EN300-113276,"A468,A543",2,,,,{75},,,,,,,,,,,{23},
EN300-37288995,"A468,A543",2,,,,{78},,,,,,,,,,,{23},
EN300-7379805,"A468,A543",2,,,,{79},,,,,,,,,,,{23},
EN300-28305417,"A468,A543",2,,,,{86},,,,,,,,,,,{23},
EN300-229072,"A468,A543",2,,,,{84},,,,,,,,,,,{23},
EN300-3253291,"A468,A543",2,,,,{77},,,,,,,,,,,{23},
EN300-7544779,"A468,A543",2,,,,{76},,,,,,,,,,,{23},
EN300-1922879,"A468,A543",2,,,,{87},,,,,,,,,,,{23},
EN300-53867907,"A468,A543",2,,,,{81},,,,,,,,,,,{23},
EN300-73884,"A468,A543",2,,,,{72},,,,,,,,,,,{23},
EN300-315985,"A468,A543",2,,,,{81},,,,,,,,,,,{23},
EN300-30611432,"A468,A543",2,,,,{88},,,,,,,,,,,{23},
EN300-8048596,"A468,A543",2,,,,{76},,,,,,,,,,,{23},
EN300-7990973,"A468,A543",2,,,,{81},,,,,,,,,,,{23},
EN300-251930,"A468,A543",2,,,,{80},,,,,,,,,,,{23},
EN300-53960241,"A468,A543",2,,,,{76},,,,,,,,,,,{23},
EN300-45635280,"A468,A543",2,,,,{83},,,,,,,,,,,{23},
EN300-316253,"A468,A543",2,,,,{82},,,,,,,,,,,{23},
EN300-249915,"A468,A543",2,,,,{74},,,,,,,,,,,{23},
EN300-7348248,"A468,A543",2,,,,{75},,,,,,,,,,,{23},
EN300-651408,"A468,A543",2,,,,{74},,,,,,,,,,,{23},
EN300-52409345,"A468,A543",2,,,,{81},,,,,,,,,,,{23},
EN300-52972153,"A468,A543",2,,,,{77},,,,,,,,,,,{23},
EN300-45656105,"A468,A543",2,,,,{82},,,,,,,,,,,{23},
EN300-7009532,"A468,A543",2,,,,{74},,,,,,,,,,,{23},
EN300-52658877,"A468,A543",2,,,,{76},,,,,,,,,,,{23},
EN300-5016087,"A468,A543",2,,,,{83},,,,,,,,,,,{23},
EN300-45688195,"A468,A543",2,,,,{75},,,,,,,,,,,{23},
EN300-304266,"A468,A543",2,,,,{88},,,,,,,,,,,{23},
EN300-6804745,"A468,A543",2,,,,{74},,,,,,,,,,,{23},
EN300-25099666,"A468,A543",2,,,,{76},,,,,,,,,,,{23},
EN300-244405,"A468,A543",2,,,,{92},,,,,,,,,,,{23},
EN300-33063820,"A468,A543",2,,,,{78},,,,,,,,,,,{23},
EN300-25396974,"A468,A543",2,,,,{79},,,,,,,,,,,{23},
EN300-102665,"A468,A543",2,,,,{78},,,,,,,,,,,{23},
EN300-4353989,"A468,A543",2,,,,{76},,,,,,,,,,,{23},
EN300-7414513,"A468,A543",2,,,,{76},,,,,,,,,,,{23},
EN300-52059971,"A468,A543",2,,,,{78},,,,,,,,,,,{23},
EN300-4878555,"A468,A543",2,,,,{89},,,,,,,,,,,{23},
EN300-193464,A543,1,,,,,,,,,,,,,,,{23},
EN300-21999087,"A536,A543",2,,,,,,,,,,,{35},,,,{23},
EN300-52208827,"A468,A543",2,,,,{75},,,,,,,,,,,{23},
EN300-7673462,"A468,A543",2,,,,{77},,,,,,,,,,,{23},
EN300-6758724,"A468,A543",2,,,,{74},,,,,,,,,,,{23},
EN300-6497883,A543,1,,,,,,,,,,,,,,,{23},
EN300-2960414,"A468,A543",2,,,,{76},,,,,,,,,,,{23},
EN300-53961633,"A468,A543",2,,,,{82},,,,,,,,,,,{23},
EN300-44827157,"A468,A538,A543",3,,,,{75},,,,,,{84},,,,,{23},
EN300-88613,A543,1,,,,,,,,,,,,,,,{23},
EN300-7655492,A543,1,,,,,,,,,,,,,,,{23},
EN300-18481668,"A468,A543",2,,,,{79},,,,,,,,,,,{23},
EN300-343406,"A467,A468,A543",3,{38},,,{80},,,,,,,,,,,{23},
EN300-301070,"A468,A543",2,,,,{82},,,,,,,,,,,{23},
EN300-4263276,"A467,A543",2,,{75},,,,,,,,,,,,,{23},
EN300-172871,"A468,A543",2,,,,{82},,,,,,,,,,,{23},
EN300-6817804,"A468,A543",2,,,,{74},,,,,,,,,,,{23},
EN300-3528172,"A468,A543",2,,,,{73},,,,,,,,,,,{23},
EN300-263028,"A468,A543",2,,,,{73},,,,,,,,,,,{23},
EN300-31215288,"A468,A543",2,,,,{74},,,,,,,,,,,{23},
EN300-48622,"A467,A543",2,,{79},,,,,,,,,,,,,{23},
EN300-7793513,"A468,A543",2,,,,{75},,,,,,,,,,,{23},
EN300-112099,"A468,A543",2,,,,{75},,,,,,,,,,,{23},
EN300-53453281,"A468,A543",2,,,,{77},,,,,,,,,,,{23},
EN300-746886,"A468,A543",2,,,,{76},,,,,,,,,,,{23},
EN300-2132005,"A468,A543",2,,,,{77},,,,,,,,,,,{23},
EN300-6974151,A543,1,,,,,,,,,,,,,,,{23},
EN300-6497022,"A468,A473,A543",3,,,,{76},,,,{79},,,,,,,{23},
EN300-53864451,"A468,A543",2,,,,{78},,,,,,,,,,,{23},
EN300-1963465,"A468,A543",2,,,,{73},,,,,,,,,,,{23},
EN300-53865454,A543,1,,,,,,,,,,,,,,,{23},
EN300-53867158,"A468,A543",2,,,,"{83, 84}",,,,,,,,,,,{23},
EN300-51818067,"A468,A543",2,,,,{76},,,,,,,,,,,{23},
EN300-5068490,"A468,A543",2,,,,{77},,,,,,,,,,,{23},
EN300-7442826,A543,1,,,,,,,,,,,,,,,{23},
EN300-51744262,"A468,A543",2,,,,{77},,,,,,,,,,,{23},
EN300-7256224,"A468,A543",2,,,,{77},,,,,,,,,,,{23},
EN300-8028960,"A468,A543",2,,,,{78},,,,,,,,,,,{23},
EN300-51792927,"A468,A536,A543",3,,,,{92},,,,,,,{54},,,,{23},
EN300-115488,"A468,A543",2,,,,{75},,,,,,,,,,,{23},
EN300-53862824,A543,1,,,,,,,,,,,,,,,{23},
EN300-213180,"A468,A543",2,,,,{72},,,,,,,,,,,{23},
EN300-7439014,A543,1,,,,,,,,,,,,,,,{23},
EN300-124427,"A468,A543",2,,,,{74},,,,,,,,,,,{23},
EN300-177974,"A468,A543",2,,,,{76},,,,,,,,,,,{23},
EN300-189537,"A468,A543",2,,,,{77},,,,,,,,,,,{23},
EN300-37332604,"A468,A543",2,,,,{84},,,,,,,,,,,{23},
EN300-46769981,"A468,A543",2,,,,{82},,,,,,,,,,,{23},
EN300-298700,"A468,A473,A543",3,,,,{73},,,,{74},,,,,,,{23},
EN300-20936329,"A468,A543",2,,,,{74},,,,,,,,,,,{23},
EN300-7796410,"A468,A543",2,,,,{84},,,,,,,,,,,{23},
EN300-1636789,"A468,A543",2,,,,{88},,,,,,,,,,,{23},
EN300-42726,"A467,A543",2,{45},,,,,,,,,,,,,,{23},
EN300-19059154,"A468,A543",2,,,,{75},,,,,,,,,,,{23},
EN300-366872,"A468,A543",2,,,,{78},,,,,,,,,,,{23},
EN300-53960248,"A468,A543",2,,,,{76},,,,,,,,,,,{23},
EN300-105039,"A468,A473,A543",3,,,,{73},,,,{74},,,,,,,{23},
EN300-7374796,"A468,A543",2,,,,{77},,,,,,,,,,,{23},
EN300-53447507,"A468,A543",2,,,,{78},,,,,,,,,,,{23},
EN300-86460,"A468,A543",2,,,,{72},,,,,,,,,,,{23},
EN300-53960244,"A468,A543",2,,,,{76},,,,,,,,,,,{23},
EN300-52351733,"A467,A543",2,,{88},,,,,,,,,,,,,{23},
EN300-187616,"A468,A543",2,,,,{73},,,,,,,,,,,{23},
EN300-252624,"A468,A543",2,,,,{76},,,,,,,,,,,{23},
EN300-6210260,"A468,A543",2,,,,{74},,,,,,,,,,,{23},
EN300-95900,"A468,A543",2,,,,{80},,,,,,,,,,,{23},
EN300-51761389,"A468,A543",2,,,,{74},,,,,,,,,,,{23},
EN300-53963135,"A468,A543",2,,,,{75},,,,,,,,,,,{23},
EN300-2980614,"A468,A543",2,,,,{80},,,,,,,,,,,{23},
EN300-128262,"A468,A543",2,,,,{77},,,,,,,,,,,{23},
EN300-84911,A543,1,,,,,,,,,,,,,,,{23},
EN300-25387590,"A468,A543",2,,,,{77},,,,,,,,,,,{23},
EN300-6296672,"A468,A543",2,,,,{77},,,,,,,,,,,{23},
EN300-7424821,"A468,A543",2,,,,{77},,,,,,,,,,,{23},
EN300-2976251,"A468,A543",2,,,,{78},,,,,,,,,,,{23},
EN300-26862790,"A468,A543",2,,,,{87},,,,,,,,,,,{23},
EN300-52816046,A543,1,,,,,,,,,,,,,,,{23},
EN300-52963507,A543,1,,,,,,,,,,,,,,,{23},
EN300-53837604,"A468,A543",2,,,,{80},,,,,,,,,,,{23},
EN300-125836,"A468,A543",2,,,,{75},,,,,,,,,,,{23},
EN300-25678794,"A468,A543",2,,,,{77},,,,,,,,,,,{23},
EN300-28301240,A543,1,,,,,,,,,,,,,,,{23},
EN300-263534,"A468,A543",2,,,,{80},,,,,,,,,,,{23},
EN300-4482248,A543,1,,,,,,,,,,,,,,,{23},
EN300-26983122,"A468,A543",2,,,,{98},,,,,,,,,,,{23},
EN300-1717344,"A467,A543",2,,{78},,,,,,,,,,,,,{23},
EN300-53963044,"A467,A468,A543",3,{45},,,"{80, 81}",,,,,,,,,,,{23},
EN300-26657684,"A468,A536,A543",3,,,,{110},,,,,,,{39},,,,{23},
EN300-53864542,"A468,A538,A543",3,,,,{81},,,,,,{77},,,,,{23},
EN300-7697019,"A467,A468,A543",3,{37},,,{74},,,,,,,,,,,{23},
EN300-7386306,"A468,A543",2,,,,{78},,,,,,,,,,,{23},
EN300-7606316,"A468,A543",2,,,,{77},,,,,,,,,,,{23},
EN300-803645,"A467,A543",2,,{78},,,,,,,,,,,,,{23},
EN300-6511354,A543,1,,,,,,,,,,,,,,,{23},
EN300-7074175,"A468,A543",2,,,,{77},,,,,,,,,,,{23},
EN300-2985505,"A468,A543",2,,,,{79},,,,,,,,,,,{23},
EN300-45643573,"A468,A543",2,,,,{82},,,,,,,,,,,{23},
EN300-218611,"A468,A543",2,,,,{86},,,,,,,,,,,{23},
EN300-7443011,"A468,A543",2,,,,{77},,,,,,,,,,,{23},
EN300-7425017,"A468,A543",2,,,,{77},,,,,,,,,,,{23},
EN300-53090290,"A468,A543",2,,,,{76},,,,,,,,,,,{23},
EN300-7949361,"A468,A543",2,,,,{81},,,,,,,,,,,{23},
EN300-7462285,"A467,A543",2,,{75},,,,,,,,,,,,,{23},
EN300-222337,"A468,A543",2,,,,{75},,,,,,,,,,,{23},
EN300-26209887,A543,1,,,,,,,,,,,,,,,{23},
EN300-102579,"A468,A473,A543",3,,,,{76},,,,{77},,,,,,,{23},
EN300-22988657,"A468,A543",2,,,,{78},,,,,,,,,,,{23},
EN300-1252445,"A468,A543",2,,,,{78},,,,,,,,,,,{23},
EN300-7433908,"A467,A468,A543",3,,{81},,{81},,,,,,,,,,,{23},
EN300-52586648,"A468,A543",2,,,,{76},,,,,,,,,,,{23},
EN300-3534357,"A467,A543",2,,{75},,,,,,,,,,,,,{23},
EN300-321034,"A468,A543",2,,,,{73},,,,,,,,,,,{23},
EN300-53435443,"A468,A543",2,,,,{81},,,,,,,,,,,{23},
EN300-170098,"A467,A543",2,{35},,,,,,,,,,,,,,{23},
EN300-53410282,"A468,A543",2,,,,{79},,,,,,,,,,,{23},
EN300-53963736,"A468,A543",2,,,,{85},,,,,,,,,,,{23},
EN300-140726,"A468,A543",2,,,,{72},,,,,,,,,,,{23},
EN300-3178347,"A467,A543",2,,{78},,,,,,,,,,,,,{23},
EN300-2918696,A543,1,,,,,,,,,,,,,,,{23},
EN300-51744555,"A468,A543",2,,,,{79},,,,,,,,,,,{23},
EN300-37285326,"A468,A543",2,,,,{75},,,,,,,,,,,{23},
EN300-1703189,"A468,A543",2,,,,{77},,,,,,,,,,,{23},
EN300-48976558,"A468,A543",2,,,,{74},,,,,,,,,,,{23},
EN300-37340843,"A468,A543",2,,,,{73},,,,,,,,,,,{23},
EN300-1601222,"A468,A543",2,,,,{78},,,,,,,,,,,{23},
EN300-6734094,"A468,A543",2,,,,{77},,,,,,,,,,,{23},
EN300-7177049,"A468,A543",2,,,,{80},,,,,,,,,,,{23},
EN300-227185,A543,1,,,,,,,,,,,,,,,{23},
EN300-52511421,"A468,A543",2,,,,{75},,,,,,,,,,,{23},
EN300-7416085,"A468,A543",2,,,,{78},,,,,,,,,,,{23},
EN300-312367,"A468,A543",2,,,,{81},,,,,,,,,,,{23},
EN300-125345,"A468,A543",2,,,,{83},,,,,,,,,,,{23},
EN300-3243042,"A468,A543",2,,,,{81},,,,,,,,,,,{23},
EN300-114034,"A467,A468,A543",3,{42},,,{82},,,,,,,,,,,{23},
EN300-53287294,A543,1,,,,,,,,,,,,,,,{23},
EN300-6823807,"A468,A543",2,,,,{79},,,,,,,,,,,{23},
EN300-7447042,"A468,A543",2,,,,{78},,,,,,,,,,,{23},
EN300-19370012,"A468,A543",2,,,,{75},,,,,,,,,,,{23},
EN300-28311034,"A468,A543",2,,,,{80},,,,,,,,,,,{23},
EN300-643176,"A468,A543",2,,,,{84},,,,,,,,,,,{23},
EN300-1212490,"A468,A543",2,,,,{79},,,,,,,,,,,{23},
EN300-2920716,"A468,A543",2,,,,{76},,,,,,,,,,,{23},
EN300-47328323,"A468,A543",2,,,,{81},,,,,,,,,,,{23},
EN300-51996794,"A468,A543",2,,,,{81},,,,,,,,,,,{23},
EN300-66170,A543,1,,,,,,,,,,,,,,,{23},
EN300-332961,"A468,A543",2,,,,{76},,,,,,,,,,,{23},
EN300-37291065,A543,1,,,,,,,,,,,,,,,{23},
EN300-141529,"A468,A538,A543",3,,,,{74},,,,,,{76},,,,,{23},
EN300-392921,A543,1,,,,,,,,,,,,,,,{23},
EN300-26872510,"A468,A543",2,,,,{77},,,,,,,,,,,{23},
EN300-8591159,"A468,A543",2,,,,{80},,,,,,,,,,,{23},
EN300-26632399,A543,1,,,,,,,,,,,,,,,{23},
EN300-364731,"A468,A543",2,,,,{78},,,,,,,,,,,{23},
EN300-7731097,"A468,A543",2,,,,{84},,,,,,,,,,,{23},
EN300-152924,"A468,A543",2,,,,{85},,,,,,,,,,,{23},
EN300-132385,"A468,A543",2,,,,{78},,,,,,,,,,,{23},
EN300-37342423,"A468,A543",2,,,,{86},,,,,,,,,,,{23},
EN300-1600739,"A468,A543",2,,,,{71},,,,,,,,,,,{23},
EN300-6997236,"A468,A543",2,,,,{71},,,,,,,,,,,{23},
EN300-53832942,"A467,A468,A543",3,{45},,,{79},,,,,,,,,,,{23},
EN300-37289023,"A468,A543",2,,,,{78},,,,,,,,,,,{23},
EN300-53963238,"A468,A543",2,,,,{77},,,,,,,,,,,{23},
EN300-190423,"A467,A543",2,,{76},,,,,,,,,,,,,{23},
EN300-52691420,"A468,A543",2,,,,{81},,,,,,,,,,,{23},
EN300-252017,"A468,A543",2,,,,{74},,,,,,,,,,,{23},
EN300-715184,"A468,A543",2,,,,{77},,,,,,,,,,,{23},
EN300-172478,"A468,A543",2,,,,{76},,,,,,,,,,,{23},
EN300-1178222,"A468,A543",2,,,,{76},,,,,,,,,,,{23},
EN300-46621732,"A468,A543",2,,,,{82},,,,,,,,,,,{23},
EN300-37478146,"A468,A543",2,,,,{74},,,,,,,,,,,{23},
EN300-7241089,"A468,A543",2,,,,{77},,,,,,,,,,,{23},
EN300-45226391,A543,1,,,,,,,,,,,,,,,{23},
EN300-719103,"A468,A543",2,,,,{78},,,,,,,,,,,{23},
EN300-392752,"A468,A543",2,,,,{78},,,,,,,,,,,{23},
EN300-297620,"A468,A543",2,,,,{77},,,,,,,,,,,{23},
EN300-181880,"A468,A543",2,,,,{77},,,,,,,,,,,{23},
EN300-53865009,"A468,A543",2,,,,{81},,,,,,,,,,,{23},
EN300-1709230,"A468,A543",2,,,,{75},,,,,,,,,,,{23},
EN300-184486,"A468,A543",2,,,,{73},,,,,,,,,,,{23},
EN300-141370,"A468,A543",2,,,,{86},,,,,,,,,,,{23},
EN300-84441,"A468,A543",2,,,,{77},,,,,,,,,,,{23},
EN300-53417412,"A468,A543",2,,,,{77},,,,,,,,,,,{23},
EN300-214994,"A468,A543",2,,,,{76},,,,,,,,,,,{23},
EN300-46359875,"A468,A543",2,,,,{75},,,,,,,,,,,{23},
EN300-37287822,"A468,A543",2,,,,{78},,,,,,,,,,,{23},
EN300-12593742,"A468,A543",2,,,,{73},,,,,,,,,,,{23},
EN300-53963868,"A468,A543",2,,,,{79},,,,,,,,,,,{23},
EN300-53417934,"A468,A543",2,,,,{78},,,,,,,,,,,{23},
EN300-7426457,"A468,A543",2,,,,{78},,,,,,,,,,,{23},
EN300-6763921,"A468,A543",2,,,,{78},,,,,,,,,,,{23},
EN300-28302382,A543,1,,,,,,,,,,,,,,,{23},
EN300-11967804,"A468,A543",2,,,,{86},,,,,,,,,,,{23},
EN300-1984193,"A468,A543",2,,,,{88},,,,,,,,,,,{23},
EN300-18349069,"A468,A543",2,,,,{85},,,,,,,,,,,{23},
EN300-16017680,"A468,A543",2,,,,{98},,,,,,,,,,,{23},
EN300-194879,"A468,A543",2,,,,{76},,,,,,,,,,,{23},
EN300-8167146,"A468,A473,A543",3,,,,{76},,,,{77},,,,,,,{23},
EN300-7446462,"A468,A543",2,,,,{88},,,,,,,,,,,{23},
EN300-26237206,"A468,A543",2,,,,{80},,,,,,,,,,,{23},
EN300-6474791,"A468,A543",2,,,,{77},,,,,,,,,,,{23},
EN300-28303328,A543,1,,,,,,,,,,,,,,,{23},
EN300-1154216,"A468,A543",2,,,,{74},,,,,,,,,,,{23},
EN300-3171609,"A468,A543",2,,,,{76},,,,,,,,,,,{23},
EN300-53409517,"A468,A543",2,,,,{84},,,,,,,,,,,{23},
EN300-7457202,"A468,A543",2,,,,{80},,,,,,,,,,,{23},
EN300-53867013,"A468,A543",2,,,,{80},,,,,,,,,,,{23},
EN300-51744556,"A468,A543",2,,,,{77},,,,,,,,,,,{23},
EN300-53418428,"A468,A543",2,,,,{81},,,,,,,,,,,{23},
EN300-51746817,"A468,A543",2,,,,{77},,,,,,,,,,,{23},
EN300-52473938,"A468,A543",2,,,,{107},,,,,,,,,,,{23},
EN300-188812,"A468,A543",2,,,,{71},,,,,,,,,,,{23},
EN300-7422043,"A467,A543",2,,{77},,,,,,,,,,,,,{23},
EN300-46400866,"A468,A543",2,,,,{74},,,,,,,,,,,{23},
EN300-100793,"A468,A543",2,,,,{79},,,,,,,,,,,{23},
EN300-52471340,"A468,A543",2,,,,{98},,,,,,,,,,,{23},
EN300-1916139,"A468,A543",2,,,,{76},,,,,,,,,,,{23},
EN300-1726419,"A468,A543",2,,,,{72},,,,,,,,,,,{23},
EN300-249781,"A468,A543",2,,,,{89},,,,,,,,,,,{23},
EN300-176610,"A468,A543",2,,,,{76},,,,,,,,,,,{23},
EN300-1990292,"A468,A543",2,,,,{75},,,,,,,,,,,{23},
EN300-7437040,"A468,A543",2,,,,{79},,,,,,,,,,,{23},
EN300-53270604,"A468,A538,A543",3,,,,{73},,,,,,{79},,,,,{23},
EN300-228386,"A468,A543",2,,,,{86},,,,,,,,,,,{23},
EN300-272759,"A468,A543",2,,,,{76},,,,,,,,,,,{23},
EN300-87123,"A468,A543",2,,,,{70},,,,,,,,,,,{23},
EN300-141629,"A468,A543",2,,,,{73},,,,,,,,,,,{23},
EN300-6775144,"A468,A543",2,,,,{84},,,,,,,,,,,{23},
EN300-51887033,"A467,A468,A543",3,,{81},,{81},,,,,,,,,,,{23},
EN300-186597,"A467,A543",2,,{74},,,,,,,,,,,,,{23},
EN300-233626,"A468,A543",2,,,,{76},,,,,,,,,,,{23},
EN300-29191408,"A468,A543",2,,,,{75},,,,,,,,,,,{23},
EN300-108014,"A468,A543",2,,,,{73},,,,,,,,,,,{23},
EN300-7424819,"A468,A473,A543",3,,,,{73},,,,{78},,,,,,,{23},
EN300-74410,"A468,A543",2,,,,{82},,,,,,,,,,,{23},
EN300-51890570,"A468,A543",2,,,,{74},,,,,,,,,,,{23},
EN300-1719101,"A468,A543",2,,,,{79},,,,,,,,,,,{23},
EN300-173744,"A468,A543",2,,,,{74},,,,,,,,,,,{23},
EN300-28268287,"A468,A543",2,,,,{85},,,,,,,,,,,{23},
EN300-345698,"A468,A543",2,,,,{72},,,,,,,,,,,{23},
EN300-52379103,A543,1,,,,,,,,,,,,,,,{23},
EN300-53963854,"A468,A543",2,,,,{79},,,,,,,,,,,{23},
EN300-53962092,"A468,A543",2,,,,{78},,,,,,,,,,,{23},
EN300-91227,"A468,A543",2,,,,{71},,,,,,,,,,,{23},
EN300-2197401,"A468,A543",2,,,,{74},,,,,,,,,,,{23},
EN300-52123357,"A468,A543",2,,,,{77},,,,,,,,,,,{23},
EN300-131545,A543,1,,,,,,,,,,,,,,,{23},
EN300-19628628,"A468,A543",2,,,,{90},,,,,,,,,,,{23},
EN300-1965727,A543,1,,,,,,,,,,,,,,,{23},
EN300-370934,"A468,A543",2,,,,{92},,,,,,,,,,,{23},
EN300-53963544,"A468,A543",2,,,,{78},,,,,,,,,,,{23},
EN300-53446455,"A468,A543",2,,,,{75},,,,,,,,,,,{23},
EN300-251532,"A468,A543",2,,,,{76},,,,,,,,,,,{23},
EN300-3001347,"A468,A543",2,,,,{82},,,,,,,,,,,{23},
EN300-6505191,"A468,A543",2,,,,{76},,,,,,,,,,,{23},
EN300-53434845,A543,1,,,,,,,,,,,,,,,{23},
EN300-1990503,"A468,A543",2,,,,{83},,,,,,,,,,,{23},
EN300-53436159,"A468,A543",2,,,,{77},,,,,,,,,,,{23},
EN300-5250689,"A468,A543",2,,,,{85},,,,,,,,,,,{23},
EN300-1250717,"A468,A543",2,,,,{85},,,,,,,,,,,{23},
EN300-296899,"A468,A543",2,,,,{80},,,,,,,,,,,{23},
EN300-52471853,"A468,A543",2,,,,{85},,,,,,,,,,,{23},
EN300-8299085,"A468,A543",2,,,,{76},,,,,,,,,,,{23},
EN300-37289023,A543,1,,,,,,,,,,,,,,,{23},
EN300-66171,"A468,A543",2,,,,{73},,,,,,,,,,,{23},
EN300-396177,A543,1,,,,,,,,,,,,,,,{23},
EN300-27112886,"A468,A543",2,,,,{75},,,,,,,,,,,{23},
EN300-5126778,"A468,A543",2,,,,{77},,,,,,,,,,,{23},
EN300-53619452,"A468,A543",2,,,,{82},,,,,,,,,,,{23},
EN300-59173,"A468,A543",2,,,,{72},,,,,,,,,,,{23},
EN300-26862790,"A468,A543",2,,,,{83},,,,,,,,,,,{23},
EN300-7094472,"A468,A473,A543",3,,,,{74},,,,{73},,,,,,,{23},
EN300-1947026,"A468,A543",2,,,,{76},,,,,,,,,,,{23},
EN300-98894,"A468,A543",2,,,,{76},,,,,,,,,,,{23},
EN300-28301240,A543,1,,,,,,,,,,,,,,,{23},
EN300-53438561,"A468,A543",2,,,,{78},,,,,,,,,,,{23},
EN300-53415711,"A468,A543",2,,,,{76},,,,,,,,,,,{23},
EN300-25716,"A468,A543",2,,,,{76},,,,,,,,,,,{23},
EN300-123990,"A468,A543",2,,,,{70},,,,,,,,,,,{23},
EN300-1618413,"A467,A543",2,,{79},,,,,,,,,,,,,{23},
EN300-104285,"A468,A543",2,,,,{77},,,,,,,,,,,{23},
EN300-6810153,"A468,A543",2,,,,{74},,,,,,,,,,,{23},
EN300-7380814,"A468,A543",2,,,,{88},,,,,,,,,,,{23},
EN300-749507,"A468,A543",2,,,,{73},,,,,,,,,,,{23},
EN300-26690694,"A468,A543",2,,,,{85},,,,,,,,,,,{23},
EN300-52423139,"A468,A543",2,,,,{77},,,,,,,,,,,{23},
EN300-53425481,A543,1,,,,,,,,,,,,,,,{23},
EN300-208734,"A468,A543",2,,,,{82},,,,,,,,,,,{23},
EN300-7442631,"A468,A543",2,,,,{74},,,,,,,,,,,{23},
EN300-1957095,"A468,A543",2,,,,{75},,,,,,,,,,,{23},
EN300-316814,"A467,A543",2,,{77},,,,,,,,,,,,,{23},
EN300-53413710,"A468,A543",2,,,,{81},,,,,,,,,,,{23},
EN300-117895,"A468,A543",2,,,,{77},,,,,,,,,,,{23},
EN300-23284918,"A468,A543",2,,,,{72},,,,,,,,,,,{23},
EN300-1074347,"A468,A543",2,,,,{75},,,,,,,,,,,{23},
EN300-1073509,"A468,A543",2,,,,{75},,,,,,,,,,,{23},
EN300-53197351,"A468,A543",2,,,,{73},,,,,,,,,,,{23},
EN300-51778619,"A468,A543",2,,,,{83},,,,,,,,,,,{23},
EN300-1982061,"A468,A543",2,,,,{79},,,,,,,,,,,{23},
EN300-6775528,A543,1,,,,,,,,,,,,,,,{23},
EN300-100725,"A468,A543",2,,,,{79},,,,,,,,,,,{23},
EN300-33571305,"A467,A543",2,,{80},,,,,,,,,,,,,{23},
EN300-126250,"A468,A543",2,,,,{80},,,,,,,,,,,{23},
EN300-173087,"A468,A543",2,,,,{80},,,,,,,,,,,{23},
EN300-53453056,"A468,A543",2,,,,{79},,,,,,,,,,,{23},
EN300-226020,A543,1,,,,,,,,,,,,,,,{23},
EN300-62066,"A468,A543",2,,,,{86},,,,,,,,,,,{23},
EN300-6822571,"A468,A543",2,,,,{74},,,,,,,,,,,{23},
EN300-51743057,"A468,A543",2,,,,{77},,,,,,,,,,,{23},
EN300-91960,"A468,A543",2,,,,{79},,,,,,,,,,,{23},
EN300-6977293,"A468,A543",2,,,,{74},,,,,,,,,,,{23},
EN300-313403,"A468,A543",2,,,,{83},,,,,,,,,,,{23},
EN300-116523,"A468,A543",2,,,,{75},,,,,,,,,,,{23},
EN300-53447090,"A468,A543",2,,,,{79},,,,,,,,,,,{23},
EN300-27747656,"A468,A543",2,,,,{80},,,,,,,,,,,{23},
EN300-53423689,"A468,A543",2,,,,{79},,,,,,,,,,,{23},
EN300-47247289,"A468,A543",2,,,,{74},,,,,,,,,,,{23},
EN300-53865001,"A468,A543",2,,,,{78},,,,,,,,,,,{23},
EN300-366581,"A468,A543",2,,,,{75},,,,,,,,,,,{23},
EN300-37287498,"A468,A543",2,,,,{77},,,,,,,,,,,{23},
EN300-318309,"A468,A543",2,,,,{74},,,,,,,,,,,{23},
EN300-138309,"A468,A543",2,,,,{72},,,,,,,,,,,{23},
EN300-216168,"A468,A543",2,,,,{71},,,,,,,,,,,{23},
EN300-7355140,"A468,A543",2,,,,{74},,,,,,,,,,,{23},
EN300-48013602,"A467,A468,A543",3,,{83},,{84},,,,,,,,,,,{23},
EN300-7864186,"A468,A543",2,,,,{81},,,,,,,,,,,{23},
EN300-249781,"A468,A543",2,,,,{93},,,,,,,,,,,{23},
EN300-26679041,"A468,A543",2,,,,{75},,,,,,,,,,,{23},
EN300-37241422,"A468,A543",2,,,,{91},,,,,,,,,,,{23},
EN300-7872840,"A468,A473,A543",3,,,,{80},,,,{81},,,,,,,{23},
EN300-221741,A543,1,,,,,,,,,,,,,,,{23},
EN300-53448778,"A468,A543",2,,,,{79},,,,,,,,,,,{23},
EN300-45516659,"A468,A543",2,,,,{76},,,,,,,,,,,{23},
EN300-37284373,"A468,A543",2,,,,{78},,,,,,,,,,,{23},
EN300-1982287,"A468,A543",2,,,,{75},,,,,,,,,,,{23},
EN300-51818001,"A468,A543",2,,,,{81},,,,,,,,,,,{23},
EN300-28295274,"A468,A543",2,,,,{75},,,,,,,,,,,{23},
EN300-7399783,"A468,A543",2,,,,{74},,,,,,,,,,,{23},
EN300-6520195,"A468,A543",2,,,,{80},,,,,,,,,,,{23},
EN300-1073082,"A468,A543",2,,,,{73},,,,,,,,,,,{23},
EN300-85867,"A468,A473,A543",3,,,,{73},,,,{72},,,,,,,{23},
EN300-53603784,"A468,A543",2,,,,{81},,,,,,,,,,,{23},
EN300-28310720,"A467,A468,A543",3,{38},,,{87},,,,,,,,,,,{23},
EN300-51746652,"A468,A543",2,,,,{80},,,,,,,,,,,{23},
EN300-22826996,"A468,A543",2,,,,{77},,,,,,,,,,,{23},
EN300-22913786,"A468,A543",2,,,,{77},,,,,,,,,,,{23},
EN300-680088,"A468,A543",2,,,,{79},,,,,,,,,,,{23},
EN300-226824,A543,1,,,,,,,,,,,,,,,{23},
EN300-26569083,"A468,A543",2,,,,{81},,,,,,,,,,,{23},
EN300-97616,"A468,A543",2,,,,{72},,,,,,,,,,,{23},
EN300-8157799,"A468,A543",2,,,,{76},,,,,,,,,,,{23},
EN300-26531173,"A468,A543",2,,,,{72},,,,,,,,,,,{23},
EN300-37288502,"A468,A543",2,,,,{77},,,,,,,,,,,{23},
EN300-6512718,"A468,A543",2,,,,{77},,,,,,,,,,,{23},
EN300-260285,"A468,A543",2,,,,{75},,,,,,,,,,,{23},
EN300-4267012,"A468,A543",2,,,,{75},,,,,,,,,,,{23},
EN300-3203527,"A468,A543",2,,,,{77},,,,,,,,,,,{23},
EN300-28312036,"A468,A543",2,,,,{80},,,,,,,,,,,{23},
EN300-53420192,"A468,A543",2,,,,{77},,,,,,,,,,,{23},
EN300-7423528,A543,1,,,,,,,,,,,,,,,{23},
EN300-28310720,"A467,A468,A543",3,,{86},,{87},,,,,,,,,,,{23},
EN300-46506833,"A468,A543",2,,,,{77},,,,,,,,,,,{23},
EN300-1250716,"A468,A543",2,,,,{74},,,,,,,,,,,{23},
EN300-12966105,"A468,A543",2,,,,{88},,,,,,,,,,,{23},
EN300-53357594,"A468,A543",2,,,,{81},,,,,,,,,,,{23},
EN300-205544,"A468,A543",2,,,,{73},,,,,,,,,,,{23},
EN300-3278885,"A468,A543",2,,,,{77},,,,,,,,,,,{23},
EN300-47213828,"A468,A543",2,,,,{76},,,,,,,,,,,{23},
EN300-803644,A543,1,,,,,,,,,,,,,,,{23},
EN300-37468884,"A468,A543",2,,,,{75},,,,,,,,,,,{23},
EN300-53962248,"A468,A543",2,,,,{76},,,,,,,,,,,{23},
EN300-26276862,"A468,A543",2,,,,{74},,,,,,,,,,,{23},
EN300-37289014,"A468,A543",2,,,,{79},,,,,,,,,,,{23},
EN300-5480779,"A468,A543",2,,,,{74},,,,,,,,,,,{23},
EN300-71252,"A468,A543",2,,,,{79},,,,,,,,,,,{23},
EN300-53963202,"A468,A543",2,,,,{77},,,,,,,,,,,{23},
EN300-256418,"A467,A543",2,,{77},,,,,,,,,,,,,{23},
EN300-53418883,A543,1,,,,,,,,,,,,,,,{23},
EN300-746978,"A468,A543",2,,,,{84},,,,,,,,,,,{23},
EN300-53450763,A543,1,,,,,,,,,,,,,,,{23},
EN300-28315954,"A468,A543",2,,,,{80},,,,,,,,,,,{23},
EN300-47313854,"A468,A543",2,,,,{76},,,,,,,,,,,{23},
EN300-53215775,"A468,A543",2,,,,{76},,,,,,,,,,,{23},
EN300-3522672,"A468,A543",2,,,,{81},,,,,,,,,,,{23},
EN300-187439,"A468,A536,A543",3,,,,{76},,,,,,,{35},,,,{23},
EN300-17910,"A468,A543",2,,,,{71},,,,,,,,,,,{23},
EN300-6839407,"A468,A543",2,,,,{79},,,,,,,,,,,{23},
EN300-6777601,"A468,A543",2,,,,{74},,,,,,,,,,,{23},
EN300-7792563,"A468,A543",2,,,,{78},,,,,,,,,,,{23},
EN300-204384,"A468,A543",2,,,,{73},,,,,,,,,,,{23},
EN300-53440655,"A468,A543",2,,,,{81},,,,,,,,,,,{23},
EN300-307279,"A468,A543",2,,,,{74},,,,,,,,,,,{23},
EN300-7721984,"A468,A543",2,,,,{77},,,,,,,,,,,{23},
EN300-53423387,"A468,A543",2,,,,{77},,,,,,,,,,,{23},
EN300-7441212,"A468,A543",2,,,,{76},,,,,,,,,,,{23},
EN300-22139918,"A468,A543",2,,,,{77},,,,,,,,,,,{23},
EN300-749098,"A468,A543",2,,,,{86},,,,,,,,,,,{23},
EN300-22731871,"A468,A543",2,,,,{78},,,,,,,,,,,{23},
EN300-719562,"A468,A543",2,,,,{76},,,,,,,,,,,{23},
EN300-200026,"A468,A543",2,,,,{71},,,,,,,,,,,{23},
EN300-7726518,"A468,A543",2,,,,{74},,,,,,,,,,,{23},
EN300-128379,"A468,A543",2,,,,{85},,,,,,,,,,,{23},
EN300-136851,"A468,A543",2,,,,{85},,,,,,,,,,,{23},
EN300-159855,"A468,A543",2,,,,{72},,,,,,,,,,,{23},
EN300-53868110,"A468,A543",2,,,,{79},,,,,,,,,,,{23},
EN300-46591250,"A468,A543",2,,,,{71},,,,,,,,,,,{23},
EN300-6947840,"A468,A543",2,,,,{72},,,,,,,,,,,{23},
EN300-28297012,"A468,A543",2,,,,{73},,,,,,,,,,,{23},
EN300-53357599,"A468,A543",2,,,,{77},,,,,,,,,,,{23},
EN300-37241422,"A468,A543",2,,,,{91},,,,,,,,,,,{23},
EN300-3171580,"A468,A543",2,,,,{81},,,,,,,,,,,{23},
EN300-20854,A543,1,,,,,,,,,,,,,,,{23},
EN300-22300475,"A468,A543",2,,,,{75},,,,,,,,,,,{23},
EN300-200766,"A468,A543",2,,,,{75},,,,,,,,,,,{23},
EN300-37108884,"A468,A543",2,,,,{85},,,,,,,,,,,{23},
EN300-52426618,"A468,A543",2,,,,{73},,,,,,,,,,,{23},
EN300-7411913,"A468,A543",2,,,,{74},,,,,,,,,,,{23},
EN300-876504,"A468,A543",2,,,,{78},,,,,,,,,,,{23},
EN300-37468648,"A468,A543",2,,,,{81},,,,,,,,,,,{23},
EN300-233626,"A468,A543",2,,,,{76},,,,,,,,,,,{23},
EN300-3260266,"A468,A543",2,,,,{73},,,,,,,,,,,{23},
EN300-28254121,"A468,A543",2,,,,{75},,,,,,,,,,,{23},
EN300-22971508,"A468,A543",2,,,,{75},,,,,,,,,,,{23},
EN300-53431980,"A467,A543",2,,{79},,,,,,,,,,,,,{23},
EN300-22895875,"A468,A543",2,,,,{76},,,,,,,,,,,{23},
EN300-9809366,"A468,A543",2,,,,{83},,,,,,,,,,,{23},
EN300-54213362,"A468,A543",2,,,,{83},,,,,,,,,,,{23},
EN300-51863033,"A468,A543",2,,,,{75},,,,,,,,,,,{23},
EN300-52519457,"A468,A543",2,,,,{74},,,,,,,,,,,{23},
EN300-2417498,"A468,A543",2,,,,{82},,,,,,,,,,,{23},
EN300-53541292,"A468,A543",2,,,,{80},,,,,,,,,,,{23},
EN300-27755031,"A468,A543",2,,,,{84},,,,,,,,,,,{23},
EN300-1720151,"A468,A543",2,,,,{75},,,,,,,,,,,{23},
EN300-53958408,"A468,A543",2,,,,{75},,,,,,,,,,,{23},
EN300-399786,A543,1,,,,,,,,,,,,,,,{23},
EN300-97045,A543,1,,,,,,,,,,,,,,,{23},
EN300-212905,A543,1,,,,,,,,,,,,,,,{23},
EN300-25981447,"A467,A543",2,,{76},,,,,,,,,,,,,{23},
EN300-52787870,"A468,A543",2,,,,{77},,,,,,,,,,,{23},
EN300-9973236,"A468,A543",2,,,,{81},,,,,,,,,,,{23},
EN300-7443398,"A468,A543",2,,,,{85},,,,,,,,,,,{23},
EN300-8814605,"A468,A543",2,,,,{77},,,,,,,,,,,{23},
EN300-803637,A543,1,,,,,,,,,,,,,,,{23},
EN300-2944762,"A468,A543",2,,,,{74},,,,,,,,,,,{23},
EN300-340099,"A468,A543",2,,,,{80},,,,,,,,,,,{23},
EN300-26209887,"A468,A543",2,,,,{86},,,,,,,,,,,{23},
EN300-105131,"A468,A543",2,,,,{76},,,,,,,,,,,{23},
EN300-53435442,"A468,A543",2,,,,{77},,,,,,,,,,,{23},
EN300-37109124,"A468,A543",2,,,,{80},,,,,,,,,,,{23},
EN300-25387071,"A468,A543",2,,,,{76},,,,,,,,,,,{23},
EN300-27735341,"A468,A543",2,,,,{73},,,,,,,,,,,{23},
EN300-24506932,"A468,A543",2,,,,{82},,,,,,,,,,,{23},
EN300-52781365,"A468,A543",2,,,,{81},,,,,,,,,,,{23},
EN300-6780965,"A468,A543",2,,,,{78},,,,,,,,,,,{23},
EN300-195244,"A468,A543",2,,,,{80},,,,,,,,,,,{23},
EN300-23609701,"A468,A543",2,,,,{77},,,,,,,,,,,{23},
EN300-152898,"A468,A543",2,,,,{81},,,,,,,,,,,{23},
EN300-1894109,"A468,A543",2,,,,{78},,,,,,,,,,,{23},
EN300-314080,"A468,A536,A543",3,,,,{74},,,,,,,{35},,,,{23},
EN300-128370,"A468,A543",2,,,,{72},,,,,,,,,,,{23},
EN300-20868,"A468,A543",2,,,,{90},,,,,,,,,,,{23},
EN300-312801,"A468,A543",2,,,,{79},,,,,,,,,,,{23},
EN300-43379668,"A468,A543",2,,,,{87},,,,,,,,,,,{23},
EN300-53447406,"A468,A543",2,,,,{79},,,,,,,,,,,{23},
EN300-7428245,"A468,A543",2,,,,{86},,,,,,,,,,,{23},
EN300-45645596,"A468,A543",2,,,,{74},,,,,,,,,,,{23},
EN300-37332528,"A468,A543",2,,,,{79},,,,,,,,,,,{23},
EN300-2918547,"A468,A543",2,,,,{74},,,,,,,,,,,{23},
EN300-135642,"A468,A543",2,,,,{78},,,,,,,,,,,{23},
EN300-33039391,"A468,A543",2,,,,{80},,,,,,,,,,,{23},
EN300-4346549,"A468,A473,A543",3,,,,{80},,,,{78},,,,,,,{23},
EN300-7548516,"A468,A543",2,,,,{82},,,,,,,,,,,{23},
EN300-1587408,"A468,A543",2,,,,{81},,,,,,,,,,,{23},
EN300-26666759,"A468,A543",2,,,,{85},,,,,,,,,,,{23},
EN300-53019648,"A468,A543",2,,,,{72},,,,,,,,,,,{23},
EN300-340106,"A468,A543",2,,,,{83},,,,,,,,,,,{23},
EN300-6474380,"A468,A543",2,,,,{78},,,,,,,,,,,{23},
EN300-248581,"A468,A543",2,,,,{76},,,,,,,,,,,{23},
EN300-7864427,"A468,A543",2,,,,{75},,,,,,,,,,,{23},
EN300-1256017,"A468,A543",2,,,,{84},,,,,,,,,,,{23},
EN300-246035,"A468,A543",2,,,,{89},,,,,,,,,,,{23},
EN300-37267760,"A468,A543",2,,,,{81},,,,,,,,,,,{23},
EN300-46747500,"A468,A543",2,,,,{81},,,,,,,,,,,{23},
EN300-114078,"A467,A543",2,,{75},,,,,,,,,,,,,{23},
EN300-322956,"A468,A543",2,,,,{74},,,,,,,,,,,{23},
EN300-15620,"A467,A543",2,,{74},,,,,,,,,,,,,{23},
EN300-3038074,"A467,A468,A543",3,,{75},,{75},,,,,,,,,,,{23},
EN300-46901118,"A468,A543",2,,,,{73},,,,,,,,,,,{23},
EN300-11324620,"A468,A543",2,,,,{85},,,,,,,,,,,{23},
EN300-248224,"A468,A543",2,,,,{77},,,,,,,,,,,{23},
EN300-28303270,"A468,A543",2,,,,{77},,,,,,,,,,,{23},
EN300-27739466,"A468,A543",2,,,,{73},,,,,,,,,,,{23},
EN300-141548,"A468,A543",2,,,,{71},,,,,,,,,,,{23},
EN300-243666,"A467,A543",2,,{76},,,,,,,,,,,,,{23},
EN300-6518601,"A468,A543",2,,,,{78},,,,,,,,,,,{23},
EN300-3595253,"A468,A543",2,,,,{83},,,,,,,,,,,{23},
EN300-97495,A543,1,,,,,,,,,,,,,,,{23},
EN300-2009497,"A468,A538,A543",3,,,,{79},,,,,,{83},,,,,{23},
EN300-28303245,"A467,A543",2,,{89},,,,,,,,,,,,,{23},
EN300-295973,"A468,A543",2,,,,{78},,,,,,,,,,,{23},
EN300-204365,"A468,A543",2,,,,{78},,,,,,,,,,,{23},
EN300-140187,"A468,A543",2,,,,{76},,,,,,,,,,,{23},
EN300-33210988,"A468,A543",2,,,,{72},,,,,,,,,,,{23},
EN300-367346,"A467,A543",2,,{83},,,,,,,,,,,,,{23},
EN300-1295200,"A468,A543",2,,,,{75},,,,,,,,,,,{23},
EN300-274087,"A468,A543",2,,,,{85},,,,,,,,,,,{23},
EN300-33173586,"A468,A543",2,,,,{76},,,,,,,,,,,{23},
EN300-7720190,"A467,A468,A543",3,,{80},,{81},,,,,,,,,,,{23},
EN300-36600469,"A468,A543",2,,,,{80},,,,,,,,,,,{23},
EN300-37282472,"A468,A543",2,,,,{77},,,,,,,,,,,{23},
EN300-36216,"A468,A543",2,,,,{70},,,,,,,,,,,{23},
EN300-268758,A543,1,,,,,,,,,,,,,,,{23},
EN300-209303,"A468,A543",2,,,,{76},,,,,,,,,,,{23},
EN300-86141,"A468,A543",2,,,,{83},,,,,,,,,,,{23},
EN300-46742891,"A468,A543",2,,,,{73},,,,,,,,,,,{23},
EN300-1708821,"A468,A543",2,,,,{78},,,,,,,,,,,{23},
EN300-23618456,"A468,A543",2,,,,{81},,,,,,,,,,,{23},
EN300-265444,"A468,A543",2,,,,{75},,,,,,,,,,,{23},
EN300-748797,"A468,A543",2,,,,{74},,,,,,,,,,,{23},
EN300-52010545,"A468,A543",2,,,,{77},,,,,,,,,,,{23},
EN300-6487326,"A468,A543",2,,,,{75},,,,,,,,,,,{23},
EN300-53422940,"A468,A543",2,,,,{82},,,,,,,,,,,{23},
EN300-28311046,"A467,A468,A543",3,,{82},,{83},,,,,,,,,,,{23},
EN300-7551063,A543,1,,,,,,,,,,,,,,,{23},
EN300-112511,"A468,A543",2,,,,{88},,,,,,,,,,,{23},
EN300-8352393,"A468,A543",2,,,,{76},,,,,,,,,,,{23},
EN300-249739,"A468,A543",2,,,,{73},,,,,,,,,,,{23},
EN300-2976251,"A467,A543",2,{37},,,,,,,,,,,,,,{23},
EN300-130036,"A468,A543",2,,,,{79},,,,,,,,,,,{23},
EN300-4357541,"A468,A543",2,,,,{75},,,,,,,,,,,{23},
EN300-295416,"A468,A543",2,,,,{72},,,,,,,,,,,{23},
EN300-7548678,"A468,A543",2,,,,{78},,,,,,,,,,,{23},
EN300-53446574,"A468,A543",2,,,,{76},,,,,,,,,,,{23},
EN300-7077209,"A468,A543",2,,,,{74},,,,,,,,,,,{23},
EN300-228378,"A468,A543",2,,,,{81},,,,,,,,,,,{23},
EN300-26208932,"A468,A543",2,,,,{79},,,,,,,,,,,{23},
EN300-33051366,"A467,A543",2,,{81},,,,,,,,,,,,,{23},
EN300-53864469,"A468,A543",2,,,,{77},,,,,,,,,,,{23},
EN300-51758261,"A468,A543",2,,,,{85},,,,,,,,,,,{23},
EN300-37241422,"A468,A543",2,,,,{91},,,,,,,,,,,{23},
EN300-07255,"A468,A543",2,,,,{86},,,,,,,,,,,{23},
EN300-6764354,"A468,A543",2,,,,{74},,,,,,,,,,,{23},
EN300-53357617,"A468,A543",2,,,,{81},,,,,,,,,,,{23},
EN300-51744020,"A468,A473,A543",3,,,,{80},,,,{81},,,,,,,{23},
EN300-46772667,"A468,A543",2,,,,{74},,,,,,,,,,,{23},
EN300-6735233,A543,1,,,,,,,,,,,,,,,{23},
EN300-6477122,"A468,A543",2,,,,{77},,,,,,,,,,,{23},
EN300-199046,A543,1,,,,,,,,,,,,,,,{23},
EN300-46452398,"A468,A543",2,,,,{77},,,,,,,,,,,{23},
EN300-190322,"A468,A538,A543",3,,,,{90},,,,,,{79},,,,,{23},
EN300-175174,A543,1,,,,,,,,,,,,,,,{23},
EN300-3523176,"A468,A543",2,,,,{76},,,,,,,,,,,{23},
EN300-1387315,"A468,A543",2,,,,{74},,,,,,,,,,,{23},
EN300-53834989,"A468,A543",2,,,,{80},,,,,,,,,,,{23},
EN300-7052120,"A468,A543",2,,,,{77},,,,,,,,,,,{23},
EN300-3497965,"A468,A543",2,,,,{77},,,,,,,,,,,{23},
EN300-37469334,"A468,A543",2,,,,{75},,,,,,,,,,,{23},
EN300-37290893,"A468,A543",2,,,,{78},,,,,,,,,,,{23},
EN300-263314,"A468,A543",2,,,,{77},,,,,,,,,,,{23},
EN300-52200749,"A468,A543",2,,,,{76},,,,,,,,,,,{23},
EN300-263910,"A468,A543",2,,,,{81},,,,,,,,,,,{23},
EN300-1720776,"A467,A543",2,,{77},,,,,,,,,,,,,{23},
EN300-8043092,"A468,A473,A543",3,,,,{76},,,,{75},,,,,,,{23},
EN300-33317319,"A468,A543",2,,,,{72},,,,,,,,,,,{23},
EN300-33240341,"A468,A543",2,,,,{78},,,,,,,,,,,{23},
EN300-53290217,"A468,A543",2,,,,{83},,,,,,,,,,,{23},
EN300-131929,"A468,A543",2,,,,{76},,,,,,,,,,,{23},
EN300-37241422,"A468,A543",2,,,,{91},,,,,,,,,,,{23},
EN300-53960248,"A468,A543",2,,,,{75},,,,,,,,,,,{23},
EN300-53435035,"A468,A543",2,,,,{84},,,,,,,,,,,{23},
EN300-53445311,"A468,A543",2,,,,{79},,,,,,,,,,,{23},
EN300-51852325,A543,1,,,,,,,,,,,,,,,{23},
EN300-46747500,"A468,A543",2,,,,{81},,,,,,,,,,,{23},
EN300-1072681,"A468,A543",2,,,,{75},,,,,,,,,,,{23},
EN300-6745361,"A468,A543",2,,,,{78},,,,,,,,,,,{23},
EN300-45066,A543,1,,,,,,,,,,,,,,,{23},
EN300-6929353,"A468,A543",2,,,,{74},,,,,,,,,,,{23},
EN300-93320,"A468,A543",2,,,,{83},,,,,,,,,,,{23},
EN300-7866122,"A468,A543",2,,,,{83},,,,,,,,,,,{23},
EN300-21652146,"A468,A543",2,,,,{71},,,,,,,,,,,{23},
EN300-8569640,"A468,A543",2,,,,{77},,,,,,,,,,,{23},
EN300-21081,"A467,A543",2,,{75},,,,,,,,,,,,,{23},
EN300-3202979,"A468,A543",2,,,,{76},,,,,,,,,,,{23},
EN300-74775,"A468,A543",2,,,,{75},,,,,,,,,,,{23},
EN300-1964009,"A468,A543",2,,,,{80},,,,,,,,,,,{23},
EN300-53436123,"A468,A543",2,,,,{84},,,,,,,,,,,{23},
EN300-1654945,"A468,A543",2,,,,{81},,,,,,,,,,,{23},
EN300-22865908,"A468,A543",2,,,,{81},,,,,,,,,,,{23},
EN300-29121375,A543,1,,,,,,,,,,,,,,,{23},
EN300-1590473,A543,1,,,,,,,,,,,,,,,{23},
EN300-1968048,"A468,A543",2,,,,{73},,,,,,,,,,,{23},
EN300-4354099,"A468,A543",2,,,,{73},,,,,,,,,,,{23},
EN300-7563682,"A468,A543",2,,,,{75},,,,,,,,,,,{23},
EN300-132392,"A468,A543",2,,,,{74},,,,,,,,,,,{23},
EN300-80767,"A468,A543",2,,,,{79},,,,,,,,,,,{23},
EN300-39868301,"A468,A543",2,,,,{75},,,,,,,,,,,{23},
EN300-66173,A543,1,,,,,,,,,,,,,,,{23},
EN300-388311,"A467,A468,A543",3,,{80},,{80},,,,,,,,,,,{23},
EN300-1920079,"A468,A543",2,,,,{80},,,,,,,,,,,{23},
EN300-7465901,"A467,A468,A543",3,{50},,,{84},,,,,,,,,,,{23},
EN300-43360441,"A468,A536,A543",3,,,,{78},,,,,,,{35},,,,{23},
EN300-27143247,"A468,A543",2,,,,{79},,,,,,,,,,,{23},
EN300-212985,"A468,A543",2,,,,{74},,,,,,,,,,,{23},
EN300-1722171,"A468,A543",2,,,,{75},,,,,,,,,,,{23},
EN300-3523176,"A468,A543",2,,,,{76},,,,,,,,,,,{23},
EN300-24527829,"A468,A543",2,,,,{81},,,,,,,,,,,{23},
EN300-332390,"A468,A543",2,,,,{73},,,,,,,,,,,{23},
EN300-27693882,"A468,A543",2,,,,{77},,,,,,,,,,,{23},
EN300-26865143,"A468,A543",2,,,,{81},,,,,,,,,,,{23},
EN300-206203,"A468,A543",2,,,,{72},,,,,,,,,,,{23},
EN300-6496673,"A468,A543",2,,,,{80},,,,,,,,,,,{23},
EN300-256632,"A468,A543",2,,,,{76},,,,,,,,,,,{23},
EN300-1626917,"A468,A543",2,,,,{74},,,,,,,,,,,{23},
EN300-1634481,"A468,A543",2,,,,{74},,,,,,,,,,,{23},
EN300-37289182,"A468,A543",2,,,,{78},,,,,,,,,,,{23},
EN300-3252947,"A468,A543",2,,,,{71},,,,,,,,,,,{23},
EN300-220385,"A468,A543",2,,,,{73},,,,,,,,,,,{23},
EN300-23006032,"A468,A543",2,,,,{83},,,,,,,,,,,{23},
EN300-95885,"A468,A543",2,,,,{74},,,,,,,,,,,{23},
EN300-225919,"A468,A543",2,,,,{82},,,,,,,,,,,{23},
EN300-46740805,"A468,A543",2,,,,{74},,,,,,,,,,,{23},
EN300-7321791,"A468,A543",2,,,,{74},,,,,,,,,,,{23},
EN300-27695688,"A468,A543",2,,,,{75},,,,,,,,,,,{23},
EN300-53386728,"A468,A543",2,,,,{81},,,,,,,,,,,{23},
EN300-170186,"A468,A543",2,,,,{80},,,,,,,,,,,{23},
EN300-85663,"A468,A543",2,,,,{80},,,,,,,,,,,{23},
EN300-1273166,"A468,A543",2,,,,{80},,,,,,,,,,,{23},
EN300-136994,"A468,A543",2,,,,{72},,,,,,,,,,,{23},
EN300-1478769,"A468,A543",2,,,,{95},,,,,,,,,,,{23},
EN300-7447120,"A468,A543",2,,,,{77},,,,,,,,,,,{23},
EN300-53595910,A543,1,,,,,,,,,,,,,,,{23},
EN300-1720509,"A468,A543",2,,,,{84},,,,,,,,,,,{23},
EN300-3548230,"A468,A543",2,,,,{84},,,,,,,,,,,{23},
EN300-51761859,"A468,A543",2,,,,{73},,,,,,,,,,,{23},
EN300-86546,"A468,A543",2,,,,{82},,,,,,,,,,,{23},
EN300-53867584,"A468,A543",2,,,,{78},,,,,,,,,,,{23},
EN300-46761291,"A468,A543",2,,,,{77},,,,,,,,,,,{23},
EN300-7754867,"A468,A543",2,,,,{81},,,,,,,,,,,{23},
EN300-246202,"A468,A543",2,,,,{75},,,,,,,,,,,{23},
EN300-94710,"A468,A543",2,,,,{74},,,,,,,,,,,{23},
EN300-7424264,"A468,A543",2,,,,{81},,,,,,,,,,,{23},
EN300-24204834,"A468,A543",2,,,,{80},,,,,,,,,,,{23},
EN300-53433144,"A468,A473,A543",3,,,,{78},,,,{77},,,,,,,{23},
EN300-1241139,"A468,A543",2,,,,{75},,,,,,,,,,,{23},
EN300-53512890,"A468,A543",2,,,,{90},,,,,,,,,,,{23},
EN300-53447178,"A468,A543",2,,,,{80},,,,,,,,,,,{23},
EN300-51745294,"A468,A543",2,,,,{78},,,,,,,,,,,{23},
EN300-02750,"A468,A543",2,,,,{85},,,,,,,,,,,{23},
EN300-198140,A543,1,,,,,,,,,,,,,,,{23},
EN300-253790,"A468,A543",2,,,,{79},,,,,,,,,,,{23},
EN300-263942,"A468,A543",2,,,,{80},,,,,,,,,,,{23},
EN300-53963041,"A468,A543",2,,,,{78},,,,,,,,,,,{23},
EN300-204293,"A468,A543",2,,,,{75},,,,,,,,,,,{23},
EN300-215583,"A468,A543",2,,,,{75},,,,,,,,,,,{23},
EN300-7441067,"A468,A543",2,,,,{88},,,,,,,,,,,{23},
EN300-105613,"A467,A543",2,,{75},,,,,,,,,,,,,{23},
EN300-6734946,A543,1,,,,,,,,,,,,,,,{23},
EN300-157973,"A468,A543",2,,,,{74},,,,,,,,,,,{23},
EN300-6758703,"A468,A543",2,,,,{75},,,,,,,,,,,{23},
EN300-6812516,"A468,A543",2,,,,{74},,,,,,,,,,,{23},
EN300-2958711,"A468,A543",2,,,,{74},,,,,,,,,,,{23},
EN300-7549030,A543,1,,,,,,,,,,,,,,,{23},
EN300-249142,"A468,A543",2,,,,"{75, 79}",,,,,,,,,,,{23},
EN300-48956820,"A468,A543",2,,,,{78},,,,,,,,,,,{23},
EN300-28297052,A543,1,,,,,,,,,,,,,,,{23},
EN300-7357299,"A468,A543",2,,,,{76},,,,,,,,,,,{23},
EN300-53448631,"A468,A543",2,,,,{87},,,,,,,,,,,{23},
EN300-30053602,"A468,A543",2,,,,{82},,,,,,,,,,,{23},
EN300-1667037,"A468,A543",2,,,,{76},,,,,,,,,,,{23},
EN300-255635,"A468,A543",2,,,,{89},,,,,,,,,,,{23},
EN300-1716065,"A468,A538,A543",3,,,,{77},,,,,,{79},,,,,{23},
EN300-2207463,"A468,A543",2,,,,{76},,,,,,,,,,,{23},
EN300-7426457,"A468,A543",2,,,,{78},,,,,,,,,,,{23},
EN300-1892979,"A468,A543",2,,,,{86},,,,,,,,,,,{23},
EN300-27686520,"A468,A543",2,,,,{77},,,,,,,,,,,{23},
EN300-26862790,"A468,A543",2,,,,{87},,,,,,,,,,,{23},
EN300-8831569,"A468,A543",2,,,,{83},,,,,,,,,,,{23},
EN300-179093,"A468,A543",2,,,,{83},,,,,,,,,,,{23},
EN300-107028,"A468,A543",2,,,,{73},,,,,,,,,,,{23},
EN300-7683135,"A468,A543",2,,,,{74},,,,,,,,,,,{23},
EN300-204256,"A468,A543",2,,,,{74},,,,,,,,,,,{23},
EN300-53290052,"A468,A543",2,,,,{76},,,,,,,,,,,{23},
EN300-1897499,"A468,A543",2,,,,{80},,,,,,,,,,,{23},
EN300-80464,"A468,A543",2,,,,{73},,,,,,,,,,,{23},
EN300-37292627,A543,1,,,,,,,,,,,,,,,{23},
EN300-37282736,"A468,A543",2,,,,{74},,,,,,,,,,,{23},
EN300-7445675,"A468,A543",2,,,,{76},,,,,,,,,,,{23},
EN300-215114,"A467,A468,A543",3,,{74},,{74},,,,,,,,,,,{23},
EN300-26638749,A543,1,,,,,,,,,,,,,,,{23},
EN300-7392042,"A467,A543",2,,{75},,,,,,,,,,,,,{23},
EN300-46902659,A543,1,,,,,,,,,,,,,,,{23},
EN300-1719877,"A468,A543",2,,,,{78},,,,,,,,,,,{23},
EN300-192330,"A468,A543",2,,,,{73},,,,,,,,,,,{23},
EN300-6734075,"A468,A543",2,,,,{75},,,,,,,,,,,{23},
EN300-21630025,"A468,A543",2,,,,{75},,,,,,,,,,,{23},
EN300-46741493,"A468,A543",2,,,,{78},,,,,,,,,,,{23},
EN300-8831569,"A468,A543",2,,,,{83},,,,,,,,,,,{23},
EN300-53422294,"A468,A543",2,,,,{78},,,,,,,,,,,{23},
EN300-39674985,"A468,A543",2,,,,{74},,,,,,,,,,,{23},
EN300-269695,"A468,A543",2,,,,{84},,,,,,,,,,,{23},
EN300-55592,"A468,A543",2,,,,{75},,,,,,,,,,,{23},
EN300-3238929,"A468,A543",2,,,,{77},,,,,,,,,,,{23},
EN300-135549,"A468,A543",2,,,,{88},,,,,,,,,,,{23},
EN300-37280349,"A468,A543",2,,,,{77},,,,,,,,,,,{23},
EN300-264695,"A468,A543",2,,,,{72},,,,,,,,,,,{23},
EN300-37278277,A543,1,,,,,,,,,,,,,,,{23},
EN300-53423593,"A468,A543",2,,,,{81},,,,,,,,,,,{23},
EN300-42726,"A467,A543",2,,{79},,,,,,,,,,,,,{23},
EN300-02005,"A468,A543",2,,,,{72},,,,,,,,,,,{23},
EN300-5018704,"A468,A543",2,,,,{77},,,,,,,,,,,{23},
EN300-6488030,"A468,A543",2,,,,{73},,,,,,,,,,,{23},
EN300-7542676,"A468,A543",2,,,,{76},,,,,,,,,,,{23},
EN300-7446669,"A468,A543",2,,,,{77},,,,,,,,,,,{23},
EN300-203137,"A468,A543",2,,,,{85},,,,,,,,,,,{23},
EN300-8164738,"A468,A543",2,,,,{86},,,,,,,,,,,{23},
EN300-2926925,"A468,A543",2,,,,{76},,,,,,,,,,,{23},
EN300-199748,"A468,A543",2,,,,{85},,,,,,,,,,,{23},
EN300-122918,"A468,A543",2,,,,{72},,,,,,,,,,,{23},
EN300-9488577,"A468,A543",2,,,,{79},,,,,,,,,,,{23},
EN300-26667923,"A468,A543",2,,,,{80},,,,,,,,,,,{23},
EN300-1913717,"A468,A543",2,,,,{70},,,,,,,,,,,{23},
EN300-46902659,"A468,A543",2,,,,{89},,,,,,,,,,,{23},
EN300-53445143,"A468,A543",2,,,,{78},,,,,,,,,,,{23},
EN300-371095,"A467,A468,A543",3,,{85},,{85},,,,,,,,,,,{23},
EN300-52452638,"A468,A543",2,,,,{77},,,,,,,,,,,{23},
EN300-6487906,"A468,A543",2,,,,{76},,,,,,,,,,,{23},
EN300-4247046,"A468,A543",2,,,,{73},,,,,,,,,,,{23},
EN300-228282,"A468,A543",2,,,,{81},,,,,,,,,,,{23},
EN300-71253,"A468,A543",2,,,,{77},,,,,,,,,,,{23},
EN300-278265,"A467,A468,A543",3,,{75},,{76},,,,,,,,,,,{23},
EN300-53864384,"A468,A543",2,,,,{82},,,,,,,,,,,{23},
EN300-53867633,"A468,A543",2,,,,{86},,,,,,,,,,,{23},
EN300-6482963,"A468,A543",2,,,,{72},,,,,,,,,,,{23},
EN300-152282,"A468,A543",2,,,,{78},,,,,,,,,,,{23},
EN300-51757130,"A468,A543",2,,,,{85},,,,,,,,,,,{23},
EN300-53963204,"A468,A543",2,,,,{77},,,,,,,,,,,{23},
EN300-53522790,"A468,A543",2,,,,{83},,,,,,,,,,,{23},
EN300-52461148,"A468,A543",2,,,,{91},,,,,,,,,,,{23},
EN300-32231113,"A468,A543",2,,,,{75},,,,,,,,,,,{23},
EN300-53426415,"A468,A543",2,,,,{80},,,,,,,,,,,{23},
EN300-53287512,"A468,A538,A543",3,,,,{86},,,,,,{92},,,,,{23},
EN300-7960041,"A468,A543",2,,,,{81},,,,,,,,,,,{23},
EN300-53961443,"A468,A543",2,,,,{78},,,,,,,,,,,{23},
EN300-93560,"A468,A543",2,,,,{79},,,,,,,,,,,{23},
EN300-7447066,A543,1,,,,,,,,,,,,,,,{23},
EN300-6730309,"A468,A543",2,,,,{76},,,,,,,,,,,{23},
EN300-45738399,"A468,A543",2,,,,{81},,,,,,,,,,,{23},
EN300-28310717,"A468,A543",2,,,,{92},,,,,,,,,,,{23},
EN300-8628030,"A468,A543",2,,,,{80},,,,,,,,,,,{23},
EN300-53864956,"A468,A543",2,,,,{78},,,,,,,,,,,{23},
EN300-53960101,"A468,A543",2,,,,{76},,,,,,,,,,,{23},
EN300-53419480,"A468,A543",2,,,,{79},,,,,,,,,,,{23},
EN300-220124,"A468,A543",2,,,,{78},,,,,,,,,,,{23},
EN300-216015,"A468,A543",2,,,,{91},,,,,,,,,,,{23},
EN300-53867903,"A468,A543",2,,,,{82},,,,,,,,,,,{23},
EN300-9578344,"A468,A543",2,,,,{78},,,,,,,,,,,{23},
EN300-159933,"A468,A543",2,,,,{74},,,,,,,,,,,{23},
EN300-21757001,"A468,A543",2,,,,{77},,,,,,,,,,,{23},
EN300-3189856,"A468,A543",2,,,,{71},,,,,,,,,,,{23},
EN300-46894749,"A468,A543",2,,,,{78},,,,,,,,,,,{23},
EN300-53417933,"A468,A543",2,,,,{77},,,,,,,,,,,{23},
EN300-2010176,"A468,A543",2,,,,{80},,,,,,,,,,,{23},
EN300-23620250,"A467,A468,A543",3,,{77},,{77},,,,,,,,,,,{23},
EN300-298002,"A468,A543",2,,,,{80},,,,,,,,,,,{23},
EN300-130458,"A468,A543",2,,,,{76},,,,,,,,,,,{23},
EN300-53603784,"A468,A543",2,,,,{81},,,,,,,,,,,{23},
EN300-1961847,"A468,A543",2,,,,{75},,,,,,,,,,,{23},
EN300-131311,"A468,A543",2,,,,{78},,,,,,,,,,,{23},
EN300-47308040,"A468,A543",2,,,,{75},,,,,,,,,,,{23},
EN300-62160,"A468,A543",2,,,,{78},,,,,,,,,,,{23},
EN300-6775977,"A468,A543",2,,,,{75},,,,,,,,,,,{23},
EN300-53290523,"A467,A468,A543",3,{39},,,{84},,,,,,,,,,,{23},
EN300-45143337,"A468,A543",2,,,,{75},,,,,,,,,,,{23},
EN300-37377309,"A468,A543",2,,,,{75},,,,,,,,,,,{23},
EN300-221790,"A468,A543",2,,,,{90},,,,,,,,,,,{23},
EN300-1693634,"A468,A543",2,,,,{76},,,,,,,,,,,{23},
EN300-75258,"A468,A543",2,,,,{71},,,,,,,,,,,{23},
EN300-52703315,"A468,A543",2,,,,{82},,,,,,,,,,,{23},
EN300-52851328,"A468,A543",2,,,,{82},,,,,,,,,,,{23},
EN300-7303569,"A468,A543",2,,,,{74},,,,,,,,,,,{23},
EN300-321589,"A468,A543",2,,,,{78},,,,,,,,,,,{23},
EN300-53960247,"A468,A473,A543",3,,,,{75},,,,{74},,,,,,,{23},
EN300-6474562,"A468,A543",2,,,,{74},,,,,,,,,,,{23},
EN300-251715,A543,1,,,,,,,,,,,,,,,{23},
EN300-6808765,A543,1,,,,,,,,,,,,,,,{23},
EN300-32231113,"A468,A543",2,,,,{75},,,,,,,,,,,{23},
EN300-303302,"A468,A543",2,,,,{86},,,,,,,,,,,{23},
EN300-338260,"A468,A543",2,,,,{76},,,,,,,,,,,{23},
EN300-1273031,"A468,A538,A543",3,,,,{78},,,,,,{76},,,,,{23},
EN300-1295453,"A468,A543",2,,,,{72},,,,,,,,,,,{23},
EN300-28304340,"A468,A543",2,,,,{80},,,,,,,,,,,{23},
EN300-69391,"A468,A543",2,,,,{78},,,,,,,,,,,{23},
EN300-219236,"A468,A543",2,,,,{82},,,,,,,,,,,{23},
EN300-754688,"A468,A543",2,,,,{75},,,,,,,,,,,{23},
EN300-1086854,"A468,A543",2,,,,{84},,,,,,,,,,,{23},
EN300-47339276,"A468,A543",2,,,,{84},,,,,,,,,,,{23},
EN300-1605123,"A468,A543",2,,,,{72},,,,,,,,,,,{23},
EN300-6497739,"A468,A543",2,,,,{79},,,,,,,,,,,{23},
EN300-6478975,"A468,A543",2,,,,{75},,,,,,,,,,,{23},
EN300-53962095,A543,1,,,,,,,,,,,,,,,{23},
EN300-53293081,"A468,A543",2,,,,{85},,,,,,,,,,,{23},
EN300-207123,"A468,A536,A543",3,,,,{79},,,,,,,{41},,,,{23},
EN300-53433107,"A468,A543",2,,,,{80},,,,,,,,,,,{23},
EN300-7191543,A543,1,,,,,,,,,,,,,,,{23},
EN300-8191644,"A467,A543",2,,{83},,,,,,,,,,,,,{23},
EN300-28296286,"A468,A543",2,,,,{74},,,,,,,,,,,{23},
EN300-53345512,"A468,A543",2,,,,{85},,,,,,,,,,,{23},
EN300-280780,"A468,A543",2,,,,{77},,,,,,,,,,,{23},
EN300-22051643,"A468,A536,A543",3,,,,{78},,,,,,,{45},,,,{23},
EN300-3172017,A543,1,,,,,,,,,,,,,,,{23},
EN300-37291028,"A468,A543",2,,,,{80},,,,,,,,,,,{23},
EN300-53435099,"A468,A543",2,,,,{78},,,,,,,,,,,{23},
EN300-6814019,"A468,A543",2,,,,{81},,,,,,,,,,,{23},
EN300-266688,A543,1,,,,,,,,,,,,,,,{23},
EN300-53963863,"A468,A543",2,,,,"{78, 79}",,,,,,,,,,,{23},
EN300-27082372,"A468,A543",2,,,,{88},,,,,,,,,,,{23},
EN300-27193417,"A468,A543",2,,,,{88},,,,,,,,,,,{23},
EN300-3003591,"A468,A543",2,,,,{79},,,,,,,,,,,{23},
EN300-53865917,"A468,A543",2,,,,{76},,,,,,,,,,,{23},
EN300-25371921,"A468,A543",2,,,,{80},,,,,,,,,,,{23},
EN300-204293,"A468,A543",2,,,,{75},,,,,,,,,,,{23},
EN300-33210529,"A468,A543",2,,,,{79},,,,,,,,,,,{23},
EN300-53425984,A543,1,,,,,,,,,,,,,,,{23},
EN300-362438,"A468,A473,A543",3,,,,{85},,,,{86},,,,,,,{23},
EN300-160042,A543,1,,,,,,,,,,,,,,,{23},
EN300-260346,"A468,A543",2,,,,{76},,,,,,,,,,,{23},
EN300-7809301,A543,1,,,,,,,,,,,,,,,{23},
EN300-19093135,"A468,A543",2,,,,{78},,,,,,,,,,,{23},
EN300-5199214,A543,1,,,,,,,,,,,,,,,{23},
EN300-31383,"A468,A543",2,,,,{85},,,,,,,,,,,{23},
EN300-53409,"A468,A543",2,,,,{85},,,,,,,,,,,{23},
EN300-27702544,A543,1,,,,,,,,,,,,,,,{23},
EN300-46609083,"A468,A543",2,,,,{82},,,,,,,,,,,{23},
EN300-362985,"A468,A543",2,,,,{76},,,,,,,,,,,{23},
EN300-112754,"A468,A543",2,,,,{81},,,,,,,,,,,{23},
EN300-8673140,"A468,A543",2,,,,{82},,,,,,,,,,,{23},
EN300-2937981,"A468,A543",2,,,,{78},,,,,,,,,,,{23},
EN300-51757320,"A468,A543",2,,,,{84},,,,,,,,,,,{23},
EN300-7216781,"A468,A543",2,,,,{77},,,,,,,,,,,{23},
EN300-53420400,"A468,A543",2,,,,{77},,,,,,,,,,,{23},
EN300-7056835,"A468,A543",2,,,,{74},,,,,,,,,,,{23},
EN300-6746352,"A468,A543",2,,,,{76},,,,,,,,,,,{23},
EN300-53482400,"A468,A543",2,,,,{81},,,,,,,,,,,{23},
EN300-77021,"A468,A543",2,,,,{77},,,,,,,,,,,{23},
EN300-36600359,"A468,A543",2,,,,{76},,,,,,,,,,,{23},
EN300-229360,A543,1,,,,,,,,,,,,,,,{23},
EN300-2120579,"A468,A543",2,,,,{84},,,,,,,,,,,{23},
EN300-53435268,"A468,A543",2,,,,{84},,,,,,,,,,,{23},
EN300-43351119,"A468,A543",2,,,,{79},,,,,,,,,,,{23},
EN300-254617,"A468,A473,A543",3,,,,{77},,,,{76},,,,,,,{23},
EN300-37281800,"A468,A543",2,,,,{78},,,,,,,,,,,{23},
EN300-736052,"A467,A543",2,,{80},,,,,,,,,,,,,{23},
EN300-53137022,"A468,A543",2,,,,{81},,,,,,,,,,,{23},
EN300-51791650,"A467,A468,A543",3,{55},,,{93},,,,,,,,,,,{23},
EN300-154857,"A468,A543",2,,,,{83},,,,,,,,,,,{23},
EN300-1717185,"A468,A543",2,,,,{73},,,,,,,,,,,{23},
EN300-102517,"A536,A543",2,,,,,,,,,,,{35},,,,{23},
EN300-46902659,"A468,A543",2,,,,{87},,,,,,,,,,,{23},
EN300-53445498,"A468,A543",2,,,,{86},,,,,,,,,,,{23},
EN300-15537,"A468,A543",2,,,,{71},,,,,,,,,,,{23},
EN300-45228775,"A468,A543",2,,,,{76},,,,,,,,,,,{23},
EN300-52135211,"A468,A543",2,,,,{81},,,,,,,,,,,{23},
EN300-201779,"A468,A543",2,,,,{76},,,,,,,,,,,{23},
EN300-36097540,"A467,A468,A543",3,,{75},,{75},,,,,,,,,,,{23},
EN300-3535805,"A467,A468,A543",3,{38},,,{78},,,,,,,,,,,{23},
EN300-76237,"A468,A543",2,,,,{74},,,,,,,,,,,{23},
EN300-39919878,"A468,A543",2,,,,{88},,,,,,,,,,,{23},
EN300-5017722,"A468,A543",2,,,,{79},,,,,,,,,,,{23},
EN300-19215638,"A468,A543",2,,,,{75},,,,,,,,,,,{23},
EN300-6884478,"A468,A543",2,,,,{83},,,,,,,,,,,{23},
EN300-154969,"A468,A543",2,,,,{73},,,,,,,,,,,{23},
EN300-28953037,"A468,A543",2,,,,{77},,,,,,,,,,,{23},
EN300-7071176,"A468,A543",2,,,,{76},,,,,,,,,,,{23},
EN300-53867800,"A468,A543",2,,,,{78},,,,,,,,,,,{23},
EN300-53447414,"A468,A543",2,,,,{77},,,,,,,,,,,{23},
EN300-52703258,"A468,A543",2,,,,{84},,,,,,,,,,,{23},
EN300-103012,"A468,A543",2,,,,{77},,,,,,,,,,,{23},
EN300-27733570,"A468,A543",2,,,,{76},,,,,,,,,,,{23},
EN300-53286951,"A468,A543",2,,,,{79},,,,,,,,,,,{23},
EN300-8161234,"A467,A543",2,,{78},,,,,,,,,,,,,{23},
EN300-746492,"A468,A543",2,,,,{82},,,,,,,,,,,{23},
EN300-3276391,"A468,A543",2,,,,{77},,,,,,,,,,,{23},
EN300-1939316,"A468,A543",2,,,,{76},,,,,,,,,,,{23},
EN300-1720491,"A468,A543",2,,,,{72},,,,,,,,,,,{23},
EN300-362989,"A468,A543",2,,,,{76},,,,,,,,,,,{23},
EN300-317753,"A468,A543",2,,,,{79},,,,,,,,,,,{23},
EN300-7413776,"A468,A543",2,,,,{74},,,,,,,,,,,{23},
EN300-28309422,"A467,A468,A543",3,{46},,,{82},,,,,,,,,,,{23},
EN300-53709296,"A468,A543",2,,,,{80},,,,,,,,,,,{23},
EN300-37443494,"A468,A543",2,,,,{79},,,,,,,,,,,{23},
EN300-7674001,"A468,A543",2,,,,{76},,,,,,,,,,,{23},
EN300-53433004,"A468,A543",2,,,,{85},,,,,,,,,,,{23},
EN300-25940421,"A468,A543",2,,,,{76},,,,,,,,,,,{23},
EN300-194598,"A468,A543",2,,,,{77},,,,,,,,,,,{23},
EN300-7861991,"A468,A543",2,,,,{77},,,,,,,,,,,{23},
EN300-07190,A543,1,,,,,,,,,,,,,,,{23},
EN300-106899,"A468,A543",2,,,,{79},,,,,,,,,,,{23},
EN300-680682,"A468,A543",2,,,,{80},,,,,,,,,,,{23},
EN300-12442733,"A468,A543",2,,,,{77},,,,,,,,,,,{23},
EN300-22366883,"A468,A543",2,,,,{76},,,,,,,,,,,{23},
EN300-21629903,"A468,A543",2,,,,{80},,,,,,,,,,,{23},
EN300-298574,"A468,A543",2,,,,{74},,,,,,,,,,,{23},
EN300-260620,"A468,A543",2,,,,{90},,,,,,,,,,,{23},
EN300-113560,"A468,A543",2,,,,{75},,,,,,,,,,,{23},
EN300-53959863,"A468,A543",2,,,,{76},,,,,,,,,,,{23},
EN300-185757,"A468,A543",2,,,,{79},,,,,,,,,,,{23},
EN300-86157,"A468,A543",2,,,,{76},,,,,,,,,,,{23},
EN300-197871,"A468,A543",2,,,,"{80, 74}",,,,,,,,,,,{23},
EN300-52696464,"A468,A543",2,,,,{75},,,,,,,,,,,{23},
EN300-53961429,"A468,A543",2,,,,{78},,,,,,,,,,,{23},
EN300-12712043,"A468,A543",2,,,,{74},,,,,,,,,,,{23},
EN300-86175,A543,1,,,,,,,,,,,,,,,{23},
EN300-124091,"A468,A543",2,,,,{75},,,,,,,,,,,{23},
EN300-3563121,"A468,A543",2,,,,{76},,,,,,,,,,,{23},
EN300-8050682,"A468,A543",2,,,,{81},,,,,,,,,,,{23},
EN300-53434785,"A468,A543",2,,,,{84},,,,,,,,,,,{23},
EN300-3065282,"A468,A543",2,,,,{86},,,,,,,,,,,{23},
EN300-29208697,"A468,A543",2,,,,{82},,,,,,,,,,,{23},
EN300-37287831,"A468,A543",2,,,,{77},,,,,,,,,,,{23},
EN300-53832942,"A468,A543",2,,,,{79},,,,,,,,,,,{23},
EN300-24799895,"A468,A543",2,,,,{75},,,,,,,,,,,{23},
EN300-636700,"A468,A543",2,,,,{89},,,,,,,,,,,{23},
EN300-37392633,"A468,A543",2,,,,{78},,,,,,,,,,,{23},
EN300-53428112,"A468,A543",2,,,,{80},,,,,,,,,,,{23},
EN300-196130,"A468,A543",2,,,,{76},,,,,,,,,,,{23},
EN300-45271141,"A468,A543",2,,,,{77},,,,,,,,,,,{23},
EN300-53868046,"A468,A543",2,,,,{79},,,,,,,,,,,{23},
EN300-21648310,"A468,A543",2,,,,{83},,,,,,,,,,,{23},
EN300-237392,"A468,A543",2,,,,{73},,,,,,,,,,,{23},
EN300-126885,"A468,A543",2,,,,{76},,,,,,,,,,,{23},
EN300-6514543,"A468,A543",2,,,,{75},,,,,,,,,,,{23},
EN300-31215288,"A468,A543",2,,,,{74},,,,,,,,,,,{23},
EN300-46818418,"A468,A543",2,,,,{73},,,,,,,,,,,{23},
EN300-212133,"A468,A543",2,,,,{79},,,,,,,,,,,{23},
EN300-7439283,"A468,A543",2,,,,{80},,,,,,,,,,,{23},
EN300-1921133,"A468,A543",2,,,,{72},,,,,,,,,,,{23},
EN300-3229636,"A468,A536,A543",3,,,,{80},,,,,,,{47},,,,{23},
EN300-91960,"A468,A543",2,,,,{79},,,,,,,,,,,{23},
EN300-20835446,"A468,A473,A543",3,,,,{76},,,,{75},,,,,,,{23},
EN300-77838,A543,1,,,,,,,,,,,,,,,{23},
EN300-53291402,"A468,A473,A543",3,,,,{76},,,,{77},,,,,,,{23},
EN300-7446443,"A468,A543",2,,,,{85},,,,,,,,,,,{23},
EN300-398759,"A468,A543",2,,,,{73},,,,,,,,,,,{23},
EN300-2163967,"A468,A543",2,,,,{73},,,,,,,,,,,{23},
EN300-309219,"A468,A543",2,,,,{81},,,,,,,,,,,{23},
EN300-80812,"A468,A543",2,,,,{78},,,,,,,,,,,{23},
EN300-53195445,"A538,A543",2,,,,,,,,,,{82},,,,,{23},
EN300-46183190,"A468,A543",2,,,,{85},,,,,,,,,,,{23},
EN300-365352,"A468,A543",2,,,,{76},,,,,,,,,,,{23},
EN300-2167222,"A468,A543",2,,,,{76},,,,,,,,,,,{23},
EN300-124961,"A468,A543",2,,,,{75},,,,,,,,,,,{23},
EN300-53434984,"A468,A543",2,,,,{77},,,,,,,,,,,{23},
EN300-1601043,"A468,A543",2,,,,{73},,,,,,,,,,,{23},
EN300-133496,"A468,A543",2,,,,{81},,,,,,,,,,,{23},
EN300-51850304,"A468,A543",2,,,,{75},,,,,,,,,,,{23},
EN300-28309233,"A468,A543",2,,,,{74},,,,,,,,,,,{23},
EN300-6504511,"A468,A543",2,,,,{81},,,,,,,,,,,{23},
EN300-754688,"A468,A543",2,,,,{75},,,,,,,,,,,{23},
EN300-37474114,"A468,A543",2,,,,{74},,,,,,,,,,,{23},
EN300-191094,"A468,A543",2,,,,{75},,,,,,,,,,,{23},
EN300-1294666,"A468,A543",2,,,,{85},,,,,,,,,,,{23},
EN300-53962241,"A468,A543",2,,,,{76},,,,,,,,,,,{23},
EN300-53963808,"A468,A543",2,,,,{78},,,,,,,,,,,{23},
EN300-7906254,"A468,A543",2,,,,{78},,,,,,,,,,,{23},
EN300-53962927,"A468,A543",2,,,,{79},,,,,,,,,,,{23},
EN300-3080586,"A468,A543",2,,,,{77},,,,,,,,,,,{23},
EN300-121402,"A468,A543",2,,,,{72},,,,,,,,,,,{23},
EN300-48956819,"A468,A543",2,,,,{79},,,,,,,,,,,{23},
EN300-87838,"A467,A468,A543",3,,{74},,{74},,,,,,,,,,,{23},
EN300-1972820,"A468,A543",2,,,,{81},,,,,,,,,,,{23},
EN300-24521011,"A468,A543",2,,,,{81},,,,,,,,,,,{23},
EN300-313758,"A467,A468,A543",3,{43},,,{99},,,,,,,,,,,{23},
EN300-182698,"A468,A543",2,,,,{75},,,,,,,,,,,{23},
EN300-94989,"A468,A543",2,,,,{73},,,,,,,,,,,{23},
EN300-736588,"A468,A543",2,,,,{71},,,,,,,,,,,{23},
EN300-252945,"A468,A543",2,,,,{89},,,,,,,,,,,{23},
EN300-275672,"A468,A543",2,,,,{75},,,,,,,,,,,{23},
EN300-126704,"A468,A543",2,,,,{75},,,,,,,,,,,{23},
EN300-398667,"A468,A543",2,,,,{73},,,,,,,,,,,{23},
EN300-52973275,"A467,A543",2,,{87},,,,,,,,,,,,,{23},
EN300-74293,"A468,A543",2,,,,{82},,,,,,,,,,,{23},
EN300-3012342,"A468,A543",2,,,,{76},,,,,,,,,,,{23},
EN300-37082240,"A468,A543",2,,,,{82},,,,,,,,,,,{23},
EN300-51744002,"A468,A543",2,,,,{76},,,,,,,,,,,{23},
EN300-1720429,"A468,A543",2,,,,{77},,,,,,,,,,,{23},
EN300-3243498,"A468,A543",2,,,,{82},,,,,,,,,,,{23},
EN300-6778201,"A468,A543",2,,,,{74},,,,,,,,,,,{23},
EN300-53963855,"A468,A543",2,,,,{79},,,,,,,,,,,{23},
EN300-35867,"A468,A543",2,,,,{81},,,,,,,,,,,{23},
EN300-141690,"A468,A543",2,,,,{87},,,,,,,,,,,{23},
EN300-318614,"A468,A473,A543",3,,,,{73},,,,{72},,,,,,,{23},
EN300-155708,"A468,A543",2,,,,{72},,,,,,,,,,,{23},
EN300-3202950,"A468,A543",2,,,,{76},,,,,,,,,,,{23},
EN300-104044,"A468,A473,A543",3,,,,{75},,,,{74},,,,,,,{23},
EN300-761744,"A468,A543",2,,,,{75},,,,,,,,,,,{23},
EN300-182404,"A467,A543",2,,{76},,,,,,,,,,,,,{23},
EN300-7367810,"A467,A543",2,,{78},,,,,,,,,,,,,{23},
EN300-2968179,"A468,A543",2,,,,{77},,,,,,,,,,,{23},
EN300-18760967,"A468,A543",2,,,,{78},,,,,,,,,,,{23},
EN300-7446930,"A468,A543",2,,,,{87},,,,,,,,,,,{23},
EN300-6768824,"A468,A543",2,,,,{82},,,,,,,,,,,{23},
EN300-31950083,"A468,A543",2,,,,{84},,,,,,,,,,,{23},
EN300-111832,A543,1,,,,,,,,,,,,,,,{23},
EN300-177310,"A468,A543",2,,,,{75},,,,,,,,,,,{23},
EN300-53512890,A543,1,,,,,,,,,,,,,,,{23},
EN300-39919338,"A468,A543",2,,,,{78},,,,,,,,,,,{23},
EN300-110497,"A468,A538,A543",3,,,,{83},,,,,,{82},,,,,{23},
EN300-105785,A543,1,,,,,,,,,,,,,,,{23},
EN300-1717624,"A467,A543",2,,{75},,,,,,,,,,,,,{23},
EN300-72277,"A468,A543",2,,,,{75},,,,,,,,,,,{23},
EN300-651138,"A468,A543",2,,,,{89},,,,,,,,,,,{23},
EN300-23321971,"A468,A543",2,,,,{76},,,,,,,,,,,{23},
EN300-115892,"A468,A543",2,,,,{78},,,,,,,,,,,{23},
EN300-100793,"A468,A543",2,,,,{79},,,,,,,,,,,{23},
EN300-33311452,"A468,A543",2,,,,{82},,,,,,,,,,,{23},
EN300-180330,"A468,A543",2,,,,{72},,,,,,,,,,,{23},
EN300-26862790,"A468,A543",2,,,,{83},,,,,,,,,,,{23},
EN300-88705,"A468,A543",2,,,,{72},,,,,,,,,,,{23},
EN300-53439766,A543,1,,,,,,,,,,,,,,,{23},
EN300-7427750,"A468,A473,A543",3,,,,{76},,,,{77},,,,,,,{23},
EN300-22005008,"A468,A543",2,,,,{76},,,,,,,,,,,{23},
EN300-53448199,"A468,A543",2,,,,{79},,,,,,,,,,,{23},
EN300-1721553,"A468,A543",2,,,,{73},,,,,,,,,,,{23},
EN300-321240,"A468,A543",2,,,,{77},,,,,,,,,,,{23},
EN300-52700474,"A468,A543",2,,,,{77},,,,,,,,,,,{23},
EN300-657297,"A468,A543",2,,,,{83},,,,,,,,,,,{23},
EN300-94711,"A468,A543",2,,,,{74},,,,,,,,,,,{23},
EN300-7535100,"A468,A543",2,,,,{86},,,,,,,,,,,{23},
EN300-37282735,"A468,A543",2,,,,{74},,,,,,,,,,,{23},
EN300-6479558,"A468,A543",2,,,,{78},,,,,,,,,,,{23},
EN300-7922482,"A468,A543",2,,,,{75},,,,,,,,,,,{23},
EN300-314149,"A468,A543",2,,,,{86},,,,,,,,,,,{23},
EN300-234043,"A468,A543",2,,,,{79},,,,,,,,,,,{23},
EN300-33269083,"A468,A543",2,,,,{76},,,,,,,,,,,{23},
EN300-104162,"A468,A543",2,,,,{74},,,,,,,,,,,{23},
EN300-5479796,"A467,A468,A543",3,{35},,,{79},,,,,,,,,,,{23},
EN300-53832597,"A468,A543",2,,,,{83},,,,,,,,,,,{23},
EN300-1295382,"A468,A543",2,,,,{79},,,,,,,,,,,{23},
EN300-297392,"A468,A543",2,,,,{84},,,,,,,,,,,{23},
EN300-2007592,"A467,A543",2,,{79},,,,,,,,,,,,,{23},
EN300-52058120,"A468,A543",2,,,,{75},,,,,,,,,,,{23},
EN300-46902659,"A468,A543",2,,,,{87},,,,,,,,,,,{23},
EN300-37287426,"A468,A543",2,,,,{78},,,,,,,,,,,{23},
EN300-332070,"A468,A543",2,,,,{75},,,,,,,,,,,{23},
EN300-1664594,"A468,A543",2,,,,{75},,,,,,,,,,,{23},
EN300-28311034,"A468,A543",2,,,,{81},,,,,,,,,,,{23},
EN300-45180,"A468,A543",2,,,,{82},,,,,,,,,,,{23},
EN300-25049975,"A468,A543",2,,,,{76},,,,,,,,,,,{23},
EN300-6496469,"A468,A543",2,,,,{81},,,,,,,,,,,{23},
EN300-32620482,"A468,A543",2,,,,{78},,,,,,,,,,,{23},
EN300-52161,"A468,A543",2,,,,{75},,,,,,,,,,,{23},
EN300-7563670,"A468,A543",2,,,,{72},,,,,,,,,,,{23},
EN300-47308040,"A468,A543",2,,,,{75},,,,,,,,,,,{23},
EN300-6839407,"A468,A543",2,,,,{79},,,,,,,,,,,{23},
EN300-53448642,"A468,A543",2,,,,{87},,,,,,,,,,,{23},
EN300-37297083,"A468,A543",2,,,,{75},,,,,,,,,,,{23},
EN300-2979723,A543,1,,,,,,,,,,,,,,,{23},
EN300-1726270,"A468,A543",2,,,,{80},,,,,,,,,,,{23},
EN300-52293674,"A468,A543",2,,,,{87},,,,,,,,,,,{23},
EN300-37311,"A468,A543",2,,,,{81},,,,,,,,,,,{23},
EN300-107830,"A468,A543",2,,,,{89},,,,,,,,,,,{23},
EN300-7924884,"A467,A468,A543",3,{38},,,{79},,,,,,,,,,,{23},
EN300-53962027,"A468,A543",2,,,,{76},,,,,,,,,,,{23},
EN300-203369,"A468,A543",2,,,,{72},,,,,,,,,,,{23},
EN300-159678,"A468,A543",2,,,,{80},,,,,,,,,,,{23},
EN300-53447286,"A468,A543",2,,,,{87},,,,,,,,,,,{23},
EN300-53963135,"A468,A543",2,,,,{76},,,,,,,,,,,{23},
EN300-1897545,"A468,A543",2,,,,{74},,,,,,,,,,,{23},
EN300-53866485,"A468,A543",2,,,,{78},,,,,,,,,,,{23},
EN300-53448774,"A468,A543",2,,,,{81},,,,,,,,,,,{23},
EN300-3218924,"A467,A543",2,,{82},,,,,,,,,,,,,{23},
EN300-53963792,"A468,A543",2,,,,{77},,,,,,,,,,,{23},
EN300-343183,"A468,A543",2,,,,{77},,,,,,,,,,,{23},
EN300-51744919,A543,1,,,,,,,,,,,,,,,{23},
EN300-6777556,A543,1,,,,,,,,,,,,,,,{23},
EN300-7862757,"A468,A543",2,,,,{75},,,,,,,,,,,{23},
EN300-4266536,"A468,A543",2,,,,{76},,,,,,,,,,,{23},
EN300-8290444,"A468,A543",2,,,,"{81, 78}",,,,,,,,,,,{23},
EN300-45613013,"A468,A543",2,,,,{87},,,,,,,,,,,{23},
EN300-2394646,"A468,A543",2,,,,{77},,,,,,,,,,,{23},
EN300-7962426,"A468,A543",2,,,,{75},,,,,,,,,,,{23},
EN300-134139,"A468,A543",2,,,,{79},,,,,,,,,,,{23},
EN300-53430912,"A468,A543",2,,,,{87},,,,,,,,,,,{23},
EN300-174866,"A468,A543",2,,,,{77},,,,,,,,,,,{23},
EN300-75149,"A467,A543",2,,{79},,,,,,,,,,,,,{23},
EN300-37693535,"A468,A543",2,,,,{90},,,,,,,,,,,{23},
EN300-371993,"A468,A543",2,,,,{78},,,,,,,,,,,{23},
EN300-22936993,"A467,A468,A543",3,{44},,,{81},,,,,,,,,,,{23},
EN300-387851,"A468,A543",2,,,,{76},,,,,,,,,,,{23},
EN300-52362625,"A468,A543",2,,,,{77},,,,,,,,,,,{23},
EN300-53454570,"A468,A536,A543",3,,,,{86},,,,,,,{35},,,,{23},
EN300-26977966,"A468,A543",2,,,,{81},,,,,,,,,,,{23},
EN300-7423508,"A468,A543",2,,,,{81},,,,,,,,,,,{23},
EN300-45604867,"A468,A543",2,,,,{80},,,,,,,,,,,{23},
EN300-3219125,"A467,A543",2,,{83},,,,,,,,,,,,,{23},
EN300-227774,A543,1,,,,,,,,,,,,,,,{23},
EN300-272239,"A468,A543",2,,,,{78},,,,,,,,,,,{23},
EN300-7379698,"A468,A543",2,,,,{76},,,,,,,,,,,{23},
EN300-12445108,"A468,A543",2,,,,{74},,,,,,,,,,,{23},
EN300-206729,"A468,A543",2,,,,{79},,,,,,,,,,,{23},
EN300-2888967,"A468,A538,A543",3,,,,{81},,,,,,{83},,,,,{23},
EN300-137045,"A468,A543",2,,,,{73},,,,,,,,,,,{23},
EN300-53447502,"A468,A543",2,,,,{82},,,,,,,,,,,{23},
EN300-53448307,"A468,A543",2,,,,{78},,,,,,,,,,,{23},
EN300-39854890,"A468,A543",2,,,,{75},,,,,,,,,,,{23},
EN300-307373,"A468,A543",2,,,,{78},,,,,,,,,,,{23},
EN300-127515,"A468,A543",2,,,,{74},,,,,,,,,,,{23},
EN300-1723956,"A468,A543",2,,,,{86},,,,,,,,,,,{23},
EN300-214313,"A468,A543",2,,,,{74},,,,,,,,,,,{23},
EN300-46144229,A543,1,,,,,,,,,,,,,,,{23},
EN300-39669246,"A468,A538,A543",3,,,,{75},,,,,,{84},,,,,{23},
EN300-53109210,"A468,A543",2,,,,{76},,,,,,,,,,,{23},
EN300-109667,A543,1,,,,,,,,,,,,,,,{23},
EN300-76246,"A467,A543",2,,{76},,,,,,,,,,,,,{23},
EN300-7433166,"A468,A543",2,,,,{81},,,,,,,,,,,{23},
EN300-134553,"A468,A543",2,,,,{86},,,,,,,,,,,{23},
EN300-46902659,"A468,A543",2,,,,{87},,,,,,,,,,,{23},
EN300-268732,"A468,A543",2,,,,{75},,,,,,,,,,,{23},
EN300-814451,"A467,A543",2,,{77},,,,,,,,,,,,,{23},
EN300-53866150,"A468,A543",2,,,,{79},,,,,,,,,,,{23},
EN300-7851168,"A468,A543",2,,,,{75},,,,,,,,,,,{23},
EN300-10171086,"A467,A543",2,,{83},,,,,,,,,,,,,{23},
EN300-53867815,"A468,A538,A543",3,,,,{73},,,,,,{77},,,,,{23},
EN300-747105,"A468,A543",2,,,,{78},,,,,,,,,,,{23},
EN300-6776562,"A468,A543",2,,,,{79},,,,,,,,,,,{23},
EN300-22032844,"A468,A543",2,,,,{75},,,,,,,,,,,{23},
EN300-45749339,"A467,A468,A543",3,,{76},,{77},,,,,,,,,,,{23},
EN300-64612,"A468,A543",2,,,,{82},,,,,,,,,,,{23},
EN300-7392277,"A467,A543",2,,{81},,,,,,,,,,,,,{23},
EN300-51744551,"A468,A543",2,,,,{78},,,,,,,,,,,{23},
EN300-181692,"A468,A543",2,,,,{76},,,,,,,,,,,{23},
EN300-53440352,"A468,A543",2,,,,{83},,,,,,,,,,,{23},
EN300-7535255,"A468,A543",2,,,,{77},,,,,,,,,,,{23},
EN300-7534847,"A468,A543",2,,,,{80},,,,,,,,,,,{23},
EN300-47339337,"A468,A543",2,,,,{80},,,,,,,,,,,{23},
EN300-6775538,"A468,A473,A543",3,,,,{75},,,,{74},,,,,,,{23},
EN300-53867397,"A468,A543",2,,,,{81},,,,,,,,,,,{23},
EN300-53963825,"A468,A543",2,,,,{77},,,,,,,,,,,{23},
EN300-37336274,"A468,A543",2,,,,{75},,,,,,,,,,,{23},
EN300-32954186,"A468,A543",2,,,,{82},,,,,,,,,,,{23},
EN300-52209059,"A468,A543",2,,,,{86},,,,,,,,,,,{23},
EN300-7446455,"A468,A543",2,,,,{87},,,,,,,,,,,{23},
EN300-53867572,"A468,A543",2,,,,{74},,,,,,,,,,,{23},
EN300-33217507,"A468,A543",2,,,,{85},,,,,,,,,,,{23},
EN300-25979398,"A468,A543",2,,,,{72},,,,,,,,,,,{23},
EN300-101089,"A468,A543",2,,,,{79},,,,,,,,,,,{23},
EN300-53418014,"A468,A543",2,,,,{77},,,,,,,,,,,{23},
EN300-268933,"A468,A543",2,,,,{73},,,,,,,,,,,{23},
EN300-2991467,"A468,A543",2,,,,{72},,,,,,,,,,,{23},
EN300-155130,"A468,A543",2,,,,{75},,,,,,,,,,,{23},
EN300-18541241,"A467,A468,A543",3,{49},,,{83},,,,,,,,,,,{23},
EN300-6963428,"A468,A543",2,,,,{72},,,,,,,,,,,{23},
EN300-7563595,"A468,A543",2,,,,{76},,,,,,,,,,,{23},
EN300-52973841,"A468,A543",2,,,,{88},,,,,,,,,,,{23},
EN300-7269058,"A467,A468,A543",3,,{76},,{77},,,,,,,,,,,{23},
EN300-101285,"A468,A543",2,,,,{83},,,,,,,,,,,{23},
EN300-1268448,"A468,A543",2,,,,{84},,,,,,,,,,,{23},
EN300-52473445,"A468,A543",2,,,,{84},,,,,,,,,,,{23},
EN300-7345266,"A468,A543",2,,,,{79},,,,,,,,,,,{23},
EN300-246722,"A468,A543",2,,,,{76},,,,,,,,,,,{23},
EN300-27703381,"A468,A473,A543",3,,,,{85},,,,{76},,,,,,,{23},
EN300-374750,"A467,A543",2,,{75},,,,,,,,,,,,,{23},
EN300-96049,"A467,A468,A543",3,{38},,,{80},,,,,,,,,,,{23},
EN300-53867257,"A468,A543",2,,,,{74},,,,,,,,,,,{23},
EN300-247475,"A468,A543",2,,,,{92},,,,,,,,,,,{23},
EN300-80996,"A468,A543",2,,,,{77},,,,,,,,,,,{23},
EN300-28296088,"A468,A543",2,,,,{76},,,,,,,,,,,{23},
EN300-7359289,"A468,A543",2,,,,{77},,,,,,,,,,,{23},
EN300-46908437,"A468,A543",2,,,,{82},,,,,,,,,,,{23},
EN300-740165,"A468,A543",2,,,,{75},,,,,,,,,,,{23},
EN300-7039858,"A468,A543",2,,,,{76},,,,,,,,,,,{23},
EN300-7462406,"A468,A543",2,,,,{74},,,,,,,,,,,{23},
EN300-25371921,"A468,A473,A543",3,,,,{80},,,,{75},,,,,,,{23},
EN300-52304803,"A468,A543",2,,,,{78},,,,,,,,,,,{23},
EN300-2920120,"A468,A543",2,,,,{78},,,,,,,,,,,{23},
EN300-7425999,"A468,A543",2,,,,{77},,,,,,,,,,,{23},
EN300-51694731,"A468,A543",2,,,,{73},,,,,,,,,,,{23},
EN300-2277595,"A468,A543",2,,,,{75},,,,,,,,,,,{23},
EN300-133088,"A468,A543",2,,,,{75},,,,,,,,,,,{23},
EN300-53962247,"A468,A543",2,,,,{78},,,,,,,,,,,{23},
EN300-45575383,"A467,A468,A543",3,,{78},,{78},,,,,,,,,,,{23},
EN300-29366483,A543,1,,,,,,,,,,,,,,,{23},
EN300-191520,"A468,A543",2,,,,{79},,,,,,,,,,,{23},
EN300-174339,"A468,A543",2,,,,{78},,,,,,,,,,,{23},
EN300-7465229,A543,1,,,,,,,,,,,,,,,{23},
EN300-28316080,"A468,A543",2,,,,{80},,,,,,,,,,,{23},
EN300-113058,"A468,A543",2,,,,{81},,,,,,,,,,,{23},
EN300-64555,"A468,A543",2,,,,{84},,,,,,,,,,,{23},
EN300-201555,"A468,A543",2,,,,{76},,,,,,,,,,,{23},
EN300-1478769,"A468,A536,A543",3,,,,{95},,,,,,,{44},,,,{23},
EN300-53867470,"A468,A543",2,,,,{77},,,,,,,,,,,{23},
EN300-219398,"A468,A543",2,,,,{72},,,,,,,,,,,{23},
EN300-45575384,"A468,A543",2,,,,{79},,,,,,,,,,,{23},
EN300-3114348,"A468,A473,A543",3,,,,{87},,,,{86},,,,,,,{23},
EN300-53418870,"A468,A543",2,,,,{79},,,,,,,,,,,{23},
EN300-53865145,"A468,A543",2,,,,{85},,,,,,,,,,,{23},
EN300-39707170,"A468,A543",2,,,,{79},,,,,,,,,,,{23},
EN300-8268590,A543,1,,,,,,,,,,,,,,,{23},
EN300-8669553,"A468,A543",2,,,,{80},,,,,,,,,,,{23},
EN300-651138,"A468,A543",2,,,,{89},,,,,,,,,,,{23},
EN300-3082782,"A468,A543",2,,,,{79},,,,,,,,,,,{23},
EN300-7868491,"A468,A543",2,,,,{78},,,,,,,,,,,{23},
EN300-746331,"A468,A543",2,,,,{76},,,,,,,,,,,{23},
EN300-33266211,"A467,A543",2,,{81},,,,,,,,,,,,,{23},
EN300-106927,"A468,A543",2,,,,{72},,,,,,,,,,,{23},
EN300-244678,"A468,A543",2,,,,{73},,,,,,,,,,,{23},
EN300-37468067,"A468,A543",2,,,,{87},,,,,,,,,,,{23},
EN300-53415712,"A468,A543",2,,,,{80},,,,,,,,,,,{23},
EN300-45177709,"A468,A543",2,,,,{79},,,,,,,,,,,{23},
EN300-7673427,"A468,A543",2,,,,{78},,,,,,,,,,,{23},
EN300-53837535,"A468,A543",2,,,,{78},,,,,,,,,,,{23},
EN300-39875078,A543,1,,,,,,,,,,,,,,,{23},
EN300-7461167,"A468,A543",2,,,,{88},,,,,,,,,,,{23},
EN300-7412704,"A468,A543",2,,,,{74},,,,,,,,,,,{23},
EN300-19099974,"A468,A543",2,,,,{74},,,,,,,,,,,{23},
EN300-156304,"A468,A543",2,,,,{76},,,,,,,,,,,{23},
EN300-7628357,A543,1,,,,,,,,,,,,,,,{23},
EN300-7466696,A543,1,,,,,,,,,,,,,,,{23},
EN300-53961237,"A468,A543",2,,,,{77},,,,,,,,,,,{23},
EN300-3539390,"A467,A543",2,,{77},,,,,,,,,,,,,{23},
EN300-27702121,"A468,A543",2,,,,{77},,,,,,,,,,,{23},
EN300-53958408,"A468,A543",2,,,,{76},,,,,,,,,,,{23},
EN300-371997,"A468,A536,A543",3,,,,{80},,,,,,,{45},,,,{23},
EN300-25095629,"A468,A543",2,,,,{78},,,,,,,,,,,{23},
EN300-26869129,"A468,A543",2,,,,{76},,,,,,,,,,,{23},
EN300-47339287,"A468,A543",2,,,,{76},,,,,,,,,,,{23},
EN300-28305043,"A468,A543",2,,,,{82},,,,,,,,,,,{23},
EN300-1601986,"A468,A543",2,,,,{79},,,,,,,,,,,{23},
EN300-24532295,A543,1,,,,,,,,,,,,,,,{23},
EN300-6883169,"A468,A543",2,,,,{79},,,,,,,,,,,{23},
EN300-53961237,"A468,A543",2,,,,{77},,,,,,,,,,,{23},
EN300-2462035,"A468,A543",2,,,,{73},,,,,,,,,,,{23},
EN300-44822767,"A468,A543",2,,,,{88},,,,,,,,,,,{23},
EN300-52691951,"A468,A543",2,,,,{79},,,,,,,,,,,{23},
EN300-7389697,"A468,A543",2,,,,{73},,,,,,,,,,,{23},
EN300-256168,"A468,A543",2,,,,{74},,,,,,,,,,,{23},
EN300-374363,"A468,A473,A543",3,,,,{73},,,,{72},,,,,,,{23},
EN300-53866677,"A468,A543",2,,,,{86},,,,,,,,,,,{23},
EN300-65843,"A468,A543",2,,,,{72},,,,,,,,,,,{23},
EN300-53289708,A543,1,,,,,,,,,,,,,,,{23},
EN300-131311,"A468,A543",2,,,,{78},,,,,,,,,,,{23},
EN300-43346720,"A468,A543",2,,,,{73},,,,,,,,,,,{23},
EN300-53413408,"A468,A543",2,,,,{78},,,,,,,,,,,{23},
EN300-52452638,"A468,A543",2,,,,{78},,,,,,,,,,,{23},
EN300-266607,"A468,A543",2,,,,{75},,,,,,,,,,,{23},
EN300-262096,"A468,A543",2,,,,{75},,,,,,,,,,,{23},
EN300-51687902,"A468,A543",2,,,,{81},,,,,,,,,,,{23},
EN300-246431,"A468,A543",2,,,,{73},,,,,,,,,,,{23},
EN300-03768,"A468,A543",2,,,,{78},,,,,,,,,,,{23},
EN300-3060933,"A468,A543",2,,,,{79},,,,,,,,,,,{23},
EN300-122736,"A468,A543",2,,,,{82},,,,,,,,,,,{23},
EN300-8371195,"A468,A543",2,,,,{79},,,,,,,,,,,{23},
EN300-7958211,"A468,A543",2,,,,{78},,,,,,,,,,,{23},
EN300-6733286,"A468,A543",2,,,,{76},,,,,,,,,,,{23},
EN300-159277,"A468,A543",2,,,,{95},,,,,,,,,,,{23},
EN300-5313543,"A468,A543",2,,,,{78},,,,,,,,,,,{23},
EN300-52471952,"A468,A543",2,,,,{83},,,,,,,,,,,{23},
EN300-1914650,"A468,A543",2,,,,{86},,,,,,,,,,,{23},
EN300-2239329,"A468,A543",2,,,,{76},,,,,,,,,,,{23},
EN300-1721893,A543,1,,,,,,,,,,,,,,,{23},
EN300-7862075,"A468,A543",2,,,,{79},,,,,,,,,,,{23},
EN300-7549866,"A468,A543",2,,,,{76},,,,,,,,,,,{23},
EN300-33410626,"A468,A543",2,,,,{85},,,,,,,,,,,{23},
EN300-45753144,"A468,A543",2,,,,{85},,,,,,,,,,,{23},
EN300-37286872,"A468,A543",2,,,,{77},,,,,,,,,,,{23},
EN300-26862790,"A468,A543",2,,,,{87},,,,,,,,,,,{23},
EN300-107314,"A468,A543",2,,,,{72},,,,,,,,,,,{23},
EN300-28295522,"A468,A543",2,,,,{75},,,,,,,,,,,{23},
EN300-1617969,"A468,A543",2,,,,{74},,,,,,,,,,,{23},
EN300-53867394,"A468,A543",2,,,,{79},,,,,,,,,,,{23},
EN300-53451805,"A467,A543",2,,{77},,,,,,,,,,,,,{23},
EN300-53288323,"A468,A543",2,,,,{75},,,,,,,,,,,{23},
EN300-46445927,"A468,A543",2,,,,{74},,,,,,,,,,,{23},
EN300-39669243,"A468,A543",2,,,,{75},,,,,,,,,,,{23},
EN300-51881960,"A468,A543",2,,,,{79},,,,,,,,,,,{23},
EN300-39925440,A543,1,,,,,,,,,,,,,,,{23},
EN300-36256,"A468,A473,A543",3,,,,{74},,,,{73},,,,,,,{23},
EN300-719495,A543,1,,,,,,,,,,,,,,,{23},
EN300-111619,"A468,A543",2,,,,{86},,,,,,,,,,,{23},
EN300-53449013,"A468,A543",2,,,,{87},,,,,,,,,,,{23},
EN300-255662,"A468,A543",2,,,,{82},,,,,,,,,,,{23},
EN300-131070,"A468,A543",2,,,,{83},,,,,,,,,,,{23},
EN300-25102210,"A467,A468,A543",3,,{77},,{77},,,,,,,,,,,{23},
EN300-53447234,"A468,A543",2,,,,{77},,,,,,,,,,,{23},
EN300-53421959,"A468,A543",2,,,,{79},,,,,,,,,,,{23},
EN300-53962790,"A468,A543",2,,,,{78},,,,,,,,,,,{23},
EN300-3176824,"A467,A468,A543",3,{37},,,{82},,,,,,,,,,,{23},
EN300-53447457,"A468,A543",2,,,,{80},,,,,,,,,,,{23},
EN300-46241280,"A468,A543",2,,,,{74},,,,,,,,,,,{23},
EN300-222088,A543,1,,,,,,,,,,,,,,,{23},
EN300-27114887,"A468,A543",2,,,,{77},,,,,,,,,,,{23},
EN300-740165,"A468,A543",2,,,,{75},,,,,,,,,,,{23},
EN300-7589677,"A468,A543",2,,,,{72},,,,,,,,,,,{23},
EN300-10190704,"A468,A543",2,,,,{85},,,,,,,,,,,{23},
EN300-98575,"A468,A543",2,,,,{84},,,,,,,,,,,{23},
EN300-5258609,"A468,A543",2,,,,{75},,,,,,,,,,,{23},
EN300-52803997,"A468,A543",2,,,,{83},,,,,,,,,,,{23},
EN300-37289754,"A468,A543",2,,,,{80},,,,,,,,,,,{23},
EN300-7887995,"A468,A543",2,,,,{78},,,,,,,,,,,{23},
EN300-206673,"A468,A543",2,,,,{75},,,,,,,,,,,{23},
EN300-74803,A543,1,,,,,,,,,,,,,,,{23},
EN300-37289205,"A468,A543",2,,,{38},,,,,,,,,,,,{23},
EN300-53842193,A543,1,,,,,,,,,,,,,,,{23},
EN300-182202,"A468,A543",2,,,,{74},,,,,,,,,,,{23},
EN300-53447640,"A467,A468,A543",3,,{84},,{85},,,,,,,,,,,{23},
EN300-22896903,A543,1,,,,,,,,,,,,,,,{23},
EN300-51744702,"A468,A543",2,,,,{78},,,,,,,,,,,{23},
EN300-1611949,"A468,A543",2,,,,{85},,,,,,,,,,,{23},
EN300-325758,"A468,A543",2,,,,{72},,,,,,,,,,,{23},
EN300-247029,"A468,A543",2,,,,{81},,,,,,,,,,,{23},
EN300-53443069,"A468,A543",2,,,,{80},,,,,,,,,,,{23},
EN300-3189395,"A468,A543",2,,,,{76},,,,,,,,,,,{23},
EN300-6792150,"A468,A543",2,,,,{81},,,,,,,,,,,{23},
EN300-85400,"A468,A543",2,,,,{77},,,,,,,,,,,{23},
EN300-6414474,"A468,A543",2,,,,{72},,,,,,,,,,,{23},
EN300-246035,A543,1,,,,,,,,,,,,,,,{23},
EN300-21104,A543,1,,,,,,,,,,,,,,,{23},
EN300-1932760,"A468,A543",2,,,,{77},,,,,,,,,,,{23},
EN300-51746414,"A468,A543",2,,,,{77},,,,,,,,,,,{23},
EN300-6732146,"A468,A543",2,,,,{74},,,,,,,,,,,{23},
EN300-53605874,"A468,A543",2,,,,{74},,,,,,,,,,,{23},
EN300-37285535,"A468,A543",2,,,,{76},,,,,,,,,,,{23},
EN300-53962915,"A468,A543",2,,,,{78},,,,,,,,,,,{23},
EN300-189618,"A468,A543",2,,,,{75},,,,,,,,,,,{23},
EN300-156755,"A468,A543",2,,,,{81},,,,,,,,,,,{23},
EN300-228381,"A468,A543",2,,,,{81},,,,,,,,,,,{23},
EN300-53867666,"A468,A543",2,,,,{82},,,,,,,,,,,{23},
EN300-370793,"A468,A543",2,,,,{76},,,,,,,,,,,{23},
EN300-53432345,"A468,A543",2,,,,{80},,,,,,,,,,,{23},
EN300-263065,"A468,A543",2,,,,{79},,,,,,,,,,,{23},
EN300-6734490,"A468,A543",2,,,,"{74, 79}",,,,,,,,,,,{23},
EN300-6870978,"A468,A543",2,,,,{75},,,,,,,,,,,{23},
EN300-2870518,"A468,A543",2,,,,{81},,,,,,,,,,,{23},
EN300-216015,"A468,A543",2,,,,{91},,,,,,,,,,,{23},
EN300-53963694,"A468,A543",2,,,,{77},,,,,,,,,,,{23},
EN300-333428,"A468,A543",2,,,,{75},,,,,,,,,,,{23},
EN300-1666308,"A468,A543",2,,,,{76},,,,,,,,,,,{23},
EN300-2916224,"A468,A543",2,,,,{74},,,,,,,,,,,{23},
EN300-53443396,"A468,A543",2,,,,{79},,,,,,,,,,,{23},
EN300-53001531,"A468,A543",2,,,,{83},,,,,,,,,,,{23},
EN300-22895845,"A468,A543",2,,,,{77},,,,,,,,,,,{23},
EN300-19030182,A543,1,,,,,,,,,,,,,,,{23},
EN300-645310,"A468,A543",2,,,,{76},,,,,,,,,,,{23},
EN300-53958407,"A468,A543",2,,,,{76},,,,,,,,,,,{23},
EN300-39168,"A468,A543",2,,,,{85},,,,,,,,,,,{23},
EN300-53433131,A543,1,,,,,,,,,,,,,,,{23},
EN300-203689,"A468,A543",2,,,,{76},,,,,,,,,,,{23},
EN300-1295030,"A468,A543",2,,,,{77},,,,,,,,,,,{23},
EN300-53433146,"A468,A543",2,,,,{78},,,,,,,,,,,{23},
EN300-35234,"A468,A543",2,,,,{73},,,,,,,,,,,{23},
EN300-53452216,"A468,A538,A543",3,,,,{81},,,,,,{83},,,,,{23},
EN300-95577,"A468,A543",2,,,,{71},,,,,,,,,,,{23},
EN300-53450769,"A468,A543",2,,,,{81},,,,,,,,,,,{23},
EN300-37476559,"A468,A543",2,,,,{76},,,,,,,,,,,{23},
EN300-189641,A543,1,,,,,,,,,,,,,,,{23},
EN300-195580,"A468,A543",2,,,,{93},,,,,,,,,,,{23},
EN300-7419447,"A468,A543",2,,,,{76},,,,,,,,,,,{23},
EN300-1073565,A543,1,,,,,,,,,,,,,,,{23},
EN300-3548816,"A468,A543",2,,,,{75},,,,,,,,,,,{23},
EN300-37416369,"A468,A543",2,,,,{82},,,,,,,,,,,{23},
EN300-6233876,A543,1,,,,,,,,,,,,,,,{23},
EN300-35853973,A543,1,,,,,,,,,,,,,,,{23},
EN300-73980,"A468,A543",2,,,,{76},,,,,,,,,,,{23},
EN300-1211432,"A468,A543",2,,,,{76},,,,,,,,,,,{23},
EN300-1608396,"A468,A543",2,,,,{74},,,,,,,,,,,{23},
EN300-53864632,"A468,A543",2,,,,{82},,,,,,,,,,,{23},
EN300-27776940,"A468,A543",2,,,,{75},,,,,,,,,,,{23},
EN300-195933,"A468,A543",2,,,,{84},,,,,,,,,,,{23},
EN300-52963507,"A468,A543",2,,,,{76},,,,,,,,,,,{23},
EN300-228411,"A468,A543",2,,,,{83},,,,,,,,,,,{23},
EN300-6491491,"A468,A543",2,,,,{76},,,,,,,,,,,{23},
EN300-170083,"A468,A543",2,,,,{82},,,,,,,,,,,{23},
EN300-37289200,A543,1,,,,,,,,,,,,,,,{23},
EN300-37289023,A543,1,,,,,,,,,,,,,,,{23},
EN300-2916352,"A467,A468,A543",3,,{75},,{73},,,,,,,,,,,{23},
EN300-53445021,A543,1,,,,,,,,,,,,,,,{23},
EN300-7862966,"A467,A543",2,{45},,,,,,,,,,,,,,{23},
EN300-1657674,"A468,A543",2,,,,{85},,,,,,,,,,,{23},
EN300-33051252,"A468,A543",2,,,,{76},,,,,,,,,,,{23},
EN300-7470458,"A468,A543",2,,,,{77},,,,,,,,,,,{23},
EN300-111733,"A468,A543",2,,,,{78},,,,,,,,,,,{23},
EN300-45159181,"A468,A543",2,,,,{75},,,,,,,,,,,{23},
EN300-37241422,"A468,A543",2,,,,{91},,,,,,,,,,,{23},
EN300-3052339,"A468,A543",2,,,,{79},,,,,,,,,,,{23},
EN300-52473691,A543,1,,,,,,,,,,,,,,,{23},
EN300-1232713,"A468,A543",2,,,,{75},,,,,,,,,,,{23},
EN300-220115,"A467,A543",2,,{82},,,,,,,,,,,,,{23},
EN300-1605396,"A468,A543",2,,,,{76},,,,,,,,,,,{23},
EN300-2979064,"A468,A543",2,,,,{74},,,,,,,,,,,{23},
EN300-46984778,"A468,A543",2,,,,{76},,,,,,,,,,,{23},
EN300-7811445,"A468,A543",2,,,,{80},,,,,,,,,,,{23},
EN300-6518839,"A468,A543",2,,,,{79},,,,,,,,,,,{23},
EN300-53841949,"A467,A468,A543",3,{40},,,{79},,,,,,,,,,,{23},
EN300-24235752,A543,1,,,,,,,,,,,,,,,{23},
EN300-6254829,"A468,A543",2,,,,{75},,,,,,,,,,,{23},
EN300-45457517,"A468,A543",2,,,,{84},,,,,,,,,,,{23},
EN300-53963039,"A468,A543",2,,,,{80},,,,,,,,,,,{23},
EN300-278431,"A468,A543",2,,,,{81},,,,,,,,,,,{23},
EN300-53963225,"A468,A543",2,,,,"{76, 78}",,,,,,,,,,,{23},
EN300-22953883,"A468,A543",2,,,,{74},,,,,,,,,,,{23},
EN300-188511,A543,1,,,,,,,,,,,,,,,{23},
EN300-53450936,"A468,A543",2,,,,{77},,,,,,,,,,,{23},
EN300-3168463,"A468,A543",2,,,,{75},,,,,,,,,,,{23},
EN300-5022666,"A468,A543",2,,,,{86},,,,,,,,,,,{23},
EN300-6758724,"A468,A543",2,,,,{74},,,,,,,,,,,{23},
EN300-37401761,"A468,A543",2,,,,{89},,,,,,,,,,,{23},
EN300-395375,"A468,A543",2,,,,{72},,,,,,,,,,,{23},
EN300-52146790,"A468,A543",2,,,,{77},,,,,,,,,,,{23},
EN300-253127,"A468,A543",2,,,,{73},,,,,,,,,,,{23},
EN300-39009627,"A468,A543",2,,,,{78},,,,,,,,,,,{23},
EN300-6775638,"A467,A468,A543",3,,{74},,{75},,,,,,,,,,,{23},
EN300-6494514,"A468,A543",2,,,,{76},,,,,,,,,,,{23},
EN300-3561786,"A468,A543",2,,,,{80},,,,,,,,,,,{23},
EN300-53423498,"A468,A543",2,,,,{83},,,,,,,,,,,{23},
EN300-53288031,"A468,A543",2,,,,{78},,,,,,,,,,,{23},
EN300-103769,"A468,A543",2,,,,{81},,,,,,,,,,,{23},
EN300-130275,"A468,A543",2,,,,{77},,,,,,,,,,,{23},
EN300-51693574,"A468,A543",2,,,,{76},,,,,,,,,,,{23},
EN300-53290081,"A468,A543",2,,,,{81},,,,,,,,,,,{23},
EN300-52554365,"A468,A543",2,,,,{72},,,,,,,,,,,{23},
EN300-7923236,"A468,A543",2,,,,{75},,,,,,,,,,,{23},
EN300-26983136,"A468,A543",2,,,,{76},,,,,,,,,,,{23},
EN300-53425016,"A467,A543",2,,{83},,,,,,,,,,,,,{23},
EN300-7548516,"A468,A543",2,,,,{82},,,,,,,,,,,{23},
EN300-53963205,"A468,A543",2,,,,{78},,,,,,,,,,,{23},
EN300-52308,"A468,A543",2,,,,{86},,,,,,,,,,,{23},
EN300-28333901,"A468,A543",2,,,,{76},,,,,,,,,,,{23},
EN300-2970763,"A468,A543",2,,,,{75},,,,,,,,,,,{23},
EN300-1260327,"A468,A543",2,,,,{74},,,,,,,,,,,{23},
EN300-26976047,"A468,A543",2,,,,{75},,,,,,,,,,,{23},
EN300-4374179,"A468,A543",2,,,,{75},,,,,,,,,,,{23},
EN300-27747388,"A468,A543",2,,,,{79},,,,,,,,,,,{23},
EN300-37416668,"A468,A543",2,,,,{83},,,,,,,,,,,{23},
EN300-2974822,"A468,A543",2,,,,{77},,,,,,,,,,,{23},
EN300-52787779,"A468,A543",2,,,,{76},,,,,,,,,,,{23},
EN300-19678542,"A468,A543",2,,,,{78},,,,,,,,,,,{23},
EN300-47339301,"A468,A543",2,,,,{78},,,,,,,,,,,{23},
EN300-24427527,"A468,A543",2,,,,{75},,,,,,,,,,,{23},
EN300-26862790,"A468,A543",2,,,,{87},,,,,,,,,,,{23},
EN300-172750,"A468,A543",2,,,,{75},,,,,,,,,,,{23},
EN300-53440106,A543,1,,,,,,,,,,,,,,,{23},
EN300-53450266,"A468,A543",2,,,,{77},,,,,,,,,,,{23},
EN300-7796410,"A468,A543",2,,,,{84},,,,,,,,,,,{23},
EN300-7424819,"A468,A543",2,,,,{73},,,,,,,,,,,{23},
EN300-7419797,A543,1,,,,,,,,,,,,,,,{23},
EN300-1879233,"A468,A543",2,,,,{81},,,,,,,,,,,{23},
EN300-51781443,"A468,A543",2,,,,{75},,,,,,,,,,,{23},
EN300-1694108,"A468,A543",2,,,,{79},,,,,,,,,,,{23},
EN300-206667,"A468,A543",2,,,,{79},,,,,,,,,,,{23},
EN300-62423,"A468,A543",2,,,,{80},,,,,,,,,,,{23},
EN300-37104433,A543,1,,,,,,,,,,,,,,,{23},
EN300-1472387,"A468,A543",2,,,,{80},,,,,,,,,,,{23},
EN300-6740729,"A468,A543",2,,,,{71},,,,,,,,,,,{23},
EN300-53865284,"A468,A543",2,,,,{84},,,,,,,,,,,{23},
EN300-52007885,"A468,A543",2,,,,{74},,,,,,,,,,,{23},
EN300-2926068,"A468,A543",2,,,,{77},,,,,,,,,,,{23},
EN300-6488198,"A468,A543",2,,,,{73},,,,,,,,,,,{23},
EN300-399138,A543,1,,,,,,,,,,,,,,,{23},
EN300-1893310,"A468,A543",2,,,,{75},,,,,,,,,,,{23},
EN300-7388534,"A468,A543",2,,,,{82},,,,,,,,,,,{23},
EN300-25383855,"A468,A543",2,,,,{79},,,,,,,,,,,{23},
EN300-20945661,"A468,A543",2,,,,{81},,,,,,,,,,,{23},
EN300-46747657,"A468,A543",2,,,,{83},,,,,,,,,,,{23},
EN300-46891345,"A468,A543",2,,,,{83},,,,,,,,,,,{23},
EN300-254948,"A467,A543",2,,{78},,,,,,,,,,,,,{23},
EN300-106945,"A468,A543",2,,,,{73},,,,,,,,,,,{23},
EN300-53450444,A543,1,,,,,,,,,,,,,,,{23},
EN300-46379202,"A468,A543",2,,,,{86},,,,,,,,,,,{23},
EN300-26862790,"A468,A543",2,,,,{87},,,,,,,,,,,{23},
EN300-25371921,"A468,A543",2,,,,{80},,,,,,,,,,,{23},
EN300-261807,"A467,A468,A543",3,,{90},,{90},,,,,,,,,,,{23},
EN300-349254,"A468,A543",2,,,,{76},,,,,,,,,,,{23},
EN300-26979638,"A468,A543",2,,,,{72},,,,,,,,,,,{23},
EN300-115219,"A468,A543",2,,,,{83},,,,,,,,,,,{23},
EN300-1231925,"A468,A543",2,,,,{83},,,,,,,,,,,{23},
EN300-53865961,"A468,A543",2,,,,{84},,,,,,,,,,,{23},
EN300-6774771,"A468,A543",2,,,,{82},,,,,,,,,,,{23},
EN300-7628255,"A468,A543",2,,,,{72},,,,,,,,,,,{23},
EN300-21644802,"A468,A543",2,,,,{74},,,,,,,,,,,{23},
EN300-51753823,A543,1,,,,,,,,,,,,,,,{23},
EN300-7796525,"A468,A543",2,,,,{78},,,,,,,,,,,{23},
EN300-7872853,"A468,A543",2,,,,{81},,,,,,,,,,,{23},
EN300-345914,"A468,A543",2,,,,{90},,,,,,,,,,,{23},
EN300-102089,"A468,A543",2,,,,{83},,,,,,,,,,,{23},
EN300-20966402,"A468,A543",2,,,,{77},,,,,,,,,,,{23},
EN300-46982077,"A468,A543",2,,,,{81},,,,,,,,,,,{23},
EN300-23905133,"A468,A543",2,,,,{73},,,,,,,,,,,{23},
EN300-344454,"A468,A543",2,,,,{76},,,,,,,,,,,{23},
EN300-86332,"A468,A543",2,,,,{82},,,,,,,,,,,{23},
EN300-53429699,"A468,A543",2,,,,{78},,,,,,,,,,,{23},
EN300-53290551,"A468,A543",2,,,,{80},,,,,,,,,,,{23},
EN300-113197,"A468,A543",2,,,,{79},,,,,,,,,,,{23},
EN300-51730872,"A468,A543",2,,,,{82},,,,,,,,,,,{23},
EN300-7547551,"A468,A543",2,,,,{75},,,,,,,,,,,{23},
EN300-140265,"A468,A543",2,,,,{77},,,,,,,,,,,{23},
EN300-5112347,"A468,A543",2,,,,{76},,,,,,,,,,,{23},
EN300-122250,"A468,A543",2,,,,{75},,,,,,,,,,,{23},
EN300-7627599,"A468,A543",2,,,,{73},,,,,,,,,,,{23},
EN300-120066,"A468,A543",2,,,,{84},,,,,,,,,,,{23},
EN300-28243698,"A468,A543",2,,,,{75},,,,,,,,,,,{23},
EN300-6734074,"A468,A543",2,,,,{74},,,,,,,,,,,{23},
EN300-39873610,"A468,A543",2,,,,{74},,,,,,,,,,,{23},
EN300-30839238,"A468,A543",2,,,,{84},,,,,,,,,,,{23},
EN300-134797,"A468,A543",2,,,,{73},,,,,,,,,,,{23},
EN300-312667,"A467,A468,A543",3,,{82},,{81},,,,,,,,,,,{23},
EN300-209303,"A468,A543",2,,,,{75},,,,,,,,,,,{23},
EN300-7427088,"A468,A543",2,,,,{79},,,,,,,,,,,{23},
EN300-47320154,"A468,A543",2,,,,{79},,,,,,,,,,,{23},
EN300-28297357,"A468,A543",2,,,,{76},,,,,,,,,,,{23},
EN300-1984238,"A468,A543",2,,,,{74},,,,,,,,,,,{23},
EN300-3035282,"A468,A543",2,,,,{75},,,,,,,,,,,{23},
EN300-3209609,A543,1,,,,,,,,,,,,,,,{23},
EN300-53961203,"A468,A543",2,,,,{77},,,,,,,,,,,{23},
EN300-26869281,"A468,A543",2,,,,{76},,,,,,,,,,,{23},
EN300-47339287,"A468,A543",2,,,,{76},,,,,,,,,,,{23},
EN300-7227506,"A468,A543",2,,,,{73},,,,,,,,,,,{23},
EN300-52210231,"A468,A543",2,,,,{74},,,,,,,,,,,{23},
EN300-26620179,"A468,A543",2,,,,{81},,,,,,,,,,,{23},
EN300-37267177,A543,1,,,,,,,,,,,,,,,{23},
EN300-53963769,"A468,A543",2,,,,{88},,,,,,,,,,,{23},
EN300-53962083,A543,1,,,,,,,,,,,,,,,{23},
EN300-27747388,"A468,A543",2,,,,{79},,,,,,,,,,,{23},
EN300-53290752,"A467,A468,A543",3,{39},,,{87},,,,,,,,,,,{23},
EN300-295608,"A468,A543",2,,,,{79},,,,,,,,,,,{23},
EN300-52364679,"A468,A543",2,,,,{76},,,,,,,,,,,{23},
EN300-23914902,"A468,A543",2,,,,{76},,,,,,,,,,,{23},
EN300-23010633,"A468,A543",2,,,,{78},,,,,,,,,,,{23},
EN300-53291108,"A468,A543",2,,,,{86},,,,,,,,,,,{23},
EN300-27146889,"A468,A543",2,,,,{77},,,,,,,,,,,{23},
EN300-52566895,"A468,A543",2,,,,{85},,,,,,,,,,,{23},
EN300-53963222,"A468,A543",2,,,,{77},,,,,,,,,,,{23},
EN300-233570,"A467,A468,A543",3,,{75},,{74},,,,,,,,,,,{23},
EN300-37289196,"A468,A543",2,,,,{79},,,,,,,,,,,{23},
EN300-395426,A543,1,,,,,,,,,,,,,,,{23},
EN300-52557211,"A468,A543",2,,,,{78},,,,,,,,,,,{23},
EN300-1238587,"A468,A543",2,,,,{81},,,,,,,,,,,{23},
EN300-53289545,"A468,A543",2,,,,{86},,,,,,,,,,,{23},
EN300-53963749,A543,1,,,,,,,,,,,,,,,{23},
EN300-8077196,"A468,A543",2,,,,{84},,,,,,,,,,,{23},
EN300-1720136,"A468,A543",2,,,,{80},,,,,,,,,,,{23},
EN300-53962425,"A468,A543",2,,,,{81},,,,,,,,,,,{23},
EN300-51653979,"A468,A473,A543",3,,,,{81},,,,{80},,,,,,,{23},
EN300-53867624,"A468,A543",2,,,,"{84, 78}",,,,,,,,,,,{23},
EN300-46980429,"A468,A543",2,,,,{79},,,,,,,,,,,{23},
EN300-53287347,"A468,A473,A543",3,,,,{79},,,,{78},,,,,,,{23},
EN300-7758511,"A468,A543",2,,,,{75},,,,,,,,,,,{23},
EN300-53279833,"A468,A543",2,,,,{74},,,,,,,,,,,{23},
EN300-7727294,"A468,A543",2,,,,{83},,,,,,,,,,,{23},
EN300-53435684,"A468,A543",2,,,,{80},,,,,,,,,,,{23},
EN300-7387519,"A468,A543",2,,,,{77},,,,,,,,,,,{23},
EN300-10546121,"A468,A543",2,,,,{79},,,,,,,,,,,{23},
EN300-228402,"A468,A543",2,,,,{86},,,,,,,,,,,{23},
EN300-395841,"A468,A543",2,,,,{74},,,,,,,,,,,{23},
EN300-1897268,"A468,A543",2,,,,{82},,,,,,,,,,,{23},
EN300-53415683,"A467,A543",2,,{83},,,,,,,,,,,,,{23},
EN300-19203585,"A467,A468,A543",3,{36},,,{78},,,,,,,,,,,{23},
EN300-7446509,"A468,A543",2,,,,{78},,,,,,,,,,,{23},
EN300-28293521,"A468,A543",2,,,,{74},,,,,,,,,,,{23},
EN300-198759,"A468,A543",2,,,,{77},,,,,,,,,,,{23},
EN300-1629210,"A468,A543",2,,,,{84},,,,,,,,,,,{23},
EN300-72253,"A468,A543",2,,,,{76},,,,,,,,,,,{23},
EN300-126506,"A468,A543",2,,,,{75},,,,,,,,,,,{23},
EN300-6474562,"A468,A543",2,,,,{74},,,,,,,,,,,{23},
EN300-305733,"A468,A543",2,,,,{74},,,,,,,,,,,{23},
EN300-53444278,"A468,A543",2,,,,{81},,,,,,,,,,,{23},
EN300-3184701,"A468,A536,A543",3,,,,{79},,,,,,,{35},,,,{23},
EN300-6776499,A543,1,,,,,,,,,,,,,,,{23},
EN300-22367013,"A468,A543",2,,,,{78},,,,,,,,,,,{23},
EN300-729552,"A468,A543",2,,,,{74},,,,,,,,,,,{23},
EN300-52366126,"A468,A543",2,,,,{76},,,,,,,,,,,{23},
EN300-45726112,"A468,A543",2,,,,{74},,,,,,,,,,,{23},
EN300-45902236,"A468,A543",2,,,,{80},,,,,,,,,,,{23},
EN300-199830,"A468,A543",2,,,,{80},,,,,,,,,,,{23},
EN300-25371921,"A468,A543",2,,,,{80},,,,,,,,,,,{23},
EN300-53961204,"A468,A543",2,,,,{75},,,,,,,,,,,{23},
EN300-53865316,"A467,A543",2,,{82},,,,,,,,,,,,,{23},
EN300-53962790,"A468,A543",2,,,,{77},,,,,,,,,,,{23},
EN300-130541,"A468,A543",2,,,,{77},,,,,,,,,,,{23},
EN300-130737,A543,1,,,,,,,,,,,,,,,{23},
EN300-6979910,"A468,A543",2,,,,{73},,,,,,,,,,,{23},
EN300-53447540,"A468,A543",2,,,,{80},,,,,,,,,,,{23},
EN300-1910251,"A468,A543",2,,,,{82},,,,,,,,,,,{23},
EN300-51856951,"A468,A543",2,,,,{75},,,,,,,,,,,{23},
EN300-23906539,"A468,A543",2,,,,{80},,,,,,,,,,,{23},
EN300-5115024,"A468,A543",2,,,,{83},,,,,,,,,,,{23},
EN300-51788016,"A468,A543",2,,,,{94},,,,,,,,,,,{23},
EN300-52363271,"A468,A543",2,,,,{79},,,,,,,,,,,{23},
EN300-36370780,"A468,A543",2,,,,{76},,,,,,,,,,,{23},
EN300-53424200,"A468,A543",2,,,,{76},,,,,,,,,,,{23},
EN300-46355685,"A468,A543",2,,,,{77},,,,,,,,,,,{23},
EN300-6496978,"A468,A543",2,,,,{73},,,,,,,,,,,{23},
EN300-6877186,"A468,A543",2,,,,{75},,,,,,,,,,,{23},
EN300-7967615,"A468,A543",2,,,,{79},,,,,,,,,,,{23},
EN300-120394,"A468,A543",2,,,,{77},,,,,,,,,,,{23},
EN300-397626,A543,1,,,,,,,,,,,,,,,{23},
EN300-125659,"A468,A543",2,,,,{77},,,,,,,,,,,{23},
EN300-27112678,A543,1,,,,,,,,,,,,,,,{23},
EN300-46747235,"A468,A543",2,,,,{76},,,,,,,,,,,{23},
EN300-52366242,"A468,A543",2,,,,{76},,,,,,,,,,,{23},
EN300-37468067,"A468,A543",2,,,,{87},,,,,,,,,,,{23},
EN300-53867822,"A468,A543",2,,,,{79},,,,,,,,,,,{23},
EN300-53961214,"A468,A543",2,,,,{77},,,,,,,,,,,{23},
EN300-1716716,"A468,A543",2,,,,{73},,,,,,,,,,,{23},
EN300-1915233,"A468,A543",2,,,,{77},,,,,,,,,,,{23},
EN300-301935,"A468,A543",2,,,,{79},,,,,,,,,,,{23},
EN300-47245843,"A468,A543",2,,,,{84},,,,,,,,,,,{23},
EN300-28297027,"A468,A543",2,,,,{76},,,,,,,,,,,{23},
EN300-110854,"A468,A543",2,,,,{77},,,,,,,,,,,{23},
EN300-27777522,"A468,A543",2,,,,{73},,,,,,,,,,,{23},
EN300-7424821,A543,1,,,,,,,,,,,,,,,{23},
EN300-28220982,"A468,A543",2,,,,{75},,,,,,,,,,,{23},
EN300-26621770,"A468,A543",2,,,,{82},,,,,,,,,,,{23},
EN300-26980797,A543,1,,,,,,,,,,,,,,,{23},
EN300-7058469,"A468,A543",2,,,,{81},,,,,,,,,,,{23},
EN300-1700204,"A468,A543",2,,,,{76},,,,,,,,,,,{23},
EN300-3168462,"A468,A543",2,,,,{75},,,,,,,,,,,{23},
EN300-45376759,"A468,A543",2,,,,{75},,,,,,,,,,,{23},
EN300-3559211,"A468,A543",2,,,,{83},,,,,,,,,,,{23},
EN300-1718833,"A468,A543",2,,,,{86},,,,,,,,,,,{23},
EN300-1068093,"A468,A543",2,,,,{80},,,,,,,,,,,{23},
EN300-52739,"A468,A543",2,,,,{76},,,,,,,,,,,{23},
EN300-52851575,"A468,A543",2,,,,{92},,,,,,,,,,,{23},
EN300-47327130,"A468,A543",2,,,,{79},,,,,,,,,,,{23},
EN300-7285729,"A468,A543",2,,,,{74},,,,,,,,,,,{23},
EN300-53442759,"A468,A543",2,,,,{77},,,,,,,,,,,{23},
EN300-37286143,"A468,A543",2,,,,{76},,,,,,,,,,,{23},
EN300-230188,"A468,A543",2,,,,{84},,,,,,,,,,,{23},
EN300-52395498,"A468,A543",2,,,,{74},,,,,,,,,,,{23},
EN300-74171,"A468,A543",2,,,,{74},,,,,,,,,,,{23},
EN300-113807,"A468,A543",2,,,,{76},,,,,,,,,,,{23},
EN300-184782,A543,1,,,,,,,,,,,,,,,{23},
EN300-5104023,"A468,A543",2,,,,{79},,,,,,,,,,,{23},
EN300-1275642,"A467,A543",2,,{80},,,,,,,,,,,,,{23},
EN300-286320,"A468,A543",2,,,,{72},,,,,,,,,,,{23},
EN300-52815227,"A468,A543",2,,,,{74},,,,,,,,,,,{23},
EN300-106535,"A468,A543",2,,,,{76},,,,,,,,,,,{23},
EN300-7599984,"A468,A543",2,,,,{72},,,,,,,,,,,{23},
EN300-640707,"A468,A543",2,,,,{77},,,,,,,,,,,{23},
EN300-53962083,"A468,A543",2,,,,{81},,,,,,,,,,,{23},
EN300-234211,"A468,A543",2,,,,{76},,,,,,,,,,,{23},
EN300-1581813,"A468,A543",2,,,,{77},,,,,,,,,,,{23},
EN300-1688951,"A468,A543",2,,,,{77},,,,,,,,,,,{23},
EN300-28310719,"A467,A468,A543",3,{37},,,{83},,,,,,,,,,,{23},
EN300-814025,"A468,A543",2,,,,{78},,,,,,,,,,,{23},
EN300-138812,"A468,A543",2,,,,{72},,,,,,,,,,,{23},
EN300-27748222,"A468,A543",2,,,,{75},,,,,,,,,,,{23},
EN300-39913183,"A467,A468,A543",3,,{80},,{80},,,,,,,,,,,{23},
EN300-53838043,"A467,A468,A473,A536,A543",5,{42},,,{80},,,,{79},,,{46},,,,{23},
EN300-365156,"A467,A543",2,,{76},,,,,,,,,,,,,{23},
EN300-53434700,"A468,A543",2,,,,{80},,,,,,,,,,,{23},
EN300-814138,"A468,A543",2,,,,{75},,,,,,,,,,,{23},
EN300-754688,"A468,A543",2,,,,{75},,,,,,,,,,,{23},
EN300-7442826,A543,1,,,,,,,,,,,,,,,{23},
EN300-1478769,"A468,A543",2,,,,{95},,,,,,,,,,,{23},
EN300-52419573,"A468,A543",2,,,,{82},,,,,,,,,,,{23},
EN300-7465229,A543,1,,,,,,,,,,,,,,,{23},
EN300-7465230,"A468,A543",2,,,,{85},,,,,,,,,,,{23},
EN300-7440541,"A468,A473,A543",3,,,,{72},,,,{75},,,,,,,{23},
EN300-53290693,"A468,A543",2,,,,{76},,,,,,,,,,,{23},
EN300-133878,"A468,A543",2,,,,{76},,,,,,,,,,,{23},
EN300-373615,"A468,A543",2,,,,{85},,,,,,,,,,,{23},
EN300-203318,"A468,A543",2,,,,{75},,,,,,,,,,,{23},
EN300-51869757,"A468,A543",2,,,,{80},,,,,,,,,,,{23},
EN300-274087,"A468,A543",2,,,,{85},,,,,,,,,,,{23},
EN300-157209,"A468,A543",2,,,,{73},,,,,,,,,,,{23},
EN300-47339317,"A468,A543",2,,,,{76},,,,,,,,,,,{23},
EN300-7762213,"A468,A543",2,,,,{74},,,,,,,,,,,{23},
EN300-217095,"A468,A543",2,,,,{73},,,,,,,,,,,{23},
EN300-53287919,"A468,A543",2,,,,{78},,,,,,,,,,,{23},
EN300-53450846,"A468,A543",2,,,,{80},,,,,,,,,,,{23},
EN300-1914309,"A468,A543",2,,,,{81},,,,,,,,,,,{23},
EN300-370699,"A467,A468,A543",3,,{85},,{85},,,,,,,,,,,{23},
EN300-301928,"A468,A543",2,,,,{76},,,,,,,,,,,{23},
EN300-7176471,"A468,A543",2,,,,{73},,,,,,,,,,,{23},
EN300-177125,"A468,A543",2,,,,{84},,,,,,,,,,,{23},
EN300-1895434,"A468,A543",2,,,,{76},,,,,,,,,,,{23},
EN300-46816466,"A468,A543",2,,,,{76},,,,,,,,,,,{23},
EN300-51765068,"A467,A468,A543",3,,{74},,{79},,,,,,,,,,,{23},
EN300-33214926,"A468,A543",2,,,,{81},,,,,,,,,,,{23},
EN300-322643,"A468,A543",2,,,,{72},,,,,,,,,,,{23},
EN300-3930552,"A468,A543",2,,,,{77},,,,,,,,,,,{23},
EN300-371717,"A467,A543",2,,{77},,,,,,,,,,,,,{23},
EN300-1091557,"A467,A543",2,,{76},,,,,,,,,,,,,{23},
EN300-51664506,"A468,A543",2,,,,{84},,,,,,,,,,,{23},
EN300-6518075,"A468,A543",2,,,,{79},,,,,,,,,,,{23},
EN300-53338854,"A468,A543",2,,,,"{76, 77}",,,,,,,,,,,{23},
EN300-1904956,"A468,A543",2,,,,{81},,,,,,,,,,,{23},
EN300-26952084,"A467,A543",2,,{80},,,,,,,,,,,,,{23},
EN300-3037698,"A468,A543",2,,,,{84},,,,,,,,,,,{23},
EN300-135477,"A468,A543",2,,,,{84},,,,,,,,,,,{23},
EN300-53435637,"A468,A543",2,,,,{80},,,,,,,,,,,{23},
EN300-46923551,"A468,A543",2,,,,{84},,,,,,,,,,,{23},
EN300-28295549,"A468,A543",2,,,,{76},,,,,,,,,,,{23},
EN300-3217458,"A468,A543",2,,,,{74},,,,,,,,,,,{23},
EN300-1268111,"A468,A543",2,,,,{71},,,,,,,,,,,{23},
EN300-52209059,"A468,A543",2,,,,{86},,,,,,,,,,,{23},
EN300-1605427,"A468,A543",2,,,,{73},,,,,,,,,,,{23},
EN300-6496808,"A468,A543",2,,,,{73},,,,,,,,,,,{23},
EN300-37289879,"A468,A543",2,,,,{79},,,,,,,,,,,{23},
EN300-1218860,"A468,A543",2,,,,{77},,,,,,,,,,,{23},
EN300-37297166,"A468,A543",2,,,,{75},,,,,,,,,,,{23},
EN300-229622,"A468,A543",2,,,,{81},,,,,,,,,,,{23},
EN300-7461055,"A468,A543",2,,,,{87},,,,,,,,,,,{23},
EN300-46984787,"A468,A543",2,,,,{74},,,,,,,,,,,{23},
EN300-53450786,"A468,A543",2,,,,{80},,,,,,,,,,,{23},
EN300-28262667,"A468,A543",2,,,,{75},,,,,,,,,,,{23},
EN300-28262739,"A467,A543",2,,{77},,,,,,,,,,,,,{23},
EN300-218899,"A468,A543",2,,,,{73},,,,,,,,,,,{23},
EN300-114267,"A468,A543",2,,,,{79},,,,,,,,,,,{23},
EN300-7426434,"A468,A543",2,,,,{78},,,,,,,,,,,{23},
EN300-33240658,"A468,A543",2,,,,{76},,,,,,,,,,,{23},
EN300-28328661,"A468,A543",2,,,,{86},,,,,,,,,,,{23},
EN300-1234834,"A468,A543",2,,,,{75},,,,,,,,,,,{23},
EN300-201413,"A467,A543",2,,{79},,,,,,,,,,,,,{23},
EN300-52398412,"A468,A543",2,,,,{77},,,,,,,,,,,{23},
EN300-27102116,A543,1,,,,,,,,,,,,,,,{23},
EN300-28250471,"A468,A543",2,,,,{83},,,,,,,,,,,{23},
EN300-52467634,"A468,A543",2,,,,{74},,,,,,,,,,,{23},
EN300-124982,"A468,A543",2,,,,{81},,,,,,,,,,,{23},
EN300-28265796,"A468,A543",2,,,,{81},,,,,,,,,,,{23},
EN300-53452215,"A468,A538,A543",3,,,,{84},,,,,,{82},,,,,{23},
EN300-45653953,"A468,A543",2,,,,{79},,,,,,,,,,,{23},
EN300-1238171,A543,1,,,,,,,,,,,,,,,{23},
EN300-53865390,"A468,A543",2,,,,{79},,,,,,,,,,,{23},
EN300-52546729,A543,1,,,,,,,,,,,,,,,{23},
EN300-28304367,"A468,A543",2,,,,{74},,,,,,,,,,,{23},
EN300-51746068,"A468,A543",2,,,,{79},,,,,,,,,,,{23},
EN300-26675654,"A468,A543",2,,,,{73},,,,,,,,,,,{23},
EN300-26862790,"A468,A543",2,,,,{87},,,,,,,,,,,{23},
EN300-1218843,"A468,A543",2,,,,{79},,,,,,,,,,,{23},
EN300-53963851,"A468,A473,A543",3,,,,"{78, 79}",,,,{77},,,,,,,{23},
EN300-6892605,"A468,A543",2,,,,{82},,,,,,,,,,,{23},
EN300-37286386,"A468,A543",2,,,,{77},,,,,,,,,,,{23},
EN300-106034,A543,1,,,,,,,,,,,,,,,{23},
EN300-229069,A543,1,,,,,,,,,,,,,,,{23},
EN300-343486,"A468,A543",2,,,,{73},,,,,,,,,,,{23},
EN300-26862301,"A468,A543",2,,,,{85},,,,,,,,,,,{23},
EN300-1637715,"A468,A543",2,,,,{74},,,,,,,,,,,{23},
EN300-332922,"A468,A543",2,,,,{85},,,,,,,,,,,{23},
EN300-235871,"A468,A543",2,,,,{79},,,,,,,,,,,{23},
EN300-87945,"A468,A543",2,,,,{84},,,,,,,,,,,{23},
EN300-25681972,"A468,A543",2,,,,{77},,,,,,,,,,,{23},
EN300-8675423,"A468,A543",2,,,,{80},,,,,,,,,,,{23},
EN300-46643882,"A468,A543",2,,,,{72},,,,,,,,,,,{23},
EN300-7371355,"A468,A543",2,,,,{75},,,,,,,,,,,{23},
EN300-7421800,"A468,A543",2,,,,{75},,,,,,,,,,,{23},
EN300-7460940,"A468,A543",2,,,,{86},,,,,,,,,,,{23},
ligprep_Enamine_102025_Aryl.maegz:21443,A543,1,,,,,,,,,,,,,,,{23},
EN300-53433934,"A467,A543",2,,{78},,,,,,,,,,,,,{23},
EN300-53439520,"A468,A543",2,,,,{82},,,,,,,,,,,{23},
EN300-1970756,"A468,A543",2,,,,{76},,,,,,,,,,,{23},
EN300-53420626,"A468,A543",2,,,,{86},,,,,,,,,,,{23},
EN300-252845,A543,1,,,,,,,,,,,,,,,{23},
EN300-362266,"A468,A543",2,,,,{80},,,,,,,,,,,{23},
EN300-53963865,"A468,A543",2,,,,{79},,,,,,,,,,,{23},
EN300-37351129,A543,1,,,,,,,,,,,,,,,{23},
EN300-256552,"A468,A543",2,,,,{78},,,,,,,,,,,{23},
EN300-22210188,"A468,A543",2,,,,{86},,,,,,,,,,,{23},
EN300-28316411,"A468,A543",2,,,,{78},,,,,,,,,,,{23},
EN300-28320633,"A468,A543",2,,,,{78},,,,,,,,,,,{23},
EN300-35826894,"A468,A543",2,,,,{79},,,,,,,,,,,{23},
EN300-25371921,"A468,A543",2,,,,{80},,,,,,,,,,,{23},
EN300-53258402,"A468,A543",2,,,,{77},,,,,,,,,,,{23},
EN300-51743869,"A468,A543",2,,,,{75},,,,,,,,,,,{23},
EN300-53429999,"A468,A543",2,,,,{79},,,,,,,,,,,{23},
EN300-7433554,"A468,A543",2,,,,{75},,,,,,,,,,,{23},
EN300-53450250,"A468,A543",2,,,,{86},,,,,,,,,,,{23},
EN300-26977559,"A468,A543",2,,,,{84},,,,,,,,,,,{23},
EN300-178908,"A468,A543",2,,,,{79},,,,,,,,,,,{23},
EN300-18124,"A468,A543",2,,,,{74},,,,,,,,,,,{23},
EN300-214099,"A468,A543",2,,,,{73},,,,,,,,,,,{23},
EN300-304322,"A468,A543",2,,,,{76},,,,,,,,,,,{23},
EN300-297216,"A468,A543",2,,,,{79},,,,,,,,,,,{23},
EN300-7460687,"A468,A543",2,,,,{77},,,,,,,,,,,{23},
EN300-52223922,"A468,A543",2,,,,{76},,,,,,,,,,,{23},
EN300-52058120,"A468,A543",2,,,,{76},,,,,,,,,,,{23},
EN300-79337,A543,1,,,,,,,,,,,,,,,{23},
EN300-20966389,"A468,A543",2,,,,{77},,,,,,,,,,,{23},
EN300-28253515,"A468,A543",2,,,,{80},,,,,,,,,,,{23},
EN300-53962026,"A468,A543",2,,,,{77},,,,,,,,,,,{23},
EN300-53824982,"A468,A543",2,,,,{80},,,,,,,,,,,{23},
EN300-6482090,"A468,A543",2,,,,{75},,,,,,,,,,,{23},
EN300-374374,"A468,A543",2,,,,{76},,,,,,,,,,,{23},
EN300-6810149,"A468,A543",2,,,,{79},,,,,,,,,,,{23},
EN300-51995533,"A468,A543",2,,,,{87},,,,,,,,,,,{23},
EN300-53866379,"A467,A468,A543",3,,{79},,{77},,,,,,,,,,,{23},
EN300-697470,"A468,A543",2,,,,{74},,,,,,,,,,,{23},
EN300-1694989,"A468,A543",2,,,,{74},,,,,,,,,,,{23},
EN300-5480779,"A468,A543",2,,,,{74},,,,,,,,,,,{23},
EN300-28319586,"A468,A543",2,,,,{78},,,,,,,,,,,{23},
EN300-7395266,"A468,A543",2,,,,{77},,,,,,,,,,,{23},
EN300-52005854,"A468,A543",2,,,,{84},,,,,,,,,,,{23},
EN300-192455,"A468,A543",2,,,,{72},,,,,,,,,,,{23},
EN300-3409986,A543,1,,,,,,,,,,,,,,,{23},
EN300-1692619,"A468,A543",2,,,,{73},,,,,,,,,,,{23},
EN300-5032760,A543,1,,,,,,,,,,,,,,,{23},
EN300-46770070,"A468,A543",2,,,,{81},,,,,,,,,,,{23},
EN300-61280,"A468,A543",2,,,,{74},,,,,,,,,,,{23},
EN300-680086,"A468,A543",2,,,,{79},,,,,,,,,,,{23},
EN300-46903266,"A468,A543",2,,,,{77},,,,,,,,,,,{23},
EN300-24123311,"A468,A543",2,,,,{73},,,,,,,,,,,{23},
EN300-19933,A543,1,,,,,,,,,,,,,,,{23},
EN300-21998012,"A468,A543",2,,,,{78},,,,,,,,,,,{23},
EN300-53449623,"A468,A543",2,,,,{79},,,,,,,,,,,{23},
EN300-53448066,"A468,A543",2,,,,{79},,,,,,,,,,,{23},
EN300-7061947,"A468,A543",2,,,,{77},,,,,,,,,,,{23},
EN300-301552,"A468,A543",2,,,,{75},,,,,,,,,,,{23},
EN300-39873545,"A468,A543",2,,,,{77},,,,,,,,,,,{23},
EN300-224462,"A468,A543",2,,,,{80},,,,,,,,,,,{23},
EN300-193484,"A468,A543",2,,,,{81},,,,,,,,,,,{23},
EN300-53863517,"A468,A543",2,,,,{77},,,,,,,,,,,{23},
EN300-190916,"A468,A543",2,,,,{77},,,,,,,,,,,{23},
EN300-37289202,"A468,A543",2,,,,{79},,,,,,,,,,,{23},
EN300-7548514,A543,1,,,,,,,,,,,,,,,{23},
EN300-43359083,"A468,A543",2,,,,{87},,,,,,,,,,,{23},
EN300-7412162,"A468,A543",2,,,,{74},,,,,,,,,,,{23},
EN300-1295063,"A468,A543",2,,,,{75},,,,,,,,,,,{23},
EN300-7538833,"A468,A543",2,,,,{77},,,,,,,,,,,{23},
EN300-1265883,"A468,A543",2,,,,{84},,,,,,,,,,,{23},
EN300-1895434,"A468,A543",2,,,,{76},,,,,,,,,,,{23},
EN300-53445407,"A468,A543",2,,,,{76},,,,,,,,,,,{23},
EN300-392725,A543,1,,,,,,,,,,,,,,,{23},
EN300-53296440,A543,1,,,,,,,,,,,,,,,{23},
EN300-52420294,"A468,A543",2,,,,{80},,,,,,,,,,,{23},
EN300-102813,"A468,A543",2,,,,{73},,,,,,,,,,,{23},
EN300-1073061,A543,1,,,,,,,,,,,,,,,{23},
EN300-257719,"A468,A543",2,,,,{80},,,,,,,,,,,{23},
EN300-6731568,"A468,A543",2,,,,{75},,,,,,,,,,,{23},
EN300-8655871,"A467,A543",2,,{78},,,,,,,,,,,,,{23},
EN300-51745989,"A468,A473,A543",3,,,,{77},,,,{78},,,,,,,{23},
EN300-197461,"A468,A543",2,,,,{86},,,,,,,,,,,{23},
EN300-263188,"A468,A543",2,,,,{73},,,,,,,,,,,{23},
EN300-8363841,"A468,A543",2,,,,{79},,,,,,,,,,,{23},
EN300-7426166,"A468,A543",2,,,,{83},,,,,,,,,,,{23},
EN300-7427645,"A468,A543",2,,,,{83},,,,,,,,,,,{23},
EN300-26978218,"A468,A543",2,,,,{89},,,,,,,,,,,{23},
EN300-53279264,"A468,A543",2,,,,{75},,,,,,,,,,,{23},
EN300-170625,"A468,A543",2,,,,{77},,,,,,,,,,,{23},
EN300-7864829,"A468,A543",2,,,,{75},,,,,,,,,,,{23},
EN300-141452,"A467,A468,A543",3,,{75},,{74},,,,,,,,,,,{23},
EN300-1911627,"A468,A543",2,,,,{75},,,,,,,,,,,{23},
EN300-37066816,"A468,A536,A543",3,,,,{76},,,,,,,{43},,,,{23},
EN300-37377309,"A468,A543",2,,,,{75},,,,,,,,,,,{23},
EN300-6810402,"A468,A543",2,,,,{74},,,,,,,,,,,{23},
EN300-53864479,"A468,A543",2,,,,{81},,,,,,,,,,,{23},
EN300-53963714,"A468,A543",2,,,,{79},,,,,,,,,,,{23},
EN300-1983828,"A468,A543",2,,,,{85},,,,,,,,,,,{23},
EN300-200363,"A468,A543",2,,,,{85},,,,,,,,,,,{23},
EN300-138902,A543,1,,,,,,,,,,,,,,,{23},
EN300-46902930,"A468,A543",2,,,,{83},,,,,,,,,,,{23},
EN300-53280001,"A467,A543",2,,{79},,,,,,,,,,,,,{23},
EN300-25367,"A468,A543",2,,,,{73},,,,,,,,,,,{23},
EN300-37285110,"A468,A543",2,,,,{76},,,,,,,,,,,{23},
EN300-1995763,"A468,A543",2,,,,{81},,,,,,,,,,,{23},
EN300-8037171,"A467,A543",2,,{80},,,,,,,,,,,,,{23},
EN300-247821,A543,1,,,,,,,,,,,,,,,{23},
EN300-37457538,A543,1,,,,,,,,,,,,,,,{23},
EN300-53446538,"A468,A543",2,,,,{82},,,,,,,,,,,{23},
EN300-12321159,"A468,A543",2,,,,{78},,,,,,,,,,,{23},
EN300-30980,"A468,A543",2,,,,{78},,,,,,,,,,,{23},
EN300-6518187,"A468,A543",2,,,,{78},,,,,,,,,,,{23},
EN300-37241422,"A468,A543",2,,,,{84},,,,,,,,,,,{23},
EN300-1616862,"A468,A543",2,,,,{82},,,,,,,,,,,{23},
EN300-6735056,"A468,A543",2,,,,{77},,,,,,,,,,,{23},
EN300-45176416,"A468,A543",2,,,,{80},,,,,,,,,,,{23},
EN300-53961237,"A468,A543",2,,,,{78},,,,,,,,,,,{23},
EN300-1936560,"A468,A543",2,,,,"{83, 78}",,,,,,,,,,,{23},
EN300-53452485,"A468,A543",2,,,,{79},,,,,,,,,,,{23},
EN300-46826140,"A468,A543",2,,,,{76},,,,,,,,,,,{23},
EN300-399391,"A468,A543",2,,,,{83},,,,,,,,,,,{23},
EN300-27144303,"A468,A543",2,,,,{76},,,,,,,,,,,{23},
EN300-46745385,"A468,A543",2,,,,"{80, 76}",,,,,,,,,,,{23},
EN300-139526,"A468,A543",2,,,,{86},,,,,,,,,,,{23},
EN300-53840162,"A468,A543",2,,,,{94},,,,,,,,,,,{23},
EN300-4350143,"A468,A543",2,,,,{74},,,,,,,,,,,{23},
EN300-48951922,"A468,A543",2,,,,{81},,,,,,,,,,,{23},
EN300-188403,"A467,A543",2,,{78},,,,,,,,,,,,,{23},
EN300-53864476,"A468,A543",2,,,,{78},,,,,,,,,,,{23},
EN300-6762995,"A468,A543",2,,,,{77},,,,,,,,,,,{23},
EN300-37290476,"A468,A543",2,,,,{79},,,,,,,,,,,{23},
EN300-54596,"A468,A543",2,,,,{75},,,,,,,,,,,{23},
EN300-7929980,"A467,A543",2,,{83},,,,,,,,,,,,,{23},
EN300-9760329,"A468,A543",2,,,,{82},,,,,,,,,,,{23},
EN300-1908489,"A468,A543",2,,,,{77},,,,,,,,,,,{23},
EN300-51654388,"A468,A543",2,,,,{77},,,,,,,,,,,{23},
EN300-45267298,"A468,A543",2,,,,{78},,,,,,,,,,,{23},
EN300-52851575,"A468,A543",2,,,,{92},,,,,,,,,,,{23},
EN300-6526832,"A468,A543",2,,,,{79},,,,,,,,,,,{23},
EN300-7029925,"A468,A543",2,,,,{76},,,,,,,,,,,{23},
EN300-223464,"A468,A543",2,,,,{71},,,,,,,,,,,{23},
EN300-28294798,"A468,A543",2,,,,{75},,,,,,,,,,,{23},
EN300-51746562,"A468,A543",2,,,,{74},,,,,,,,,,,{23},
EN300-23011303,"A468,A543",2,,,,{79},,,,,,,,,,,{23},
EN300-316896,"A468,A543",2,,,,{82},,,,,,,,,,,{23},
EN300-53290217,"A468,A543",2,,,,{83},,,,,,,,,,,{23},
EN300-33325497,"A468,A543",2,,,,{81},,,,,,,,,,,{23},
EN300-1912513,"A468,A543",2,,,,{73},,,,,,,,,,,{23},
EN300-37297178,"A468,A543",2,,,,{75},,,,,,,,,,,{23},
EN300-51850302,"A468,A543",2,,,,{82},,,,,,,,,,,{23},
EN300-68975,"A468,A543",2,,,,{77},,,,,,,,,,,{23},
EN300-6739546,"A468,A543",2,,,,{77},,,,,,,,,,,{23},
EN300-2010588,"A468,A543",2,,,,{76},,,,,,,,,,,{23},
EN300-53444323,"A468,A543",2,,,,{78},,,,,,,,,,,{23},
EN300-53443401,"A467,A543",2,,{80},,,,,,,,,,,,,{23},
EN300-174498,"A468,A543",2,,,,{76},,,,,,,,,,,{23},
EN300-54096532,"A468,A543",2,,,,{75},,,,,,,,,,,{23},
EN300-27734117,"A468,A543",2,,,,{82},,,,,,,,,,,{23},
EN300-2941947,"A468,A543",2,,,,{77},,,,,,,,,,,{23},
EN300-47038905,"A468,A543",2,,,,{84},,,,,,,,,,,{23},
EN300-4252254,"A468,A543",2,,,,{75},,,,,,,,,,,{23},
EN300-53430559,"A468,A543",2,,,,{83},,,,,,,,,,,{23},
EN300-1982828,"A468,A543",2,,,,{80},,,,,,,,,,,{23},
EN300-52700465,"A468,A543",2,,,,{76},,,,,,,,,,,{23},
EN300-8964848,A543,1,,,,,,,,,,,,,,,{23},
EN300-53963351,"A468,A543",2,,,,{80},,,,,,,,,,,{23},
EN300-53453214,"A468,A543",2,,,,{84},,,,,,,,,,,{23},
EN300-206637,"A468,A543",2,,,,{73},,,,,,,,,,,{23},
EN300-1726013,A543,1,,,,,,,,,,,,,,,{23},
EN300-7370296,A543,1,,,,,,,,,,,,,,,{23},
EN300-5090900,"A468,A543",2,,,,{75},,,,,,,,,,,{23},
EN300-28294938,"A468,A543",2,,,,{75},,,,,,,,,,,{23},
EN300-53451211,"A468,A543",2,,,,{76},,,,,,,,,,,{23},
EN300-52363735,"A468,A543",2,,,,{79},,,,,,,,,,,{23},
EN300-39857093,"A468,A543",2,,,,{82},,,,,,,,,,,{23},
EN300-1718221,"A468,A543",2,,,,{76},,,,,,,,,,,{23},
EN300-53866819,"A467,A473,A543",3,,{79},,,,,,{78},,,,,,,{23},
EN300-7780325,"A468,A543",2,,,,{75},,,,,,,,,,,{23},
EN300-133580,"A468,A543",2,,,,{77},,,,,,,,,,,{23},
EN300-53435636,A543,1,,,,,,,,,,,,,,,{23},
EN300-6788809,"A468,A543",2,,,,{84},,,,,,,,,,,{23},
EN300-26870143,"A468,A543",2,,,,{96},,,,,,,,,,,{23},
EN300-7430480,"A468,A543",2,,,,{81},,,,,,,,,,,{23},
EN300-7291054,"A468,A543",2,,,,{73},,,,,,,,,,,{23},
EN300-49528,"A468,A543",2,,,,{79},,,,,,,,,,,{23},
EN300-53449013,"A468,A543",2,,,,{86},,,,,,,,,,,{23},
EN300-235244,"A468,A543",2,,,,{78},,,,,,,,,,,{23},
EN300-78168,"A468,A543",2,,,,{80},,,,,,,,,,,{23},
EN300-53448043,"A468,A543",2,,,,{75},,,,,,,,,,,{23},
EN300-1912119,"A468,A543",2,,,,{77},,,,,,,,,,,{23},
EN300-3497748,"A468,A543",2,,,,{77},,,,,,,,,,,{23},
EN300-53963350,"A468,A543",2,,,,{80},,,,,,,,,,,{23},
EN300-105867,"A468,A543",2,,,,{72},,,,,,,,,,,{23},
EN300-19570480,"A468,A543",2,,,,{73},,,,,,,,,,,{23},
EN300-46604026,"A468,A543",2,,,,{76},,,,,,,,,,,{23},
EN300-47339260,"A468,A543",2,,,,{77},,,,,,,,,,,{23},
EN300-27148768,"A468,A543",2,,,,{77},,,,,,,,,,,{23},
EN300-157054,"A468,A543",2,,,,{75},,,,,,,,,,,{23},
EN300-1166848,"A468,A543",2,,,,{74},,,,,,,,,,,{23},
EN300-53452899,"A468,A543",2,,,,{81},,,,,,,,,,,{23},
EN300-31188,"A468,A543",2,,,,{73},,,,,,,,,,,{23},
EN300-269961,"A468,A543",2,,,,{79},,,,,,,,,,,{23},
EN300-53843727,"A468,A543",2,,,,{80},,,,,,,,,,,{23},
EN300-53424489,"A468,A543",2,,,,{87},,,,,,,,,,,{23},
EN300-51743675,"A468,A543",2,,,,{78},,,,,,,,,,,{23},
EN300-268480,"A468,A543",2,,,,{85},,,,,,,,,,,{23},
EN300-53866611,"A468,A543",2,,,,{77},,,,,,,,,,,{23},
EN300-24799470,"A468,A473,A543",3,,,,{80},,,,{81},,,,,,,{23},
EN300-254348,"A468,A543",2,,,,{82},,,,,,,,,,,{23},
EN300-93493,"A468,A543",2,,,,{81},,,,,,,,,,,{23},
EN300-207172,"A468,A538,A543",3,,,,{83},,,,,,{79},,,,,{23},
EN300-28269368,"A468,A543",2,,,,{76},,,,,,,,,,,{23},
EN300-119464,"A468,A543",2,,,,{76},,,,,,,,,,,{23},
EN300-20959194,"A468,A543",2,,,,{72},,,,,,,,,,,{23},
EN300-7427087,"A468,A543",2,,,,{78},,,,,,,,,,,{23},
EN300-47320154,"A468,A543",2,,,,{78},,,,,,,,,,,{23},
EN300-52813736,"A468,A543",2,,,,{77},,,,,,,,,,,{23},
EN300-53436608,"A468,A543",2,,,,{80},,,,,,,,,,,{23},
EN300-1478769,"A468,A543",2,,,,{85},,,,,,,,,,,{23},
EN300-7046522,"A468,A543",2,,,,{76},,,,,,,,,,,{23},
EN300-1255553,"A468,A543",2,,,,{75},,,,,,,,,,,{23},
EN300-1725183,"A468,A543",2,,,,{76},,,,,,,,,,,{23},
EN300-6734077,"A468,A543",2,,,,{74},,,,,,,,,,,{23},
EN300-7192655,"A468,A543",2,,,,{78},,,,,,,,,,,{23},
EN300-6481738,"A468,A543",2,,,,{76},,,,,,,,,,,{23},
EN300-107819,"A468,A543",2,,,,{77},,,,,,,,,,,{23},
EN300-3255458,"A468,A543",2,,,,{80},,,,,,,,,,,{23},
EN300-344636,"A468,A543",2,,,,{78},,,,,,,,,,,{23},
EN300-87976,"A468,A543",2,,,,{76},,,,,,,,,,,{23},
EN300-1721502,A543,1,,,,,,,,,,,,,,,{23},
EN300-53418427,"A468,A543",2,,,,{90},,,,,,,,,,,{23},
EN300-52509956,"A468,A543",2,,,,{82},,,,,,,,,,,{23},
EN300-7780324,"A468,A543",2,,,,{73},,,,,,,,,,,{23},
EN300-108142,"A468,A543",2,,,,{76},,,,,,,,,,,{23},
EN300-5013162,"A468,A543",2,,,,{84},,,,,,,,,,,{23},
EN300-7817697,"A468,A543",2,,,,{78},,,,,,,,,,,{23},
EN300-3171755,"A468,A543",2,,,,{77},,,,,,,,,,,{23},
EN300-2007049,"A468,A543",2,,,,{77},,,,,,,,,,,{23},
EN300-52851575,"A468,A543",2,,,,{92},,,,,,,,,,,{23},
EN300-53452898,"A468,A543",2,,,,{77},,,,,,,,,,,{23},
EN300-208223,"A468,A543",2,,,,{76},,,,,,,,,,,{23},
EN300-53424080,"A468,A543",2,,,,{77},,,,,,,,,,,{23},
EN300-255069,"A468,A543",2,,,,{82},,,,,,,,,,,{23},
EN300-3178335,"A468,A543",2,,,,{75},,,,,,,,,,,{23},
EN300-317190,"A468,A543",2,,,,{75},,,,,,,,,,,{23},
EN300-230200,"A468,A543",2,,,,{81},,,,,,,,,,,{23},
EN300-5104033,"A468,A543",2,,,,{80},,,,,,,,,,,{23},
EN300-3200241,"A468,A543",2,,,,{74},,,,,,,,,,,{23},
EN300-1878570,"A468,A543",2,,,,"{80, 74}",,,,,,,,,,,{23},
EN300-6775215,"A468,A543",2,,,,{74},,,,,,,,,,,{23},
EN300-360079,"A468,A543",2,,,,{79},,,,,,,,,,,{23},
EN300-298783,"A468,A543",2,,,,{77},,,,,,,,,,,{23},
EN300-159993,"A468,A543",2,,,,{79},,,,,,,,,,,{23},
EN300-52519086,"A468,A543",2,,,,{74},,,,,,,,,,,{23},
EN300-371087,"A468,A543",2,,,,{73},,,,,,,,,,,{23},
EN300-7548203,"A468,A543",2,,,,{75},,,,,,,,,,,{23},
EN300-7423837,"A468,A543",2,,,,{75},,,,,,,,,,,{23},
EN300-51743131,"A468,A543",2,,,,{77},,,,,,,,,,,{23},
EN300-37359265,A543,1,,,,,,,,,,,,,,,{23},
EN300-7416211,"A468,A543",2,,,,{75},,,,,,,,,,,{23},
EN300-23001201,"A468,A543",2,,,,{78},,,,,,,,,,,{23},
EN300-332849,A543,1,,,,,,,,,,,,,,,{23},
EN300-72277,"A468,A543",2,,,,{75},,,,,,,,,,,{23},
EN300-28256867,"A467,A468,A543",3,,{77},,{76},,,,,,,,,,,{23},
EN300-53438093,"A468,A543",2,,,,{75},,,,,,,,,,,{23},
EN300-53437940,A543,1,,,,,,,,,,,,,,,{23},
EN300-46422345,"A468,A543",2,,,,{76},,,,,,,,,,,{23},
EN300-20837079,"A468,A538,A543",3,,,,{77},,,,,,{79},,,,,{23},
EN300-1073509,"A468,A543",2,,,,{76},,,,,,,,,,,{23},
EN300-6774838,"A468,A543",2,,,,{74},,,,,,,,,,,{23},
EN300-1253974,"A468,A543",2,,,,{74},,,,,,,,,,,{23},
EN300-51869773,A543,1,,,,,,,,,,,,,,,{23},
EN300-1248627,"A468,A543",2,,,,{75},,,,,,,,,,,{23},
EN300-100860,"A468,A543",2,,,,{77},,,,,,,,,,,{23},
EN300-1692404,"A468,A543",2,,,,{77},,,,,,,,,,,{23},
EN300-24497949,"A468,A543",2,,,,{80},,,,,,,,,,,{23},
EN300-112025,"A468,A543",2,,,,{73},,,,,,,,,,,{23},
EN300-680087,"A468,A543",2,,,,{79},,,,,,,,,,,{23},
EN300-53448566,"A468,A543",2,,,,{80},,,,,,,,,,,{23},
EN300-1956708,"A468,A543",2,,,,{76},,,,,,,,,,,{23},
EN300-93123,A543,1,,,,,,,,,,,,,,,{23},
EN300-7047573,"A468,A543",2,,,,{73},,,,,,,,,,,{23},
EN300-45405888,"A468,A543",2,,,,{76},,,,,,,,,,,{23},
EN300-45381370,"A468,A543",2,,,,{74},,,,,,,,,,,{23},
EN300-36599807,"A468,A543",2,,,,{77},,,,,,,,,,,{23},
EN300-37339605,"A468,A543",2,,,,{75},,,,,,,,,,,{23},
EN300-100725,"A468,A543",2,,,,{79},,,,,,,,,,,{23},
EN300-6898751,"A468,A543",2,,,,{75},,,,,,,,,,,{23},
EN300-21638813,"A468,A543",2,,,,{75},,,,,,,,,,,{23},
EN300-51996121,A543,1,,,,,,,,,,,,,,,{23},
EN300-177993,"A468,A543",2,,,,{76},,,,,,,,,,,{23},
EN300-27113311,"A468,A543",2,,,,{79},,,,,,,,,,,{23},
EN300-108271,"A468,A543",2,,,,{73},,,,,,,,,,,{23},
EN300-160468,"A468,A473,A543",3,,,,{76},,,,{79},,,,,,,{23},
EN300-46901507,"A468,A543",2,,,,{75},,,,,,,,,,,{23},
EN300-257009,"A468,A543",2,,,,{76},,,,,,,,,,,{23},
EN300-226709,"A468,A543",2,,,,{77},,,,,,,,,,,{23},
EN300-53290734,"A468,A543",2,,,,{73},,,,,,,,,,,{23},
EN300-7751264,A543,1,,,,,,,,,,,,,,,{23},
EN300-22826992,"A468,A543",2,,,,{74},,,,,,,,,,,{23},
EN300-28297936,"A468,A543",2,,,,{74},,,,,,,,,,,{23},
EN300-195905,"A468,A543",2,,,,{79},,,,,,,,,,,{23},
EN300-30581303,"A468,A543",2,,,,{88},,,,,,,,,,,{23},
EN300-23002590,"A468,A543",2,,,,{79},,,,,,,,,,,{23},
EN300-53439092,"A468,A543",2,,,,{84},,,,,,,,,,,{23},
EN300-56197,"A468,A543",2,,,,{74},,,,,,,,,,,{23},
EN300-46828607,"A468,A543",2,,,,{81},,,,,,,,,,,{23},
EN300-119789,"A468,A543",2,,,,{74},,,,,,,,,,,{23},
EN300-5554491,"A468,A543",2,,,,{75},,,,,,,,,,,{23},
EN300-95078,"A468,A473,A543",3,,,,{73},,,,{74},,,,,,,{23},
EN300-1590311,"A468,A543",2,,,,{75},,,,,,,,,,,{23},
EN300-388318,"A467,A468,A543",3,,{76},,{76},,,,,,,,,,,{23},
EN300-44893,"A468,A543",2,,,,{78},,,,,,,,,,,{23},
EN300-53832542,"A468,A543",2,,,,{81},,,,,,,,,,,{23},
EN300-104018,"A468,A543",2,,,,"{74, 75}",,,,,,,,,,,{23},
EN300-28298456,"A468,A543",2,,,,{75},,,,,,,,,,,{23},
EN300-51689023,"A468,A543",2,,,,{79},,,,,,,,,,,{23},
EN300-229069,"A468,A543",2,,,,{88},,,,,,,,,,,{23},
EN300-193085,"A468,A543",2,,,,{84},,,,,,,,,,,{23},
EN300-53866293,"A468,A543",2,,,,{80},,,,,,,,,,,{23},
EN300-39850667,"A468,A543",2,,,,{77},,,,,,,,,,,{23},
EN300-7447065,"A468,A543",2,,,,{78},,,,,,,,,,,{23},
EN300-52956779,"A468,A543",2,,,,{76},,,,,,,,,,,{23},
EN300-53420654,"A468,A543",2,,,,{87},,,,,,,,,,,{23},
EN300-53442259,A543,1,,,,,,,,,,,,,,,{23},
EN300-37286688,"A468,A536,A543",3,,,,{78},,,,,,,{47},,,,{23},
EN300-155877,"A468,A543",2,,,,{75},,,,,,,,,,,{23},
EN300-33243741,"A468,A543",2,,,,{86},,,,,,,,,,,{23},
EN300-19122128,"A468,A543",2,,,,{81},,,,,,,,,,,{23},
EN300-229144,"A468,A543",2,,,,{79},,,,,,,,,,,{23},
EN300-271155,"A468,A543",2,,,,{76},,,,,,,,,,,{23},
EN300-80182,"A468,A543",2,,,,{82},,,,,,,,,,,{23},
EN300-8392073,"A468,A543",2,,,,{79},,,,,,,,,,,{23},
EN300-53962464,"A468,A543",2,,,,{80},,,,,,,,,,,{23},
EN300-20945659,"A468,A543",2,,,,{81},,,,,,,,,,,{23},
EN300-365252,"A468,A543",2,,,,{82},,,,,,,,,,,{23},
EN300-6197387,"A468,A543",2,,,,{77},,,,,,,,,,,{23},
EN300-37282472,"A468,A543",2,,,,{78},,,,,,,,,,,{23},
EN300-7432011,"A468,A543",2,,,,{87},,,,,,,,,,,{23},
EN300-200223,"A468,A543",2,,,,{73},,,,,,,,,,,{23},
EN300-229503,"A467,A468,A543",3,{38},,,{81},,,,,,,,,,,{23},
EN300-53864446,"A468,A543",2,,,,{77},,,,,,,,,,,{23},
EN300-53962144,"A468,A543",2,,,,{79},,,,,,,,,,,{23},
EN300-37355633,"A467,A543",2,,{75},,,,,,,,,,,,,{23},
EN300-193307,"A468,A543",2,,,,{78},,,,,,,,,,,{23},
EN300-37289016,"A468,A543",2,,,,{78},,,,,,,,,,,{23},
EN300-53961630,"A468,A543",2,,,,{78},,,,,,,,,,,{23},
EN300-6515513,"A468,A543",2,,,,{76},,,,,,,,,,,{23},
EN300-179069,"A468,A543",2,,,,{77},,,,,,,,,,,{23},
EN300-53960245,"A468,A543",2,,,,{74},,,,,,,,,,,{23},
EN300-46793860,"A468,A543",2,,,,{85},,,,,,,,,,,{23},
EN300-102124,"A468,A543",2,,,,{81},,,,,,,,,,,{23},
EN300-28311046,"A468,A543",2,,,,{83},,,,,,,,,,,{23},
EN300-7446949,"A468,A543",2,,,,{76},,,,,,,,,,,{23},
EN300-26862790,"A468,A533,A543",3,,,,{87},,{78},,,,,,,,,{23},
EN300-53449886,"A468,A543",2,,,,{78},,,,,,,,,,,{23},
EN300-7447047,A543,1,,,,,,,,,,,,,,,{23},
EN300-28298235,"A468,A543",2,,,,{74},,,,,,,,,,,{23},
EN300-7540359,"A468,A543",2,,,,{81},,,,,,,,,,,{23},
EN300-37291675,"A468,A543",2,,,,{79},,,,,,,,,,,{23},
EN300-51746764,"A468,A543",2,,,,{83},,,,,,,,,,,{23},
EN300-106332,"A468,A543",2,,,,{80},,,,,,,,,,,{23},
EN300-51746653,A543,1,,,,,,,,,,,,,,,{23},
EN300-1122843,"A468,A543",2,,,,{78},,,,,,,,,,,{23},
EN300-122236,"A468,A543",2,,,,{78},,,,,,,,,,,{23},
EN300-7372831,"A468,A543",2,,,,{85},,,,,,,,,,,{23},
EN300-37290088,"A468,A543",2,,,,{77},,,,,,,,,,,{23},
EN300-398677,"A468,A543",2,,,,{79},,,,,,,,,,,{23},
EN300-307304,A543,1,,,,,,,,,,,,,,,{23},
EN300-53832578,"A468,A543",2,,,,{82},,,,,,,,,,,{23},
EN300-19203585,"A468,A543",2,,,,{78},,,,,,,,,,,{23},
EN300-256045,"A467,A468,A543",3,,{81},,{81},,,,,,,,,,,{23},
EN300-37288031,"A468,A543",2,,,,{78},,,,,,,,,,,{23},
EN300-53286417,A543,1,,,,,,,,,,,,,,,{23},
EN300-200519,"A468,A543",2,,,,{85},,,,,,,,,,,{23},
EN300-3218794,A543,1,,,,,,,,,,,,,,,{23},
EN300-75131,"A468,A543",2,,,,{79},,,,,,,,,,,{23},
EN300-8052719,"A468,A543",2,,,,{79},,,,,,,,,,,{23},
EN300-52196923,"A468,A543",2,,,,{74},,,,,,,,,,,{23},
EN300-4442154,"A468,A538,A543",3,,,,{74},,,,,,{80},,,,,{23},
EN300-378951,"A468,A543",2,,,,{74},,,,,,,,,,,{23},
EN300-734294,"A468,A536,A543",3,,,,{75},,,,,,,{35},,,,{23},
EN300-1724727,"A467,A468,A543",3,,{73},,{72},,,,,,,,,,,{23},
EN300-216669,"A468,A543",2,,,,{72},,,,,,,,,,,{23},
EN300-378871,"A468,A543",2,,,,{87},,,,,,,,,,,{23},
EN300-53450785,"A468,A543",2,,,,{76},,,,,,,,,,,{23},
EN300-5245036,"A468,A543",2,,,,{81},,,,,,,,,,,{23},
EN300-320878,"A468,A543",2,,,,{74},,,,,,,,,,,{23},
EN300-53436416,A543,1,,,,,,,,,,,,,,,{23},
EN300-134424,"A468,A543",2,,,,{84},,,,,,,,,,,{23},
EN300-55502,"A468,A543",2,,,,{76},,,,,,,,,,,{23},
EN300-134576,"A468,A543",2,,,,{82},,,,,,,,,,,{23},
EN300-52473607,"A468,A543",2,,,,{79},,,,,,,,,,,{23},
EN300-651667,"A468,A543",2,,,,{84},,,,,,,,,,,{23},
EN300-701274,"A468,A543",2,,,,{81},,,,,,,,,,,{23},
EN300-1709932,"A468,A543",2,,,,{88},,,,,,,,,,,{23},
EN300-61788,"A468,A543",2,,,,{77},,,,,,,,,,,{23},
EN300-53423546,"A468,A543",2,,,,{80},,,,,,,,,,,{23},
EN300-51746653,"A468,A543",2,,,,{79},,,,,,,,,,,{23},
EN300-53442760,"A468,A543",2,,,,{81},,,,,,,,,,,{23},
EN300-1878033,"A468,A543",2,,,,{79},,,,,,,,,,,{23},
EN300-53447332,"A468,A543",2,,,,{79},,,,,,,,,,,{23},
EN300-46170736,"A468,A543",2,,,,{74},,,,,,,,,,,{23},
EN300-1692378,"A468,A543",2,,,,{77},,,,,,,,,,,{23},
EN300-114304,"A468,A543",2,,,,{71},,,,,,,,,,,{23},
EN300-235700,"A468,A543",2,,,,{75},,,,,,,,,,,{23},
EN300-132093,"A468,A543",2,,,,{77},,,,,,,,,,,{23},
EN300-371875,"A468,A543",2,,,,{75},,,,,,,,,,,{23},
EN300-295349,"A468,A543",2,,,,{71},,,,,,,,,,,{23},
EN300-47305691,"A468,A543",2,,,,{85},,,,,,,,,,,{23},
EN300-52398671,"A468,A543",2,,,,{76},,,,,,,,,,,{23},
EN300-68851,"A468,A543",2,,,,{77},,,,,,,,,,,{23},
EN300-1179651,"A468,A473,A543",3,,,,{76},,,,{79},,,,,,,{23},
EN300-100928,"A468,A543",2,,,,{78},,,,,,,,,,,{23},
EN300-53867800,"A468,A543",2,,,,{78},,,,,,,,,,,{23},
EN300-53962254,"A468,A543",2,,,,{77},,,,,,,,,,,{23},
EN300-127217,"A468,A543",2,,,,{76},,,,,,,,,,,{23},
EN300-11704035,A543,1,,,,,,,,,,,,,,,{23},
EN300-1920756,"A468,A543",2,,,,{71},,,,,,,,,,,{23},
EN300-124567,"A468,A543",2,,,,{76},,,,,,,,,,,{23},
EN300-2966809,"A468,A543",2,,,,{74},,,,,,,,,,,{23},
EN300-53961952,"A468,A543",2,,,,{77},,,,,,,,,,,{23},
EN300-117662,"A468,A543",2,,,,{80},,,,,,,,,,,{23},
EN300-1725086,"A468,A543",2,,,,{80},,,,,,,,,,,{23},
EN300-7720382,"A468,A543",2,,,,{74},,,,,,,,,,,{23},
EN300-52561746,"A468,A543",2,,,,{81},,,,,,,,,,,{23},
EN300-31282,"A468,A543",2,,,,{77},,,,,,,,,,,{23},
EN300-7421129,"A468,A543",2,,,,{77},,,,,,,,,,,{23},
EN300-134133,"A468,A543",2,,,,{76},,,,,,,,,,,{23},
EN300-1608206,"A468,A543",2,,,,{73},,,,,,,,,,,{23},
EN300-201734,"A468,A543",2,,,,{74},,,,,,,,,,,{23},
EN300-52845,"A468,A543",2,,,,{74},,,,,,,,,,,{23},
EN300-52151307,"A467,A468,A543",3,,{78},,{78},,,,,,,,,,,{23},
EN300-28299797,"A468,A543",2,,,,{75},,,,,,,,,,,{23},
EN300-53961214,"A468,A543",2,,,,{77},,,,,,,,,,,{23},
EN300-53288038,"A468,A543",2,,,,{78},,,,,,,,,,,{23},
EN300-24209996,"A468,A543",2,,,,{85},,,,,,,,,,,{23},
EN300-317441,A543,1,,,,,,,,,,,,,,,{23},
EN300-1387314,A543,1,,,,,,,,,,,,,,,{23},
EN300-19463062,"A468,A543",2,,,,{80},,,,,,,,,,,{23},
EN300-8160626,"A468,A543",2,,,,{81},,,,,,,,,,,{23},
EN300-142523,"A468,A543",2,,,,{77},,,,,,,,,,,{23},
EN300-195129,"A468,A543",2,,,,{85},,,,,,,,,,,{23},
EN300-4263228,"A468,A543",2,,,,{75},,,,,,,,,,,{23},
EN300-25383855,"A468,A543",2,,,,{78},,,,,,,,,,,{23},
EN300-23318593,"A468,A543",2,,,,{81},,,,,,,,,,,{23},
EN300-207085,"A468,A543",2,,,,{82},,,,,,,,,,,{23},
EN300-680537,"A468,A543",2,,,,{80},,,,,,,,,,,{23},
EN300-97806,"A468,A543",2,,,,{84},,,,,,,,,,,{23},
EN300-21637604,"A468,A543",2,,,,{80},,,,,,,,,,,{23},
EN300-177528,"A468,A543",2,,,,{75},,,,,,,,,,,{23},
EN300-1719092,"A468,A543",2,,,,{74},,,,,,,,,,,{23},
EN300-5059479,"A468,A543",2,,,,{78},,,,,,,,,,,{23},
EN300-69015,"A468,A543",2,,,,{87},,,,,,,,,,,{23},
EN300-20818,"A468,A543",2,,,,{78},,,,,,,,,,,{23},
EN300-2010232,"A468,A543",2,,,,{74},,,,,,,,,,,{23},
EN300-26279818,"A468,A543",2,,,,{82},,,,,,,,,,,{23},
EN300-51757130,"A468,A543",2,,,,{86},,,,,,,,,,,{23},
EN300-746284,"A468,A543",2,,,,{88},,,,,,,,,,,{23},
EN300-51746748,"A468,A543",2,,,,{77},,,,,,,,,,,{23},
EN300-37473812,"A468,A543",2,,,,{75},,,,,,,,,,,{23},
EN300-53835108,"A468,A543",2,,,,{81},,,,,,,,,,,{23},
EN300-53866719,"A468,A543",2,,,,{78},,,,,,,,,,,{23},
EN300-34913427,"A468,A543",2,,,,{76},,,,,,,,,,,{23},
EN300-1695810,"A468,A543",2,,,,{76},,,,,,,,,,,{23},
EN300-53421892,"A468,A543",2,,,,{81},,,,,,,,,,,{23},
EN300-46898452,"A468,A543",2,,,,{79},,,,,,,,,,,{23},
EN300-177889,"A468,A543",2,,,,{77},,,,,,,,,,,{23},
EN300-7888382,A543,1,,,,,,,,,,,,,,,{23},
EN300-20883793,"A468,A543",2,,,,{71},,,,,,,,,,,{23},
EN300-111289,"A468,A543",2,,,,{72},,,,,,,,,,,{23},
EN300-37337572,"A468,A543",2,,,,{81},,,,,,,,,,,{23},
EN300-51744159,"A468,A543",2,,,,{76},,,,,,,,,,,{23},
EN300-302321,"A468,A543",2,,,,{77},,,,,,,,,,,{23},
EN300-7727524,"A468,A543",2,,,,{75},,,,,,,,,,,{23},
EN300-4257794,"A468,A543",2,,,,{76},,,,,,,,,,,{23},
EN300-39852243,"A468,A543",2,,,,{74},,,,,,,,,,,{23},
EN300-7377818,"A468,A543",2,,,,{75},,,,,,,,,,,{23},
EN300-53447505,"A468,A543",2,,,,{77},,,,,,,,,,,{23},
EN300-37284373,"A468,A543",2,,,,{77},,,,,,,,,,,{23},
EN300-8522543,"A468,A543",2,,,,{83},,,,,,,,,,,{23},
EN300-22865908,"A468,A543",2,,,,{81},,,,,,,,,,,{23},
EN300-388213,"A468,A543",2,,,,{76},,,,,,,,,,,{23},
EN300-37288671,A543,1,,,,,,,,,,,,,,,{23},
EN300-113609,A543,1,,,,,,,,,,,,,,,{23},
EN300-67437,"A468,A543",2,,,,{83},,,,,,,,,,,{23},
EN300-296290,"A468,A543",2,,,,{76},,,,,,,,,,,{23},
EN300-170093,"A468,A543",2,,,,{76},,,,,,,,,,,{23},
EN300-122788,"A468,A533,A543",3,,,,{73},,{75},,,,,,,,,{23},
EN300-52959990,A543,1,,,,,,,,,,,,,,,{23},
EN300-96208,"A468,A543",2,,,,{80},,,,,,,,,,,{23},
EN300-53290050,"A467,A468,A543",3,,{78},,{79},,,,,,,,,,,{23},
EN300-64991,"A468,A543",2,,,,{73},,,,,,,,,,,{23},
EN300-52489618,"A468,A543",2,,,,"{80, 85}",,,,,,,,,,,{23},
EN300-26677493,"A468,A543",2,,,,{73},,,,,,,,,,,{23},
EN300-53958407,"A468,A543",2,,,,{77},,,,,,,,,,,{23},
EN300-1266367,"A468,A543",2,,,,{75},,,,,,,,,,,{23},
EN300-25979408,"A468,A543",2,,,,{73},,,,,,,,,,,{23},
EN300-53290764,"A468,A543",2,,,,{86},,,,,,,,,,,{23},
EN300-7538684,"A468,A543",2,,,,{75},,,,,,,,,,,{23},
EN300-53154072,"A468,A543",2,,,,{83},,,,,,,,,,,{23},
EN300-52970576,"A468,A543",2,,,,{78},,,,,,,,,,,{23},
EN300-37084829,"A468,A543",2,,,,{75},,,,,,,,,,,{23},
EN300-53213165,"A468,A543",2,,,,{78},,,,,,,,,,,{23},
EN300-37109766,"A468,A473,A543",3,,,,{81},,,,{82},,,,,,,{23},
EN300-58835,"A468,A543",2,,,,{78},,,,,,,,,,,{23},
EN300-52159246,"A468,A543",2,,,,{79},,,,,,,,,,,{23},
EN300-122799,"A467,A543",2,,{73},,,,,,,,,,,,,{23},
EN300-297620,"A468,A543",2,,,,{78},,,,,,,,,,,{23},
EN300-181940,"A468,A543",2,,,,{78},,,,,,,,,,,{23},
EN300-7378014,"A468,A543",2,,,,{81},,,,,,,,,,,{23},
EN300-53024770,"A538,A543",2,,,,,,,,,,{73},,,,,{23},
EN300-7286708,"A468,A543",2,,,,{73},,,,,,,,,,,{23},
EN300-115724,"A468,A543",2,,,,{70},,,,,,,,,,,{23},
EN300-7999460,"A468,A543",2,,,,{78},,,,,,,,,,,{23},
EN300-46239679,"A468,A543",2,,,,{77},,,,,,,,,,,{23},
EN300-26545545,"A468,A543",2,,,,{73},,,,,,,,,,,{23},
EN300-53290632,A543,1,,,,,,,,,,,,,,,{23},
EN300-158029,"A468,A543",2,,,,{75},,,,,,,,,,,{23},
EN300-28303016,"A468,A543",2,,,,{77},,,,,,,,,,,{23},
EN300-1599475,"A468,A543",2,,,,{80},,,,,,,,,,,{23},
EN300-79813,"A468,A543",2,,,,{76},,,,,,,,,,,{23},
EN300-219237,"A468,A543",2,,,,{82},,,,,,,,,,,{23},
EN300-8197375,"A468,A543",2,,,,{81},,,,,,,,,,,{23},
EN300-399498,"A468,A543",2,,,,{76},,,,,,,,,,,{23},
EN300-52655286,"A468,A543",2,,,,{82},,,,,,,,,,,{23},
EN300-1722344,"A468,A543",2,,,,{80},,,,,,,,,,,{23},
EN300-1984193,"A468,A543",2,,,,{88},,,,,,,,,,,{23},
EN300-7726258,"A468,A543",2,,,,{80},,,,,,,,,,,{23},
EN300-51880425,"A468,A543",2,,,,{81},,,,,,,,,,,{23},
EN300-1915717,"A468,A543",2,,,,{78},,,,,,,,,,,{23},
EN300-6776570,"A468,A543",2,,,,{78},,,,,,,,,,,{23},
EN300-7399720,"A468,A543",2,,,,{73},,,,,,,,,,,{23},
EN300-53866269,"A468,A543",2,,,,{79},,,,,,,,,,,{23},
EN300-6734079,"A467,A468,A543",3,,{79},,{79},,,,,,,,,,,{23},
EN300-7493730,"A468,A543",2,,,,{99},,,,,,,,,,,{23},
EN300-6495980,"A468,A543",2,,,,{76},,,,,,,,,,,{23},
EN300-53963851,"A468,A543",2,,,,{78},,,,,,,,,,,{23},
EN300-51667054,"A467,A468,A543",3,,{75},,{75},,,,,,,,,,,{23},
EN300-7563658,"A468,A543",2,,,,{81},,,,,,,,,,,{23},
EN300-53020515,"A468,A543",2,,,,{81},,,,,,,,,,,{23},
EN300-46818656,"A468,A543",2,,,,{74},,,,,,,,,,,{23},
EN300-46421055,"A536,A543",2,,,,,,,,,,,{38},,,,{23},
EN300-45267294,"A468,A543",2,,,,{76},,,,,,,,,,,{23},
EN300-196461,"A468,A543",2,,,,{78},,,,,,,,,,,{23},
EN300-53864612,"A468,A543",2,,,,{78},,,,,,,,,,,{23},
EN300-6788926,"A468,A543",2,,,,{79},,,,,,,,,,,{23},
EN300-66641,"A468,A543",2,,,,{80},,,,,,,,,,,{23},
EN300-7492152,"A468,A543",2,,,,{77},,,,,,,,,,,{23},
EN300-51743187,"A468,A543",2,,,,{79},,,,,,,,,,,{23},
EN300-272238,"A468,A543",2,,,,{75},,,,,,,,,,,{23},
EN300-1213467,"A468,A543",2,,,,{81},,,,,,,,,,,{23},
EN300-183175,"A468,A543",2,,,,{74},,,,,,,,,,,{23},
EN300-37392696,"A468,A543",2,,,,{76},,,,,,,,,,,{23},
EN300-21047151,"A468,A543",2,,,,{76},,,,,,,,,,,{23},
EN300-7742072,"A468,A543",2,,,,{84},,,,,,,,,,,{23},
EN300-4252752,"A468,A543",2,,,,{74},,,,,,,,,,,{23},
EN300-37289786,"A468,A543",2,,,,{79},,,,,,,,,,,{23},
EN300-29257255,"A468,A543",2,,,,{86},,,,,,,,,,,{23},
EN300-39671438,"A468,A543",2,,,,{76},,,,,,,,,,,{23},
EN300-52505975,"A468,A543",2,,,,{75},,,,,,,,,,,{23},
EN300-23319295,"A467,A543",2,{45},,,,,,,,,,,,,,{23},
EN300-4263653,"A468,A543",2,,,,{75},,,,,,,,,,,{23},
EN300-1718395,"A468,A543",2,,,,{80},,,,,,,,,,,{23},
EN300-1911249,"A468,A543",2,,,,{82},,,,,,,,,,,{23},
EN300-43379474,"A468,A543",2,,,,{80},,,,,,,,,,,{23},
EN300-51995533,"A468,A543",2,,,,{86},,,,,,,,,,,{23},
EN300-149389,"A468,A543",2,,,,{79},,,,,,,,,,,{23},
EN300-52362497,"A468,A543",2,,,,{81},,,,,,,,,,,{23},
EN300-1986923,"A468,A543",2,,,,{75},,,,,,,,,,,{23},
EN300-53448311,A543,1,,,,,,,,,,,,,,,{23},
EN300-53438881,"A468,A543",2,,,,{80},,,,,,,,,,,{23},
EN300-6958129,"A468,A543",2,,,,{73},,,,,,,,,,,{23},
EN300-6488803,"A468,A543",2,,,,{75},,,,,,,,,,,{23},
EN300-305967,"A468,A543",2,,,,{79},,,,,,,,,,,{23},
EN300-37339057,A543,1,,,,,,,,,,,,,,,{23},
EN300-31989659,A543,1,,,,,,,,,,,,,,,{23},
EN300-261204,"A468,A543",2,,,,{80},,,,,,,,,,,{23},
EN300-52136745,A543,1,,,,,,,,,,,,,,,{23},
EN300-51996683,"A468,A543",2,,,,{80},,,,,,,,,,,{23},
EN300-3335335,"A468,A543",2,,,,{77},,,,,,,,,,,{23},
EN300-1915735,"A468,A543",2,,,,{84},,,,,,,,,,,{23},
EN300-218279,"A468,A543",2,,,,{82},,,,,,,,,,,{23},
EN300-53960101,"A468,A543",2,,,,{76},,,,,,,,,,,{23},
EN300-349433,A543,1,,,,,,,,,,,,,,,{23},
EN300-52461422,A543,1,,,,,,,,,,,,,,,{23},
EN300-53446416,"A468,A543",2,,,,{84},,,,,,,,,,,{23},
EN300-202082,"A468,A543",2,,,,{78},,,,,,,,,,,{23},
EN300-53865888,"A468,A543",2,,,,{78},,,,,,,,,,,{23},
EN300-53449755,"A468,A543",2,,,,{76},,,,,,,,,,,{23},
EN300-197244,"A468,A543",2,,,,{73},,,,,,,,,,,{23},
EN300-1702636,"A468,A543",2,,,,{75},,,,,,,,,,,{23},
EN300-7864235,"A468,A543",2,,,,{78},,,,,,,,,,,{23},
EN300-39868098,"A467,A543",2,,{80},,,,,,,,,,,,,{23},
EN300-37288666,A543,1,,,,,,,,,,,,,,,{23},
EN300-6497739,"A468,A543",2,,,,{79},,,,,,,,,,,{23},
EN300-53866206,"A468,A543",2,,,,{77},,,,,,,,,,,{23},
EN300-3026059,"A468,A543",2,,,,{77},,,,,,,,,,,{23},
EN300-28231530,"A468,A543",2,,,,{78},,,,,,,,,,,{23},
EN300-5104131,"A468,A543",2,,,,{83},,,,,,,,,,,{23},
EN300-53962692,"A468,A543",2,,,,{76},,,,,,,,,,,{23},
EN300-52594443,"A468,A543",2,,,,{81},,,,,,,,,,,{23},
EN300-53962093,"A468,A543",2,,,,{77},,,,,,,,,,,{23},
EN300-37341362,"A468,A538,A543",3,,,,{74},,,,,,{78},,,,,{23},
EN300-256155,"A468,A543",2,,,,{73},,,,,,,,,,,{23},
EN300-53865525,"A467,A543",2,,{75},,,,,,,,,,,,,{23},
EN300-7546656,"A468,A543",2,,,,{71},,,,,,,,,,,{23},
EN300-1663545,"A468,A543",2,,,,{73},,,,,,,,,,,{23},
EN300-3549441,"A468,A543",2,,,,{83},,,,,,,,,,,{23},
EN300-53865769,"A468,A543",2,,,,{78},,,,,,,,,,,{23},
EN300-3035281,"A468,A543",2,,,,{75},,,,,,,,,,,{23},
EN300-112209,"A468,A543",2,,,,{73},,,,,,,,,,,{23},
EN300-51744814,"A468,A543",2,,,,{78},,,,,,,,,,,{23},
EN300-2940724,"A468,A543",2,,,,{73},,,,,,,,,,,{23},
EN300-7461232,"A468,A543",2,,,,{76},,,,,,,,,,,{23},
EN300-21046527,"A468,A543",2,,,,{75},,,,,,,,,,,{23},
EN300-26953477,"A468,A543",2,,,,{72},,,,,,,,,,,{23},
EN300-26982715,"A468,A543",2,,,,{83},,,,,,,,,,,{23},
EN300-39919500,"A468,A543",2,,,,{74},,,,,,,,,,,{23},
EN300-37289025,"A468,A543",2,,,,{78},,,,,,,,,,,{23},
EN300-52969,A543,1,,,,,,,,,,,,,,,{23},
EN300-53435352,A543,1,,,,,,,,,,,,,,,{23},
EN300-126604,"A468,A543",2,,,,{82},,,,,,,,,,,{23},
EN300-7410893,"A468,A543",2,,,,{77},,,,,,,,,,,{23},
EN300-34057671,"A468,A543",2,,,,{81},,,,,,,,,,,{23},
EN300-253606,"A468,A543",2,,,,{72},,,,,,,,,,,{23},
EN300-23011303,"A468,A543",2,,,,{79},,,,,,,,,,,{23},
EN300-7064594,"A468,A543",2,,,,{74},,,,,,,,,,,{23},
EN300-53430353,"A468,A543",2,,,,{81},,,,,,,,,,,{23},
EN300-53962415,"A468,A543",2,,,,{75},,,,,,,,,,,{23},
EN300-754688,"A468,A543",2,,,,{75},,,,,,,,,,,{23},
EN300-25371921,"A468,A543",2,,,,{80},,,,,,,,,,,{23},
EN300-27754979,"A468,A543",2,,,,{76},,,,,,,,,,,{23},
EN300-52281135,"A468,A543",2,,,,{81},,,,,,,,,,,{23},
EN300-51794533,"A468,A543",2,,,,{94},,,,,,,,,,,{23},
EN300-6774784,"A468,A543",2,,,,{75},,,,,,,,,,,{23},
EN300-100774,"A468,A543",2,,,,{83},,,,,,,,,,,{23},
EN300-53449925,"A468,A543",2,,,,{78},,,,,,,,,,,{23},
EN300-7456853,"A468,A543",2,,,,{78},,,,,,,,,,,{23},
EN300-1073073,"A468,A543",2,,,,{76},,,,,,,,,,,{23},
EN300-39847700,"A468,A543",2,,,,{82},,,,,,,,,,,{23},
EN300-1722091,"A468,A543",2,,,,{76},,,,,,,,,,,{23},
EN300-1707740,"A468,A543",2,,,,{74},,,,,,,,,,,{23},
EN300-22105426,"A467,A468,A543",3,,{76},,{75},,,,,,,,,,,{23},
EN300-53448198,"A468,A543",2,,,,{75},,,,,,,,,,,{23},
EN300-37287814,"A468,A543",2,,,,{78},,,,,,,,,,,{23},
EN300-310368,"A468,A543",2,,,,{74},,,,,,,,,,,{23},
EN300-37137427,A543,1,,,,,,,,,,,,,,,{23},
EN300-12737302,"A468,A543",2,,,,{74},,,,,,,,,,,{23},
EN300-245932,"A468,A543",2,,,,{78},,,,,,,,,,,{23},
EN300-7426588,A543,1,,,,,,,,,,,,,,,{23},
EN300-51744412,"A468,A543",2,,,,{78},,,,,,,,,,,{23},
EN300-45877031,"A468,A543",2,,,,{81},,,,,,,,,,,{23},
EN300-1937098,"A468,A543",2,,,,{74},,,,,,,,,,,{23},
EN300-51746746,"A468,A543",2,,,,{76},,,,,,,,,,,{23},
EN300-37292786,A543,1,,,,,,,,,,,,,,,{23},
EN300-370637,"A468,A543",2,,,,{72},,,,,,,,,,,{23},
EN300-53866787,"A468,A543",2,,,,{74},,,,,,,,,,,{23},
EN300-35588889,A543,1,,,,,,,,,,,,,,,{23},
EN300-7460254,"A468,A543",2,,,,{75},,,,,,,,,,,{23},
EN300-7867200,"A468,A543",2,,,,{75},,,,,,,,,,,{23},
EN300-53963748,"A468,A543",2,,,,{77},,,,,,,,,,,{23},
EN300-53866519,A543,1,,,,,,,,,,,,,,,{23},
EN300-52368552,"A467,A543",2,,{82},,,,,,,,,,,,,{23},
EN300-53503116,"A468,A543",2,,,,{79},,,,,,,,,,,{23},
EN300-53773170,"A468,A543",2,,,,{76},,,,,,,,,,,{23},
EN300-226609,A543,1,,,,,,,,,,,,,,,{23},
EN300-134667,"A468,A543",2,,,,{76},,,,,,,,,,,{23},
EN300-3176824,"A468,A543",2,,,,{82},,,,,,,,,,,{23},
EN300-51746563,"A468,A543",2,,,,{76},,,,,,,,,,,{23},
EN300-7870702,"A468,A543",2,,,,{81},,,,,,,,,,,{23},
EN300-53445173,"A468,A543",2,,,,{84},,,,,,,,,,,{23},
EN300-3409988,"A468,A543",2,,,,{77},,,,,,,,,,,{23},
EN300-116519,"A468,A543",2,,,,{76},,,,,,,,,,,{23},
EN300-6499395,"A467,A543",2,,{73},,,,,,,,,,,,,{23},
EN300-51761859,"A468,A543",2,,,,{73},,,,,,,,,,,{23},
EN300-76040,"A468,A543",2,,,,{77},,,,,,,,,,,{23},
EN300-53865774,A543,1,,,,,,,,,,,,,,,{23},
EN300-45195651,"A468,A543",2,,,,{77},,,,,,,,,,,{23},
EN300-1263878,"A468,A543",2,,,,{83},,,,,,,,,,,{23},
EN300-6482931,"A468,A543",2,,,,{76},,,,,,,,,,,{23},
EN300-6799933,"A468,A543",2,,,,{74},,,,,,,,,,,{23},
EN300-2920330,"A468,A543",2,,,,{75},,,,,,,,,,,{23},
EN300-2928358,A543,1,,,,,,,,,,,,,,,{23},
EN300-53962363,"A468,A543",2,,,,{80},,,,,,,,,,,{23},
EN300-53867818,"A468,A543",2,,,,{76},,,,,,,,,,,{23},
EN300-99376,"A468,A543",2,,,,{77},,,,,,,,,,,{23},
EN300-93297,"A468,A543",2,,,,{76},,,,,,,,,,,{23},
EN300-4249628,"A468,A543",2,,,,{84},,,,,,,,,,,{23},
EN300-114620,"A468,A543",2,,,,{76},,,,,,,,,,,{23},
EN300-12442591,"A468,A543",2,,,,{73},,,,,,,,,,,{23},
EN300-225431,"A468,A543",2,,,,{71},,,,,,,,,,,{23},
EN300-6775624,"A468,A543",2,,,,{74},,,,,,,,,,,{23},
EN300-22731871,A543,1,,,,,,,,,,,,,,,{23},
EN300-5230503,"A468,A543",2,,,,{74},,,,,,,,,,,{23},
EN300-7722130,"A468,A543",2,,,,{80},,,,,,,,,,,{23},
EN300-51743250,"A468,A543",2,,,,{76},,,,,,,,,,,{23},
EN300-53442540,"A468,A543",2,,,,{80},,,,,,,,,,,{23},
EN300-53963825,"A468,A543",2,,,,{78},,,,,,,,,,,{23},
EN300-20837710,"A468,A543",2,,,,{75},,,,,,,,,,,{23},
EN300-7968093,"A468,A543",2,,,,{80},,,,,,,,,,,{23},
EN300-7410302,"A468,A543",2,,,,{77},,,,,,,,,,,{23},
EN300-352277,"A468,A543",2,,,,{81},,,,,,,,,,,{23},
EN300-6993150,"A468,A543",2,,,,{77},,,,,,,,,,,{23},
EN300-59815,"A468,A543",2,,,,{75},,,,,,,,,,,{23},
EN300-53831475,A543,1,,,,,,,,,,,,,,,{23},
EN300-2001897,"A468,A543",2,,,,{79},,,,,,,,,,,{23},
EN300-1295125,"A468,A543",2,,,,{77},,,,,,,,,,,{23},
EN300-30567882,"A468,A543",2,,,,{81},,,,,,,,,,,{23},
EN300-53281451,"A468,A543",2,,,,{76},,,,,,,,,,,{23},
EN300-52366219,"A467,A543",2,,{80},,,,,,,,,,,,,{23},
EN300-53289492,"A468,A543",2,,,,{75},,,,,,,,,,,{23},
EN300-3202491,"A468,A543",2,,,,{72},,,,,,,,,,,{23},
EN300-5066345,"A468,A543",2,,,,{84},,,,,,,,,,,{23},
EN300-7280359,"A468,A543",2,,,,{74},,,,,,,,,,,{23},
EN300-53438801,"A468,A543",2,,,,{78},,,,,,,,,,,{23},
EN300-279043,"A468,A543",2,,,,{81},,,,,,,,,,,{23},
EN300-331471,"A468,A543",2,,,,{74},,,,,,,,,,,{23},
EN300-224773,"A468,A543",2,,,,{80},,,,,,,,,,,{23},
EN300-7446457,"A468,A543",2,,,,{77},,,,,,,,,,,{23},
EN300-5480779,"A468,A543",2,,,,{74},,,,,,,,,,,{23},
EN300-53447402,"A468,A543",2,,,,{84},,,,,,,,,,,{23},
EN300-53412350,"A467,A468,A543",3,{44},,,{80},,,,,,,,,,,{23},
EN300-3121107,"A468,A543",2,,,,{77},,,,,,,,,,,{23},
EN300-53961241,"A468,A543",2,,,,{78},,,,,,,,,,,{23},
EN300-53022822,"A468,A543",2,,,,{73},,,,,,,,,,,{23},
EN300-53962219,"A468,A543",2,,,,{75},,,,,,,,,,,{23},
EN300-4829122,"A468,A543",2,,,,{72},,,,,,,,,,,{23},
EN300-115392,"A468,A473,A543",3,,,,{73},,,,{74},,,,,,,{23},
EN300-1478769,"A467,A468,A543",3,{51},,,{85},,,,,,,,,,,{23},
EN300-7411839,"A468,A543",2,,,,{75},,,,,,,,,,,{23},
EN300-105313,"A468,A543",2,,,,{72},,,,,,,,,,,{23},
EN300-53409617,"A468,A543",2,,,,{81},,,,,,,,,,,{23},
EN300-1588749,"A468,A543",2,,,,{77},,,,,,,,,,,{23},
EN300-53866530,"A468,A543",2,,,,{74},,,,,,,,,,,{23},
EN300-53962464,"A468,A543",2,,,,{81},,,,,,,,,,,{23},
EN300-123899,"A468,A543",2,,,,{75},,,,,,,,,,,{23},
EN300-37475705,"A468,A543",2,,,,{74},,,,,,,,,,,{23},
EN300-53962415,"A468,A543",2,,,,{76},,,,,,,,,,,{23},
EN300-160276,"A468,A543",2,,,,{71},,,,,,,,,,,{23},
EN300-1608869,A543,1,,,,,,,,,,,,,,,{23},
EN300-6767206,"A468,A543",2,,,,{74},,,,,,,,,,,{23},
EN300-53961415,"A468,A543",2,,,,{80},,,,,,,,,,,{23},
EN300-22849436,"A468,A543",2,,,,{85},,,,,,,,,,,{23},
EN300-27733528,"A467,A468,A543",3,{43},,,{78},,,,,,,,,,,{23},
EN300-24453969,"A468,A543",2,,,,{72},,,,,,,,,,,{23},
EN300-28319851,A543,1,,,,,,,,,,,,,,,{23},
EN300-312409,"A468,A543",2,,,,{76},,,,,,,,,,,{23},
EN300-133591,"A468,A543",2,,,,{76},,,,,,,,,,,{23},
EN300-1897198,"A468,A543",2,,,,{79},,,,,,,,,,,{23},
EN300-194902,"A468,A543",2,,,,{80},,,,,,,,,,,{23},
EN300-52210911,"A468,A543",2,,,,{78},,,,,,,,,,,{23},
EN300-51836364,"A468,A543",2,,,,{80},,,,,,,,,,,{23},
EN300-46773024,"A468,A543",2,,,,{80},,,,,,,,,,,{23},
EN300-28305380,A543,1,,,,,,,,,,,,,,,{23},
EN300-53438084,"A468,A543",2,,,,{76},,,,,,,,,,,{23},
EN300-6296733,"A468,A543",2,,,,{74},,,,,,,,,,,{23},
EN300-53426703,"A468,A543",2,,,,{84},,,,,,,,,,,{23},
EN300-1719124,"A468,A543",2,,,,{74},,,,,,,,,,,{23},
EN300-5142217,"A468,A543",2,,,,{85},,,,,,,,,,,{23},
EN300-7446949,"A468,A543",2,,,,{76},,,,,,,,,,,{23},
EN300-6517884,"A468,A543",2,,,,{79},,,,,,,,,,,{23},
EN300-226495,"A468,A543",2,,,,{76},,,,,,,,,,,{23},
EN300-1722398,"A468,A543",2,,,,{74},,,,,,,,,,,{23},
EN300-7473517,"A468,A543",2,,,,{75},,,,,,,,,,,{23},
EN300-62109,"A468,A543",2,,,,{75},,,,,,,,,,,{23},
EN300-6482320,"A468,A543",2,,,,{74},,,,,,,,,,,{23},
EN300-53434959,"A468,A543",2,,,,{82},,,,,,,,,,,{23},
EN300-46898582,"A468,A543",2,,,,{72},,,,,,,,,,,{23},
EN300-22109497,"A468,A543",2,,,,{78},,,,,,,,,,,{23},
EN300-52845,"A468,A543",2,,,,{75},,,,,,,,,,,{23},
EN300-379193,"A468,A543",2,,,,{75},,,,,,,,,,,{23},
EN300-28295274,"A468,A543",2,,,,{76},,,,,,,,,,,{23},
EN300-8151164,"A468,A543",2,,,,{85},,,,,,,,,,,{23},
EN300-9006213,A543,1,,,,,,,,,,,,,,,{23},
EN300-53447506,A543,1,,,,,,,,,,,,,,,{23},
EN300-33425109,"A468,A543",2,,,,{83},,,,,,,,,,,{23},
EN300-3176894,"A468,A543",2,,,,{76},,,,,,,,,,,{23},
EN300-101241,"A468,A543",2,,,,{76},,,,,,,,,,,{23},
EN300-1663361,"A468,A543",2,,,,{79},,,,,,,,,,,{23},
EN300-53865913,"A468,A543",2,,,,{79},,,,,,,,,,,{23},
EN300-37286617,"A468,A543",2,,,,{75},,,,,,,,,,,{23},
EN300-53154064,"A468,A543",2,,,,{75},,,,,,,,,,,{23},
EN300-6800417,"A468,A543",2,,,,{74},,,,,,,,,,,{23},
EN300-53961274,"A468,A543",2,,,,{77},,,,,,,,,,,{23},
EN300-33224839,"A468,A543",2,,,,{83},,,,,,,,,,,{23},
EN300-45563089,A543,1,,,,,,,,,,,,,,,{23},
EN300-26623663,"A468,A543",2,,,,{75},,,,,,,,,,,{23},
EN300-1699868,"A468,A543",2,,,,{82},,,,,,,,,,,{23},
EN300-53519010,"A468,A543",2,,,,{76},,,,,,,,,,,{23},
EN300-297392,"A468,A543",2,,,,{84},,,,,,,,,,,{23},
EN300-6514482,"A468,A543",2,,,,{76},,,,,,,,,,,{23},
EN300-52100733,"A468,A543",2,,,,{77},,,,,,,,,,,{23},
EN300-7447552,"A468,A543",2,,,,{77},,,,,,,,,,,{23},
EN300-45479750,"A468,A543",2,,,,{73},,,,,,,,,,,{23},
EN300-33041276,"A468,A543",2,,,,{78},,,,,,,,,,,{23},
EN300-4964648,"A468,A543",2,,,,{72},,,,,,,,,,,{23},
EN300-43394375,"A468,A543",2,,,,{77},,,,,,,,,,,{23},
EN300-51818001,A543,1,,,,,,,,,,,,,,,{23},
EN300-279633,"A468,A543",2,,,,{79},,,,,,,,,,,{23},
EN300-73145,"A468,A543",2,,,,{74},,,,,,,,,,,{23},
EN300-46816508,"A468,A543",2,,,,{76},,,,,,,,,,,{23},
EN300-45188085,"A468,A543",2,,,,{73},,,,,,,,,,,{23},
EN300-53448777,"A468,A543",2,,,,{83},,,,,,,,,,,{23},
EN300-3206488,"A468,A543",2,,,,{76},,,,,,,,,,,{23},
EN300-107723,A543,1,,,,,,,,,,,,,,,{23},
EN300-53867782,"A468,A543",2,,,,{76},,,,,,,,,,,{23},
EN300-6830915,"A468,A543",2,,,,{84},,,,,,,,,,,{23},
EN300-7865199,"A468,A543",2,,,,{75},,,,,,,,,,,{23},
EN300-213127,"A468,A543",2,,,,{81},,,,,,,,,,,{23},
EN300-37289197,A543,1,,,,,,,,,,,,,,,{23},
EN300-53434261,A543,1,,,,,,,,,,,,,,,{23},
EN300-19203585,"A468,A543",2,,,,{78},,,,,,,,,,,{23},
EN300-1893979,"A468,A543",2,,,,{81},,,,,,,,,,,{23},
EN300-53864534,"A468,A538,A543",3,,,,{79},,,,,,{81},,,,,{23},
EN300-202955,"A468,A543",2,,,,{75},,,,,,,,,,,{23},
EN300-7430182,"A468,A543",2,,,,{83},,,,,,,,,,,{23},
EN300-306224,"A468,A543",2,,,,{81},,,,,,,,,,,{23},
EN300-53962248,"A468,A543",2,,,,{78},,,,,,,,,,,{23},
EN300-330381,"A468,A543",2,,,,{74},,,,,,,,,,,{23},
EN300-53865464,"A468,A543",2,,,,{77},,,,,,,,,,,{23},
EN300-53963238,"A468,A543",2,,,,{77},,,,,,,,,,,{23},
EN300-1989837,"A468,A543",2,,,,{76},,,,,,,,,,,{23},
EN300-4096004,A543,1,,,,,,,,,,,,,,,{23},
EN300-680536,"A468,A543",2,,,,{80},,,,,,,,,,,{23},
EN300-53434677,"A468,A543",2,,,,{86},,,,,,,,,,,{23},
EN300-7761558,"A468,A543",2,,,,{74},,,,,,,,,,,{23},
EN300-28221945,"A468,A543",2,,,,{87},,,,,,,,,,,{23},
EN300-746616,"A468,A543",2,,,,{78},,,,,,,,,,,{23},
EN300-52787779,"A468,A543",2,,,,{76},,,,,,,,,,,{23},
EN300-52747977,"A468,A543",2,,,,{78},,,,,,,,,,,{23},
EN300-53866372,"A468,A543",2,,,,{86},,,,,,,,,,,{23},
EN300-7359830,"A468,A543",2,,,,{81},,,,,,,,,,,{23},
EN300-27722091,"A468,A543",2,,,,{79},,,,,,,,,,,{23},
EN300-53434896,"A468,A543",2,,,,{88},,,,,,,,,,,{23},
EN300-53961877,"A468,A543",2,,,,{77},,,,,,,,,,,{23},
EN300-51743823,"A468,A543",2,,,,{79},,,,,,,,,,,{23},
EN300-227176,A543,1,,,,,,,,,,,,,,,{23},
EN300-7445864,"A468,A543",2,,,,{84},,,,,,,,,,,{23},
EN300-52353420,"A468,A543",2,,,,{79},,,,,,,,,,,{23},
EN300-12714315,"A468,A543",2,,,,{77},,,,,,,,,,,{23},
EN300-52362624,"A468,A543",2,,,,{73},,,,,,,,,,,{23},
EN300-6490940,"A468,A543",2,,,,{74},,,,,,,,,,,{23},
EN300-52963507,A543,1,,,,,,,,,,,,,,,{23},
EN300-53866339,A543,1,,,,,,,,,,,,,,,{23},
EN300-6498600,"A468,A543",2,,,,{74},,,,,,,,,,,{23},
EN300-28262746,"A467,A468,A543",3,{38},,,{87},,,,,,,,,,,{23},
EN300-7865929,"A468,A543",2,,,,{79},,,,,,,,,,,{23},
EN300-229535,"A468,A543",2,,,,{83},,,,,,,,,,,{23},
EN300-229503,"A468,A543",2,,,,{79},,,,,,,,,,,{23},
EN300-5104033,"A468,A543",2,,,,{80},,,,,,,,,,,{23},
EN300-22108065,"A467,A533,A543",3,{37},{80},,,,{77},,,,,,,,,{23},
EN300-51746009,"A468,A543",2,,,,{84},,,,,,,,,,,{23},
EN300-45863632,"A467,A468,A543",3,,{77},,{77},,,,,,,,,,,{23},
EN300-53437242,"A468,A543",2,,,,{77},,,,,,,,,,,{23},
EN300-28234086,"A468,A543",2,,,,{80},,,,,,,,,,,{23},
EN300-7991421,A543,1,,,,,,,,,,,,,,,{23},
EN300-39879424,"A468,A543",2,,,,{78},,,,,,,,,,,{23},
EN300-248040,"A468,A543",2,,,,{93},,,,,,,,,,,{23},
EN300-37289633,"A468,A543",2,,,,{79},,,,,,,,,,,{23},
EN300-1697456,"A468,A543",2,,,,{82},,,,,,,,,,,{23},
EN300-39913273,"A468,A543",2,,,,{80},,,,,,,,,,,{23},
EN300-37288673,A543,1,,,,,,,,,,,,,,,{23},
EN300-51851117,"A468,A543",2,,,,{77},,,,,,,,,,,{23},
EN300-45485829,"A468,A543",2,,,,{80},,,,,,,,,,,{23},
EN300-31727,"A468,A543",2,,,,{81},,,,,,,,,,,{23},
EN300-200296,"A468,A543",2,,,,{74},,,,,,,,,,,{23},
EN300-7536831,"A468,A543",2,,,,{83},,,,,,,,,,,{23},
EN300-51995507,"A468,A543",2,,,,{83},,,,,,,,,,,{23},
EN300-6746103,A543,1,,,,,,,,,,,,,,,{23},
EN300-52534421,A543,1,,,,,,,,,,,,,,,{23},
EN300-95961,"A468,A543",2,,,,{86},,,,,,,,,,,{23},
EN300-53864475,"A468,A543",2,,,,{77},,,,,,,,,,,{23},
EN300-27160230,"A468,A543",2,,,,{86},,,,,,,,,,,{23},
EN300-7406978,"A468,A543",2,,,,{74},,,,,,,,,,,{23},
EN300-2106777,"A467,A468,A543",3,,{75},,{74},,,,,,,,,,,{23},
EN300-7473228,A543,1,,,,,,,,,,,,,,,{23},
EN300-53961429,"A468,A543",2,,,,{79},,,,,,,,,,,{23},
EN300-53844848,A543,1,,,,,,,,,,,,,,,{23},
EN300-2958982,"A468,A543",2,,,,{77},,,,,,,,,,,{23},
EN300-18977714,A543,1,,,,,,,,,,,,,,,{23},
EN300-53449381,"A468,A543",2,,,,{76},,,,,,,,,,,{23},
EN300-1072837,"A468,A543",2,,,,{73},,,,,,,,,,,{23},
EN300-703022,"A468,A543",2,,,,{75},,,,,,,,,,,{23},
EN300-53418471,"A468,A543",2,,,,{77},,,,,,,,,,,{23},
EN300-719168,"A468,A543",2,,,,{79},,,,,,,,,,,{23},
EN300-53839095,"A468,A543",2,,,,{77},,,,,,,,,,,{23},
EN300-53417406,A543,1,,,,,,,,,,,,,,,{23},
EN300-53841183,A543,1,,,,,,,,,,,,,,,{23},
EN300-28233827,"A468,A543",2,,,,{75},,,,,,,,,,,{23},
EN300-333155,"A468,A543",2,,,,{82},,,,,,,,,,,{23},
EN300-53452187,"A468,A543",2,,,,{77},,,,,,,,,,,{23},
EN300-28296294,"A468,A543",2,,,,{74},,,,,,,,,,,{23},
EN300-1073079,"A468,A543",2,,,,{75},,,,,,,,,,,{23},
EN300-1073075,"A468,A543",2,,,,{75},,,,,,,,,,,{23},
EN300-23904545,"A467,A468,A543",3,,{73},,{72},,,,,,,,,,,{23},
EN300-204196,"A468,A543",2,,,,{75},,,,,,,,,,,{23},
EN300-1240574,"A468,A543",2,,,,{75},,,,,,,,,,,{23},
EN300-240151,"A468,A543",2,,,,{79},,,,,,,,,,,{23},
EN300-52409454,"A468,A543",2,,,,{75},,,,,,,,,,,{23},
EN300-52600414,"A468,A543",2,,,,{92},,,,,,,,,,,{23},
EN300-53435780,"A468,A543",2,,,,{75},,,,,,,,,,,{23},
EN300-7465674,"A468,A543",2,,,,{71},,,,,,,,,,,{23},
EN300-52473938,"A468,A543",2,,,,{107},,,,,,,,,,,{23},
EN300-51663894,"A468,A543",2,,,,{75},,,,,,,,,,,{23},
EN300-18991307,"A468,A543",2,,,,{77},,,,,,,,,,,{23},
EN300-123297,"A468,A543",2,,,,{75},,,,,,,,,,,{23},
EN300-193416,"A468,A543",2,,,,{74},,,,,,,,,,,{23},
EN300-7538778,"A468,A543",2,,,,{77},,,,,,,,,,,{23},
EN300-53963134,"A468,A543",2,,,,{77},,,,,,,,,,,{23},
EN300-53417182,A543,1,,,,,,,,,,,,,,,{23},
EN300-53446112,"A468,A543",2,,,,{85},,,,,,,,,,,{23},
EN300-352277,"A468,A543",2,,,,{82},,,,,,,,,,,{23},
EN300-22888914,"A467,A543",2,,{87},,,,,,,,,,,,,{23},
EN300-36611,"A468,A543",2,,,,{80},,,,,,,,,,,{23},
EN300-7389544,"A468,A543",2,,,,{76},,,,,,,,,,,{23},
EN300-37094406,"A468,A543",2,,,,{74},,,,,,,,,,,{23},
EN300-43379668,A543,1,,,,,,,,,,,,,,,{23},
EN300-51663739,"A468,A543",2,,,,{79},,,,,,,,,,,{23},
EN300-52694555,"A468,A543",2,,,,{79},,,,,,,,,,,{23},
EN300-105373,"A468,A543",2,,,,{78},,,,,,,,,,,{23},
EN300-1930577,"A468,A543",2,,,,{78},,,,,,,,,,,{23},
EN300-7425991,"A468,A543",2,,,,{76},,,,,,,,,,,{23},
EN300-7932472,"A468,A543",2,,,,{79},,,,,,,,,,,{23},
EN300-7356771,"A468,A543",2,,,,{76},,,,,,,,,,,{23},
EN300-8261780,"A468,A543",2,,,,{76},,,,,,,,,,,{23},
EN300-30899,"A468,A543",2,,,,{75},,,,,,,,,,,{23},
EN300-250127,"A468,A543",2,,,,{75},,,,,,,,,,,{23},
EN300-228392,"A467,A468,A543",3,{44},,,{86},,,,,,,,,,,{23},
EN300-282902,A543,1,,,,,,,,,,,,,,,{23},
EN300-1915682,"A468,A543",2,,,,{78},,,,,,,,,,,{23},
EN300-3561803,"A468,A543",2,,,,{78},,,,,,,,,,,{23},
EN300-1073075,"A468,A543",2,,,,{75},,,,,,,,,,,{23},
EN300-6488626,"A468,A543",2,,,,{81},,,,,,,,,,,{23},
EN300-6739292,"A468,A543",2,,,,{75},,,,,,,,,,,{23},
EN300-93283,A543,1,,,,,,,,,,,,,,,{23},
EN300-53963203,"A468,A543",2,,,,{78},,,,,,,,,,,{23},
EN300-53426354,"A468,A543",2,,,,{78},,,,,,,,,,,{23},
EN300-51745076,"A468,A543",2,,,,{78},,,,,,,,,,,{23},
EN300-6833423,"A468,A543",2,,,,{80},,,,,,,,,,,{23},
EN300-22300475,"A468,A543",2,,,,{75},,,,,,,,,,,{23},
EN300-6751024,"A468,A543",2,,,,{73},,,,,,,,,,,{23},
EN300-4800877,"A468,A543",2,,,,{82},,,,,,,,,,,{23},
EN300-7793503,"A468,A543",2,,,,{75},,,,,,,,,,,{23},
EN300-22032958,"A468,A543",2,,,,{75},,,,,,,,,,,{23},
EN300-39926632,"A468,A543",2,,,,{76},,,,,,,,,,,{23},
EN300-247475,A543,1,,,,,,,,,,,,,,,{23},
EN300-06251,A543,1,,,,,,,,,,,,,,,{23},
EN300-27734105,"A468,A543",2,,,,{80},,,,,,,,,,,{23},
EN300-52462410,"A468,A543",2,,,,{75},,,,,,,,,,,{23},
EN300-229566,"A468,A543",2,,,,{87},,,,,,,,,,,{23},
EN300-215654,"A467,A468,A543",3,,{76},,{76},,,,,,,,,,,{23},
EN300-6190288,"A468,A543",2,,,,{78},,,,,,,,,,,{23},
EN300-51745915,"A468,A543",2,,,,{77},,,,,,,,,,,{23},
EN300-53287210,"A468,A543",2,,,,{74},,,,,,,,,,,{23},
EN300-53866265,"A468,A543",2,,,,{80},,,,,,,,,,,{23},
EN300-45036,"A468,A543",2,,,,{79},,,,,,,,,,,{23},
EN300-702710,A543,1,,,,,,,,,,,,,,,{23},
EN300-38798911,"A468,A543",2,,,,{89},,,,,,,,,,,{23},
EN300-52361661,"A468,A543",2,,,,{78},,,,,,,,,,,{23},
EN300-126252,"A468,A543",2,,,,{84},,,,,,,,,,,{23},
EN300-1301260,A543,1,,,,,,,,,,,,,,,{23},
EN300-1117685,"A468,A543",2,,,,{74},,,,,,,,,,,{23},
EN300-53448098,"A536,A543",2,,,,,,,,,,,{46},,,,{23},
EN300-52994223,"A468,A543",2,,,,{76},,,,,,,,,,,{23},
EN300-53165418,"A468,A543",2,,,,{83},,,,,,,,,,,{23},
EN300-203878,"A468,A543",2,,,,{75},,,,,,,,,,,{23},
EN300-39852313,"A468,A543",2,,,,{73},,,,,,,,,,,{23},
EN300-47321355,"A468,A543",2,,,,{80},,,,,,,,,,,{23},
EN300-53445084,"A468,A543",2,,,,{79},,,,,,,,,,,{23},
EN300-45235166,"A468,A538,A543",3,,,,{74},,,,,,{77},,,,,{23},
EN300-5084190,"A467,A468,A543",3,,{80},,{79},,,,,,,,,,,{23},
EN300-228392,"A468,A543",2,,,,{84},,,,,,,,,,,{23},
EN300-45150842,A543,1,,,,,,,,,,,,,,,{23},
EN300-39854978,A543,1,,,,,,,,,,,,,,,{23},
EN300-53865732,"A468,A543",2,,,,{78},,,,,,,,,,,{23},
EN300-6489730,"A468,A543",2,,,,{76},,,,,,,,,,,{23},
EN300-53449922,A543,1,,,,,,,,,,,,,,,{23},
EN300-45688642,"A467,A468,A543",3,,{73},,{74},,,,,,,,,,,{23},
EN300-125904,"A468,A543",2,,,,{76},,,,,,,,,,,{23},
EN300-1721411,"A468,A543",2,,,,{83},,,,,,,,,,,{23},
EN300-18092974,"A468,A543",2,,,,{81},,,,,,,,,,,{23},
EN300-46611321,"A468,A543",2,,,,{76},,,,,,,,,,,{23},
EN300-53437516,"A468,A543",2,,,,{79},,,,,,,,,,,{23},
EN300-7702134,A543,1,,,,,,,,,,,,,,,{23},
EN300-53447403,"A468,A538,A543",3,,,,{84},,,,,,{77},,,,,{23},
EN300-223735,"A468,A543",2,,,,{72},,,,,,,,,,,{23},
EN300-37374617,"A468,A543",2,,,,{79},,,,,,,,,,,{23},
EN300-2936296,"A467,A468,A543",3,,{79},,{79},,,,,,,,,,,{23},
EN300-271635,"A468,A543",2,,,,{81},,,,,,,,,,,{23},
EN300-20998520,"A467,A543",2,,{81},,,,,,,,,,,,,{23},
EN300-33133413,"A468,A543",2,,,,{81},,,,,,,,,,,{23},
EN300-28247453,"A468,A543",2,,,,{83},,,,,,,,,,,{23},
EN300-139266,"A468,A543",2,,,,{77},,,,,,,,,,,{23},
EN300-208882,"A468,A543",2,,,,{73},,,,,,,,,,,{23},
EN300-15189,"A468,A543",2,,,,{72},,,,,,,,,,,{23},
EN300-3037698,"A468,A543",2,,,,{84},,,,,,,,,,,{23},
EN300-51743276,"A468,A536,A543",3,,,,{79},,,,,,,{48},,,,{23},
EN300-1617671,"A468,A543",2,,,,{75},,,,,,,,,,,{23},
EN300-53961245,"A468,A543",2,,,,{78},,,,,,,,,,,{23},
EN300-22127888,"A468,A543",2,,,,{76},,,,,,,,,,,{23},
EN300-51880424,"A468,A543",2,,,,{80},,,,,,,,,,,{23},
EN300-27148355,A543,1,,,,,,,,,,,,,,,{23},
EN300-52512168,"A468,A543",2,,,,{81},,,,,,,,,,,{23},
EN300-51753823,"A468,A543",2,,,,{86},,,,,,,,,,,{23},
EN300-27194292,A543,1,,,,,,,,,,,,,,,{23},
EN300-26572536,"A468,A543",2,,,,{98},,,,,,,,,,,{23},
EN300-1228842,A543,1,,,,,,,,,,,,,,,{23},
EN300-130068,"A468,A543",2,,,,{76},,,,,,,,,,,{23},
EN300-814093,A543,1,,,,,,,,,,,,,,,{23},
EN300-53962093,A543,1,,,,,,,,,,,,,,,{23},
EN300-53421804,A543,1,,,,,,,,,,,,,,,{23},
EN300-33571319,"A468,A543",2,,,,{78},,,,,,,,,,,{23},
EN300-28292765,"A468,A543",2,,,,{75},,,,,,,,,,,{23},
EN300-52220425,"A468,A543",2,,,,{85},,,,,,,,,,,{23},
EN300-370757,"A467,A468,A543",3,,{84},,{84},,,,,,,,,,,{23},
EN300-6947614,"A468,A543",2,,,,{73},,,,,,,,,,,{23},
EN300-6472851,"A468,A543",2,,,,{77},,,,,,,,,,,{23},
EN300-7466392,"A468,A543",2,,,,{77},,,,,,,,,,,{23},
EN300-28254412,"A468,A543",2,,,,{74},,,,,,,,,,,{23},
EN300-52596130,"A468,A543",2,,,,{87},,,,,,,,,,,{23},
EN300-279034,"A468,A543",2,,,,{74},,,,,,,,,,,{23},
EN300-51686070,"A468,A543",2,,,,{74},,,,,,,,,,,{23},
EN300-51890570,"A468,A543",2,,,,{74},,,,,,,,,,,{23},
EN300-1689056,"A468,A543",2,,,,{74},,,,,,,,,,,{23},
EN300-718702,"A468,A543",2,,,,{79},,,,,,,,,,,{23},
EN300-370507,"A468,A543",2,,,,{79},,,,,,,,,,,{23},
EN300-6759096,"A468,A543",2,,,,{82},,,,,,,,,,,{23},
EN300-27702117,"A468,A543",2,,,,{81},,,,,,,,,,,{23},
EN300-370634,"A467,A468,A543",3,,{85},,{85},,,,,,,,,,,{23},
EN300-680539,"A468,A543",2,,,,{80},,,,,,,,,,,{23},
EN300-53512040,"A468,A543",2,,,,{78},,,,,,,,,,,{23},
EN300-222738,"A468,A543",2,,,,{81},,,,,,,,,,,{23},
EN300-12450268,"A468,A543",2,,,,{77},,,,,,,,,,,{23},
EN300-53962464,"A468,A543",2,,,,{80},,,,,,,,,,,{23},
EN300-107558,"A468,A543",2,,,,{73},,,,,,,,,,,{23},
EN300-27739296,"A468,A543",2,,,,{75},,,,,,,,,,,{23},
EN300-1908536,"A468,A543",2,,,,{74},,,,,,,,,,,{23},
EN300-8964941,"A468,A543",2,,,,{78},,,,,,,,,,,{23},
EN300-220193,"A468,A543",2,,,,{72},,,,,,,,,,,{23},
EN300-298041,"A468,A543",2,,,,{75},,,,,,,,,,,{23},
EN300-51763407,"A468,A543",2,,,,{82},,,,,,,,,,,{23},
EN300-7775688,"A468,A543",2,,,,{77},,,,,,,,,,,{23},
EN300-28244630,"A468,A543",2,,,,{77},,,,,,,,,,,{23},
EN300-3552741,"A468,A543",2,,,,{84},,,,,,,,,,,{23},
EN300-159277,"A468,A543",2,,,,{95},,,,,,,,,,,{23},
EN300-396769,A543,1,,,,,,,,,,,,,,,{23},
EN300-249053,"A468,A543",2,,,,{78},,,,,,,,,,,{23},
EN300-54183340,"A468,A543",2,,,,{83},,,,,,,,,,,{23},
EN300-1718712,"A467,A468,A543",3,{43},,,{90},,,,,,,,,,,{23},
EN300-33127161,"A468,A543",2,,,,{79},,,,,,,,,,,{23},
EN300-205871,"A468,A543",2,,,,{73},,,,,,,,,,,{23},
EN300-45227132,"A468,A543",2,,,,{87},,,,,,,,,,,{23},
EN300-874631,"A468,A543",2,,,,{78},,,,,,,,,,,{23},
EN300-51744518,"A467,A468,A543",3,{39},,,{77},,,,,,,,,,,{23},
EN300-6482115,"A468,A543",2,,,,{82},,,,,,,,,,,{23},
EN300-93412,"A468,A543",2,,,,{78},,,,,,,,,,,{23},
EN300-181726,"A468,A543",2,,,,{78},,,,,,,,,,,{23},
EN300-3000425,"A468,A543",2,,,,{81},,,,,,,,,,,{23},
EN300-49889,A543,1,,,,,,,,,,,,,,,{23},
EN300-53288360,A543,1,,,,,,,,,,,,,,,{23},
EN300-53866609,"A468,A543",2,,,,{78},,,,,,,,,,,{23},
EN300-33127853,"A468,A543",2,,,,{74},,,,,,,,,,,{23},
EN300-52949261,"A468,A543",2,,,,{82},,,,,,,,,,,{23},
EN300-7865693,"A468,A543",2,,,,{76},,,,,,,,,,,{23},
EN300-7417778,"A468,A543",2,,,,{77},,,,,,,,,,,{23},
EN300-7544103,"A468,A543",2,,,,{74},,,,,,,,,,,{23},
EN300-1723161,"A467,A543",2,,{79},,,,,,,,,,,,,{23},
EN300-7356481,A543,1,,,,,,,,,,,,,,,{23},
EN300-53447332,"A468,A543",2,,,,{79},,,,,,,,,,,{23},
EN300-1946150,"A468,A543",2,,,,{76},,,,,,,,,,,{23},
EN300-3263871,"A468,A543",2,,,,{72},,,,,,,,,,,{23},
EN300-25977968,"A468,A543",2,,,,{80},,,,,,,,,,,{23},
EN300-53963347,"A468,A543",2,,,,{80},,,,,,,,,,,{23},
EN300-5049199,"A468,A543",2,,,,{81},,,,,,,,,,,{23},
EN300-53449007,"A468,A543",2,,,,{76},,,,,,,,,,,{23},
EN300-52541907,"A468,A543",2,,,,{78},,,,,,,,,,,{23},
EN300-98199,"A468,A543",2,,,,{73},,,,,,,,,,,{23},
EN300-6479026,"A468,A543",2,,,,{74},,,,,,,,,,,{23},
EN300-27685705,"A468,A543",2,,,,{77},,,,,,,,,,,{23},
EN300-7718616,"A468,A543",2,,,,{78},,,,,,,,,,,{23},
EN300-7465230,"A468,A543",2,,,,{84},,,,,,,,,,,{23},
EN300-332104,"A468,A543",2,,,,{76},,,,,,,,,,,{23},
EN300-26979682,"A468,A543",2,,,,{78},,,,,,,,,,,{23},
EN300-6767283,"A467,A468,A543",3,,{78},,{79},,,,,,,,,,,{23},
EN300-345497,"A468,A543",2,,,,{79},,,,,,,,,,,{23},
EN300-6497739,"A468,A543",2,,,,{79},,,,,,,,,,,{23},
EN300-37291038,"A468,A543",2,,,,{79},,,,,,,,,,,{23},
EN300-53961140,"A468,A543",2,,,,{76},,,,,,,,,,,{23},
EN300-213158,"A467,A543",2,,{85},,,,,,,,,,,,,{23},
EN300-9934038,A543,1,,,,,,,,,,,,,,,{23},
EN300-27703381,"A468,A543",2,,,,{85},,,,,,,,,,,{23},
EN300-53963038,"A468,A543",2,,,,{78},,,,,,,,,,,{23},
EN300-371987,"A536,A543",2,,,,,,,,,,,{41},,,,{23},
EN300-28299508,"A468,A543",2,,,,{78},,,,,,,,,,,{23},
EN300-26283196,"A467,A468,A543",3,,{84},,{84},,,,,,,,,,,{23},
EN300-53443842,"A468,A543",2,,,,{81},,,,,,,,,,,{23},
EN300-60632,"A468,A543",2,,,,{82},,,,,,,,,,,{23},
EN300-643071,A543,1,,,,,,,,,,,,,,,{23},
EN300-53435683,"A468,A543",2,,,,{76},,,,,,,,,,,{23},
EN300-53962078,"A468,A543",2,,,,{79},,,,,,,,,,,{23},
EN300-18400004,A543,1,,,,,,,,,,,,,,,{23},
EN300-51748908,"A468,A543",2,,,,{85},,,,,,,,,,,{23},
EN300-221085,"A468,A543",2,,,,{75},,,,,,,,,,,{23},
EN300-227538,"A468,A543",2,,,,{78},,,,,,,,,,,{23},
EN300-53963132,"A468,A543",2,,,,{77},,,,,,,,,,,{23},
EN300-37384935,"A468,A543",2,,,,{82},,,,,,,,,,,{23},
EN300-53832945,"A468,A543",2,,,,{79},,,,,,,,,,,{23},
EN300-100966,"A468,A473,A543",3,,,,{77},,,,{78},,,,,,,{23},
EN300-8047140,"A468,A543",2,,,,{85},,,,,,,,,,,{23},
EN300-39669018,"A468,A543",2,,,,{84},,,,,,,,,,,{23},
EN300-101089,"A468,A543",2,,,,{79},,,,,,,,,,,{23},
EN300-7424819,"A468,A473,A543",3,,,,{73},,,,{77},,,,,,,{23},
EN300-53447746,"A468,A543",2,,,,{80},,,,,,,,,,,{23},
EN300-46196678,"A468,A543",2,,,,{78},,,,,,,,,,,{23},
EN300-313932,"A468,A543",2,,,,{71},,,,,,,,,,,{23},
EN300-51689946,"A468,A543",2,,,,{76},,,,,,,,,,,{23},
EN300-53962151,"A468,A543",2,,,,{79},,,,,,,,,,,{23},
EN300-53449608,"A468,A543",2,,,,{81},,,,,,,,,,,{23},
EN300-127793,"A468,A543",2,,,,{76},,,,,,,,,,,{23},
EN300-7432603,"A468,A543",2,,,,{76},,,,,,,,,,,{23},
EN300-35553,A543,1,,,,,,,,,,,,,,,{23},
EN300-53449417,A543,1,,,,,,,,,,,,,,,{23},
EN300-647070,"A468,A543",2,,,,{78},,,,,,,,,,,{23},
EN300-1895432,"A468,A543",2,,,,{75},,,,,,,,,,,{23},
EN300-5234684,"A468,A543",2,,,,{74},,,,,,,,,,,{23},
EN300-53835113,"A468,A543",2,,,,{79},,,,,,,,,,,{23},
EN300-53961878,"A468,A543",2,,,,{76},,,,,,,,,,,{23},
EN300-8317946,"A468,A543",2,,,,{79},,,,,,,,,,,{23},
EN300-223688,"A467,A543",2,,{80},,,,,,,,,,,,,{23},
EN300-120859,"A468,A543",2,,,,{70},,,,,,,,,,,{23},
EN300-12719041,"A468,A543",2,,,,{75},,,,,,,,,,,{23},
EN300-3356983,"A468,A543",2,,,,{73},,,,,,,,,,,{23},
EN300-131312,"A468,A543",2,,,,{77},,,,,,,,,,,{23},
EN300-66858,"A468,A543",2,,,,{77},,,,,,,,,,,{23},
EN300-1913200,"A468,A543",2,,,,{93},,,,,,,,,,,{23},
EN300-139979,"A468,A543",2,,,,{77},,,,,,,,,,,{23},
EN300-53962219,"A468,A543",2,,,,{76},,,,,,,,,,,{23},
EN300-1653595,"A468,A543",2,,,,{71},,,,,,,,,,,{23},
EN300-52489481,"A468,A543",2,,,,{74},,,,,,,,,,,{23},
EN300-2010259,A543,1,,,,,,,,,,,,,,,{23},
EN300-6495980,"A468,A543",2,,,,{76},,,,,,,,,,,{23},
EN300-1260949,"A468,A543",2,,,,{80},,,,,,,,,,,{23},
EN300-306224,"A468,A543",2,,,,{81},,,,,,,,,,,{23},
EN300-26572500,"A468,A543",2,,,,{96},,,,,,,,,,,{23},
EN300-22980838,"A467,A468,A543",3,,{77},,{77},,,,,,,,,,,{23},
EN300-33210,"A467,A468,A543",3,,{77},,{77},,,,,,,,,,,{23},
EN300-1945871,"A468,A543",2,,,,{77},,,,,,,,,,,{23},
EN300-1478769,"A468,A543",2,,,,{85},,,,,,,,,,,{23},
EN300-43476497,"A468,A538,A543",3,,,,{95},,,,,,{84},,,,,{23},
EN300-28228059,A543,1,,,,,,,,,,,,,,,{23},
EN300-53605874,"A468,A473,A543",3,,,,{74},,,,{73},,,,,,,{23},
EN300-23617062,"A468,A543",2,,,,{79},,,,,,,,,,,{23},
EN300-3536564,"A467,A543",2,,{77},,,,,,,,,,,,,{23},
EN300-51744528,"A468,A543",2,,,,{79},,,,,,,,,,,{23},
EN300-46737228,"A468,A543",2,,,,{81},,,,,,,,,,,{23},
EN300-7426457,"A468,A543",2,,,,{78},,,,,,,,,,,{23},
EN300-26674088,A543,1,,,,,,,,,,,,,,,{23},
EN300-248040,"A468,A543",2,,,,{90},,,,,,,,,,,{23},
EN300-52062958,"A468,A543",2,,,,{83},,,,,,,,,,,{23},
EN300-205620,"A468,A543",2,,,,{79},,,,,,,,,,,{23},
EN300-33220982,"A468,A543",2,,,,{77},,,,,,,,,,,{23},
EN300-6734078,A543,1,,,,,,,,,,,,,,,{23},
EN300-7066687,"A468,A543",2,,,,{73},,,,,,,,,,,{23},
EN300-1256227,"A468,A543",2,,,,{80},,,,,,,,,,,{23},
EN300-129383,"A468,A543",2,,,,{73},,,,,,,,,,,{23},
EN300-1709230,"A468,A543",2,,,,{74},,,,,,,,,,,{23},
EN300-37287086,"A468,A543",2,,,,{76},,,,,,,,,,,{23},
EN300-37353943,"A468,A543",2,,,,{75},,,,,,,,,,,{23},
EN300-53121218,"A468,A543",2,,,,{78},,,,,,,,,,,{23},
EN300-1074172,"A468,A543",2,,,,{78},,,,,,,,,,,{23},
EN300-05210,"A467,A468,A543",3,,{74},,{75},,,,,,,,,,,{23},
EN300-26199898,"A468,A543",2,,,,{75},,,,,,,,,,,{23},
EN300-7866014,"A468,A543",2,,,,{75},,,,,,,,,,,{23},
EN300-43356454,"A468,A543",2,,,,{83},,,,,,,,,,,{23},
EN300-53448937,"A468,A543",2,,,,{79},,,,,,,,,,,{23},
EN300-1703566,"A468,A543",2,,,,{76},,,,,,,,,,,{23},
EN300-717689,"A468,A543",2,,,,{76},,,,,,,,,,,{23},
EN300-46967883,"A468,A543",2,,,,{77},,,,,,,,,,,{23},
EN300-53449114,"A468,A543",2,,,,{77},,,,,,,,,,,{23},
EN300-53840162,"A468,A543",2,,,,{94},,,,,,,,,,,{23},
EN300-51745098,"A468,A543",2,,,,{79},,,,,,,,,,,{23},
EN300-261595,"A468,A543",2,,,,{83},,,,,,,,,,,{23},
EN300-53448091,"A467,A543",2,,{83},,,,,,,,,,,,,{23},
EN300-22976211,"A468,A543",2,,,,{84},,,,,,,,,,,{23},
EN300-37283896,"A468,A543",2,,,,{75},,,,,,,,,,,{23},
EN300-53865675,A543,1,,,,,,,,,,,,,,,{23},
EN300-53958412,"A468,A543",2,,,,{75},,,,,,,,,,,{23},
EN300-717572,"A468,A543",2,,,,{82},,,,,,,,,,,{23},
EN300-28256399,"A468,A543",2,,,,{85},,,,,,,,,,,{23},
EN300-28229042,"A468,A543",2,,,,"{82, 77}",,,,,,,,,,,{23},
EN300-37109123,"A468,A543",2,,,,{80},,,,,,,,,,,{23},
EN300-53605874,"A468,A543",2,,,,{74},,,,,,,,,,,{23},
EN300-120351,"A468,A543",2,,,,{77},,,,,,,,,,,{23},
EN300-7923007,"A468,A543",2,,,,{78},,,,,,,,,,,{23},
EN300-7446508,"A468,A543",2,,,,{78},,,,,,,,,,,{23},
EN300-51794577,"A468,A543",2,,,,{94},,,,,,,,,,,{23},
EN300-37451134,"A468,A543",2,,,,{74},,,,,,,,,,,{23},
EN300-53417515,A543,1,,,,,,,,,,,,,,,{23},
EN300-90210,"A468,A543",2,,,,{75},,,,,,,,,,,{23},
EN300-7833799,A543,1,,,,,,,,,,,,,,,{23},
EN300-33447,"A468,A543",2,,,,{77},,,,,,,,,,,{23},
EN300-46902659,"A468,A543",2,,,,{87},,,,,,,,,,,{23},
EN300-7343765,"A468,A543",2,,,,{78},,,,,,,,,,,{23},
EN300-27106066,"A468,A543",2,,,,{72},,,,,,,,,,,{23},
EN300-53283755,"A468,A543",2,,,,{79},,,,,,,,,,,{23},
EN300-45671777,"A468,A543",2,,,,{81},,,,,,,,,,,{23},
EN300-221754,"A468,A543",2,,,,{82},,,,,,,,,,,{23},
EN300-52754720,"A468,A543",2,,,,{78},,,,,,,,,,,{23},
EN300-126677,"A468,A543",2,,,,{75},,,,,,,,,,,{23},
EN300-680543,"A468,A543",2,,,,{80},,,,,,,,,,,{23},
EN300-53719402,"A468,A543",2,,,,{84},,,,,,,,,,,{23},
EN300-22259609,"A468,A543",2,,,,{78},,,,,,,,,,,{23},
EN300-119394,"A468,A543",2,,,,{72},,,,,,,,,,,{23},
EN300-7704723,"A468,A473,A543",3,,,,{79},,,,{80},,,,,,,{23},
EN300-53963356,"A468,A543",2,,,,"{80, 78}",,,,,,,,,,,{23},
EN300-51745930,A543,1,,,,,,,,,,,,,,,{23},
EN300-45603175,"A468,A543",2,,,,{74},,,,,,,,,,,{23},
EN300-52955595,A543,1,,,,,,,,,,,,,,,{23},
EN300-43393170,"A468,A543",2,,,,{81},,,,,,,,,,,{23},
EN300-19198203,"A468,A543",2,,,,{82},,,,,,,,,,,{23},
EN300-1912459,"A468,A543",2,,,,{85},,,,,,,,,,,{23},
EN300-343876,"A468,A543",2,,,,{82},,,,,,,,,,,{23},
EN300-168548,"A468,A543",2,,,,{85},,,,,,,,,,,{23},
EN300-61687,"A468,A543",2,,,,{90},,,,,,,,,,,{23},
EN300-46581753,A543,1,,,,,,,,,,,,,,,{23},
EN300-1147200,"A468,A543",2,,,,{75},,,,,,,,,,,{23},
EN300-52471952,"A468,A543",2,,,,{83},,,,,,,,,,,{23},
EN300-7353327,"A468,A543",2,,,,{83},,,,,,,,,,,{23},
EN300-25398173,"A468,A543",2,,,,{76},,,,,,,,,,,{23},
EN300-388227,A543,1,,,,,,,,,,,,,,,{23},
EN300-7456853,"A468,A543",2,,,,{78},,,,,,,,,,,{23},
EN300-317810,"A468,A543",2,,,,{84},,,,,,,,,,,{23},
EN300-28303684,"A467,A468,A543",3,,{73},,{74},,,,,,,,,,,{23},
EN300-53285123,"A468,A543",2,,,,{83},,,,,,,,,,,{23},
EN300-53430282,"A467,A543",2,,{86},,,,,,,,,,,,,{23},
EN300-6520205,"A468,A543",2,,,,{80},,,,,,,,,,,{23},
EN300-53866131,"A468,A543",2,,,,{81},,,,,,,,,,,{23},
EN300-51798498,"A468,A543",2,,,,{82},,,,,,,,,,,{23},
EN300-37288276,"A468,A543",2,,,,{78},,,,,,,,,,,{23},
EN300-19081737,"A468,A543",2,,,,{74},,,,,,,,,,,{23},
EN300-624145,"A468,A543",2,,,,{75},,,,,,,,,,,{23},
EN300-46742620,"A468,A543",2,,,,{76},,,,,,,,,,,{23},
EN300-46878527,"A467,A468,A543",3,,{75},,{74},,,,,,,,,,,{23},
EN300-7491870,"A468,A543",2,,,,{80},,,,,,,,,,,{23},
EN300-28331980,"A467,A468,A543",3,{39},{75},,{76},,,,,,,,,,,{23},
EN300-28333901,"A467,A468,A543",3,{39},{75},,{76},,,,,,,,,,,{23},
EN300-53963792,"A468,A543",2,,,,{79},,,,,,,,,,,{23},
EN300-53449382,"A468,A543",2,,,,{80},,,,,,,,,,,{23},
EN300-53163990,"A468,A543",2,,,,{74},,,,,,,,,,,{23},
EN300-7721349,"A468,A543",2,,,,{74},,,,,,,,,,,{23},
EN300-106529,"A468,A543",2,,,,{83},,,,,,,,,,,{23},
EN300-52302962,"A468,A543",2,,,,{85},,,,,,,,,,,{23},
EN300-200384,"A468,A543",2,,,,{71},,,,,,,,,,,{23},
EN300-1897677,"A468,A543",2,,,,{81},,,,,,,,,,,{23},
EN300-7447067,A543,1,,,,,,,,,,,,,,,{23},
EN300-107394,"A468,A543",2,,,,{74},,,,,,,,,,,{23},
EN300-1168646,"A468,A543",2,,,,{72},,,,,,,,,,,{23},
EN300-7096195,"A468,A543",2,,,,{77},,,,,,,,,,,{23},
EN300-25371921,"A468,A543",2,,,,{80},,,,,,,,,,,{23},
EN300-7682731,"A468,A543",2,,,,{77},,,,,,,,,,,{23},
EN300-53832404,"A468,A543",2,,,,{82},,,,,,,,,,,{23},
EN300-53962413,"A468,A543",2,,,,{77},,,,,,,,,,,{23},
EN300-705997,"A467,A468,A543",3,,{73},,{74},,,,,,,,,,,{23},
EN300-1895868,"A468,A543",2,,,,{78},,,,,,,,,,,{23},
EN300-53864517,A543,1,,,,,,,,,,,,,,,{23},
EN300-43476497,"A468,A538,A543",3,,,,{95},,,,,,{84},,,,,{23},
EN300-7406499,"A468,A543",2,,,,{75},,,,,,,,,,,{23},
EN300-39669287,"A468,A543",2,,,,{80},,,,,,,,,,,{23},
EN300-53432901,"A468,A543",2,,,,{82},,,,,,,,,,,{23},
EN300-189636,"A468,A543",2,,,,{89},,,,,,,,,,,{23},
EN300-37459197,"A468,A543",2,,,,{79},,,,,,,,,,,{23},
EN300-23002589,"A468,A543",2,,,,{76},,,,,,,,,,,{23},
EN300-45984945,A543,1,,,,,,,,,,,,,,,{23},
EN300-717531,"A468,A543",2,,,,{77},,,,,,,,,,,{23},
EN300-53832541,"A467,A468,A543",3,{43},,,{81},,,,,,,,,,,{23},
EN300-23681,"A468,A543",2,,,,{80},,,,,,,,,,,{23},
EN300-53449607,"A468,A543",2,,,,{77},,,,,,,,,,,{23},
EN300-6186288,"A468,A543",2,,,,{79},,,,,,,,,,,{23},
EN300-53492286,"A468,A543",2,,,,{75},,,,,,,,,,,{23},
EN300-8260067,"A468,A543",2,,,,{76},,,,,,,,,,,{23},
EN300-52512167,A543,1,,,,,,,,,,,,,,,{23},
EN300-53864279,"A468,A543",2,,,,{84},,,,,,,,,,,{23},
EN300-53290721,"A468,A543",2,,,,{77},,,,,,,,,,,{23},
EN300-102936,"A468,A543",2,,,,{72},,,,,,,,,,,{23},
EN300-39168,"A468,A543",2,,,,{86},,,,,,,,,,,{23},
EN300-1697758,"A468,A543",2,,,,{86},,,,,,,,,,,{23},
EN300-70717,"A468,A543",2,,,,{78},,,,,,,,,,,{23},
EN300-48272577,"A468,A543",2,,,,{86},,,,,,,,,,,{23},
EN300-19625190,"A468,A543",2,,,,{77},,,,,,,,,,,{23},
EN300-195354,"A468,A543",2,,,,{86},,,,,,,,,,,{23},
EN300-53448381,"A468,A543",2,,,,{75},,,,,,,,,,,{23},
EN300-138560,"A468,A543",2,,,,"{84, 85}",,,,,,,,,,,{23},
EN300-6193628,"A468,A543",2,,,,{73},,,,,,,,,,,{23},
EN300-47291572,"A468,A543",2,,,,{82},,,,,,,,,,,{23},
EN300-53440463,"A468,A543",2,,,,{75},,,,,,,,,,,{23},
EN300-872838,"A468,A543",2,,,,{78},,,,,,,,,,,{23},
EN300-3532497,"A468,A543",2,,,,{73},,,,,,,,,,,{23},
EN300-37289191,"A468,A543",2,,,,{78},,,,,,,,,,,{23},
EN300-246910,"A468,A543",2,,,,{77},,,,,,,,,,,{23},
EN300-6734076,"A468,A543",2,,,,{75},,,,,,,,,,,{23},
EN300-7535027,"A468,A543",2,,,,{76},,,,,,,,,,,{23},
EN300-23918916,"A468,A543",2,,,,{76},,,,,,,,,,,{23},
EN300-53435860,"A468,A543",2,,,,{79},,,,,,,,,,,{23},
EN300-1910225,"A468,A543",2,,,,{78},,,,,,,,,,,{23},
EN300-53510892,"A467,A468,A543",3,,{79},,{79},,,,,,,,,,,{23},
EN300-53963230,A543,1,,,,,,,,,,,,,,,{23},
EN300-53846460,"A468,A543",2,,,,{78},,,,,,,,,,,{23},
EN300-263460,"A468,A543",2,,,,{73},,,,,,,,,,,{23},
EN300-244880,"A468,A543",2,,,,{75},,,,,,,,,,,{23},
EN300-53410359,"A468,A543",2,,,,{83},,,,,,,,,,,{23},
EN300-22139918,"A468,A543",2,,,,{76},,,,,,,,,,,{23},
EN300-53119724,"A468,A543",2,,,,{75},,,,,,,,,,,{23},
EN300-90267,A543,1,,,,,,,,,,,,,,,{23},
EN300-53424201,"A468,A543",2,,,,{80},,,,,,,,,,,{23},
EN300-53425809,"A468,A538,A543",3,,,,{86},,,,,,{84},,,,,{23},
EN300-2010588,"A468,A543",2,,,,{76},,,,,,,,,,,{23},
EN300-53605874,"A468,A543",2,,,,{74},,,,,,,,,,,{23},
EN300-1257242,"A468,A543",2,,,,{78},,,,,,,,,,,{23},
EN300-37160520,"A467,A468,A543",3,{36},,,{85},,,,,,,,,,,{23},
EN300-06353,"A468,A473,A543",3,,,,{83},,,,{75},,,,,,,{23},
EN300-3207895,A543,1,,,,,,,,,,,,,,,{23},
EN300-28301218,A543,1,,,,,,,,,,,,,,,{23},
EN300-160289,"A468,A543",2,,,,{74},,,,,,,,,,,{23},
EN300-53435735,A543,1,,,,,,,,,,,,,,,{23},
EN300-132296,"A468,A543",2,,,,{75},,,,,,,,,,,{23},
EN300-45200441,"A468,A543",2,,,,{74},,,,,,,,,,,{23},
EN300-209463,"A468,A543",2,,,,{78},,,,,,,,,,,{23},
EN300-214665,"A468,A543",2,,,,{78},,,,,,,,,,,{23},
EN300-39913931,A543,1,,,,,,,,,,,,,,,{23},
EN300-53867463,"A468,A543",2,,,,{85},,,,,,,,,,,{23},
EN300-1073362,"A468,A543",2,,,,{76},,,,,,,,,,,{23},
EN300-1073073,"A468,A543",2,,,,{76},,,,,,,,,,,{23},
EN300-72277,"A468,A543",2,,,,{75},,,,,,,,,,,{23},
EN300-53864936,"A468,A543",2,,,,{74},,,,,,,,,,,{23},
EN300-112475,"A468,A543",2,,,,{79},,,,,,,,,,,{23},
EN300-53272200,"A468,A543",2,,,,{76},,,,,,,,,,,{23},
EN300-169865,"A468,A543",2,,,,{85},,,,,,,,,,,{23},
EN300-28339657,"A468,A543",2,,,,{80},,,,,,,,,,,{23},
EN300-114984,"A468,A543",2,,,,{73},,,,,,,,,,,{23},
EN300-22806071,A543,1,,,,,,,,,,,,,,,{23},
EN300-159810,"A468,A543",2,,,,{78},,,,,,,,,,,{23},
EN300-37332222,"A468,A543",2,,,,{77},,,,,,,,,,,{23},
EN300-7459334,"A468,A543",2,,,,{73},,,,,,,,,,,{23},
EN300-255824,"A468,A473,A543",3,,,,{78},,,,{75},,,,,,,{23},
EN300-27115290,"A468,A543",2,,,,{74},,,,,,,,,,,{23},
EN300-74357,"A468,A543",2,,,,{77},,,,,,,,,,,{23},
EN300-27779322,"A468,A543",2,,,,{72},,,,,,,,,,,{23},
EN300-28294798,"A468,A543",2,,,,{75},,,,,,,,,,,{23},
EN300-7549595,"A468,A536,A543",3,,,,{84},,,,,,,{35},,,,{23},
EN300-25101325,A543,1,,,,,,,,,,,,,,,{23},
EN300-7355374,"A468,A543",2,,,,{80},,,,,,,,,,,{23},
EN300-53963223,"A468,A543",2,,,,{76},,,,,,,,,,,{23},
EN300-7463481,"A468,A473,A543",3,,,,{81},,,,{79},,,,,,,{23},
EN300-27702567,"A468,A543",2,,,,{74},,,,,,,,,,,{23},
EN300-4978812,"A468,A543",2,,,,{74},,,,,,,,,,,{23},
EN300-20878416,"A468,A543",2,,,,{81},,,,,,,,,,,{23},
EN300-53550008,A543,1,,,,,,,,,,,,,,,{23},
EN300-45479766,"A468,A543",2,,,,{76},,,,,,,,,,,{23},
EN300-52268553,"A468,A543",2,,,,{79},,,,,,,,,,,{23},
EN300-53960243,"A468,A543",2,,,,{74},,,,,,,,,,,{23},
EN300-1887084,"A468,A543",2,,,,{75},,,,,,,,,,,{23},
EN300-6190288,"A468,A543",2,,,,{78},,,,,,,,,,,{23},
EN300-53445142,A543,1,,,,,,,,,,,,,,,{23},
EN300-8167173,"A468,A543",2,,,,{76},,,,,,,,,,,{23},
EN300-53289622,"A467,A468,A543",3,,{76},,{76},,,,,,,,,,,{23},
EN300-1599492,"A468,A543",2,,,,{79},,,,,,,,,,,{23},
EN300-1896520,"A468,A543",2,,,,{77},,,,,,,,,,,{23},
EN300-28244630,"A468,A543",2,,,,{78},,,,,,,,,,,{23},
EN300-698659,A543,1,,,,,,,,,,,,,,,{23},
EN300-53429599,"A468,A543",2,,,,{80},,,,,,,,,,,{23},
EN300-44826175,"A468,A543",2,,,{39},{107},,,,,,,,,,,{23},
EN300-52473938,"A468,A543",2,,,{39},{107},,,,,,,,,,,{23},
EN300-53865765,"A468,A543",2,,,,{74},,,,,,,,,,,{23},
EN300-53963204,"A468,A543",2,,,,{78},,,,,,,,,,,{23},
EN300-45688642,A543,1,,,,,,,,,,,,,,,{23},
EN300-178679,"A468,A543",2,,,,{75},,,,,,,,,,,{23},
EN300-316717,"A468,A543",2,,,,{78},,,,,,,,,,,{23},
EN300-7397679,"A468,A543",2,,,,{79},,,,,,,,,,,{23},
EN300-53448044,"A468,A543",2,,,,{79},,,,,,,,,,,{23},
EN300-53445681,"A468,A543",2,,,,{82},,,,,,,,,,,{23},
EN300-1696643,"A468,A543",2,,,,{77},,,,,,,,,,,{23},
EN300-3269591,"A467,A543",2,{40},,,,,,,,,,,,,,{23},
EN300-28297950,"A468,A543",2,,,,{75},,,,,,,,,,,{23},
EN300-332090,"A468,A543",2,,,,{77},,,,,,,,,,,{23},
EN300-45688516,"A468,A543",2,,,,{75},,,,,,,,,,,{23},
EN300-7935158,"A468,A543",2,,,,{76},,,,,,,,,,,{23},
EN300-37387910,"A468,A543",2,,,,{83},,,,,,,,,,,{23},
EN300-52472177,"A468,A543",2,,,,{83},,,,,,,,,,,{23},
EN300-1699685,"A467,A543",2,,{73},,,,,,,,,,,,,{23},
EN300-1592190,"A468,A543",2,,,,{74},,,,,,,,,,,{23},
EN300-6748580,"A468,A543",2,,,,{72},,,,,,,,,,,{23},
EN300-46898339,"A467,A543",2,,{74},,,,,,,,,,,,,{23},
EN300-22383603,A543,1,,,,,,,,,,,,,,,{23},
EN300-91501,"A468,A543",2,,,,{86},,,,,,,,,,,{23},
EN300-53450847,"A468,A543",2,,,,{80},,,,,,,,,,,{23},
EN300-27114524,"A468,A543",2,,,,{86},,,,,,,,,,,{23},
EN300-181533,"A468,A543",2,,,,{78},,,,,,,,,,,{23},
EN300-8755156,"A468,A543",2,,,,{76},,,,,,,,,,,{23},
EN300-1644690,"A468,A543",2,,,,{73},,,,,,,,,,,{23},
EN300-51999257,"A468,A543",2,,,,{79},,,,,,,,,,,{23},
EN300-2933772,"A468,A543",2,,,,{75},,,,,,,,,,,{23},
EN300-4293740,"A468,A543",2,,,,{72},,,,,,,,,,,{23},
EN300-220650,"A468,A543",2,,,,{73},,,,,,,,,,,{23},
EN300-53338878,"A468,A543",2,,,,{80},,,,,,,,,,,{23},
EN300-37287497,"A468,A543",2,,,,{76},,,,,,,,,,,{23},
EN300-1920851,"A468,A543",2,,,,{81},,,,,,,,,,,{23},
EN300-6488723,"A468,A543",2,,,,{79},,,,,,,,,,,{23},
EN300-1721502,A543,1,,,,,,,,,,,,,,,{23},
EN300-11561,"A468,A543",2,,,,{81},,,,,,,,,,,{23},
EN300-136642,"A468,A543",2,,,,{72},,,,,,,,,,,{23},
EN300-39878464,"A468,A543",2,,,,{77},,,,,,,,,,,{23},
EN300-28295571,"A468,A543",2,,,,{76},,,,,,,,,,,{23},
EN300-297852,"A468,A543",2,,,,{78},,,,,,,,,,,{23},
EN300-27779269,A543,1,,,,,,,,,,,,,,,{23},
EN300-6818995,"A468,A543",2,,,,{75},,,,,,,,,,,{23},
EN300-6488762,A543,1,,,,,,,,,,,,,,,{23},
EN300-52145237,"A468,A543",2,,,,{77},,,,,,,,,,,{23},
EN300-7447731,"A468,A543",2,,,,{73},,,,,,,,,,,{23},
EN300-194146,"A473,A543",2,,,,,,,,{78},,,,,,,{23},
EN300-7442853,"A468,A543",2,,,,{85},,,,,,,,,,,{23},
EN300-54173696,"A468,A543",2,,,,{75},,,,,,,,,,,{23},
EN300-1702291,"A468,A543",2,,,,{80},,,,,,,,,,,{23},
EN300-1913200,"A468,A543",2,,,,{93},,,,,,,,,,,{23},
EN300-8077196,"A468,A543",2,,,,{82},,,,,,,,,,,{23},
EN300-51745294,"A468,A543",2,,,,{78},,,,,,,,,,,{23},
EN300-1694989,A543,1,,,,,,,,,,,,,,,{23},
EN300-697469,A543,1,,,,,,,,,,,,,,,{23},
EN300-6808736,"A468,A543",2,,,,{83},,,,,,,,,,,{23},
EN300-9010202,"A468,A543",2,,,,{77},,,,,,,,,,,{23},
EN300-174164,"A468,A543",2,,,,{75},,,,,,,,,,,{23},
EN300-52757640,"A468,A543",2,,,,{81},,,,,,,,,,,{23},
EN300-7122110,"A468,A543",2,,,,{74},,,,,,,,,,,{23},
EN300-53867622,A543,1,,,,,,,,,,,,,,,{23},
EN300-272411,"A468,A473,A543",3,,,,{78},,,,{77},,,,,,,{23},
EN300-1709932,"A468,A543",2,,,,{88},,,,,,,,,,,{23},
EN300-3053019,"A468,A543",2,,,,{77},,,,,,,,,,,{23},
EN300-200595,"A468,A543",2,,,,{85},,,,,,,,,,,{23},
EN300-123244,"A468,A543",2,,,,{81},,,,,,,,,,,{23},
EN300-2987309,"A468,A543",2,,,,{82},,,,,,,,,,,{23},
EN300-51999856,"A468,A543",2,,,,{76},,,,,,,,,,,{23},
EN300-1233050,"A468,A543",2,,,,{75},,,,,,,,,,,{23},
EN300-23829216,"A468,A543",2,,,,{75},,,,,,,,,,,{23},
EN300-53287678,"A468,A543",2,,,,{73},,,,,,,,,,,{23},
EN300-1629206,"A468,A543",2,,,,{78},,,,,,,,,,,{23},
EN300-323098,"A468,A543",2,,,,{75},,,,,,,,,,,{23},
EN300-2933657,"A468,A543",2,,,,{76},,,,,,,,,,,{23},
EN300-134868,"A468,A543",2,,,,{77},,,,,,,,,,,{23},
EN300-12581557,"A468,A543",2,,,,{75},,,,,,,,,,,{23},
EN300-53865195,"A468,A543",2,,,,{78},,,,,,,,,,,{23},
EN300-379197,"A468,A543",2,,,,{74},,,,,,,,,,,{23},
EN300-60583,"A468,A543",2,,,,{74},,,,,,,,,,,{23},
EN300-51746668,"A468,A543",2,,,,{77},,,,,,,,,,,{23},
EN300-317822,A543,1,,,,,,,,,,,,,,,{23},
EN300-6776448,A543,1,,,,,,,,,,,,,,,{23},
EN300-51743803,"A468,A543",2,,,,{77},,,,,,,,,,,{23},
EN300-53963769,"A468,A543",2,,,,{88},,,,,,,,,,,{23},
EN300-20937722,"A467,A468,A543",3,{37},,,{74},,,,,,,,,,,{23},
EN300-4323015,"A468,A543",2,,,,{72},,,,,,,,,,,{23},
EN300-22992022,"A468,A543",2,,,,{76},,,,,,,,,,,{23},
EN300-45268576,"A468,A543",2,,,,{73},,,,,,,,,,,{23},
EN300-2915257,"A468,A543",2,,,,{78},,,,,,,,,,,{23},
EN300-7356828,"A468,A543",2,,,,{78},,,,,,,,,,,{23},
EN300-53865555,A543,1,,,,,,,,,,,,,,,{23},
EN300-7426441,"A468,A543",2,,,,{75},,,,,,,,,,,{23},
EN300-39860443,A543,1,,,,,,,,,,,,,,,{23},
EN300-35970984,A543,1,,,,,,,,,,,,,,,{23},
EN300-7421868,"A468,A543",2,,,,{81},,,,,,,,,,,{23},
EN300-45927052,"A468,A543",2,,,,{88},,,,,,,,,,,{23},
EN300-22169240,"A468,A543",2,,,,{75},,,,,,,,,,,{23},
EN300-658682,A543,1,,,,,,,,,,,,,,,{23},
EN300-1984968,"A468,A543",2,,,,{73},,,,,,,,,,,{23},
EN300-7564226,"A468,A543",2,,,,{74},,,,,,,,,,,{23},
EN300-1963469,"A468,A543",2,,,,{73},,,,,,,,,,,{23},
EN300-1720778,"A468,A543",2,,,,{75},,,,,,,,,,,{23},
EN300-260805,"A468,A543",2,,,,{73},,,,,,,,,,,{23},
EN300-7462549,"A468,A543",2,,,,{83},,,,,,,,,,,{23},
EN300-192082,"A468,A543",2,,,,{73},,,,,,,,,,,{23},
EN300-192001,"A468,A543",2,,,,{73},,,,,,,,,,,{23},
EN300-26209887,"A468,A543",2,,,,{90},,,,,,,,,,,{23},
EN300-1706038,"A468,A543",2,,,,{74},,,,,,,,,,,{23},
EN300-53119328,A543,1,,,,,,,,,,,,,,,{23},
EN300-172397,"A468,A543",2,,,,{76},,,,,,,,,,,{23},
EN300-45267294,"A468,A543",2,,,,{76},,,,,,,,,,,{23},
EN300-28247453,A543,1,,,,,,,,,,,,,,,{23},
EN300-1073075,"A468,A543",2,,,,{75},,,,,,,,,,,{23},
EN300-22172856,"A468,A543",2,,,,{80},,,,,,,,,,,{23},
EN300-6497739,"A468,A473,A543",3,,,,{79},,,,{74},,,,,,,{23},
EN300-317063,A543,1,,,,,,,,,,,,,,,{23},
EN300-39847312,"A468,A543",2,,,,{72},,,,,,,,,,,{23},
EN300-61359,"A467,A543",2,,{81},,,,,,,,,,,,,{23},
EN300-263144,"A468,A543",2,,,,{75},,,,,,,,,,,{23},
EN300-53961112,"A468,A543",2,,,,{78},,,,,,,,,,,{23},
EN300-52489618,"A468,A543",2,,,,{84},,,,,,,,,,,{23},
EN300-160000,"A468,A543",2,,,,{73},,,,,,,,,,,{23},
EN300-138022,"A467,A468,A543",3,{42},,,{74},,,,,,,,,,,{23},
EN300-37386270,"A468,A543",2,,,,{75},,,,,,,,,,,{23},
EN300-53866547,"A468,A543",2,,,,{79},,,,,,,,,,,{23},
EN300-110280,"A468,A543",2,,,,{75},,,,,,,,,,,{23},
EN300-8755156,"A468,A543",2,,,,{77},,,,,,,,,,,{23},
EN300-310949,"A468,A543",2,,,,{77},,,,,,,,,,,{23},
EN300-306583,"A468,A543",2,,,,{77},,,,,,,,,,,{23},
EN300-53450316,"A468,A543",2,,,,{80},,,,,,,,,,,{23},
EN300-22054284,A543,1,,,,,,,,,,,,,,,{23},
EN300-8394794,"A468,A543",2,,,,{76},,,,,,,,,,,{23},
EN300-7416790,"A468,A543",2,,,,{76},,,,,,,,,,,{23},
EN300-1605836,"A468,A543",2,,,,{76},,,,,,,,,,,{23},
EN300-6418563,"A468,A543",2,,,,{79},,,,,,,,,,,{23},
EN300-53963918,"A468,A543",2,,,,{83},,,,,,,,,,,{23},
EN300-37341401,"A468,A543",2,,,,{75},,,,,,,,,,,{23},
EN300-1238469,"A468,A543",2,,,,{75},,,,,,,,,,,{23},
EN300-217781,"A468,A543",2,,,,{75},,,,,,,,,,,{23},
EN300-47298417,"A468,A543",2,,,,{78},,,,,,,,,,,{23},
EN300-53421958,"A468,A543",2,,,,{77},,,,,,,,,,,{23},
EN300-1894868,"A468,A543",2,,,,{73},,,,,,,,,,,{23},
EN300-53963819,"A468,A543",2,,,,{76},,,,,,,,,,,{23},
EN300-37274564,"A467,A468,A543",3,,{85},,{85},,,,,,,,,,,{23},
EN300-182524,"A468,A543",2,,,,{77},,,,,,,,,,,{23},
EN300-26862790,"A468,A543",2,,,,{87},,,,,,,,,,,{23},
EN300-7651651,"A468,A543",2,,,,{77},,,,,,,,,,,{23},
EN300-74484,"A468,A543",2,,,,{89},,,,,,,,,,,{23},
EN300-22988604,"A468,A543",2,,,,{74},,,,,,,,,,,{23},
EN300-7178279,"A468,A543",2,,,,{72},,,,,,,,,,,{23},
EN300-39851148,"A468,A543",2,,,,{81},,,,,,,,,,,{23},
EN300-110230,"A468,A543",2,,,,{80},,,,,,,,,,,{23},
EN300-6495165,"A468,A543",2,,,,{75},,,,,,,,,,,{23},
EN300-59936,"A468,A543",2,,,,{76},,,,,,,,,,,{23},
EN300-4350143,A543,1,,,,,,,,,,,,,,,{23},
EN300-52230058,"A468,A543",2,,,,{85},,,,,,,,,,,{23},
EN300-83233,"A468,A473,A543",3,,,,{84},,,,{85},,,,,,,{23},
EN300-22951157,"A468,A543",2,,,,{85},,,,,,,,,,,{23},
EN300-53837535,"A468,A543",2,,,,{78},,,,,,,,,,,{23},
EN300-43382420,"A468,A543",2,,,,{81},,,,,,,,,,,{23},
EN300-1725106,A543,1,,,,,,,,,,,,,,,{23},
EN300-25694305,"A468,A543",2,,,,{76},,,,,,,,,,,{23},
EN300-177190,"A468,A543",2,,,,{80},,,,,,,,,,,{23},
EN300-53288323,"A468,A543",2,,,,{75},,,,,,,,,,,{23},
EN300-37291279,A543,1,,,,,,,,,,,,,,,{23},
EN300-1590307,A543,1,,,,,,,,,,,,,,,{23},
EN300-36596274,"A468,A538,A543",3,,,,{77},,,,,,{79},,,,,{23},
EN300-21917,A543,1,,,,,,,,,,,,,,,{23},
EN300-1718674,"A468,A543",2,,,,{75},,,,,,,,,,,{23},
EN300-45620119,"A468,A543",2,,,,{75},,,,,,,,,,,{23},
EN300-37297178,"A468,A543",2,,,,{75},,,,,,,,,,,{23},
EN300-66221,"A468,A543",2,,,,{78},,,,,,,,,,,{23},
EN300-2976283,"A468,A543",2,,,,{74},,,,,,,,,,,{23},
EN300-53289475,"A468,A543",2,,,,{74},,,,,,,,,,,{23},
EN300-53867842,"A468,A543",2,,,,{74},,,,,,,,,,,{23},
ligprep_Enamine_102025_Aryl.maegz:16770,"A468,A543",2,,,,{74},,,,,,,,,,,{23},
EN300-31976313,"A467,A468,A543",3,,{79},,{80},,,,,,,,,,,{23},
EN300-51739009,"A468,A543",2,,,,{77},,,,,,,,,,,{23},
EN300-45645145,"A468,A533,A543",3,,,,{76},,{79},,,,,,,,,{23},
EN300-53962026,"A468,A543",2,,,,{75},,,,,,,,,,,{23},
EN300-112700,"A468,A543",2,,,,{78},,,,,,,,,,,{23},
EN300-214477,"A468,A543",2,,,,{75},,,,,,,,,,,{23},
EN300-53441529,"A467,A543",2,,{90},,,,,,,,,,,,,{23},
EN300-37283894,"A468,A543",2,,,,{75},,,,,,,,,,,{23},
EN300-7433649,"A468,A543",2,,,,{76},,,,,,,,,,,{23},
EN300-7443800,"A468,A543",2,,,,{74},,,,,,,,,,,{23},
EN300-53416480,"A467,A468,A543",3,,{85},,{86},,,,,,,,,,,{23},
EN300-22027438,"A468,A543",2,,,,{83},,,,,,,,,,,{23},
EN300-34285525,"A467,A543",2,,{85},,,,,,,,,,,,,{23},
EN300-53447182,"A468,A543",2,,,,{79},,,,,,,,,,,{23},
EN300-56126,"A468,A543",2,,,,{77},,,,,,,,,,,{23},
EN300-72506,"A468,A543",2,,,,{77},,,,,,,,,,,{23},
EN300-53448145,"A468,A543",2,,,,{79},,,,,,,,,,,{23},
EN300-53290710,"A468,A543",2,,,,{76},,,,,,,,,,,{23},
EN300-37290829,"A468,A543",2,,,,{81},,,,,,,,,,,{23},
EN300-5509736,"A468,A543",2,,,,{76},,,,,,,,,,,{23},
EN300-33127853,"A468,A543",2,,,,{74},,,,,,,,,,,{23},
EN300-2914494,"A468,A543",2,,,,{80},,,,,,,,,,,{23},
EN300-22045962,"A468,A543",2,,,,{73},,,,,,,,,,,{23},
EN300-28226476,A543,1,,,,,,,,,,,,,,,{23},
EN300-27733840,"A468,A543",2,,,,{81},,,,,,,,,,,{23},
EN300-53962413,"A468,A543",2,,,,{79},,,,,,,,,,,{23},
EN300-1122842,"A468,A543",2,,,,{75},,,,,,,,,,,{23},
EN300-37470925,"A468,A543",2,,,,{75},,,,,,,,,,,{23},
EN300-75155,A543,1,,,,,,,,,,,,,,,{23},
EN300-7758677,"A468,A543",2,,,,{77},,,,,,,,,,,{23},
EN300-6475286,A543,1,,,,,,,,,,,,,,,{23},
EN300-21663111,"A468,A543",2,,,,{74},,,,,,,,,,,{23},
EN300-37289708,"A468,A543",2,,,,{79},,,,,,,,,,,{23},
EN300-53864419,"A468,A543",2,,,,{83},,,,,,,,,,,{23},
EN300-395595,"A468,A543",2,,,,{75},,,,,,,,,,,{23},
EN300-153001,"A468,A543",2,,,,{77},,,,,,,,,,,{23},
EN300-4322988,"A468,A543",2,,,,{74},,,,,,,,,,,{23},
EN300-26500353,"A468,A543",2,,,,{83},,,,,,,,,,,{23},
EN300-200577,"A468,A543",2,,,,{72},,,,,,,,,,,{23},
EN300-1908545,"A468,A543",2,,,,{81},,,,,,,,,,,{23},
EN300-31554737,"A467,A543",2,,{75},,,,,,,,,,,,,{23},
EN300-680546,"A468,A543",2,,,,{80},,,,,,,,,,,{23},
EN300-46419247,"A468,A543",2,,,,{83},,,,,,,,,,,{23},
EN300-51794597,"A468,A543",2,,,,{93},,,,,,,,,,,{23},
EN300-53962029,"A468,A543",2,,,,{77},,,,,,,,,,,{23},
EN300-132634,"A468,A543",2,,,,{81},,,,,,,,,,,{23},
EN300-46777174,"A468,A543",2,,,,{79},,,,,,,,,,,{23},
EN300-52851552,"A468,A543",2,,,,{88},,,,,,,,,,,{23},
EN300-53835119,"A468,A543",2,,,,{79},,,,,,,,,,,{23},
EN300-53835120,"A468,A543",2,,,,{79},,,,,,,,,,,{23},
EN300-52557804,"A468,A533,A536,A543",4,,,,{85},,{91},,,,,{35},,,,{23},
EN300-1915643,A543,1,,,,,,,,,,,,,,,{23},
EN300-6775238,"A468,A543",2,,,,{79},,,,,,,,,,,{23},
EN300-53961203,"A467,A468,A543",3,,{77},,"{76, 77}",,,,,,,,,,,{23},
EN300-5266918,"A468,A543",2,,,,{81},,,,,,,,,,,{23},
EN300-27148278,"A468,A543",2,,,,{90},,,,,,,,,,,{23},
EN300-175898,"A468,A543",2,,,,{73},,,,,,,,,,,{23},
EN300-19370059,"A468,A543",2,,,,{83},,,,,,,,,,,{23},
EN300-7780790,"A468,A543",2,,,,{78},,,,,,,,,,,{23},
EN300-51743139,"A468,A543",2,,,,{77},,,,,,,,,,,{23},
EN300-157540,"A468,A543",2,,,,{76},,,,,,,,,,,{23},
EN300-296290,"A468,A543",2,,,,{76},,,,,,,,,,,{23},
EN300-45229704,"A468,A543",2,,,,{75},,,,,,,,,,,{23},
EN300-245724,"A468,A543",2,,,,{92},,,,,,,,,,,{23},
EN300-6514734,"A468,A543",2,,,,{75},,,,,,,,,,,{23},
EN300-658682,A543,1,,,,,,,,,,,,,,,{23},
EN300-7433956,"A468,A543",2,,,,{76},,,,,,,,,,,{23},
EN300-27755169,"A468,A543",2,,,,{72},,,,,,,,,,,{23},
EN300-3215809,"A468,A543",2,,,,{76},,,,,,,,,,,{23},
EN300-51794573,"A468,A543",2,,,,{92},,,,,,,,,,,{23},
EN300-8316816,"A468,A543",2,,,,{75},,,,,,,,,,,{23},
EN300-51657526,"A468,A543",2,,,,{77},,,,,,,,,,,{23},
EN300-53440814,"A468,A543",2,,,,{80},,,,,,,,,,,{23},
EN300-172765,"A468,A543",2,,,,{85},,,,,,,,,,,{23},
EN300-73002,"A468,A543",2,,,,{74},,,,,,,,,,,{23},
EN300-16247317,"A468,A543",2,,,,{92},,,,,,,,,,,{23},
EN300-45665188,"A468,A543",2,,,,{75},,,,,,,,,,,{23},
EN300-53866734,"A468,A543",2,,,,{77},,,,,,,,,,,{23},
EN300-25387590,"A468,A543",2,,,,{77},,,,,,,,,,,{23},
EN300-27778791,"A467,A543",2,,{88},,,,,,,,,,,,,{23},
EN300-53440464,"A468,A543",2,,,,{79},,,,,,,,,,,{23},
EN300-04301,"A468,A543",2,,,,{81},,,,,,,,,,,{23},
EN300-8460757,A543,1,,,,,,,,,,,,,,,{23},
EN300-211082,"A468,A543",2,,,,{75},,,,,,,,,,,{23},
EN300-53447235,"A468,A543",2,,,,{80},,,,,,,,,,,{23},
EN300-28297629,"A468,A543",2,,,,{76},,,,,,,,,,,{23},
EN300-1267237,"A468,A543",2,,,,{75},,,,,,,,,,,{23},
EN300-39882777,"A468,A543",2,,,,{77},,,,,,,,,,,{23},
EN300-53864920,A543,1,,,,,,,,,,,,,,,{23},
EN300-6769787,"A468,A543",2,,,,{74},,,,,,,,,,,{23},
EN300-28253999,"A467,A468,A543",3,,{74},,{75},,,,,,,,,,,{23},
EN300-53961211,"A473,A543",2,,,,,,,,{77},,,,,,,{23},
EN300-53288953,"A468,A543",2,,,,{79},,,,,,,,,,,{23},
EN300-6763639,"A468,A543",2,,,,{76},,,,,,,,,,,{23},
EN300-7431813,"A468,A543",2,,,,{80},,,,,,,,,,,{23},
EN300-7310501,"A468,A543",2,,,,{73},,,,,,,,,,,{23},
EN300-26982802,A543,1,,,,,,,,,,,,,,,{23},
EN300-647070,"A468,A543",2,,,,{78},,,,,,,,,,,{23},
EN300-37288658,"A468,A543",2,,,,{79},,,,,,,,,,,{23},
EN300-1600389,"A468,A543",2,,,,{75},,,,,,,,,,,{23},
EN300-51757363,"A468,A543",2,,,,{86},,,,,,,,,,,{23},
EN300-1709231,"A468,A543",2,,,,{76},,,,,,,,,,,{23},
EN300-260417,"A468,A543",2,,,,{78},,,,,,,,,,,{23},
EN300-53865855,A543,1,,,,,,,,,,,,,,,{23},
EN300-3528170,"A468,A473,A543",3,,,,{74},,,,{75},,,,,,,{23},
EN300-218502,"A467,A468,A543",3,,{76},,{76},,,,,,,,,,,{23},
EN300-190916,"A468,A543",2,,,,{77},,,,,,,,,,,{23},
EN300-1636611,"A468,A543",2,,,,{75},,,,,,,,,,,{23},
EN300-25093790,"A468,A543",2,,,,{75},,,,,,,,,,,{23},
EN300-32642133,"A468,A543",2,,,,{88},,,,,,,,,,,{23},
EN300-125159,A543,1,,,,,,,,,,,,,,,{23},
EN300-33514751,"A468,A543",2,,,,{81},,,,,,,,,,,{23},
EN300-257804,"A468,A543",2,,,,{72},,,,,,,,,,,{23},
EN300-7396832,"A468,A543",2,,,,{77},,,,,,,,,,,{23},
EN300-704040,"A468,A543",2,,,,{75},,,,,,,,,,,{23},
EN300-140770,"A468,A543",2,,,,{84},,,,,,,,,,,{23},
EN300-37031395,"A468,A543",2,,,,{75},,,,,,,,,,,{23},
EN300-32301271,A543,1,,,,,,,,,,,,,,,{23},
EN300-24803203,"A468,A543",2,,,,{80},,,,,,,,,,,{23},
EN300-25683332,"A468,A543",2,,,,{72},,,,,,,,,,,{23},
EN300-53438339,A543,1,,,,,,,,,,,,,,,{23},
EN300-7436493,"A468,A543",2,,,,{90},,,,,,,,,,,{23},
EN300-127113,A543,1,,,,,,,,,,,,,,,{23},
EN300-250369,"A468,A543",2,,,,{76},,,,,,,,,,,{23},
EN300-295295,"A467,A468,A543",3,,{85},,{86},,,,,,,,,,,{23},
EN300-1258863,"A468,A543",2,,,,{75},,,,,,,,,,,{23},
EN300-53449596,"A468,A543",2,,,,{86},,,,,,,,,,,{23},
EN300-23902203,"A468,A543",2,,,,{76},,,,,,,,,,,{23},
EN300-7862300,"A467,A543",2,,{83},,,,,,,,,,,,,{23},
EN300-45792572,"A468,A543",2,,,,{81},,,,,,,,,,,{23},
EN300-52853046,"A468,A543",2,,,,{80},,,,,,,,,,,{23},
EN300-175560,"A468,A543",2,,,,{81},,,,,,,,,,,{23},
EN300-19476880,"A468,A543",2,,,,{73},,,,,,,,,,,{23},
EN300-53435970,A543,1,,,,,,,,,,,,,,,{23},
EN300-53865021,"A468,A543",2,,,,{81},,,,,,,,,,,{23},
EN300-51761389,"A468,A543",2,,,,{74},,,,,,,,,,,{23},
EN300-53436179,"A468,A543",2,,,,{89},,,,,,,,,,,{23},
EN300-1228681,"A468,A543",2,,,,{85},,,,,,,,,,,{23},
EN300-52596111,"A468,A543",2,,,,{76},,,,,,,,,,,{23},
EN300-170555,"A468,A543",2,,,,{74},,,,,,,,,,,{23},
EN300-37286398,"A468,A543",2,,,,{77},,,,,,,,,,,{23},
EN300-250877,"A468,A543",2,,,,{72},,,,,,,,,,,{23},
EN300-53442759,"A468,A543",2,,,,{77},,,,,,,,,,,{23},
EN300-21629887,"A468,A543",2,,,,{86},,,,,,,,,,,{23},
EN300-7400406,"A468,A543",2,,,,{75},,,,,,,,,,,{23},
EN300-53274052,"A468,A543",2,,,,{76},,,,,,,,,,,{23},
EN300-46740758,"A468,A543",2,,,,{74},,,,,,,,,,,{23},
EN300-3176874,"A468,A543",2,,,,{82},,,,,,,,,,,{23},
EN300-75511,"A468,A543",2,,,,{83},,,,,,,,,,,{23},
EN300-7412163,"A468,A543",2,,,,{73},,,,,,,,,,,{23},
EN300-1250715,"A468,A543",2,,,,{74},,,,,,,,,,,{23},
EN300-311297,"A468,A543",2,,,,{74},,,,,,,,,,,{23},
EN300-7426434,"A468,A543",2,,,,{78},,,,,,,,,,,{23},
EN300-53865120,A543,1,,,,,,,,,,,,,,,{23},
EN300-84002,"A467,A543",2,,{74},,,,,,,,,,,,,{23},
EN300-1665934,"A468,A543",2,,,,{75},,,,,,,,,,,{23},
EN300-7361143,A543,1,,,,,,,,,,,,,,,{23},
EN300-192001,"A468,A543",2,,,,{74},,,,,,,,,,,{23},
EN300-10555442,"A468,A543",2,,,,{83},,,,,,,,,,,{23},
EN300-154266,"A468,A543",2,,,,{81},,,,,,,,,,,{23},
EN300-46667978,"A468,A543",2,,,,{75},,,,,,,,,,,{23},
EN300-46242788,"A468,A543",2,,,,{75},,,,,,,,,,,{23},
EN300-52473938,"A468,A543",2,,,,{107},,,,,,,,,,,{23},
EN300-52474322,"A468,A543",2,,,,{76},,,,,,,,,,,{23},
EN300-33066475,"A468,A543",2,,,,{80},,,,,,,,,,,{23},
EN300-53961140,"A468,A543",2,,,,{78},,,,,,,,,,,{23},
EN300-53258402,"A468,A543",2,,,,{77},,,,,,,,,,,{23},
EN300-7442766,"A468,A543",2,,,,{76},,,,,,,,,,,{23},
EN300-52242582,"A468,A543",2,,,,{75},,,,,,,,,,,{23},
EN300-4390005,"A468,A543",2,,,,{76},,,,,,,,,,,{23},
EN300-53444852,"A468,A543",2,,,,{79},,,,,,,,,,,{23},
EN300-53438338,A543,1,,,,,,,,,,,,,,,{23},
EN300-27146799,"A468,A543",2,,,,{75},,,,,,,,,,,{23},
EN300-12714315,A543,1,,,,,,,,,,,,,,,{23},
EN300-1933939,"A468,A543",2,,,,{76},,,,,,,,,,,{23},
EN300-19369453,"A468,A543",2,,,,{73},,,,,,,,,,,{23},
EN300-7780790,"A468,A543",2,,,,{78},,,,,,,,,,,{23},
EN300-1985590,"A468,A543",2,,,,{73},,,,,,,,,,,{23},
EN300-269948,A543,1,,,,,,,,,,,,,,,{23},
EN300-27751765,A543,1,,,,,,,,,,,,,,,{23},
EN300-2170739,"A468,A543",2,,,,{82},,,,,,,,,,,{23},
EN300-286316,"A468,A543",2,,,,{87},,,,,,,,,,,{23},
EN300-258360,"A468,A543",2,,,,{72},,,,,,,,,,,{23},
EN300-6523494,"A468,A543",2,,,,{82},,,,,,,,,,,{23},
EN300-53771968,"A468,A543",2,,,,{78},,,,,,,,,,,{23},
EN300-124571,"A468,A543",2,,,,{75},,,,,,,,,,,{23},
EN300-53824982,"A468,A543",2,,,,{80},,,,,,,,,,,{23},
EN300-3193223,A543,1,,,,,,,,,,,,,,,{23},
EN300-46770070,"A468,A543",2,,,,{80},,,,,,,,,,,{23},
EN300-53912,"A468,A543",2,,,,{75},,,,,,,,,,,{23},
EN300-33298088,A543,1,,,,,,,,,,,,,,,{23},
EN300-45902255,"A467,A468,A543",3,{38},,,{79},,,,,,,,,,,{23},
EN300-45220625,"A468,A543",2,,,,{75},,,,,,,,,,,{23},
EN300-26968668,"A468,A543",2,,,,{74},,,,,,,,,,,{23},
EN300-162306,"A468,A543",2,,,,{77},,,,,,,,,,,{23},
EN300-46767520,A543,1,,,,,,,,,,,,,,,{23},
EN300-53434261,A543,1,,,,,,,,,,,,,,,{23},
EN300-6769122,A543,1,,,,,,,,,,,,,,,{23},
EN300-37371895,"A468,A543",2,,,,{80},,,,,,,,,,,{23},
EN300-37693535,"A468,A543",2,,,,{90},,,,,,,,,,,{23},
EN300-25589564,"A468,A543",2,,,,{87},,,,,,,,,,,{23},
EN300-84297,"A468,A543",2,,,,{72},,,,,,,,,,,{23},
EN300-53423967,"A468,A543",2,,,,{79},,,,,,,,,,,{23},
EN300-53432902,"A468,A543",2,,,,{85},,,,,,,,,,,{23},
EN300-53291061,"A468,A538,A543",3,,,,{75},,,,,,{79},,,,,{23},
EN300-27103487,A543,1,,,,,,,,,,,,,,,{23},
EN300-4800877,"A467,A468,A543",3,,{82},,{75},,,,,,,,,,,{23},
EN300-53866255,"A468,A543",2,,,,{77},,,,,,,,,,,{23},
EN300-53832404,"A468,A543",2,,,,{81},,,,,,,,,,,{23},
EN300-7426454,"A468,A543",2,,,,{78},,,,,,,,,,,{23},
EN300-47339260,"A468,A543",2,,,,{77},,,,,,,,,,,{23},
EN300-27147611,"A468,A543",2,,,,{77},,,,,,,,,,,{23},
EN300-278805,A543,1,,,,,,,,,,,,,,,{23},
EN300-228406,"A468,A543",2,,,,{85},,,,,,,,,,,{23},
EN300-154665,A543,1,,,,,,,,,,,,,,,{23},
EN300-89285,A543,1,,,,,,,,,,,,,,,{23},
EN300-53961219,"A468,A543",2,,,,{77},,,,,,,,,,,{23},
EN300-53865049,A543,1,,,,,,,,,,,,,,,{23},
EN300-112473,"A468,A543",2,,,,{82},,,,,,,,,,,{23},
EN300-7446947,"A468,A543",2,,,,{76},,,,,,,,,,,{23},
EN300-6767283,"A468,A543",2,,,,{78},,,,,,,,,,,{23},
EN300-39922481,"A468,A543",2,,,,{76},,,,,,,,,,,{23},
EN300-6520195,"A468,A536,A543",3,,,,{80},,,,,,,{43},,,,{23},
EN300-6520889,"A468,A536,A543",3,,,,{80},,,,,,,{43},,,,{23},
EN300-37284627,"A468,A543",2,,,,{76},,,,,,,,,,,{23},
EN300-53867671,"A468,A543",2,,,,{79},,,,,,,,,,,{23},
EN300-53433161,"A468,A543",2,,,,{80},,,,,,,,,,,{23},
EN300-278445,A543,1,,,,,,,,,,,,,,,{23},
EN300-6729909,"A468,A543",2,,,,{74},,,,,,,,,,,{23},
EN300-1259549,"A468,A543",2,,,,{75},,,,,,,,,,,{23},
EN300-33245821,"A468,A543",2,,,,{79},,,,,,,,,,,{23},
EN300-1881476,"A468,A543",2,,,,{75},,,,,,,,,,,{23},
EN300-93160,"A468,A543",2,,,,{79},,,,,,,,,,,{23},
EN300-37281951,"A468,A543",2,,,,{76},,,,,,,,,,,{23},
EN300-46746399,"A468,A543",2,,,,{75},,,,,,,,,,,{23},
EN300-194567,"A467,A468,A543",3,{38},,,{75},,,,,,,,,,,{23},
EN300-6741036,"A468,A543",2,,,,{73},,,,,,,,,,,{23},
EN300-52246745,"A468,A543",2,,,,{74},,,,,,,,,,,{23},
EN300-33190,"A468,A543",2,,,,{77},,,,,,,,,,,{23},
EN300-116994,"A468,A543",2,,,,{74},,,,,,,,,,,{23},
EN300-305494,"A468,A473,A543",3,,,,{75},,,,{81},,,,,,,{23},
EN300-53274508,"A468,A543",2,,,,{76},,,,,,,,,,,{23},
EN300-53416130,"A467,A468,A543",3,{38},,,{78},,,,,,,,,,,{23},
EN300-53867849,"A468,A543",2,,,,{74},,,,,,,,,,,{23},
EN300-7542205,"A468,A473,A543",3,,,,{79},,,,{74},,,,,,,{23},
EN300-313933,"A468,A543",2,,,,{72},,,,,,,,,,,{23},
EN300-658683,"A468,A543",2,,,,{80},,,,,,,,,,,{23},
EN300-37289348,"A468,A543",2,,,,{79},,,,,,,,,,,{23},
EN300-370897,"A467,A468,A543",3,,{76},,{77},,,,,,,,,,,{23},
EN300-1909207,A543,1,,,,,,,,,,,,,,,{23},
EN300-7551486,A543,1,,,,,,,,,,,,,,,{23},
EN300-140666,"A468,A543",2,,,,{79},,,,,,,,,,,{23},
EN300-73295,"A468,A543",2,,,,{83},,,,,,,,,,,{23},
EN300-27751811,"A468,A543",2,,,,{75},,,,,,,,,,,{23},
EN300-53430128,"A468,A543",2,,,,{82},,,,,,,,,,,{23},
EN300-33125,A543,1,,,,,,,,,,,,,,,{23},
EN300-43149750,"A468,A543",2,,,,{76},,,,,,,,,,,{23},
EN300-1294657,"A468,A543",2,,,,{78},,,,,,,,,,,{23},
EN300-269940,A543,1,,,,,,,,,,,,,,,{23},
EN300-22997102,"A468,A543",2,,,,{78},,,,,,,,,,,{23},
EN300-8372019,"A468,A543",2,,,,{76},,,,,,,,,,,{23},
EN300-53832404,"A468,A543",2,,,,{82},,,,,,,,,,,{23},
EN300-19678644,"A468,A543",2,,,,{79},,,,,,,,,,,{23},
EN300-349433,"A468,A543",2,,,,{75},,,,,,,,,,,{23},
EN300-1265961,"A468,A543",2,,,,{78},,,,,,,,,,,{23},
EN300-98893,"A468,A543",2,,,,{79},,,,,,,,,,,{23},
EN300-1931470,"A468,A543",2,,,,{78},,,,,,,,,,,{23},
EN300-3212665,"A468,A543",2,,,,{75},,,,,,,,,,,{23},
EN300-1895442,"A468,A543",2,,,,{81},,,,,,,,,,,{23},
EN300-345650,"A468,A543",2,,,,{74},,,,,,,,,,,{23},
EN300-49494811,"A467,A543",2,,{76},,,,,,,,,,,,,{23},
EN300-396878,"A467,A543",2,,{75},,,,,,,,,,,,,{23},
EN300-52402307,"A468,A543",2,,,,{74},,,,,,,,,,,{23},
EN300-175268,"A467,A468,A543",3,,{77},,{78},,,,,,,,,,,{23},
EN300-7702219,"A467,A468,A543",3,,{77},,{78},,,,,,,,,,,{23},
EN300-3269422,"A468,A543",2,,,,{86},,,,,,,,,,,{23},
EN300-46907648,"A468,A543",2,,,,{82},,,,,,,,,,,{23},
EN300-53865920,A543,1,,,,,,,,,,,,,,,{23},
EN300-77022,"A468,A543",2,,,,{79},,,,,,,,,,,{23},
EN300-344829,"A468,A543",2,,,,{77},,,,,,,,,,,{23},
EN300-5480779,"A468,A543",2,,,,{74},,,,,,,,,,,{23},
EN300-53775004,"A467,A468,A543",3,,{80},,{81},,,,,,,,,,,{23},
EN300-27103864,"A468,A543",2,,,,{79},,,,,,,,,,,{23},
EN300-39843419,"A468,A543",2,,,,{76},,,,,,,,,,,{23},
EN300-1688958,"A468,A543",2,,,,{72},,,,,,,,,,,{23},
EN300-40758,"A468,A543",2,,,,{79},,,,,,,,,,,{23},
EN300-45806022,"A468,A543",2,,,,{82},,,,,,,,,,,{23},
EN300-6488582,"A467,A468,A543",3,,{82},,{82},,,,,,,,,,,{23},
EN300-234657,"A467,A468,A543",3,{37},,,{75},,,,,,,,,,,{23},
EN300-1611951,"A468,A543",2,,,,{82},,,,,,,,,,,{23},
EN300-23520,A543,1,,,,,,,,,,,,,,,{23},
EN300-1267346,"A468,A543",2,,,,{79},,,,,,,,,,,{23},
EN300-7539041,"A468,A543",2,,,,{75},,,,,,,,,,,{23},
EN300-153001,"A468,A543",2,,,,{76},,,,,,,,,,,{23},
EN300-645777,"A468,A543",2,,,,{81},,,,,,,,,,,{23},
EN300-1707949,"A468,A543",2,,,,{77},,,,,,,,,,,{23},
EN300-1982054,"A468,A543",2,,,,{74},,,,,,,,,,,{23},
EN300-33271644,"A468,A543",2,,,,{76},,,,,,,,,,,{23},
EN300-300096,"A468,A543",2,,,,{74},,,,,,,,,,,{23},
EN300-51883119,"A468,A473,A543",3,,,,{88},,,,{89},,,,,,,{23},
EN300-53961112,A543,1,,,,,,,,,,,,,,,{23},
EN300-119161,"A468,A543",2,,,,{74},,,,,,,,,,,{23},
EN300-39882781,"A468,A543",2,,,,{77},,,,,,,,,,,{23},
EN300-52505937,A543,1,,,,,,,,,,,,,,,{23},
EN300-53962244,"A468,A543",2,,,,{78},,,,,,,,,,,{23},
EN300-6505113,"A468,A538,A543",3,,,,{79},,,,,,{77},,,,,{23},
EN300-193130,"A468,A543",2,,,,{75},,,,,,,,,,,{23},
EN300-47326951,"A468,A543",2,,,,{80},,,,,,,,,,,{23},
EN300-6979334,"A468,A543",2,,,,{73},,,,,,,,,,,{23},
EN300-51745292,"A468,A543",2,,,,{78},,,,,,,,,,,{23},
EN300-7671420,A543,1,,,,,,,,,,,,,,,{23},
EN300-53867582,"A468,A543",2,,,,{78},,,,,,,,,,,{23},
EN300-101717,"A468,A543",2,,,,{74},,,,,,,,,,,{23},
EN300-46900260,"A468,A543",2,,,,{81},,,,,,,,,,,{23},
EN300-658683,A543,1,,,,,,,,,,,,,,,{23},
EN300-702994,"A468,A543",2,,,,{79},,,,,,,,,,,{23},
EN300-53866162,"A468,A543",2,,,,{84},,,,,,,,,,,{23},
EN300-52418926,"A468,A543",2,,,,{77},,,,,,,,,,,{23},
EN300-180425,"A468,A543",2,,,,{80},,,,,,,,,,,{23},
EN300-312656,"A468,A543",2,,,,"{81, 78}",,,,,,,,,,,{23},
EN300-53290551,"A468,A543",2,,,,{82},,,,,,,,,,,{23},
EN300-37287168,"A468,A543",2,,,,{76},,,,,,,,,,,{23},
EN300-276324,"A468,A543",2,,,,{73},,,,,,,,,,,{23},
EN300-53866370,"A468,A543",2,,,,{80},,,,,,,,,,,{23},
EN300-276284,"A468,A543",2,,,,{79},,,,,,,,,,,{23},
EN300-100804,"A468,A543",2,,,,{77},,,,,,,,,,,{23},
EN300-7962832,"A468,A543",2,,,,{78},,,,,,,,,,,{23},
EN300-25371921,"A468,A473,A543",3,,,,{80},,,,{75},,,,,,,{23},
EN300-53448382,"A468,A543",2,,,,{79},,,,,,,,,,,{23},
EN300-233547,"A468,A543",2,,,,{74},,,,,,,,,,,{23},
EN300-2917318,"A468,A543",2,,,,{75},,,,,,,,,,,{23},
EN300-222745,A543,1,,,,,,,,,,,,,,,{23},
EN300-53963712,"A468,A543",2,,,,{77},,,,,,,,,,,{23},
EN300-96819,"A467,A468,A543",3,,{75},,{76},,,,,,,,,,,{23},
EN300-208173,"A467,A468,A543",3,{37},,,{76},,,,,,,,,,,{23},
EN300-39920373,"A468,A543",2,,,,{84},,,,,,,,,,,{23},
EN300-33236528,"A468,A543",2,,,,{86},,,,,,,,,,,{23},
EN300-6473568,"A468,A543",2,,,,{76},,,,,,,,,,,{23},
EN300-27777233,"A468,A543",2,,,,{75},,,,,,,,,,,{23},
EN300-7420553,"A468,A543",2,,,,{73},,,,,,,,,,,{23},
EN300-3082779,"A468,A543",2,,,,{79},,,,,,,,,,,{23},
EN300-3206744,"A468,A543",2,,,,{77},,,,,,,,,,,{23},
EN300-7447040,A543,1,,,,,,,,,,,,,,,{23},
EN300-53419131,"A468,A543",2,,,,{84},,,,,,,,,,,{23},
EN300-27737444,"A468,A543",2,,,,{77},,,,,,,,,,,{23},
EN300-28299384,A543,1,,,,,,,,,,,,,,,{23},
EN300-51765068,"A468,A543",2,,,,{75},,,,,,,,,,,{23},
EN300-3002827,"A468,A543",2,,,,{81},,,,,,,,,,,{23},
EN300-53962464,"A468,A543",2,,,,{79},,,,,,,,,,,{23},
EN300-37290590,"A468,A543",2,,,,{79},,,,,,,,,,,{23},
EN300-202335,"A468,A543",2,,,,{78},,,,,,,,,,,{23},
EN300-25683966,A543,1,,,,,,,,,,,,,,,{23},
EN300-27754341,"A468,A543",2,,,,{74},,,,,,,,,,,{23},
EN300-364457,A543,1,,,,,,,,,,,,,,,{23},
EN300-53961212,"A468,A543",2,,,,{77},,,,,,,,,,,{23},
EN300-156855,"A468,A543",2,,,,{75},,,,,,,,,,,{23},
EN300-1453116,"A468,A543",2,,,,{80},,,,,,,,,,,{23},
EN300-7955043,"A468,A543",2,,,,{78},,,,,,,,,,,{23},
EN300-89148,"A468,A543",2,,,,{73},,,,,,,,,,,{23},
EN300-3196881,"A468,A543",2,,,,{80},,,,,,,,,,,{23},
EN300-28247452,A543,1,,,,,,,,,,,,,,,{23},
EN300-23317279,"A467,A543",2,,{79},,,,,,,,,,,,,{23},
EN300-3209397,"A468,A543",2,,,,{80},,,,,,,,,,,{23},
EN300-7426454,"A468,A543",2,,,,{78},,,,,,,,,,,{23},
EN300-1478769,"A468,A543",2,,,,{95},,,,,,,,,,,{23},
EN300-7354377,"A468,A543",2,,,,{80},,,,,,,,,,,{23},
EN300-53435365,A543,1,,,,,,,,,,,,,,,{23},
EN300-53453215,"A468,A543",2,,,,{80},,,,,,,,,,,{23},
EN300-130737,"A468,A543",2,,,,{78},,,,,,,,,,,{23},
EN300-51781443,"A468,A543",2,,,,{75},,,,,,,,,,,{23},
EN300-6811362,"A468,A543",2,,,,{76},,,,,,,,,,,{23},
EN300-51748634,"A468,A536,A543",3,,,,{86},,,,,,,{47},,,,{23},
EN300-275332,"A468,A473,A543",3,,,,{81},,,,{82},,,,,,,{23},
EN300-53865950,"A468,A543",2,,,,{82},,,,,,,,,,,{23},
EN300-53961217,"A468,A543",2,,,,{77},,,,,,,,,,,{23},
EN300-195354,"A468,A543",2,,,,{86},,,,,,,,,,,{23},
EN300-7562831,"A467,A468,A543",3,,{75},,{74},,,,,,,,,,,{23},
EN300-6823968,"A467,A543",2,,{78},,,,,,,,,,,,,{23},
EN300-53867700,"A467,A543",2,,{83},,,,,,,,,,,,,{23},
EN300-6524600,"A468,A543",2,,,,{84},,,,,,,,,,,{23},
EN300-6515770,"A468,A543",2,,,,{76},,,,,,,,,,,{23},
EN300-8937373,"A467,A468,A543",3,{38},,,{82},,,,,,,,,,,{23},
EN300-51872502,"A468,A543",2,,,,{78},,,,,,,,,,,{23},
EN300-37241422,A543,1,,,,,,,,,,,,,,,{23},
EN300-4263379,"A468,A543",2,,,,{77},,,,,,,,,,,{23},
EN300-395595,"A468,A543",2,,,,{75},,,,,,,,,,,{23},
EN300-46493440,"A467,A468,A543",3,,{80},,{80},,,,,,,,,,,{23},
EN300-46923281,"A468,A543",2,,,,{79},,,,,,,,,,,{23},
EN300-213551,"A468,A543",2,,,,{75},,,,,,,,,,,{23},
EN300-1720430,"A468,A543",2,,,,{83},,,,,,,,,,,{23},
EN300-6487652,"A468,A543",2,,,,{75},,,,,,,,,,,{23},
EN300-53963230,"A468,A543",2,,,,{78},,,,,,,,,,,{23},
EN300-8159444,"A468,A543",2,,,,{76},,,,,,,,,,,{23},
EN300-7446928,"A468,A543",2,,,,{87},,,,,,,,,,,{23},
EN300-28295829,"A468,A543",2,,,,{76},,,,,,,,,,,{23},
EN300-53430568,"A468,A543",2,,,,{78},,,,,,,,,,,{23},
EN300-228862,A543,1,,,,,,,,,,,,,,,{23},
EN300-7398469,"A468,A543",2,,,,{72},,,,,,,,,,,{23},
EN300-51746781,"A468,A543",2,,,,{83},,,,,,,,,,,{23},
EN300-292344,"A468,A543",2,,,,{75},,,,,,,,,,,{23},
EN300-268878,A543,1,,,,,,,,,,,,,,,{23},
EN300-53865522,"A468,A543",2,,,,{77},,,,,,,,,,,{23},
EN300-53434897,"A468,A543",2,,,,{81},,,,,,,,,,,{23},
EN300-37357437,"A468,A543",2,,,,{76},,,,,,,,,,,{23},
EN300-7720535,A543,1,,,,,,,,,,,,,,,{23},
EN300-4698868,"A468,A543",2,,,,{75},,,,,,,,,,,{23},
EN300-9473864,"A468,A543",2,,,,{81},,,,,,,,,,,{23},
EN300-53848244,"A468,A543",2,,,,{90},,,,,,,,,,,{23},
EN300-7391459,"A468,A543",2,,,,{85},,,,,,,,,,,{23},
EN300-53418084,"A468,A543",2,,,,{79},,,,,,,,,,,{23},
EN300-622279,"A468,A543",2,,,,{74},,,,,,,,,,,{23},
EN300-53866120,"A468,A543",2,,,,{79},,,,,,,,,,,{23},
EN300-69015,"A468,A543",2,,,,{88},,,,,,,,,,,{23},
EN300-7394883,"A468,A543",2,,,,{78},,,,,,,,,,,{23},
EN300-7268524,"A468,A543",2,,,,{73},,,,,,,,,,,{23},
EN300-278219,"A468,A543",2,,,,{75},,,,,,,,,,,{23},
EN300-4800877,"A467,A468,A543",3,,{83},,{75},,,,,,,,,,,{23},
EN300-27776940,"A468,A543",2,,,,{75},,,,,,,,,,,{23},
EN300-6489478,"A468,A543",2,,,,{76},,,,,,,,,,,{23},
EN300-37288666,"A468,A543",2,,,,{78},,,,,,,,,,,{23},
EN300-246038,"A468,A543",2,,,,{88},,,,,,,,,,,{23},
EN300-1260317,"A468,A543",2,,,,{81},,,,,,,,,,,{23},
EN300-14242,A543,1,,,,,,,,,,,,,,,{23},
EN300-3207865,"A468,A543",2,,,,{75},,,,,,,,,,,{23},
EN300-301552,"A468,A543",2,,,,{75},,,,,,,,,,,{23},
EN300-1601602,"A468,A543",2,,,,{74},,,,,,,,,,,{23},
EN300-51746652,"A468,A543",2,,,,{79},,,,,,,,,,,{23},
EN300-26860624,"A467,A468,A543",3,,{74},,{75},,,,,,,,,,,{23},
EN300-53430662,A543,1,,,,,,,,,,,,,,,{23},
EN300-19913179,"A468,A543",2,,,,{78},,,,,,,,,,,{23},
EN300-47339328,"A468,A543",2,,,,{78},,,,,,,,,,,{23},
EN300-28295571,"A468,A543",2,,,,{75},,,,,,,,,,,{23},
EN300-37282863,"A468,A543",2,,,,{78},,,,,,,,,,,{23},
EN300-27692009,"A468,A543",2,,,,{89},,,,,,,,,,,{23},
EN300-45201811,"A468,A543",2,,,,{80},,,,,,,,,,,{23},
EN300-1911408,"A468,A543",2,,,,{78},,,,,,,,,,,{23},
EN300-3561803,"A468,A543",2,,,,{78},,,,,,,,,,,{23},
EN300-53290050,A543,1,,,,,,,,,,,,,,,{23},
EN300-7542240,"A468,A543",2,,,,{72},,,,,,,,,,,{23},
EN300-53962215,"A468,A543",2,,,,{77},,,,,,,,,,,{23},
EN300-53433160,"A468,A543",2,,,,{76},,,,,,,,,,,{23},
EN300-53445083,"A468,A543",2,,,,{75},,,,,,,,,,,{23},
EN300-207457,"A468,A543",2,,,,{77},,,,,,,,,,,{23},
EN300-7424819,A543,1,,,,,,,,,,,,,,,{23},
EN300-53289148,"A468,A543",2,,,,{80},,,,,,,,,,,{23},
EN300-53867432,"A538,A543",2,,,,,,,,,,{79},,,,,{23},
EN300-7446911,"A468,A543",2,,,,{90},,,,,,,,,,,{23},
EN300-31559798,A543,1,,,,,,,,,,,,,,,{23},
EN300-46446329,"A468,A543",2,,,,{82},,,,,,,,,,,{23},
EN300-1910669,"A468,A543",2,,,,{86},,,,,,,,,,,{23},
EN300-26862873,"A468,A543",2,,,,{89},,,,,,,,,,,{23},
EN300-7537734,"A468,A543",2,,,,{72},,,,,,,,,,,{23},
EN300-28302885,"A468,A543",2,,,,{79},,,,,,,,,,,{23},
EN300-53961443,"A468,A543",2,,,,{78},,,,,,,,,,,{23},
EN300-7470533,"A468,A543",2,,,,{84},,,,,,,,,,,{23},
EN300-53450158,A543,1,,,,,,,,,,,,,,,{23},
EN300-41815,"A468,A543",2,,,,{77},,,,,,,,,,,{23},
EN300-53288184,"A468,A543",2,,,,{89},,,,,,,,,,,{23},
EN300-27144699,"A468,A543",2,,,,{74},,,,,,,,,,,{23},
EN300-52992538,"A468,A543",2,,,,{74},,,,,,,,,,,{23},
EN300-117171,"A468,A543",2,,,,{72},,,,,,,,,,,{23},
EN300-6836465,"A468,A543",2,,,,{76},,,,,,,,,,,{23},
EN300-02927,"A468,A543",2,,,,{83},,,,,,,,,,,{23},
EN300-37286876,"A468,A543",2,,,,{76},,,,,,,,,,,{23},
EN300-8662637,"A468,A543",2,,,,{76},,,,,,,,,,,{23},
EN300-53961216,"A468,A543",2,,,,{77},,,,,,,,,,,{23},
EN300-2417498,"A468,A543",2,,,,{82},,,,,,,,,,,{23},
EN300-53961899,"A468,A543",2,,,,{78},,,,,,,,,,,{23},
EN300-706244,"A468,A543",2,,,,{78},,,,,,,,,,,{23},
EN300-2034767,A543,1,,,,,,,,,,,,,,,{23},
EN300-37152205,"A468,A473,A543",3,,,,{77},,,,{78},,,,,,,{23},
EN300-52473445,"A468,A543",2,,,,{83},,,,,,,,,,,{23},
EN300-51869761,"A468,A543",2,,,,{79},,,,,,,,,,,{23},
EN300-53864569,"A468,A543",2,,,,{79},,,,,,,,,,,{23},
EN300-252109,"A468,A543",2,,,,{78},,,,,,,,,,,{23},
EN300-53408330,"A468,A536,A543",3,,,,{82},,,,,,,{38},,,,{23},
EN300-52471853,"A468,A543",2,,,,{85},,,,,,,,,,,{23},
EN300-33327072,"A468,A543",2,,,,{80},,,,,,,,,,,{23},
EN300-71266,"A468,A543",2,,,,{77},,,,,,,,,,,{23},
EN300-37377273,"A468,A538,A543",3,,,,{79},,,,,,{83},,,,,{23},
EN300-53866610,"A468,A543",2,,,,{73},,,,,,,,,,,{23},
EN300-215388,"A468,A543",2,,,,{82},,,,,,,,,,,{23},
EN300-51745040,"A468,A543",2,,,,{77},,,,,,,,,,,{23},
EN300-39919264,"A467,A468,A543",3,,{78},,{78},,,,,,,,,,,{23},
EN300-53865082,"A468,A543",2,,,,{78},,,,,,,,,,,{23},
EN300-53443194,"A468,A543",2,,,,{88},,,,,,,,,,,{23},
EN300-7424352,"A468,A543",2,,,,{77},,,,,,,,,,,{23},
EN300-1654534,A543,1,,,,,,,,,,,,,,,{23},
EN300-234399,"A468,A543",2,,,,{75},,,,,,,,,,,{23},
EN300-54066090,"A468,A543",2,,,,{79},,,,,,,,,,,{23},
EN300-177785,"A468,A543",2,,,,{79},,,,,,,,,,,{23},
EN300-183272,"A468,A543",2,,,,{73},,,,,,,,,,,{23},
EN300-1666507,"A468,A543",2,,,,{78},,,,,,,,,,,{23},
EN300-28305417,"A468,A543",2,,,,{87},,,,,,,,,,,{23},
EN300-7691845,"A468,A543",2,,,,{75},,,,,,,,,,,{23},
EN300-53865679,"A468,A543",2,,,,{78},,,,,,,,,,,{23},
EN300-214557,A543,1,,,,,,,,,,,,,,,{23},
EN300-53437813,"A468,A543",2,,,,{81},,,,,,,,,,,{23},
EN300-227728,"A468,A543",2,,,,{83},,,,,,,,,,,{23},
EN300-51879916,"A468,A543",2,,,,{79},,,,,,,,,,,{23},
EN300-2941932,"A468,A543",2,,,,{74},,,,,,,,,,,{23},
EN300-7536475,"A467,A543",2,,{74},,,,,,,,,,,,,{23},
EN300-1211432,"A468,A543",2,,,,{76},,,,,,,,,,,{23},
EN300-227732,"A468,A543",2,,,,{80},,,,,,,,,,,{23},
EN300-53422264,"A467,A543",2,{43},,,,,,,,,,,,,,{23},
EN300-2414728,"A468,A543",2,,,,{81},,,,,,,,,,,{23},
EN300-45568180,A543,1,,,,,,,,,,,,,,,{23},
EN300-51995642,"A468,A543",2,,,,{76},,,,,,,,,,,{23},
EN300-306050,A543,1,,,,,,,,,,,,,,,{23},
EN300-37355852,"A468,A543",2,,,,{78},,,,,,,,,,,{23},
EN300-51744687,A543,1,,,,,,,,,,,,,,,{23},
EN300-26957580,"A468,A543",2,,,,{76},,,,,,,,,,,{23},
EN300-28301886,A543,1,,,,,,,,,,,,,,,{23},
EN300-52362446,A543,1,,,,,,,,,,,,,,,{23},
EN300-1081209,"A468,A543",2,,,,{72},,,,,,,,,,,{23},
EN300-45902304,"A468,A543",2,,,,{80},,,,,,,,,,,{23},
EN300-26865473,"A468,A543",2,,,,"{91, 87}",,,,,,,,,,,{23},
EN300-26980192,"A468,A543",2,,,,{75},,,,,,,,,,,{23},
EN300-47339330,"A468,A543",2,,,,{75},,,,,,,,,,,{23},
EN300-46898418,"A468,A473,A543",3,,,,{76},,,,{75},,,,,,,{23},
EN300-35946385,"A468,A543",2,,,,{79},,,,,,,,,,,{23},
EN300-53843727,"A468,A543",2,,,,{80},,,,,,,,,,,{23},
EN300-7859680,"A468,A543",2,,,,{82},,,,,,,,,,,{23},
EN300-45407109,"A468,A543",2,,,,{75},,,,,,,,,,,{23},
EN300-53867837,"A473,A543",2,,,,,,,,{80},,,,,,,{23},
EN300-45487742,"A468,A543",2,,,,{91},,,,,,,,,,,{23},
EN300-7727294,"A468,A543",2,,,,{83},,,,,,,,,,,{23},
EN300-53432901,"A467,A468,A543",3,{38},,,{82},,,,,,,,,,,{23},
EN300-2967218,"A468,A543",2,,,,{78},,,,,,,,,,,{23},
EN300-53437814,"A468,A543",2,,,,{85},,,,,,,,,,,{23},
EN300-53431173,A543,1,,,,,,,,,,,,,,,{23},
EN300-53963225,"A468,A543",2,,,,{78},,,,,,,,,,,{23},
EN300-22022364,"A467,A468,A543",3,,{73},,{74},,,,,,,,,,,{23},
EN300-24501122,"A468,A543",2,,,,{78},,,,,,,,,,,{23},
EN300-7371353,"A468,A543",2,,,,{79},,,,,,,,,,,{23},
EN300-47339328,"A468,A543",2,,,,{79},,,,,,,,,,,{23},
EN300-53431096,"A468,A543",2,,,,{84},,,,,,,,,,,{23},
EN300-222423,"A468,A543",2,,,,{74},,,,,,,,,,,{23},
EN300-120711,"A468,A543",2,,,,{78},,,,,,,,,,,{23},
EN300-53290714,"A468,A473,A543",3,,,,{74},,,,{83},,,,,,,{23},
EN300-6773961,"A468,A543",2,,,,{74},,,,,,,,,,,{23},
EN300-7427677,A543,1,,,,,,,,,,,,,,,{23},
EN300-123707,"A468,A543",2,,,,{81},,,,,,,,,,,{23},
EN300-46313803,"A468,A543",2,,,,{74},,,,,,,,,,,{23},
EN300-26870293,"A468,A543",2,,,,{78},,,,,,,,,,,{23},
EN300-45806022,"A468,A543",2,,,,{82},,,,,,,,,,,{23},
EN300-217781,"A468,A543",2,,,,{76},,,,,,,,,,,{23},
EN300-33336306,"A468,A543",2,,,,{84},,,,,,,,,,,{23},
EN300-24222335,"A468,A543",2,,,,{78},,,,,,,,,,,{23},
EN300-37099778,"A468,A543",2,,,,{73},,,,,,,,,,,{23},
EN300-3406337,A543,1,,,,,,,,,,,,,,,{23},
EN300-302015,"A468,A543",2,,,,{76},,,,,,,,,,,{23},
EN300-717689,"A468,A543",2,,,,{76},,,,,,,,,,,{23},
EN300-51745602,"A468,A543",2,,,,{79},,,,,,,,,,,{23},
EN300-53290049,A543,1,,,,,,,,,,,,,,,{23},
EN300-1703138,"A468,A543",2,,,,{82},,,,,,,,,,,{23},
EN300-27144699,"A468,A543",2,,,,{75},,,,,,,,,,,{23},
EN300-194895,"A468,A543",2,,,,{81},,,,,,,,,,,{23},
EN300-33048175,"A468,A543",2,,,,{77},,,,,,,,,,,{23},
EN300-41219921,"A468,A543",2,,,,{83},,,,,,,,,,,{23},
EN300-6827414,"A468,A543",2,,,,{84},,,,,,,,,,,{23},
EN300-65973,A543,1,,,,,,,,,,,,,,,{23},
EN300-7094773,"A468,A543",2,,,,{73},,,,,,,,,,,{23},
EN300-317511,"A468,A543",2,,,,{80},,,,,,,,,,,{23},
EN300-7426454,"A468,A543",2,,,,{78},,,,,,,,,,,{23},
EN300-28256584,"A468,A543",2,,,,{79},,,,,,,,,,,{23},
EN300-5188342,"A468,A543",2,,,,{83},,,,,,,,,,,{23},
EN300-53448356,"A468,A543",2,,,,{84},,,,,,,,,,,{23},
EN300-23915819,"A468,A543",2,,,,{76},,,,,,,,,,,{23},
EN300-363561,"A468,A543",2,,,,{74},,,,,,,,,,,{23},
EN300-46611536,"A468,A543",2,,,,{80},,,,,,,,,,,{23},
EN300-51745311,"A468,A543",2,,,,{79},,,,,,,,,,,{23},
EN300-6495515,"A468,A543",2,,,,{75},,,,,,,,,,,{23},
EN300-4260144,"A468,A543",2,,,,{76},,,,,,,,,,,{23},
EN300-7492553,A543,1,,,,,,,,,,,,,,,{23},
EN300-28263103,"A467,A543",2,,{79},,,,,,,,,,,,,{23},
EN300-19459647,"A468,A543",2,,,,{74},,,,,,,,,,,{23},
EN300-25089253,"A468,A543",2,,,,{75},,,,,,,,,,,{23},
EN300-53439827,"A468,A543",2,,,,{81},,,,,,,,,,,{23},
EN300-80015,"A468,A543",2,,,,{74},,,,,,,,,,,{23},
EN300-6515571,"A468,A543",2,,,,{76},,,,,,,,,,,{23},
EN300-129664,"A468,A543",2,,,,{75},,,,,,,,,,,{23},
EN300-52594389,"A468,A543",2,,,,{74},,,,,,,,,,,{23},
EN300-37287214,"A468,A543",2,,,,{74},,,,,,,,,,,{23},
EN300-46603784,"A468,A543",2,,,,{76},,,,,,,,,,,{23},
EN300-261826,"A467,A468,A543",3,{37},,,{74},,,,,,,,,,,{23},
EN300-61082,A543,1,,,,,,,,,,,,,,,{23},
EN300-53447850,"A468,A543",2,,,,{80},,,,,,,,,,,{23},
EN300-8269188,"A468,A543",2,,,,{82},,,,,,,,,,,{23},
EN300-5188342,A543,1,,,,,,,,,,,,,,,{23},
EN300-1988507,"A468,A543",2,,,,{77},,,,,,,,,,,{23},
EN300-53444851,"A468,A543",2,,,,{83},,,,,,,,,,,{23},
EN300-228831,"A468,A543",2,,,,{81},,,,,,,,,,,{23},
EN300-1986976,"A468,A543",2,,,,{73},,,,,,,,,,,{23},
EN300-307742,"A468,A543",2,,,,{78},,,,,,,,,,,{23},
EN300-7463495,"A468,A543",2,,,,{86},,,,,,,,,,,{23},
EN300-3082781,"A468,A543",2,,,,{79},,,,,,,,,,,{23},
EN300-37476126,"A468,A543",2,,,,{75},,,,,,,,,,,{23},
EN300-8845501,"A468,A543",2,,,,{82},,,,,,,,,,,{23},
EN300-3243042,"A468,A543",2,,,,{80},,,,,,,,,,,{23},
EN300-51850302,"A467,A543",2,,{82},,,,,,,,,,,,,{23},
EN300-719340,"A468,A543",2,,,,{90},,,,,,,,,,,{23},
EN300-53448515,"A468,A543",2,,,,{81},,,,,,,,,,,{23},
EN300-20821050,"A468,A543",2,,,,{72},,,,,,,,,,,{23},
EN300-53411177,"A468,A543",2,,,,{85},,,,,,,,,,,{23},
EN300-53444277,"A468,A543",2,,,,{77},,,,,,,,,,,{23},
EN300-53008322,"A468,A473,A543",3,,,,{76},,,,{80},,,,,,,{23},
EN300-01203,"A468,A543",2,,,,{73},,,,,,,,,,,{23},
EN300-2941949,"A468,A543",2,,,,{74},,,,,,,,,,,{23},
EN300-28295538,A543,1,,,,,,,,,,,,,,,{23},
EN300-53866121,"A467,A468,A543",3,{38},,,{77},,,,,,,,,,,{23},
EN300-3534968,"A468,A543",2,,,,{74},,,,,,,,,,,{23},
EN300-7050647,"A468,A543",2,,,,{73},,,,,,,,,,,{23},
EN300-125362,"A468,A543",2,,,,{80},,,,,,,,,,,{23},
EN300-53493250,"A468,A543",2,,,,{84},,,,,,,,,,,{23},
EN300-22976211,"A468,A543",2,,,,{84},,,,,,,,,,,{23},
EN300-53433396,"A467,A468,A543",3,{38},,,{80},,,,,,,,,,,{23},
EN300-53605874,"A468,A473,A543",3,,,,{74},,,,{73},,,,,,,{23},
EN300-6745384,"A468,A543",2,,,,{76},,,,,,,,,,,{23},
EN300-27147197,"A468,A543",2,,,,{80},,,,,,,,,,,{23},
EN300-46918224,"A468,A543",2,,,,{75},,,,,,,,,,,{23},
EN300-52552142,"A538,A543",2,,,,,,,,,,{77},,,,,{23},
EN300-7760285,"A468,A543",2,,,,{74},,,,,,,,,,,{23},
EN300-7446569,A543,1,,,,,,,,,,,,,,,{23},
EN300-7439139,A543,1,,,,,,,,,,,,,,,{23},
EN300-214473,"A468,A543",2,,,,{84},,,,,,,,,,,{23},
EN300-53963132,"A468,A543",2,,,,{76},,,,,,,,,,,{23},
EN300-16017680,"A468,A543",2,,,,{99},,,,,,,,,,,{23},
EN300-1708850,"A468,A543",2,,,,{81},,,,,,,,,,,{23},
EN300-53440627,"A468,A543",2,,,,{82},,,,,,,,,,,{23},
EN300-52541907,"A468,A543",2,,,,{83},,,,,,,,,,,{23},
EN300-1686958,"A468,A543",2,,,,{83},,,,,,,,,,,{23},
EN300-45671602,A543,1,,,,,,,,,,,,,,,{23},
EN300-45214230,"A467,A468,A543",3,,{74},,{75},,,,,,,,,,,{23},
EN300-6497179,"A468,A543",2,,,,{76},,,,,,,,,,,{23},
EN300-53866371,A543,1,,,,,,,,,,,,,,,{23},
EN300-46878609,"A468,A543",2,,,,{86},,,,,,,,,,,{23},
EN300-3221664,"A468,A543",2,,,,{79},,,,,,,,,,,{23},
EN300-260997,"A468,A543",2,,,,{75},,,,,,,,,,,{23},
EN300-7447120,"A468,A543",2,,,,{77},,,,,,,,,,,{23},
EN300-53963865,"A468,A543",2,,,,{77},,,,,,,,,,,{23},
EN300-53951,"A468,A543",2,,,,{77},,,,,,,,,,,{23},
EN300-126833,"A468,A543",2,,,,{82},,,,,,,,,,,{23},
EN300-53435522,"A468,A543",2,,,,{80},,,,,,,,,,,{23},
EN300-6734481,"A468,A536,A543",3,,,,{78},,,,,,,{43},,,,{23},
EN300-8591141,"A468,A543",2,,,,{80},,,,,,,,,,,{23},
EN300-6496448,"A468,A543",2,,,,{77},,,,,,,,,,,{23},
EN300-177076,"A468,A543",2,,,,{80},,,,,,,,,,,{23},
EN300-125254,"A468,A543",2,,,,{75},,,,,,,,,,,{23},
EN300-79432,"A468,A543",2,,,,{75},,,,,,,,,,,{23},
EN300-7430565,"A468,A543",2,,,,{83},,,,,,,,,,,{23},
EN300-6767050,"A468,A543",2,,,,{76},,,,,,,,,,,{23},
EN300-1605108,"A468,A543",2,,,,{72},,,,,,,,,,,{23},
EN300-62243,"A468,A543",2,,,,{81},,,,,,,,,,,{23},
EN300-45591241,"A468,A543",2,,,,{82},,,,,,,,,,,{23},
EN300-2981837,"A467,A543",2,,{81},,,,,,,,,,,,,{23},
EN300-51753079,"A467,A468,A536,A543",4,{55},{86},,{85},,,,,,,{55},,,,{23},
EN300-53961630,"A468,A543",2,,,,{77},,,,,,,,,,,{23},
EN300-37289998,A543,1,,,,,,,,,,,,,,,{23},
EN300-45918056,"A468,A543",2,,,,{79},,,,,,,,,,,{23},
EN300-6763059,"A468,A543",2,,,,{74},,,,,,,,,,,{23},
EN300-53866369,"A468,A543",2,,,,{90},,,,,,,,,,,{23},
EN300-6736981,"A468,A543",2,,,,{76},,,,,,,,,,,{23},
EN300-1453632,"A468,A543",2,,,,{79},,,,,,,,,,,{23},
EN300-28296431,"A468,A543",2,,,,{73},,,,,,,,,,,{23},
EN300-53865691,"A468,A543",2,,,,{83},,,,,,,,,,,{23},
EN300-27151207,"A467,A468,A543",3,,{77},,{77},,,,,,,,,,,{23},
EN300-53431757,"A468,A543",2,,,,{75},,,,,,,,,,,{23},
EN300-53914306,"A468,A543",2,,,,{75},,,,,,,,,,,{23},
EN300-258651,"A467,A468,A543",3,,{79},,{79},,,,,,,,,,,{23},
EN300-123475,"A468,A543",2,,,,{78},,,,,,,,,,,{23},
EN300-275629,"A468,A473,A543",3,,,,{81},,,,{79},,,,,,,{23},
EN300-37287830,"A468,A543",2,,,,{77},,,,,,,,,,,{23},
EN300-37282734,"A468,A543",2,,,,{74},,,,,,,,,,,{23},
EN300-176140,A543,1,,,,,,,,,,,,,,,{23},
EN300-27122282,"A468,A543",2,,,,{78},,,,,,,,,,,{23},
EN300-37287528,"A468,A543",2,,,,{77},,,,,,,,,,,{23},
EN300-45640709,A543,1,,,,,,,,,,,,,,,{23},
EN300-33132210,"A468,A543",2,,,,{74},,,,,,,,,,,{23},
EN300-27784343,"A468,A543",2,,,,{75},,,,,,,,,,,{23},
EN300-7443800,"A468,A543",2,,,,{73},,,,,,,,,,,{23},
EN300-7443801,"A468,A543",2,,,,{73},,,,,,,,,,,{23},
EN300-53285124,"A468,A543",2,,,,{86},,,,,,,,,,,{23},
EN300-160363,"A468,A543",2,,,,{75},,,,,,,,,,,{23},
EN300-53246238,"A468,A543",2,,,,{84},,,,,,,,,,,{23},
EN300-123080,"A468,A543",2,,,,{76},,,,,,,,,,,{23},
EN300-6933670,"A468,A543",2,,,,{74},,,,,,,,,,,{23},
EN300-373382,"A467,A543",2,,{75},,,,,,,,,,,,,{23},
EN300-53864408,"A468,A543",2,,,,{78},,,,,,,,,,,{23},
EN300-1923507,"A468,A543",2,,,,{87},,,,,,,,,,,{23},
EN300-103177,A543,1,,,,,,,,,,,,,,,{23},
EN300-272769,"A468,A543",2,,,,{77},,,,,,,,,,,{23},
EN300-7470533,"A468,A543",2,,,,{84},,,,,,,,,,,{23},
EN300-266269,A543,1,,,,,,,,,,,,,,,{23},
EN300-51850305,"A468,A543",2,,,,{76},,,,,,,,,,,{23},
EN300-26673296,"A468,A543",2,,,,{76},,,,,,,,,,,{23},
EN300-53961215,"A468,A543",2,,,,{77},,,,,,,,,,,{23},
EN300-193380,"A468,A543",2,,,,{83},,,,,,,,,,,{23},
EN300-45688195,"A467,A468,A543",3,{39},,,{75},,,,,,,,,,,{23},
EN300-201779,"A468,A543",2,,,,{76},,,,,,,,,,,{23},
EN300-53963712,"A468,A543",2,,,,{79},,,,,,,,,,,{23},
EN300-53443784,"A468,A543",2,,,,{77},,,,,,,,,,,{23},
EN300-51744412,"A468,A543",2,,,,{79},,,,,,,,,,,{23},
EN300-53435600,"A468,A543",2,,,,{82},,,,,,,,,,,{23},
EN300-6472851,"A468,A543",2,,,,{78},,,,,,,,,,,{23},
EN300-102539,"A468,A543",2,,,,{74},,,,,,,,,,,{23},
EN300-2980552,"A468,A543",2,,,,{80},,,,,,,,,,,{23},
EN300-28316411,"A468,A543",2,,,,{79},,,,,,,,,,,{23},
EN300-761176,"A468,A543",2,,,,{77},,,,,,,,,,,{23},
EN300-46882762,"A468,A543",2,,,,{82},,,,,,,,,,,{23},
EN300-2170729,"A468,A543",2,,,,{76},,,,,,,,,,,{23},
EN300-53864633,"A468,A543",2,,,,{74},,,,,,,,,,,{23},
EN300-8162479,"A468,A543",2,,,,{83},,,,,,,,,,,{23},
EN300-53864473,"A467,A543",2,,{79},,,,,,,,,,,,,{23},
EN300-362982,"A468,A543",2,,,,{77},,,,,,,,,,,{23},
EN300-37282733,"A468,A543",2,,,,{74},,,,,,,,,,,{23},
EN300-7447048,A543,1,,,,,,,,,,,,,,,{23},
EN300-53866699,"A468,A543",2,,,,{79},,,,,,,,,,,{23},
EN300-1699659,"A468,A543",2,,,,{77},,,,,,,,,,,{23},
EN300-384104,A543,1,,,,,,,,,,,,,,,{23},
EN300-6494558,A543,1,,,,,,,,,,,,,,,{23},
EN300-46624440,"A468,A543",2,,,,{84},,,,,,,,,,,{23},
EN300-51757359,"A468,A536,A543",3,,,,{84},,,,,,,{53},,,,{23},
EN300-07491,"A467,A468,A543",3,,{76},,{76},,,,,,,,,,,{23},
EN300-27685539,"A468,A543",2,,,,{84},,,,,,,,,,,{23},
EN300-7925608,"A467,A543",2,,{78},,,,,,,,,,,,,{23},
EN300-7446948,"A468,A543",2,,,,{76},,,,,,,,,,,{23},
EN300-53962149,"A467,A468,A473,A543",4,,{79},,{79},,,,{78},,,,,,,{23},
EN300-8939689,"A468,A543",2,,,,{77},,,,,,,,,,,{23},
EN300-26679079,"A468,A543",2,,,,{83},,,,,,,,,,,{23},
EN300-7926590,"A467,A543",2,,{79},,,,,,,,,,,,,{23},
EN300-50503,"A468,A543",2,,,,{75},,,,,,,,,,,{23},
EN300-3215386,"A468,A543",2,,,,{85},,,,,,,,,,,{23},
EN300-28243864,A543,1,,,,,,,,,,,,,,,{23},
EN300-132387,"A468,A543",2,,,,{77},,,,,,,,,,,{23},
EN300-46313803,"A468,A543",2,,,,{74},,,,,,,,,,,{23},
EN300-73531,"A468,A543",2,,,,{81},,,,,,,,,,,{23},
EN300-20834051,"A468,A543",2,,,,{74},,,,,,,,,,,{23},
EN300-6409054,"A468,A543",2,,,,{77},,,,,,,,,,,{23},
EN300-194877,"A468,A543",2,,,,{73},,,,,,,,,,,{23},
EN300-26862790,"A468,A543",2,,,,{87},,,,,,,,,,,{23},
EN300-1878355,"A468,A543",2,,,,{76},,,,,,,,,,,{23},
EN300-19462274,"A468,A543",2,,,,{76},,,,,,,,,,,{23},
EN300-21663111,"A468,A543",2,,,,{75},,,,,,,,,,,{23},
EN300-27734118,"A468,A543",2,,,,{79},,,,,,,,,,,{23},
EN300-12716262,"A468,A543",2,,,,{79},,,,,,,,,,,{23},
EN300-53597590,"A467,A543",2,,{81},,,,,,,,,,,,,{23},
EN300-227820,A543,1,,,,,,,,,,,,,,,{23},
EN300-6883908,"A468,A543",2,,,,{80},,,,,,,,,,,{23},
EN300-53868111,A543,1,,,,,,,,,,,,,,,{23},
EN300-331453,"A468,A543",2,,,,{74},,,,,,,,,,,{23},
EN300-51745903,"A468,A543",2,,,,{74},,,,,,,,,,,{23},
EN300-22849418,"A468,A543",2,,,,{74},,,,,,,,,,,{23},
EN300-132688,"A468,A543",2,,,,{80},,,,,,,,,,,{23},
EN300-1707449,"A468,A543",2,,,,{86},,,,,,,,,,,{23},
EN300-2938615,"A468,A543",2,,,,{76},,,,,,,,,,,{23},
EN300-53866974,"A468,A533,A543",3,,,,{88},,{78},,,,,,,,,{23},
EN300-53865284,A543,1,,,,,,,,,,,,,,,{23},
EN300-53435458,"A468,A543",2,,,,{77},,,,,,,,,,,{23},
EN300-9902188,"A467,A468,A543",3,,{80},,{78},,,,,,,,,,,{23},
EN300-217483,"A468,A543",2,,,,{80},,,,,,,,,,,{23},
EN300-47247293,"A468,A543",2,,,,{80},,,,,,,,,,,{23},
EN300-35573507,"A468,A543",2,,,,{76},,,,,,,,,,,{23},
EN300-37451134,A543,1,,,,,,,,,,,,,,,{23},
EN300-37342423,"A468,A543",2,,,,{86},,,,,,,,,,,{23},
EN300-51914781,"A468,A543",2,,,,{77},,,,,,,,,,,{23},
EN300-53867641,"A468,A543",2,,,,{79},,,,,,,,,,,{23},
EN300-53864564,"A468,A543",2,,,,{77},,,,,,,,,,,{23},
EN300-2003256,"A468,A543",2,,,,{74},,,,,,,,,,,{23},
EN300-53963865,A543,1,,,,,,,,,,,,,,,{23},
EN300-5059479,"A468,A543",2,,,,{78},,,,,,,,,,,{23},
EN300-1921752,"A468,A543",2,,,,{84},,,,,,,,,,,{23},
EN300-301381,"A468,A543",2,,,,{74},,,,,,,,,,,{23},
EN300-51743486,"A468,A543",2,,,,{77},,,,,,,,,,,{23},
EN300-269764,"A467,A468,A543",3,{37},,,{74},,,,,,,,,,,{23},
EN300-53867854,A543,1,,,,,,,,,,,,,,,{23},
EN300-51745354,"A468,A543",2,,,,{84},,,,,,,,,,,{23},
EN300-2978440,"A468,A543",2,,,,{77},,,,,,,,,,,{23},
EN300-47339317,"A468,A543",2,,,,{80},,,,,,,,,,,{23},
EN300-46902659,"A468,A543",2,,,,{87},,,,,,,,,,,{23},
EN300-207573,"A467,A468,A543",3,,{74},,{75},,,,,,,,,,,{23},
EN300-51661618,"A468,A543",2,,,,{82},,,,,,,,,,,{23},
EN300-53121218,"A468,A543",2,,,,{79},,,,,,,,,,,{23},
EN300-37104495,"A467,A543",2,,{76},,,,,,,,,,,,,{23},
EN300-53124826,"A468,A543",2,,,,{81},,,,,,,,,,,{23},
EN300-68534,"A467,A468,A543",3,,{73},,{74},,,,,,,,,,,{23},
EN300-196558,"A468,A543",2,,,,{97},,,,,,,,,,,{23},
EN300-53414785,"A468,A543",2,,,,{84},,,,,,,,,,,{23},
EN300-47375900,"A468,A543",2,,,,{88},,,,,,,,,,,{23},
EN300-6478405,"A468,A543",2,,,,{77},,,,,,,,,,,{23},
EN300-53447641,"A468,A543",2,,,,{80},,,,,,,,,,,{23},
EN300-52701614,"A468,A543",2,,,,{86},,,,,,,,,,,{23},
EN300-332849,"A468,A543",2,,,,{76},,,,,,,,,,,{23},
EN300-52012495,A543,1,,,,,,,,,,,,,,,{23},
EN300-6521418,"A468,A536,A543",3,,,,{83},,,,,,,{38},,,,{23},
EN300-292236,"A468,A473,A543",3,,,,{77},,,,{78},,,,,,,{23},
EN300-85139,"A468,A543",2,,,,{80},,,,,,,,,,,{23},
EN300-106630,"A468,A543",2,,,,{76},,,,,,,,,,,{23},
EN300-6490447,A543,1,,,,,,,,,,,,,,,{23},
EN300-331965,"A467,A543",2,,{84},,,,,,,,,,,,,{23},
EN300-37347565,"A536,A543",2,,,,,,,,,,,{45},,,,{23},
EN300-53440626,"A468,A543",2,,,,{78},,,,,,,,,,,{23},
EN300-366531,"A468,A543",2,,,,{85},,,,,,,,,,,{23},
EN300-53866646,"A468,A543",2,,,,{78},,,,,,,,,,,{23},
EN300-208812,"A468,A543",2,,,,{82},,,,,,,,,,,{23},
EN300-267238,A543,1,,,,,,,,,,,,,,,{23},
EN300-52413619,"A468,A543",2,,,,{75},,,,,,,,,,,{23},
EN300-140752,"A467,A468,A543",3,,{73},,{74},,,,,,,,,,,{23},
EN300-175268,"A468,A543",2,,,,{78},,,,,,,,,,,{23},
EN300-23000901,"A468,A543",2,,,,{78},,,,,,,,,,,{23},
EN300-28257442,A543,1,,,,,,,,,,,,,,,{23},
EN300-53435735,"A468,A543",2,,,,{76},,,,,,,,,,,{23},
EN300-205620,"A468,A543",2,,,,{79},,,,,,,,,,,{23},
EN300-250964,A543,1,,,,,,,,,,,,,,,{23},
EN300-53288215,"A468,A543",2,,,,{81},,,,,,,,,,,{23},
EN300-164196,"A468,A543",2,,,,{81},,,,,,,,,,,{23},
EN300-861943,"A468,A543",2,,,,{76},,,,,,,,,,,{23},
EN300-171741,"A468,A543",2,,,,{79},,,,,,,,,,,{23},
EN300-53439560,"A468,A543",2,,,,{78},,,,,,,,,,,{23},
EN300-1704125,"A467,A543",2,{40},,,,,,,,,,,,,,{23},
EN300-45947181,A543,1,,,,,,,,,,,,,,,{23},
EN300-253067,"A468,A543",2,,,,{82},,,,,,,,,,,{23},
EN300-720925,"A468,A543",2,,,,{74},,,,,,,,,,,{23},
EN300-53865727,"A468,A543",2,,,,{79},,,,,,,,,,,{23},
EN300-51911230,"A467,A468,A543",3,{37},,,{83},,,,,,,,,,,{23},
EN300-195085,"A468,A543",2,,,,{98},,,,,,,,,,,{23},
EN300-53449265,"A467,A468,A543",3,{46},,,{84},,,,,,,,,,,{23},
EN300-137493,"A468,A543",2,,,,{75},,,,,,,,,,,{23},
EN300-1644751,"A468,A543",2,,,,{73},,,,,,,,,,,{23},
EN300-127748,"A468,A543",2,,,,{78},,,,,,,,,,,{23},
EN300-1914947,"A468,A543",2,,,,{75},,,,,,,,,,,{23},
EN300-753139,"A468,A543",2,,,,{73},,,,,,,,,,,{23},
EN300-86082,"A468,A543",2,,,,{73},,,,,,,,,,,{23},
EN300-7968268,"A468,A543",2,,,,{75},,,,,,,,,,,{23},
EN300-62098,"A468,A543",2,,,,{78},,,,,,,,,,,{23},
EN300-37355827,"A468,A543",2,,,,{76},,,,,,,,,,,{23},
EN300-28299726,"A468,A543",2,,,,{78},,,,,,,,,,,{23},
EN300-45806061,"A468,A543",2,,,,{76},,,,,,,,,,,{23},
EN300-47339131,"A468,A543",2,,,,{76},,,,,,,,,,,{23},
EN300-2010092,A543,1,,,,,,,,,,,,,,,{23},
EN300-11687141,"A468,A543",2,,,,{81},,,,,,,,,,,{23},
EN300-8678870,"A468,A543",2,,,,{79},,,,,,,,,,,{23},
EN300-7426457,"A468,A543",2,,,,{78},,,,,,,,,,,{23},
EN300-1260482,"A468,A543",2,,,,{78},,,,,,,,,,,{23},
EN300-22154071,"A467,A468,A543",3,,{76},,{76},,,,,,,,,,,{23},
EN300-53434567,"A468,A543",2,,,,{78},,,,,,,,,,,{23},
EN300-4039481,"A468,A543",2,,,,{77},,,,,,,,,,,{23},
EN300-22853258,"A467,A543",2,,{78},,,,,,,,,,,,,{23},
EN300-70718,"A467,A468,A536,A543",4,,{84},,{85},,,,,,,{38},,,,{23},
EN300-53417935,A543,1,,,,,,,,,,,,,,,{23},
EN300-298054,A543,1,,,,,,,,,,,,,,,{23},
EN300-27748222,"A468,A543",2,,,,{74},,,,,,,,,,,{23},
EN300-53449844,"A536,A543",2,,,,,,,,,,,{35},,,,{23},
EN300-26278049,A543,1,,,,,,,,,,,,,,,{23},
EN300-53450331,"A468,A543",2,,,,{80},,,,,,,,,,,{23},
EN300-176887,"A467,A543",2,,{77},,,,,,,,,,,,,{23},
EN300-754637,"A468,A536,A543",3,,,,{84},,,,,,,{46},,,,{23},
EN300-28296131,"A468,A543",2,,,,{73},,,,,,,,,,,{23},
EN300-7719871,"A468,A543",2,,,,{75},,,,,,,,,,,{23},
EN300-3548232,"A468,A543",2,,,,{80},,,,,,,,,,,{23},
EN300-182171,"A468,A543",2,,,,{80},,,,,,,,,,,{23},
EN300-51852609,"A468,A543",2,,,,{76},,,,,,,,,,,{23},
EN300-51850304,"A468,A543",2,,,,{75},,,,,,,,,,,{23},
EN300-6490188,"A468,A543",2,,,,{75},,,,,,,,,,,{23},
EN300-53436122,"A468,A543",2,,,,{79},,,,,,,,,,,{23},
EN300-396347,A543,1,,,,,,,,,,,,,,,{23},
EN300-53421463,"A468,A543",2,,,,{75},,,,,,,,,,,{23},
EN300-53290706,"A467,A468,A543",3,,{76},,{75},,,,,,,,,,,{23},
EN300-53958413,"A468,A543",2,,,,{77},,,,,,,,,,,{23},
EN300-336932,"A468,A543",2,,,,{75},,,,,,,,,,,{23},
EN300-7442878,"A468,A543",2,,,,{77},,,,,,,,,,,{23},
EN300-53449761,"A468,A543",2,,,,{87},,,,,,,,,,,{23},
EN300-45884658,A543,1,,,,,,,,,,,,,,,{23},
EN300-1914441,"A468,A543",2,,,,{75},,,,,,,,,,,{23},
EN300-22200212,"A468,A543",2,,,,{74},,,,,,,,,,,{23},
EN300-53157126,"A468,A543",2,,,,{76},,,,,,,,,,,{23},
EN300-227538,"A468,A543",2,,,,{78},,,,,,,,,,,{23},
EN300-1462277,"A468,A543",2,,,,{75},,,,,,,,,,,{23},
EN300-16017680,"A468,A543",2,,,,{99},,,,,,,,,,,{23},
EN300-39917048,"A468,A473,A543",3,,,,{81},,,,{82},,,,,,,{23},
EN300-37430043,A543,1,,,,,,,,,,,,,,,{23},
EN300-1723683,"A468,A543",2,,,,{83},,,,,,,,,,,{23},
EN300-1073073,"A468,A543",2,,,,{76},,,,,,,,,,,{23},
EN300-7382121,"A468,A543",2,,,,{77},,,,,,,,,,,{23},
EN300-1168856,"A468,A538,A543",3,,,,{77},,,,,,{74},,,,,{23},
EN300-278400,"A468,A543",2,,,,{74},,,,,,,,,,,{23},
EN300-6775769,"A468,A543",2,,,,{81},,,,,,,,,,,{23},
EN300-37400010,"A468,A543",2,,,,{75},,,,,,,,,,,{23},
EN300-43357123,"A468,A543",2,,,,{75},,,,,,,,,,,{23},
EN300-53290523,"A468,A543",2,,,,{85},,,,,,,,,,,{23},
EN300-53441783,"A468,A543",2,,,,{81},,,,,,,,,,,{23},
EN300-23541813,"A468,A543",2,,,,{78},,,,,,,,,,,{23},
EN300-45271141,A543,1,,,,,,,,,,,,,,,{23},
EN300-53962144,A543,1,,,,,,,,,,,,,,,{23},
EN300-53865178,A543,1,,,,,,,,,,,,,,,{23},
EN300-53961981,"A468,A543",2,,,,{76},,,,,,,,,,,{23},
EN300-2980682,"A468,A543",2,,,,{76},,,,,,,,,,,{23},
EN300-53434252,"A468,A543",2,,,,{81},,,,,,,,,,,{23},
EN300-624354,"A468,A543",2,,,,{72},,,,,,,,,,,{23},
EN300-103507,"A468,A543",2,,,,{74},,,,,,,,,,,{23},
EN300-27106072,"A468,A543",2,,,,{76},,,,,,,,,,,{23},
EN300-1709230,"A468,A543",2,,,,{75},,,,,,,,,,,{23},
EN300-52655666,"A468,A543",2,,,,{79},,,,,,,,,,,{23},
EN300-45620119,"A467,A468,A543",3,,{77},,{77},,,,,,,,,,,{23},
EN300-37293032,"A468,A543",2,,,,{76},,,,,,,,,,,{23},
EN300-6768619,"A468,A543",2,,,,{82},,,,,,,,,,,{23},
EN300-2950157,"A468,A543",2,,,,{73},,,,,,,,,,,{23},
EN300-46986639,"A468,A543",2,,,,{83},,,,,,,,,,,{23},
EN300-6474027,A543,1,,,,,,,,,,,,,,,{23},
EN300-1721153,"A468,A543",2,,,,{76},,,,,,,,,,,{23},
EN300-8391230,"A468,A543",2,,,,{76},,,,,,,,,,,{23},
EN300-27146889,"A468,A543",2,,,,{82},,,,,,,,,,,{23},
EN300-46214845,"A468,A543",2,,,,{88},,,,,,,,,,,{23},
EN300-53962261,"A468,A543",2,,,,{78},,,,,,,,,,,{23},
EN300-8572850,"A468,A536,A543",3,,,,{83},,,,,,,{37},,,,{23},
EN300-126726,"A468,A538,A543",3,,,,{76},,,,,,{72},,,,,{23},
EN300-37288490,"A468,A543",2,,,,{79},,,,,,,,,,,{23},
EN300-26678077,"A468,A543",2,,,,{99},,,,,,,,,,,{23},
EN300-19002879,"A468,A543",2,,,,{73},,,,,,,,,,,{23},
EN300-53962598,"A468,A543",2,,,,"{78, 79}",,,,,,,,,,,{23},
EN300-27712648,"A467,A543",2,,{79},,,,,,,,,,,,,{23},
EN300-53963713,"A468,A543",2,,,,{79},,,,,,,,,,,{23},
EN300-156393,"A468,A543",2,,,,{81},,,,,,,,,,,{23},
EN300-45689532,"A468,A543",2,,,,{77},,,,,,,,,,,{23},
EN300-2056101,"A468,A543",2,,,,{82},,,,,,,,,,,{23},
EN300-53604366,"A468,A543",2,,,,{98},,,,,,,,,,,{23},
EN300-6514478,"A468,A543",2,,,,{75},,,,,,,,,,,{23},
EN300-53962217,"A468,A543",2,,,,{77},,,,,,,,,,,{23},
EN300-322097,"A468,A543",2,,,,{76},,,,,,,,,,,{23},
EN300-46894545,A543,1,,,,,,,,,,,,,,,{23},
EN300-7399503,"A468,A543",2,,,,{75},,,,,,,,,,,{23},
EN300-53168830,"A468,A543",2,,,,{73},,,,,,,,,,,{23},
EN300-3232364,A543,1,,,,,,,,,,,,,,,{23},
EN300-53428892,"A468,A543",2,,,,{81},,,,,,,,,,,{23},
EN300-8532031,"A468,A543",2,,,,{79},,,,,,,,,,,{23},
EN300-2417498,"A468,A543",2,,,,{83},,,,,,,,,,,{23},
EN300-6770087,"A468,A543",2,,,,{77},,,,,,,,,,,{23},
EN300-753139,"A468,A543",2,,,,{73},,,,,,,,,,,{23},
EN300-226379,"A467,A543",2,,{77},,,,,,,,,,,,,{23},
EN300-2915257,"A468,A543",2,,,,{79},,,,,,,,,,,{23},
EN300-7356852,"A468,A543",2,,,,{79},,,,,,,,,,,{23},
EN300-6777469,"A468,A543",2,,,,{76},,,,,,,,,,,{23},
EN300-53441782,"A468,A543",2,,,,{77},,,,,,,,,,,{23},
EN300-4390005,"A468,A543",2,,,,{82},,,,,,,,,,,{23},
EN300-2002670,"A468,A543",2,,,,{82},,,,,,,,,,,{23},
EN300-6515369,"A468,A543",2,,,,{76},,,,,,,,,,,{23},
EN300-261364,"A468,A543",2,,,,{73},,,,,,,,,,,{23},
EN300-278858,"A468,A536,A543",3,,,,{83},,,,,,,{37},,,,{23},
EN300-53962604,"A468,A543",2,,,,{78},,,,,,,,,,,{23},
EN300-53449354,"A467,A468,A543",3,,{74},,{73},,,,,,,,,,,{23},
EN300-53867483,"A468,A543",2,,,,{78},,,,,,,,,,,{23},
EN300-106870,"A468,A543",2,,,,{75},,,,,,,,,,,{23},
EN300-6733068,"A468,A543",2,,,,{74},,,,,,,,,,,{23},
EN300-1240436,"A468,A543",2,,,,{74},,,,,,,,,,,{23},
EN300-196558,A543,1,,,,,,,,,,,,,,,{23},
EN300-53432231,"A468,A543",2,,,,{79},,,,,,,,,,,{23},
EN300-3051119,"A468,A543",2,,,,{83},,,,,,,,,,,{23},
EN300-44832760,"A468,A543",2,,,,{82},,,,,,,,,,,{23},
EN300-1694122,A543,1,,,,,,,,,,,,,,,{23},
EN300-131551,A543,1,,,,,,,,,,,,,,,{23},
EN300-6775286,"A468,A543",2,,,,{74},,,,,,,,,,,{23},
EN300-1240456,"A468,A543",2,,,,{74},,,,,,,,,,,{23},
EN300-7047573,A543,1,,,,,,,,,,,,,,,{23},
EN300-310366,"A468,A543",2,,,,{74},,,,,,,,,,,{23},
EN300-7411164,"A468,A543",2,,,,{76},,,,,,,,,,,{23},
EN300-6767096,"A468,A543",2,,,,{83},,,,,,,,,,,{23},
EN300-1887084,"A468,A543",2,,,,{80},,,,,,,,,,,{23},
EN300-18643470,A543,1,,,,,,,,,,,,,,,{23},
EN300-43357114,"A468,A543",2,,,,{83},,,,,,,,,,,{23},
EN300-716404,"A468,A543",2,,,,{76},,,,,,,,,,,{23},
EN300-51744116,"A468,A543",2,,,,{74},,,,,,,,,,,{23},
EN300-52698224,A543,1,,,,,,,,,,,,,,,{23},
EN300-133892,"A468,A543",2,,,,{80},,,,,,,,,,,{23},
EN300-123171,"A468,A543",2,,,,{78},,,,,,,,,,,{23},
EN300-7408727,A543,1,,,,,,,,,,,,,,,{23},
EN300-7394775,"A468,A543",2,,,,{74},,,,,,,,,,,{23},
EN300-66523,"A467,A543",2,,{79},,,,,,,,,,,,,{23},
EN300-43381900,"A468,A543",2,,,,{82},,,,,,,,,,,{23},
EN300-37287815,"A468,A543",2,,,,{77},,,,,,,,,,,{23},
EN300-37086358,"A468,A543",2,,,,{75},,,,,,,,,,,{23},
EN300-221798,"A467,A543",2,,{77},,,,,,,,,,,,,{23},
EN300-52351715,"A467,A468,A543",3,,{74},,{75},,,,,,,,,,,{23},
EN300-53426168,"A468,A543",2,,,,{80},,,,,,,,,,,{23},
EN300-7352439,"A468,A543",2,,,,{74},,,,,,,,,,,{23},
EN300-51758215,"A468,A536,A543",3,,,,{84},,,,,,,{54},,,,{23},
EN300-4423499,"A468,A543",2,,,,{80},,,,,,,,,,,{23},
EN300-7437778,"A468,A543",2,,,,{80},,,,,,,,,,,{23},
EN300-7936923,"A467,A543",2,,{75},,,,,,,,,,,,,{23},
EN300-52239585,"A468,A543",2,,,,{77},,,,,,,,,,,{23},
EN300-39879133,A543,1,,,,,,,,,,,,,,,{23},
EN300-37287547,"A468,A543",2,,,,{76},,,,,,,,,,,{23},
EN300-124398,"A468,A543",2,,,,{71},,,,,,,,,,,{23},
EN300-45589991,"A468,A543",2,,,,{76},,,,,,,,,,,{23},
EN300-46614820,"A468,A543",2,,,,{82},,,,,,,,,,,{23},
EN300-45888954,A543,1,,,,,,,,,,,,,,,{23},
EN300-196366,A543,1,,,,,,,,,,,,,,,{23},
EN300-49522,"A468,A543",2,,,,{77},,,,,,,,,,,{23},
EN300-761744,"A468,A543",2,,,,{75},,,,,,,,,,,{23},
EN300-46970764,A543,1,,,,,,,,,,,,,,,{23},
EN300-53427648,"A468,A543",2,,,,{83},,,,,,,,,,,{23},
EN300-295973,"A468,A543",2,,,,{78},,,,,,,,,,,{23},
EN300-53411,"A468,A543",2,,,,{78},,,,,,,,,,,{23},
EN300-33048431,"A468,A543",2,,,,{78},,,,,,,,,,,{23},
EN300-53592578,"A468,A543",2,,,,{78},,,,,,,,,,,{23},
EN300-53432485,"A468,A543",2,,,,{80},,,,,,,,,,,{23},
EN300-1915167,"A468,A543",2,,,,{73},,,,,,,,,,,{23},
EN300-27143290,"A468,A543",2,,,,{72},,,,,,,,,,,{23},
EN300-7540404,"A468,A543",2,,,,{74},,,,,,,,,,,{23},
EN300-72588,"A468,A543",2,,,,{78},,,,,,,,,,,{23},
EN300-295608,"A468,A543",2,,,,{78},,,,,,,,,,,{23},
EN300-5072142,"A468,A543",2,,,,{83},,,,,,,,,,,{23},
EN300-51469778,A543,1,,,,,,,,,,,,,,,{23},
EN300-98948,A543,1,,,,,,,,,,,,,,,{23},
EN300-1073509,A543,1,,,,,,,,,,,,,,,{23},
EN300-28291198,"A468,A543",2,,,,{73},,,,,,,,,,,{23},
EN300-30076090,"A468,A543",2,,,,{78},,,,,,,,,,,{23},
EN300-53837313,"A468,A543",2,,,,{80},,,,,,,,,,,{23},
EN300-53422045,"A468,A543",2,,,,{80},,,,,,,,,,,{23},
EN300-45918054,"A468,A543",2,,,,{79},,,,,,,,,,,{23},
EN300-7408399,"A468,A543",2,,,,{72},,,,,,,,,,,{23},
EN300-22057257,A543,1,,,,,,,,,,,,,,,{23},
EN300-36480657,"A467,A543",2,,{80},,,,,,,,,,,,,{23},
EN300-32274642,"A468,A543",2,,,,{75},,,,,,,,,,,{23},
EN300-22821149,A543,1,,,,,,,,,,,,,,,{23},
EN300-8186648,"A468,A543",2,,,,{81},,,,,,,,,,,{23},
EN300-7096311,"A468,A543",2,,,,{76},,,,,,,,,,,{23},
EN300-26209887,A543,1,,,,,,,,,,,,,,,{23},
EN300-254938,"A468,A543",2,,,,"{78, 79}",,,,,,,,,,,{23},
EN300-53168728,"A468,A543",2,,,,{80},,,,,,,,,,,{23},
EN300-98893,"A468,A543",2,,,,{79},,,,,,,,,,,{23},
EN300-43356320,"A468,A543",2,,,,{82},,,,,,,,,,,{23},
EN300-51742353,A543,1,,,,,,,,,,,,,,,{23},
EN300-1983164,"A468,A543",2,,,,{80},,,,,,,,,,,{23},
EN300-78117,"A468,A543",2,,,,{81},,,,,,,,,,,{23},
EN300-22976211,"A468,A543",2,,,,{79},,,,,,,,,,,{23},
EN300-51818055,"A468,A543",2,,,,{79},,,,,,,,,,,{23},
EN300-7343788,"A468,A543",2,,,,{74},,,,,,,,,,,{23},
EN300-7499424,"A468,A543",2,,,,{73},,,,,,,,,,,{23},
EN300-271009,"A468,A543",2,,,,{76},,,,,,,,,,,{23},
EN300-37286864,"A468,A543",2,,,,{76},,,,,,,,,,,{23},
EN300-7472113,"A468,A543",2,,,,{74},,,,,,,,,,,{23},
EN300-53846457,"A467,A468,A543",3,{40},,,{77},,,,,,,,,,,{23},
EN300-73087,"A468,A543",2,,,,{80},,,,,,,,,,,{23},
EN300-53865319,"A468,A543",2,,,,{83},,,,,,,,,,,{23},
EN300-3218357,"A468,A543",2,,,,{80},,,,,,,,,,,{23},
EN300-91697,"A467,A468,A543",3,{43},,,{79},,,,,,,,,,,{23},
EN300-6823907,"A468,A543",2,,,,{74},,,,,,,,,,,{23},
EN300-37289708,"A468,A543",2,,,,{79},,,,,,,,,,,{23},
EN300-53442760,"A468,A543",2,,,,{81},,,,,,,,,,,{23},
EN300-45188215,"A468,A543",2,,,,{94},,,,,,,,,,,{23},
EN300-269827,"A467,A468,A543",3,,{86},,{82},,,,,,,,,,,{23},
EN300-51746636,"A468,A543",2,,,,{76},,,,,,,,,,,{23},
EN300-2967681,"A467,A543",2,,{79},,,,,,,,,,,,,{23},
EN300-7863301,A543,1,,,,,,,,,,,,,,,{23},
EN300-46591186,"A468,A543",2,,,,{78},,,,,,,,,,,{23},
EN300-53866904,"A468,A543",2,,,,{78},,,,,,,,,,,{23},
EN300-15715,"A468,A543",2,,,,{74},,,,,,,,,,,{23},
EN300-37289023,A543,1,,,,,,,,,,,,,,,{23},
EN300-37393978,"A468,A543",2,,,,{77},,,,,,,,,,,{23},
EN300-6487611,"A468,A538,A543",3,,,,{74},,,,,,{75},,,,,{23},
EN300-52474322,A543,1,,,,,,,,,,,,,,,{23},
EN300-314758,"A468,A543",2,,,,{75},,,,,,,,,,,{23},
EN300-72866,"A468,A543",2,,,,{95},,,,,,,,,,,{23},
EN300-45487867,"A468,A543",2,,,,{82},,,,,,,,,,,{23},
EN300-53290763,"A468,A543",2,,,,{83},,,,,,,,,,,{23},
EN300-1692631,"A467,A543",2,,{76},,,,,,,,,,,,,{23},
EN300-7550060,"A468,A543",2,,,,{79},,,,,,,,,,,{23},
EN300-26862790,"A468,A543",2,,,,{87},,,,,,,,,,,{23},
EN300-53444836,"A468,A543",2,,,,{81},,,,,,,,,,,{23},
EN300-53343430,"A468,A543",2,,,,{76},,,,,,,,,,,{23},
EN300-27721015,"A468,A543",2,,,,{78},,,,,,,,,,,{23},
EN300-51745293,"A468,A543",2,,,,{79},,,,,,,,,,,{23},
EN300-01208,"A468,A543",2,,,,{81},,,,,,,,,,,{23},
EN300-28293838,"A468,A473,A543",3,,,,{75},,,,{74},,,,,,,{23},
EN300-251611,"A467,A543",2,,{82},,,,,,,,,,,,,{23},
EN300-45912130,"A468,A543",2,,,,{81},,,,,,,,,,,{23},
EN300-53415280,"A468,A543",2,,,,{84},,,,,,,,,,,{23},
EN300-02742,"A468,A543",2,,,,{82},,,,,,,,,,,{23},
EN300-7446962,A543,1,,,,,,,,,,,,,,,{23},
EN300-110230,"A468,A543",2,,,,{79},,,,,,,,,,,{23},
EN300-53837231,"A468,A473,A536,A543",4,,,,{81},,,,{80},,,{47},,,,{23},
EN300-53865085,"A468,A543",2,,,,{79},,,,,,,,,,,{23},
EN300-45638878,"A468,A543",2,,,,{73},,,,,,,,,,,{23},
EN300-53865849,A543,1,,,,,,,,,,,,,,,{23},
EN300-51855251,"A468,A543",2,,,,{78},,,,,,,,,,,{23},
EN300-9010908,A543,1,,,,,,,,,,,,,,,{23},
EN300-42282,"A468,A543",2,,,,{75},,,,,,,,,,,{23},
EN300-1246560,"A468,A543",2,,,,{78},,,,,,,,,,,{23},
EN300-45902319,A543,1,,,,,,,,,,,,,,,{23},
EN300-52223263,"A468,A543",2,,,,{80},,,,,,,,,,,{23},
EN300-255459,A543,1,,,,,,,,,,,,,,,{23},
EN300-1721221,"A468,A543",2,,,,{73},,,,,,,,,,,{23},
EN300-53845366,"A467,A543",2,,{90},,,,,,,,,,,,,{23},
EN300-86225,"A467,A543",2,,{75},,,,,,,,,,,,,{23},
EN300-2959462,"A468,A543",2,,,,{76},,,,,,,,,,,{23},
EN300-160252,A543,1,,,,,,,,,,,,,,,{23},
EN300-3466955,"A468,A543",2,,,,{75},,,,,,,,,,,{23},
EN300-278444,"A467,A468,A543",3,,{73},,{75},,,,,,,,,,,{23},
EN300-53450710,"A468,A543",2,,,,{80},,,,,,,,,,,{23},
EN300-1925951,A543,1,,,,,,,,,,,,,,,{23},
EN300-52827193,"A468,A543",2,,,,{81},,,,,,,,,,,{23},
EN300-270114,"A468,A543",2,,,,{73},,,,,,,,,,,{23},
EN300-7627350,"A467,A468,A543",3,,{75},,{75},,,,,,,,,,,{23},
EN300-1617971,"A467,A468,A543",3,{37},,,{75},,,,,,,,,,,{23},
EN300-53963236,"A468,A543",2,,,,{78},,,,,,,,,,,{23},
EN300-338260,A543,1,,,,,,,,,,,,,,,{23},
EN300-53865626,"A468,A543",2,,,,{81},,,,,,,,,,,{23},
EN300-27193417,A543,1,,,,,,,,,,,,,,,{23},
EN300-7397934,"A468,A543",2,,,,{76},,,,,,,,,,,{23},
EN300-22313073,"A468,A543",2,,,,{77},,,,,,,,,,,{23},
EN300-46885176,A543,1,,,,,,,,,,,,,,,{23},
EN300-256529,"A468,A543",2,,,,{74},,,,,,,,,,,{23},
EN300-53867161,A543,1,,,,,,,,,,,,,,,{23},
EN300-194192,"A468,A543",2,,,,{73},,,,,,,,,,,{23},
EN300-53963544,"A468,A543",2,,,,{77},,,,,,,,,,,{23},
EN300-77451,"A468,A543",2,,,,{78},,,,,,,,,,,{23},
EN300-6491535,"A468,A543",2,,,,{72},,,,,,,,,,,{23},
EN300-77240,A543,1,,,,,,,,,,,,,,,{23},
EN300-37098685,A543,1,,,,,,,,,,,,,,,{23},
EN300-68666,"A467,A468,A543",3,,{73},,{74},,,,,,,,,,,{23},
EN300-1688040,"A468,A543",2,,,,"{77, 78}",,,,,,,,,,,{23},
EN300-28246917,"A468,A543",2,,,,{82},,,,,,,,,,,{23},
EN300-53427780,"A468,A543",2,,,,{89},,,,,,,,,,,{23},
EN300-33292793,"A468,A543",2,,,,{84},,,,,,,,,,,{23},
EN300-214855,A543,1,,,,,,,,,,,,,,,{23},
EN300-6495042,"A468,A543",2,,,,{73},,,,,,,,,,,{23},
EN300-7464416,"A468,A543",2,,,,{75},,,,,,,,,,,{23},
EN300-318309,"A468,A543",2,,,,{75},,,,,,,,,,,{23},
EN300-283816,"A468,A543",2,,,,{77},,,,,,,,,,,{23},
EN300-37289014,A543,1,,,,,,,,,,,,,,,{23},
EN300-7429802,"A468,A543",2,,,,{88},,,,,,,,,,,{23},
EN300-25696,"A467,A468,A543",3,,{73},,{74},,,,,,,,,,,{23},
EN300-6297753,"A468,A543",2,,,,{76},,,,,,,,,,,{23},
EN300-3607044,A543,1,,,,,,,,,,,,,,,{23},
EN300-47316673,"A468,A543",2,,,,{76},,,,,,,,,,,{23},
EN300-46885570,"A468,A543",2,,,,{76},,,,,,,,,,,{23},
EN300-53962261,"A468,A543",2,,,,{76},,,,,,,,,,,{23},
EN300-28301892,"A468,A543",2,,,,{75},,,,,,,,,,,{23},
EN300-51746651,"A468,A543",2,,,,{79},,,,,,,,,,,{23},
EN300-66685,"A468,A543",2,,,,{82},,,,,,,,,,,{23},
EN300-37293772,"A468,A543",2,,,,{76},,,,,,,,,,,{23},
EN300-45242589,A543,1,,,,,,,,,,,,,,,{23},
EN300-37407275,"A467,A468,A543",3,,{77},,{78},,,,,,,,,,,{23},
EN300-752460,"A468,A543",2,,,,{79},,,,,,,,,,,{23},
EN300-8097500,"A468,A543",2,,,,{86},,,,,,,,,,,{23},
EN300-53866254,A543,1,,,,,,,,,,,,,,,{23},
EN300-54073404,A543,1,,,,,,,,,,,,,,,{23},
EN300-51743183,"A468,A543",2,,,,{78},,,,,,,,,,,{23},
EN300-7439787,A543,1,,,,,,,,,,,,,,,{23},
EN300-77167,"A468,A543",2,,,,{97},,,,,,,,,,,{23},
EN300-43663,"A468,A543",2,,,,{75},,,,,,,,,,,{23},
EN300-97955,A543,1,,,,,,,,,,,,,,,{23},
EN300-53445173,A543,1,,,,,,,,,,,,,,,{23},
EN300-52844182,"A468,A543",2,,,,{80},,,,,,,,,,,{23},
EN300-59888,"A468,A543",2,,,,{78},,,,,,,,,,,{23},
EN300-53429898,"A468,A543",2,,,,{80},,,,,,,,,,,{23},
EN300-53450782,A543,1,,,,,,,,,,,,,,,{23},
EN300-154847,"A468,A543",2,,,,{89},,,,,,,,,,,{23},
EN300-26968668,"A468,A543",2,,,,{74},,,,,,,,,,,{23},
EN300-135365,A543,1,,,,,,,,,,,,,,,{23},
EN300-51743211,"A468,A543",2,,,,{77},,,,,,,,,,,{23},
EN300-53788934,"A467,A543",2,,{77},,,,,,,,,,,,,{23},
EN300-1264640,A543,1,,,,,,,,,,,,,,,{23},
EN300-1707772,"A468,A543",2,,,,{72},,,,,,,,,,,{23},
EN300-19054033,"A468,A543",2,,,,{81},,,,,,,,,,,{23},
EN300-1896301,A543,1,,,,,,,,,,,,,,,{23},
EN300-5035889,A543,1,,,,,,,,,,,,,,,{23},
EN300-3022904,"A468,A543",2,,,,{76},,,,,,,,,,,{23},
EN300-30839280,"A468,A543",2,,,,{80},,,,,,,,,,,{23},
EN300-53438668,"A468,A543",2,,,,{76},,,,,,,,,,,{23},
EN300-47079148,"A468,A543",2,,,,{82},,,,,,,,,,,{23},
EN300-52099299,"A468,A543",2,,,,{87},,,,,,,,,,,{23},
EN300-6732427,"A468,A543",2,,,,{78},,,,,,,,,,,{23},
EN300-4263258,"A467,A543",2,,{76},,,,,,,,,,,,,{23},
EN300-7674036,"A468,A543",2,,,,{73},,,,,,,,,,,{23},
EN300-53867311,"A468,A543",2,,,,{73},,,,,,,,,,,{23},
EN300-134146,"A468,A543",2,,,,{80},,,,,,,,,,,{23},
EN300-22385927,"A468,A543",2,,,,{81},,,,,,,,,,,{23},
EN300-53433858,A543,1,,,,,,,,,,,,,,,{23},
EN300-278481,"A467,A468,A543",3,,{77},,{76},,,,,,,,,,,{23},
EN300-53447862,A543,1,,,,,,,,,,,,,,,{23},
EN300-27108746,"A468,A543",2,,,,{79},,,,,,,,,,,{23},
EN300-25049975,"A468,A543",2,,,,{75},,,,,,,,,,,{23},
EN300-27692291,"A468,A543",2,,,,{80},,,,,,,,,,,{23},
EN300-1894705,"A468,A543",2,,,,{74},,,,,,,,,,,{23},
EN300-5188342,"A468,A543",2,,,,{83},,,,,,,,,,,{23},
EN300-260315,"A468,A543",2,,,,{75},,,,,,,,,,,{23},
EN300-1722602,"A468,A543",2,,,,{84},,,,,,,,,,,{23},
EN300-211083,A543,1,,,,,,,,,,,,,,,{23},
EN300-1910603,"A468,A543",2,,,,{79},,,,,,,,,,,{23},
EN300-37480369,"A468,A543",2,,,,{88},,,,,,,,,,,{23},
EN300-28319851,"A468,A543",2,,,,{88},,,,,,,,,,,{23},
EN300-53866731,"A468,A473,A543",3,,,,{79},,,,{77},,,,,,,{23},
EN300-53867869,"A468,A543",2,,,,{81},,,,,,,,,,,{23},
EN300-51664246,A543,1,,,,,,,,,,,,,,,{23},
EN300-719103,"A468,A543",2,,,,{78},,,,,,,,,,,{23},
EN300-53278834,"A468,A543",2,,,,{78},,,,,,,,,,,{23},
EN300-53430669,"A467,A543",2,,{83},,,,,,,,,,,,,{23},
EN300-37288479,"A468,A543",2,,,,{78},,,,,,,,,,,{23},
EN300-6518846,"A468,A536,A543",3,,,,{83},,,,,,,{39},,,,{23},
EN300-77534,"A468,A536,A543",3,,,,{80},,,,,,,{35},,,,{23},
EN300-12589239,"A468,A543",2,,,,{79},,,,,,,,,,,{23},
EN300-261907,A543,1,,,,,,,,,,,,,,,{23},
EN300-260464,"A467,A543",2,,{76},,,,,,,,,,,,,{23},
EN300-393173,"A468,A543",2,,,,{81},,,,,,,,,,,{23},
EN300-20835447,"A468,A543",2,,,,{75},,,,,,,,,,,{23},
EN300-277730,"A536,A543",2,,,,,,,,,,,{38},,,,{23},
EN300-3007044,"A468,A543",2,,,,{76},,,,,,,,,,,{23},
EN300-37371777,"A468,A543",2,,,,{79},,,,,,,,,,,{23},
EN300-53423132,A543,1,,,,,,,,,,,,,,,{23},
EN300-28292778,"A468,A543",2,,,,{74},,,,,,,,,,,{23},
EN300-250607,"A468,A543",2,,,,{82},,,,,,,,,,,{23},
EN300-26572443,"A468,A543",2,,,,{83},,,,,,,,,,,{23},
EN300-8690230,"A468,A543",2,,,,{86},,,,,,,,,,,{23},
EN300-246913,"A468,A473,A543",3,,,,{96},,,,{95},,,,,,,{23},
EN300-37382987,"A468,A543",2,,,,{77},,,,,,,,,,,{23},
EN300-46745385,"A468,A543",2,,,,{80},,,,,,,,,,,{23},
EN300-1073075,"A468,A543",2,,,,{76},,,,,,,,,,,{23},
EN300-53435971,A543,1,,,,,,,,,,,,,,,{23},
EN300-46624440,A543,1,,,,,,,,,,,,,,,{23},
EN300-8268072,A543,1,,,,,,,,,,,,,,,{23},
EN300-53961899,"A468,A473,A543",3,,,,{77},,,,{78},,,,,,,{23},
EN300-37287498,"A468,A543",2,,,,{77},,,,,,,,,,,{23},
EN300-53960246,A543,1,,,,,,,,,,,,,,,{23},
EN300-1984931,"A468,A543",2,,,,{77},,,,,,,,,,,{23},
EN300-37289194,"A468,A543",2,,,,{79},,,,,,,,,,,{23},
EN300-37289996,A543,1,,,,,,,,,,,,,,,{23},
EN300-53427513,A543,1,,,,,,,,,,,,,,,{23},
EN300-370703,"A468,A543",2,,,,{74},,,,,,,,,,,{23},
EN300-182415,"A468,A543",2,,,,{81},,,,,,,,,,,{23},
EN300-28253066,"A468,A543",2,,,,{77},,,,,,,,,,,{23},
EN300-317563,"A468,A543",2,,,,{74},,,,,,,,,,,{23},
EN300-53864495,"A468,A543",2,,,,{85},,,,,,,,,,,{23},
EN300-6775878,"A468,A543",2,,,,{79},,,,,,,,,,,{23},
EN300-11837026,"A468,A543",2,,,,{82},,,,,,,,,,,{23},
EN300-6292799,"A467,A468,A543",3,,{80},,{81},,,,,,,,,,,{23},
EN300-125047,"A468,A543",2,,,,{72},,,,,,,,,,,{23},
EN300-53868065,"A468,A543",2,,,,{83},,,,,,,,,,,{23},
EN300-24161564,"A468,A543",2,,,,{76},,,,,,,,,,,{23},
EN300-37447337,"A468,A543",2,,,,{78},,,,,,,,,,,{23},
EN300-706235,A543,1,,,,,,,,,,,,,,,{23},
EN300-8152908,"A468,A543",2,,,,{76},,,,,,,,,,,{23},
EN300-37031460,"A468,A543",2,,,,{79},,,,,,,,,,,{23},
EN300-51864580,"A468,A543",2,,,,{81},,,,,,,,,,,{23},
EN300-52357489,"A467,A543",2,,{78},,,,,,,,,,,,,{23},
EN300-370934,"A468,A543",2,,,,{92},,,,,,,,,,,{23},
EN300-22991318,"A467,A543",2,,{76},,,,,,,,,,,,,{23},
EN300-27751809,"A468,A543",2,,,,{85},,,,,,,,,,,{23},
EN300-53444831,A543,1,,,,,,,,,,,,,,,{23},
EN300-53866018,A543,1,,,,,,,,,,,,,,,{23},
EN300-53866741,A543,1,,,,,,,,,,,,,,,{23},
EN300-37287027,"A468,A543",2,,,,{77},,,,,,,,,,,{23},
EN300-7955377,A543,1,,,,,,,,,,,,,,,{23},
EN300-52477047,"A468,A543",2,,,,{75},,,,,,,,,,,{23},
EN300-22373086,A543,1,,,,,,,,,,,,,,,{23},
EN300-51749618,"A468,A543",2,,,,{85},,,,,,,,,,,{23},
EN300-53963545,"A468,A543",2,,,,{77},,,,,,,,,,,{23},
EN300-7869742,A543,1,,,,,,,,,,,,,,,{23},
EN300-37470925,A543,1,,,,,,,,,,,,,,,{23},
EN300-37160485,A543,1,,,,,,,,,,,,,,,{23},
EN300-52992540,"A468,A543",2,,,,{80},,,,,,,,,,,{23},
EN300-53440654,A543,1,,,,,,,,,,,,,,,{23},
EN300-45176416,"A468,A543",2,,,,{80},,,,,,,,,,,{23},
EN300-53438947,A543,1,,,,,,,,,,,,,,,{23},
EN300-7446947,"A468,A543",2,,,,{76},,,,,,,,,,,{23},
EN300-313798,A543,1,,,,,,,,,,,,,,,{23},
EN300-52501352,"A468,A543",2,,,,{75},,,,,,,,,,,{23},
EN300-26278358,A543,1,,,,,,,,,,,,,,,{23},
EN300-3186415,"A468,A543",2,,,,{75},,,,,,,,,,,{23},
EN300-162364,"A468,A543",2,,,,{87},,,,,,,,,,,{23},
EN300-720925,"A468,A543",2,,,,{74},,,,,,,,,,,{23},
EN300-23618327,"A468,A543",2,,,,{81},,,,,,,,,,,{23},
EN300-27122282,"A468,A543",2,,,,{79},,,,,,,,,,,{23},
EN300-53408697,A543,1,,,,,,,,,,,,,,,{23},
EN300-629947,"A468,A543",2,,,,{77},,,,,,,,,,,{23},
EN300-8048148,A543,1,,,,,,,,,,,,,,,{23},
EN300-45835519,"A468,A543",2,,,,{80},,,,,,,,,,,{23},
EN300-131419,"A468,A543",2,,,,{73},,,,,,,,,,,{23},
EN300-1988039,"A467,A468,A543",3,{37},,,{76},,,,,,,,,,,{23},
EN300-53414167,"A467,A543",2,,{83},,,,,,,,,,,,,{23},
EN300-1618199,"A468,A543",2,,,,{77},,,,,,,,,,,{23},
EN300-53962927,"A467,A468,A543",3,,{81},,{80},,,,,,,,,,,{23},
EN300-36596833,"A468,A543",2,,,,{76},,,,,,,,,,,{23},
EN300-1922276,"A468,A543",2,,,,{88},,,,,,,,,,,{23},
EN300-266607,"A468,A543",2,,,,{75},,,,,,,,,,,{23},
EN300-192438,"A467,A543",2,,{75},,,,,,,,,,,,,{23},
EN300-217860,"A468,A543",2,,,,{89},,,,,,,,,,,{23},
EN300-52693210,A543,1,,,,,,,,,,,,,,,{23},
EN300-53449418,"A468,A533,A543",3,,,,{83},,{78},,,,,,,,,{23},
EN300-53429285,"A468,A543",2,,,,{79},,,,,,,,,,,{23},
EN300-53773,"A468,A543",2,,,,{73},,,,,,,,,,,{23},
EN300-53963236,"A468,A543",2,,,,{77},,,,,,,,,,,{23},
EN300-53867617,A543,1,,,,,,,,,,,,,,,{23},
EN300-7417148,A543,1,,,,,,,,,,,,,,,{23},
EN300-184277,"A468,A543",2,,,,{73},,,,,,,,,,,{23},
EN300-51743942,"A468,A543",2,,,,{78},,,,,,,,,,,{23},
EN300-278480,"A468,A543",2,,,,{76},,,,,,,,,,,{23},
EN300-51657516,A543,1,,,,,,,,,,,,,,,{23},
EN300-27158933,"A468,A543",2,,,,{75},,,,,,,,,,,{23},
EN300-705552,"A468,A543",2,,,,{76},,,,,,,,,,,{23},
EN300-4326488,A543,1,,,,,,,,,,,,,,,{23},
EN300-28221564,A543,1,,,,,,,,,,,,,,,{23},
EN300-53864614,"A467,A543",2,,{83},,,,,,,,,,,,,{23},
EN300-58876,A543,1,,,,,,,,,,,,,,,{23},
EN300-47393131,"A468,A543",2,,,,{84},,,,,,,,,,,{23},
EN300-26864928,"A468,A543",2,,,,{79},,,,,,,,,,,{23},
EN300-31784686,"A468,A543",2,,,,{81},,,,,,,,,,,{23},
EN300-53496,A543,1,,,,,,,,,,,,,,,{23},
EN300-53963918,"A468,A543",2,,,,"{82, 83}",,,,,,,,,,,{23},
EN300-26862708,"A468,A543",2,,,,{79},,,,,,,,,,,{23},
EN300-37287356,"A468,A543",2,,,,{77},,,,,,,,,,,{23},
EN300-53866581,"A468,A543",2,,,,{76},,,,,,,,,,,{23},
EN300-271392,"A468,A543",2,,,,{80},,,,,,,,,,,{23},
EN300-53867528,"A468,A543",2,,,,{87},,,,,,,,,,,{23},
EN300-52364437,"A467,A468,A543",3,,{79},,{79},,,,,,,,,,,{23},
EN300-2909554,"A468,A543",2,,,,{77},,,,,,,,,,,{23},
EN300-47251005,"A468,A543",2,,,,{75},,,,,,,,,,,{23},
EN300-53436545,"A468,A543",2,,,,{81},,,,,,,,,,,{23},
EN300-6486867,A543,1,,,,,,,,,,,,,,,{23},
EN300-53961210,"A467,A468,A473,A543",4,,{77},,{77},,,,{76},,,,,,,{23},
EN300-8097500,"A468,A543",2,,,,{86},,,,,,,,,,,{23},
EN300-176563,"A468,A543",2,,,,{74},,,,,,,,,,,{23},
EN300-53512040,"A468,A543",2,,,,{79},,,,,,,,,,,{23},
EN300-53414127,"A468,A543",2,,,,{77},,,,,,,,,,,{23},
EN300-52281135,"A468,A543",2,,,,{76},,,,,,,,,,,{23},
EN300-53429698,"A468,A543",2,,,,{85},,,,,,,,,,,{23},
EN300-7252563,A543,1,,,,,,,,,,,,,,,{23},
EN300-53450763,A543,1,,,,,,,,,,,,,,,{23},
EN300-110649,"A468,A543",2,,,,{91},,,,,,,,,,,{23},
EN300-39672529,"A468,A543",2,,,,{74},,,,,,,,,,,{23},
EN300-51743827,"A468,A543",2,,,,{79},,,,,,,,,,,{23},
EN300-62013,"A468,A543",2,,,,{79},,,,,,,,,,,{23},
EN300-344495,"A468,A473,A536,A543",4,,,,{83},,,,{82},,,{42},,,,{23},
EN300-37287834,"A468,A543",2,,,,{77},,,,,,,,,,,{23},
EN300-21644856,"A468,A533,A543",3,,,,{78},,{84},,,,,,,,,{23},
EN300-254435,"A468,A543",2,,,,{81},,,,,,,,,,,{23},
EN300-52594793,"A468,A543",2,,,,{79},,,,,,,,,,,{23},
EN300-52694555,"A468,A543",2,,,,{79},,,,,,,,,,,{23},
EN300-43425535,"A468,A543",2,,,,"{104, 99}",,,,,,,,,,,{23},
EN300-51745293,"A468,A543",2,,,,{79},,,,,,,,,,,{23},
EN300-44795089,A543,1,,,,,,,,,,,,,,,{23},
EN300-47324207,A543,1,,,,,,,,,,,,,,,{23},
EN300-53963714,"A468,A543",2,,,,{79},,,,,,,,,,,{23},
EN300-53865020,"A468,A543",2,,,,{77},,,,,,,,,,,{23},
EN300-4992927,"A468,A543",2,,,,{75},,,,,,,,,,,{23},
EN300-53961208,A543,1,,,,,,,,,,,,,,,{23},
EN300-46303353,"A468,A543",2,,,,{77},,,,,,,,,,,{23},
EN300-4266535,"A467,A543",2,,{79},,,,,,,,,,,,,{23},
EN300-53165977,"A468,A543",2,,,,{82},,,,,,,,,,,{23},
EN300-53865452,"A468,A543",2,,,,{89},,,,,,,,,,,{23},
EN300-378830,"A468,A543",2,,,,{78},,,,,,,,,,,{23},
EN300-1240436,"A468,A543",2,,,,{78},,,,,,,,,,,{23},
EN300-37291040,"A468,A543",2,,,,{79},,,,,,,,,,,{23},
EN300-53864386,"A468,A543",2,,,,"{80, 77}",,,,,,,,,,,{23},
EN300-53864308,"A468,A543",2,,,,"{80, 77}",,,,,,,,,,,{23},
EN300-4390005,"A468,A543",2,,,,{82},,,,,,,,,,,{23},
EN300-218269,"A468,A543",2,,,,{88},,,,,,,,,,,{23},
EN300-53866044,A543,1,,,,,,,,,,,,,,,{23},
EN300-53963038,"A468,A543",2,,,,{79},,,,,,,,,,,{23},
EN300-53440813,"A468,A543",2,,,,{76},,,,,,,,,,,{23},
EN300-53445820,"A468,A543",2,,,,{79},,,,,,,,,,,{23},
EN300-8549858,A543,1,,,,,,,,,,,,,,,{23},
EN300-19103025,"A467,A468,A543",3,,{75},,{76},,,,,,,,,,,{23},
EN300-7544570,"A467,A468,A543",3,,{75},,{76},,,,,,,,,,,{23},
EN300-10251571,A543,1,,,,,,,,,,,,,,,{23},
EN300-1895863,"A468,A543",2,,,,{74},,,,,,,,,,,{23},
EN300-107371,"A468,A543",2,,,,{85},,,,,,,,,,,{23},
EN300-4992924,"A468,A543",2,,,,{82},,,,,,,,,,,{23},
EN300-51996121,A543,1,,,,,,,,,,,,,,,{23},
EN300-53447608,"A468,A543",2,,,,{78},,,,,,,,,,,{23},
EN300-5059479,"A468,A543",2,,,,{78},,,,,,,,,,,{23},
EN300-46737172,"A468,A473,A543",3,,,,{75},,,,{79},,,,,,,{23},
EN300-366579,A543,1,,,,,,,,,,,,,,,{23},
EN300-43346603,"A468,A543",2,,,,{73},,,,,,,,,,,{23},
EN300-6502200,"A467,A468,A543",3,,{73},,{74},,,,,,,,,,,{23},
EN300-52688109,"A468,A543",2,,,,{76},,,,,,,,,,,{23},
EN300-52059201,"A468,A543",2,,,,{76},,,,,,,,,,,{23},
EN300-1625805,"A468,A543",2,,,,{75},,,,,,,,,,,{23},
EN300-53449923,A543,1,,,,,,,,,,,,,,,{23},
EN300-196235,"A468,A543",2,,,,{95},,,,,,,,,,,{23},
EN300-359675,A543,1,,,,,,,,,,,,,,,{23},
EN300-752460,"A468,A543",2,,,,{79},,,,,,,,,,,{23},
EN300-8027089,"A468,A543",2,,,,{78},,,,,,,,,,,{23},
EN300-52541907,A543,1,,,,,,,,,,,,,,,{23},
EN300-197358,"A467,A468,A543",3,,{84},,{84},,,,,,,,,,,{23},
EN300-53866509,"A468,A543",2,,,,{78},,,,,,,,,,,{23},
EN300-8156206,A543,1,,,,,,,,,,,,,,,{23},
EN300-46821258,"A468,A543",2,,,,{85},,,,,,,,,,,{23},
EN300-53962598,"A468,A543",2,,,,{79},,,,,,,,,,,{23},
EN300-21633380,"A468,A543",2,,,,{78},,,,,,,,,,,{23},
EN300-53963866,A543,1,,,,,,,,,,,,,,,{23},
EN300-6495980,"A468,A543",2,,,,{76},,,,,,,,,,,{23},
EN300-6496312,"A468,A543",2,,,,{76},,,,,,,,,,,{23},
EN300-26995,"A468,A543",2,,,,{76},,,,,,,,,,,{23},
EN300-53418472,"A468,A543",2,,,,{81},,,,,,,,,,,{23},
EN300-736520,"A468,A543",2,,,,{81},,,,,,,,,,,{23},
EN300-52473619,A543,1,,,,,,,,,,,,,,,{23},
EN300-1590522,A543,1,,,,,,,,,,,,,,,{23},
EN300-2995429,"A468,A543",2,,,,{81},,,,,,,,,,,{23},
EN300-33008483,A543,1,,,,,,,,,,,,,,,{23},
EN300-52100023,A543,1,,,,,,,,,,,,,,,{23},
EN300-19096298,"A468,A543",2,,,,{75},,,,,,,,,,,{23},
EN300-47339114,"A468,A543",2,,,,{75},,,,,,,,,,,{23},
EN300-53963347,"A468,A543",2,,,,{80},,,,,,,,,,,{23},
EN300-194902,"A468,A543",2,,,,{80},,,,,,,,,,,{23},
EN300-99686,"A468,A543",2,,,,{90},,,,,,,,,,,{23},
EN300-53430054,"A468,A538,A543",3,,,,{81},,,,,,{79},,,,,{23},
EN300-51743187,"A468,A543",2,,,,{80},,,,,,,,,,,{23},
EN300-5013162,"A468,A543",2,,,,{85},,,,,,,,,,,{23},
EN300-198761,"A468,A543",2,,,,{74},,,,,,,,,,,{23},
EN300-53283097,"A467,A468,A543",3,,{75},,{75},,,,,,,,,,,{23},
EN300-69388,"A468,A543",2,,,,{88},,,,,,,,,,,{23},
EN300-37292011,"A468,A543",2,,,,{75},,,,,,,,,,,{23},
EN300-53867618,A543,1,,,,,,,,,,,,,,,{23},
EN300-379196,"A468,A543",2,,,,{74},,,,,,,,,,,{23},
EN300-60583,"A468,A543",2,,,,{74},,,,,,,,,,,{23},
EN300-53429260,"A468,A543",2,,,,{82},,,,,,,,,,,{23},
EN300-6477921,"A468,A543",2,,,,{76},,,,,,,,,,,{23},
EN300-52663,"A468,A543",2,,,,{80},,,,,,,,,,,{23},
EN300-37291059,A543,1,,,,,,,,,,,,,,,{23},
EN300-53439561,"A468,A543",2,,,,{79},,,,,,,,,,,{23},
EN300-53960246,"A468,A543",2,,,,{76},,,,,,,,,,,{23},
EN300-53960249,A543,1,,,,,,,,,,,,,,,{23},
EN300-3573473,"A468,A543",2,,,,{81},,,,,,,,,,,{23},
EN300-127782,"A468,A543",2,,,,{89},,,,,,,,,,,{23},
EN300-53866511,"A468,A543",2,,,,{78},,,,,,,,,,,{23},
EN300-187506,"A468,A543",2,,,,{84},,,,,,,,,,,{23},
EN300-53834976,"A468,A543",2,,,,{81},,,,,,,,,,,{23},
EN300-1926091,"A468,A543",2,,,,{75},,,,,,,,,,,{23},
EN300-229535,"A468,A543",2,,,,{84},,,,,,,,,,,{23},
EN300-28302904,"A468,A543",2,,,,{77},,,,,,,,,,,{23},
EN300-53832541,"A467,A468,A543",3,{43},,,{81},,,,,,,,,,,{23},
EN300-26977668,A543,1,,,,,,,,,,,,,,,{23},
EN300-53961952,"A468,A543",2,,,,{77},,,,,,,,,,,{23},
EN300-53428312,"A468,A543",2,,,,{81},,,,,,,,,,,{23},
EN300-53157136,"A468,A543",2,,,,{79},,,,,,,,,,,{23},
EN300-53961433,"A468,A543",2,,,,{80},,,,,,,,,,,{23},
EN300-28256523,"A468,A473,A543",3,,,,{73},,,,{75},,,,,,,{23},
EN300-1272056,"A468,A543",2,,,,{86},,,,,,,,,,,{23},
EN300-179825,"A468,A543",2,,,,{85},,,,,,,,,,,{23},
EN300-37235044,"A468,A543",2,,,,{82},,,,,,,,,,,{23},
EN300-215584,A543,1,,,,,,,,,,,,,,,{23},
EN300-250918,"A468,A543",2,,,,{79},,,,,,,,,,,{23},
EN300-53417410,"A468,A543",2,,,,{82},,,,,,,,,,,{23},
EN300-52368803,"A468,A543",2,,,,{81},,,,,,,,,,,{23},
EN300-1932760,"A468,A543",2,,,,{77},,,,,,,,,,,{23},
EN300-28333041,"A468,A543",2,,,,{78},,,,,,,,,,,{23},
EN300-53835118,A543,1,,,,,,,,,,,,,,,{23},
EN300-27193417,A543,1,,,,,,,,,,,,,,,{23},
EN300-108946,A543,1,,,,,,,,,,,,,,,{23},
EN300-52534485,"A468,A543",2,,,,{86},,,,,,,,,,,{23},
EN300-53963547,A543,1,,,,,,,,,,,,,,,{23},
EN300-21998012,"A468,A543",2,,,,{79},,,,,,,,,,,{23},
EN300-53290916,"A468,A543",2,,,,{77},,,,,,,,,,,{23},
EN300-3249771,"A468,A543",2,,,,{76},,,,,,,,,,,{23},
EN300-37293282,"A468,A543",2,,,,{88},,,,,,,,,,,{23},
EN300-53866124,"A468,A543",2,,,,{76},,,,,,,,,,,{23},
EN300-364420,"A468,A543",2,,,,{78},,,,,,,,,,,{23},
EN300-162364,A543,1,,,,,,,,,,,,,,,{23},
EN300-2973629,"A468,A543",2,,,,{77},,,,,,,,,,,{23},
EN300-72943,"A468,A543",2,,,,{84},,,,,,,,,,,{23},
EN300-53410866,"A468,A543",2,,,,{80},,,,,,,,,,,{23},
EN300-7543091,A543,1,,,,,,,,,,,,,,,{23},
EN300-818721,"A468,A543",2,,,,{84},,,,,,,,,,,{23},
EN300-24213168,"A468,A543",2,,,,{81},,,,,,,,,,,{23},
EN300-45902239,"A468,A543",2,,,,{79},,,,,,,,,,,{23},
EN300-53962217,"A468,A543",2,,,,{77},,,,,,,,,,,{23},
EN300-7464456,"A468,A543",2,,,,{75},,,,,,,,,,,{23},
EN300-53963044,A543,1,,,,,,,,,,,,,,,{23},
EN300-19453937,"A467,A468,A543",3,,{82},,{86},,,,,,,,,,,{23},
EN300-22027386,"A468,A543",2,,,,{83},,,,,,,,,,,{23},
EN300-134836,"A468,A543",2,,,,{76},,,,,,,,,,,{23},
EN300-43609086,"A468,A543",2,,,,{86},,,,,,,,,,,{23},
EN300-53432919,"A468,A536,A543",3,,,,{85},,,,,,,{38},,,,{23},
EN300-53446755,"A468,A538,A543",3,,,,{81},,,,,,{80},,,,,{23},
EN300-7441083,"A468,A543",2,,,,{86},,,,,,,,,,,{23},
EN300-132634,"A468,A543",2,,,,{81},,,,,,,,,,,{23},
EN300-28292775,"A468,A543",2,,,,{75},,,,,,,,,,,{23},
EN300-51743940,"A468,A543",2,,,,{78},,,,,,,,,,,{23},
EN300-53864337,"A468,A543",2,,,,{78},,,,,,,,,,,{23},
EN300-53864308,"A468,A543",2,,,,{78},,,,,,,,,,,{23},
EN300-75233,"A468,A543",2,,,,{81},,,,,,,,,,,{23},
EN300-53866736,"A468,A543",2,,,,{81},,,,,,,,,,,{23},
EN300-53448783,"A468,A543",2,,,,{79},,,,,,,,,,,{23},
EN300-53958410,"A468,A543",2,,,,{77},,,,,,,,,,,{23},
EN300-272696,"A468,A543",2,,,,{75},,,,,,,,,,,{23},
EN300-7442836,"A468,A543",2,,,,{76},,,,,,,,,,,{23},
EN300-37288677,"A468,A543",2,,,,{77},,,,,,,,,,,{23},
EN300-7402942,"A468,A543",2,,,,{74},,,,,,,,,,,{23},
EN300-39160501,"A468,A543",2,,,,{92},,,,,,,,,,,{23},
EN300-1897646,A543,1,,,,,,,,,,,,,,,{23},
EN300-53410727,"A468,A543",2,,,,{82},,,,,,,,,,,{23},
EN300-8060954,A543,1,,,,,,,,,,,,,,,{23},
EN300-47317265,A543,1,,,,,,,,,,,,,,,{23},
EN300-4495074,"A468,A543",2,,,,{78},,,,,,,,,,,{23},
EN300-53865953,"A468,A543",2,,,,{78},,,,,,,,,,,{23},
EN300-53834985,A543,1,,,,,,,,,,,,,,,{23},
EN300-53441482,"A468,A543",2,,,,{80},,,,,,,,,,,{23},
EN300-8177345,"A468,A543",2,,,,{76},,,,,,,,,,,{23},
EN300-107266,"A468,A543",2,,,,{76},,,,,,,,,,,{23},
EN300-53428939,"A536,A543",2,,,,,,,,,,,{46},,,,{23},
EN300-48979099,"A468,A543",2,,,,{76},,,,,,,,,,,{23},
EN300-8150589,"A468,A543",2,,,,{77},,,,,,,,,,,{23},
EN300-6763846,A543,1,,,,,,,,,,,,,,,{23},
EN300-8333731,"A468,A543",2,,,,{88},,,,,,,,,,,{23},
EN300-1605836,"A468,A543",2,,,,{77},,,,,,,,,,,{23},
EN300-7385105,"A468,A543",2,,,,{77},,,,,,,,,,,{23},
EN300-46419250,"A468,A543",2,,,,{80},,,,,,,,,,,{23},
EN300-37288796,A543,1,,,,,,,,,,,,,,,{23},
EN300-9036271,"A468,A543",2,,,,{80},,,,,,,,,,,{23},
EN300-39679201,"A468,A543",2,,,,{86},,,,,,,,,,,{23},
EN300-39681938,"A468,A543",2,,,,{79},,,,,,,,,,,{23},
EN300-706247,A543,1,,,,,,,,,,,,,,,{23},
EN300-184196,A543,1,,,,,,,,,,,,,,,{23},
EN300-108949,A543,1,,,,,,,,,,,,,,,{23},
EN300-6476850,"A468,A543",2,,,,{75},,,,,,,,,,,{23},
EN300-53868085,A543,1,,,,,,,,,,,,,,,{23},
EN300-6825724,"A468,A543",2,,,,{77},,,,,,,,,,,{23},
EN300-741901,"A467,A468,A543",3,{37},,,{77},,,,,,,,,,,{23},
EN300-1260802,"A467,A468,A543",3,,{78},,{82},,,,,,,,,,,{23},
EN300-52280764,"A468,A543",2,,,,{76},,,,,,,,,,,{23},
EN300-37402788,"A468,A543",2,,,,{82},,,,,,,,,,,{23},
EN300-19359758,"A468,A543",2,,,,{85},,,,,,,,,,,{23},
EN300-44832760,A543,1,,,,,,,,,,,,,,,{23},
EN300-53290763,"A468,A543",2,,,,{83},,,,,,,,,,,{23},
EN300-1478769,A543,1,,,,,,,,,,,,,,,{23},
EN300-37286388,"A468,A543",2,,,,{77},,,,,,,,,,,{23},
EN300-51757455,"A468,A543",2,,,,{83},,,,,,,,,,,{23},
EN300-7564241,"A468,A543",2,,,,{79},,,,,,,,,,,{23},
EN300-53864902,"A468,A543",2,,,,{79},,,,,,,,,,,{23},
EN300-2002748,A543,1,,,,,,,,,,,,,,,{23},
EN300-53961877,"A468,A473,A543",3,,,,{76},,,,{78},,,,,,,{23},
EN300-53430670,"A467,A543",2,,{86},,,,,,,,,,,,,{23},
EN300-189966,"A468,A543",2,,,,{79},,,,,,,,,,,{23},
EN300-33008483,"A467,A543",2,,{82},,,,,,,,,,,,,{23},
EN300-52159437,"A468,A543",2,,,,{80},,,,,,,,,,,{23},
EN300-51995313,A543,1,,,,,,,,,,,,,,,{23},
EN300-28297638,"A468,A543",2,,,,{77},,,,,,,,,,,{23},
EN300-280803,"A467,A468,A543",3,{37},,,{77},,,,,,,,,,,{23},
EN300-261641,"A468,A543",2,,,,{83},,,,,,,,,,,{23},
EN300-02741,"A468,A543",2,,,,{82},,,,,,,,,,,{23},
EN300-53961899,"A468,A543",2,,,,{77},,,,,,,,,,,{23},
EN300-8204564,"A467,A468,A543",3,,{75},,{80},,,,,,,,,,,{23},
EN300-53450561,"A468,A543",2,,,,{84},,,,,,,,,,,{23},
EN300-25131137,"A467,A468,A543",3,{39},,,{85},,,,,,,,,,,{23},
EN300-53837234,"A467,A468,A543",3,{40},,,{79},,,,,,,,,,,{23},
EN300-28291034,"A468,A543",2,,,,{74},,,,,,,,,,,{23},
EN300-27733522,"A468,A538,A543",3,,,,{82},,,,,,{80},,,,,{23},
EN300-53962564,"A468,A543",2,,,,{79},,,,,,,,,,,{23},
EN300-157890,"A468,A543",2,,,,{84},,,,,,,,,,,{23},
EN300-53358300,A543,1,,,,,,,,,,,,,,,{23},
EN300-196250,"A468,A543",2,,,,{76},,,,,,,,,,,{23},
EN300-717597,"A468,A543",2,,,,{75},,,,,,,,,,,{23},
EN300-6523315,"A467,A543",2,{45},,,,,,,,,,,,,,{23},
EN300-53417409,"A468,A543",2,,,,{78},,,,,,,,,,,{23},
EN300-75467,"A468,A543",2,,,,{73},,,,,,,,,,,{23},
EN300-52364456,"A468,A543",2,,,,{78},,,,,,,,,,,{23},
EN300-52364460,"A468,A543",2,,,,{78},,,,,,,,,,,{23},
EN300-20947487,"A467,A468,A543",3,{37},,,{76},,,,,,,,,,,{23},
EN300-28265725,"A467,A468,A538,A543",4,,{77},,{78},,,,,,{84},,,,,{23},
EN300-53420949,"A468,A543",2,,,,{78},,,,,,,,,,,{23},
EN300-7800971,"A468,A543",2,,,,{79},,,,,,,,,,,{23},
EN300-1897329,"A468,A543",2,,,,{82},,,,,,,,,,,{23},
EN300-01213,"A467,A468,A543",3,{37},,,{76},,,,,,,,,,,{23},
EN300-6814848,"A468,A543",2,,,,{74},,,,,,,,,,,{23},
EN300-7866101,"A468,A543",2,,,,{75},,,,,,,,,,,{23},
EN300-7409733,A543,1,,,,,,,,,,,,,,,{23},
EN300-01204,"A468,A543",2,,,,{76},,,,,,,,,,,{23},
EN300-1879233,A543,1,,,,,,,,,,,,,,,{23},
EN300-53843728,A543,1,,,,,,,,,,,,,,,{23},
EN300-1969257,"A468,A543",2,,,,{80},,,,,,,,,,,{23},
EN300-52366220,A543,1,,,,,,,,,,,,,,,{23},
EN300-53865995,"A468,A543",2,,,,{78},,,,,,,,,,,{23},
EN300-126400,"A468,A543",2,,,,{77},,,,,,,,,,,{23},
EN300-62463,"A468,A543",2,,,,{89},,,,,,,,,,,{23},
EN300-8331077,A543,1,,,,,,,,,,,,,,,{23},
EN300-44795025,A543,1,,,,,,,,,,,,,,,{23},
EN300-39092443,"A468,A543",2,,,,{88},,,,,,,,,,,{23},
EN300-33051371,A543,1,,,,,,,,,,,,,,,{23},
EN300-7665932,"A467,A468,A543",3,{35},,,{75},,,,,,,,,,,{23},
EN300-3791973,"A467,A543",2,,{76},,,,,,,,,,,,,{23},
EN300-6512714,"A468,A543",2,,,,{89},,,,,,,,,,,{23},
EN300-53864880,A543,1,,,,,,,,,,,,,,,{23},
EN300-33130554,"A468,A543",2,,,,{82},,,,,,,,,,,{23},
EN300-52245725,A543,1,,,,,,,,,,,,,,,{23},
EN300-53450846,"A468,A543",2,,,,{80},,,,,,,,,,,{23},
EN300-1453528,"A468,A543",2,,,,{80},,,,,,,,,,,{23},
EN300-6814034,"A468,A543",2,,,,{81},,,,,,,,,,,{23},
EN300-53432962,"A468,A543",2,,,,{76},,,,,,,,,,,{23},
EN300-85663,"A468,A533,A543",3,,,,{80},,{75},,,,,,,,,{23},
ligprep_Enamine_102025_Aryl.maegz:21443,A543,1,,,,,,,,,,,,,,,{23},
EN300-7653876,"A467,A543",2,,{76},,,,,,,,,,,,,{23},
EN300-27745887,"A468,A543",2,,,,{74},,,,,,,,,,,{23},
EN300-1896941,"A467,A543",2,,{80},,,,,,,,,,,,,{23},
EN300-37287819,A543,1,,,,,,,,,,,,,,,{23},
EN300-53443402,"A467,A543",2,,{83},,,,,,,,,,,,,{23},
EN300-53961978,"A468,A543",2,,,,{76},,,,,,,,,,,{23},
EN300-1721154,"A468,A543",2,,,,{73},,,,,,,,,,,{23},
EN300-1922879,"A468,A543",2,,,,{87},,,,,,,,,,,{23},
EN300-53867630,"A468,A543",2,,,,{81},,,,,,,,,,,{23},
EN300-6817423,"A468,A543",2,,,,{78},,,,,,,,,,,{23},
EN300-278799,"A468,A543",2,,,,{75},,,,,,,,,,,{23},
EN300-53436960,"A468,A543",2,,,,{80},,,,,,,,,,,{23},
EN300-7932472,"A468,A538,A543",3,,,,{79},,,,,{44},,,,,,{23},
EN300-53188,A543,1,,,,,,,,,,,,,,,{23},
EN300-1257242,"A468,A543",2,,,,{75},,,,,,,,,,,{23},
EN300-37289193,"A468,A543",2,,,,{79},,,,,,,,,,,{23},
EN300-23312442,"A468,A543",2,,,,{75},,,,,,,,,,,{23},
EN300-8920034,"A468,A543",2,,,,{77},,,,,,,,,,,{23},
EN300-7699291,A543,1,,,,,,,,,,,,,,,{23},
EN300-53599960,A543,1,,,,,,,,,,,,,,,{23},
EN300-1452974,"A468,A543",2,,,,{80},,,,,,,,,,,{23},
EN300-6389329,"A468,A543",2,,,,{81},,,,,,,,,,,{23},
EN300-7548232,A543,1,,,,,,,,,,,,,,,{23},
EN300-1452750,"A468,A543",2,,,,{79},,,,,,,,,,,{23},
EN300-108956,"A468,A543",2,,,,{81},,,,,,,,,,,{23},
EN300-37285102,A543,1,,,,,,,,,,,,,,,{23},
EN300-53437567,A543,1,,,,,,,,,,,,,,,{23},
EN300-45753053,"A468,A543",2,,,,{75},,,,,,,,,,,{23},
EN300-19575551,"A467,A543",2,,{80},,,,,,,,,,,,,{23},
EN300-37471107,"A468,A543",2,,,,{75},,,,,,,,,,,{23},
EN300-53867482,"A468,A543",2,,,,{79},,,,,,,,,,,{23},
EN300-53866742,"A468,A543",2,,,,{74},,,,,,,,,,,{23},
EN300-53449591,A543,1,,,,,,,,,,,,,,,{23},
EN300-28280150,A543,1,,,,,,,,,,,,,,,{23},
EN300-53441481,"A468,A543",2,,,,{76},,,,,,,,,,,{23},
EN300-53958413,"A467,A468,A543",3,,{77},,"{75, 77}",,,,,,,,,,,{23},
EN300-7363606,"A468,A543",2,,,,{82},,,,,,,,,,,{23},
EN300-77962,A543,1,,,,,,,,,,,,,,,{23},
EN300-22190435,A543,1,,,,,,,,,,,,,,,{23},
EN300-53837312,"A468,A543",2,,,,{80},,,,,,,,,,,{23},
EN300-1453264,"A468,A543",2,,,,{80},,,,,,,,,,,{23},
EN300-344496,"A468,A536,A543",3,,,,{98},,,,,,,{42},,,,{23},
EN300-7424819,"A468,A473,A543",3,,,,{73},,,,{78},,,,,,,{23},
EN300-182751,"A468,A543",2,,,,{74},,,,,,,,,,,{23},
EN300-53425417,"A468,A543",2,,,,{80},,,,,,,,,,,{23},
EN300-37287374,"A468,A543",2,,,,{78},,,,,,,,,,,{23},
EN300-8372418,"A468,A543",2,,,,{76},,,,,,,,,,,{23},
EN300-53841949,"A468,A543",2,,,,{78},,,,,,,,,,,{23},
EN300-6522456,"A467,A468,A543",3,{47},,,{82},,,,,,,,,,,{23},
EN300-6531909,"A538,A543",2,,,,,,,,,,{85},,,,,{23},
EN300-72581,"A468,A543",2,,,,{74},,,,,,,,,,,{23},
EN300-1258193,"A468,A543",2,,,,{76},,,,,,,,,,,{23},
EN300-53427423,A543,1,,,,,,,,,,,,,,,{23},
EN300-7457202,"A468,A543",2,,,,{80},,,,,,,,,,,{23},
EN300-20993598,"A468,A543",2,,,,{74},,,,,,,,,,,{23},
EN300-45657561,"A468,A543",2,,,,{75},,,,,,,,,,,{23},
EN300-10251571,A543,1,,,,,,,,,,,,,,,{23},
EN300-106670,"A467,A468,A543",3,,{79},,{74},,,,,,,,,,,{23},
EN300-6745642,"A538,A543",2,,,,,,,,,,{87},,,,,{23},
EN300-37284372,"A468,A543",2,,,,{78},,,,,,,,,,,{23},
EN300-1914454,A543,1,,,,,,,,,,,,,,,{23},
EN300-52599548,"A468,A543",2,,,,{80},,,,,,,,,,,{23},
EN300-7885257,"A468,A543",2,,,,{75},,,,,,,,,,,{23},
EN300-52471340,"A468,A543",2,,,,{99},,,,,,,,,,,{23},
EN300-53337714,"A468,A543",2,,,,{76},,,,,,,,,,,{23},
EN300-26572503,"A468,A543",2,,,,{95},,,,,,,,,,,{23},
EN300-1618193,"A468,A543",2,,,,{78},,,,,,,,,,,{23},
EN300-22906823,"A468,A543",2,,,,{78},,,,,,,,,,,{23},
EN300-842514,"A468,A543",2,,,,{81},,,,,,,,,,,{23},
EN300-53446290,"A467,A543",2,{45},{76},,,,,,,,,,,,,{23},
EN300-371989,"A468,A536,A543",3,,,,{80},,,,,,,{37},,,,{23},
EN300-344496,"A468,A536,A543",3,,,,{98},,,,,,,{42},,,,{23},
EN300-26572502,"A468,A543",2,,,,{95},,,,,,,,,,,{23},
EN300-51743281,A543,1,,,,,,,,,,,,,,,{23},
EN300-53450783,A543,1,,,,,,,,,,,,,,,{23},
EN300-218233,"A468,A543",2,,,,{76},,,,,,,,,,,{23},
EN300-53441702,"A473,A543",2,,,,,,,,{80},,,,,,,{23},
EN300-101285,"A468,A543",2,,,,{83},,,,,,,,,,,{23},
EN300-208878,"A468,A543",2,,,,{78},,,,,,,,,,,{23},
EN300-53835121,A543,1,,,,,,,,,,,,,,,{23},
EN300-9447832,"A468,A543",2,,,,{79},,,,,,,,,,,{23},
EN300-1894694,A543,1,,,,,,,,,,,,,,,{23},
EN300-12461180,"A468,A543",2,,,,{74},,,,,,,,,,,{23},
EN300-6898751,"A468,A543",2,,,,{74},,,,,,,,,,,{23},
EN300-39850976,"A468,A543",2,,,,{78},,,,,,,,,,,{23},
EN300-51469783,A543,1,,,,,,,,,,,,,,,{23},
EN300-53427557,"A468,A543",2,,,,{82},,,,,,,,,,,{23},
EN300-53865644,"A468,A543",2,,,,{79},,,,,,,,,,,{23},
EN300-53864781,"A467,A468,A543",3,,{76},,{79},,,,,,,,,,,{23},
EN300-46611486,"A467,A543",2,,{75},,,,,,,,,,,,,{23},
EN300-53429519,"A468,A543",2,,,,{82},,,,,,,,,,,{23},
EN300-53962528,"A467,A543",2,,{80},,,,,,,,,,,,,{23},
EN300-198223,"A468,A543",2,,,,{75},,,,,,,,,,,{23},
EN300-53961978,"A468,A543",2,,,,{77},,,,,,,,,,,{23},
EN300-53440726,"A468,A543",2,,,,{77},,,,,,,,,,,{23},
EN300-6807249,"A468,A543",2,,,,{74},,,,,,,,,,,{23},
EN300-53429603,"A468,A543",2,,,,{77},,,,,,,,,,,{23},
EN300-72959,"A468,A543",2,,,,{79},,,,,,,,,,,{23},
EN300-39924002,"A468,A543",2,,,,{77},,,,,,,,,,,{23},
EN300-53963899,"A468,A543",2,,,,{84},,,,,,,,,,,{23},
EN300-52473938,"A468,A543",2,,,,{107},,,,,,,,,,,{23},
EN300-1617311,"A468,A543",2,,,,{76},,,,,,,,,,,{23},
EN300-53960249,"A468,A543",2,,,,{76},,,,,,,,,,,{23},
EN300-113898,"A467,A468,A543",3,{37},,,{76},,,,,,,,,,,{23},
EN300-51746829,"A468,A543",2,,,,{78},,,,,,,,,,,{23},
EN300-10038679,"A468,A543",2,,,,{78},,,,,,,,,,,{23},
EN300-8939689,"A468,A543",2,,,,{77},,,,,,,,,,,{23},
EN300-37288453,A543,1,,,,,,,,,,,,,,,{23},
EN300-53963926,"A468,A543",2,,,,{76},,,,,,,,,,,{23},
EN300-297324,"A468,A543",2,,,,{83},,,,,,,,,,,{23},
EN300-215708,"A468,A543",2,,,,{83},,,,,,,,,,,{23},
EN300-28303082,"A468,A543",2,,,,{75},,,,,,,,,,,{23},
EN300-53864986,"A468,A543",2,,,,{79},,,,,,,,,,,{23},
EN300-1896909,A543,1,,,,,,,,,,,,,,,{23},
EN300-130130,"A468,A543",2,,,,{82},,,,,,,,,,,{23},
EN300-53961632,"A467,A468,A543",3,,{82},,{81},,,,,,,,,,,{23},
EN300-200912,"A468,A543",2,,,,{81},,,,,,,,,,,{23},
EN300-206405,A543,1,,,,,,,,,,,,,,,{23},
EN300-53434959,"A467,A468,A543",3,,{83},,{82},,,,,,,,,,,{23},
EN300-8029301,"A468,A543",2,,,,{78},,,,,,,,,,,{23},
EN300-47324519,"A468,A543",2,,,,{77},,,,,,,,,,,{23},
EN300-53864418,"A468,A473,A543",3,,,,{80},,,,{78},,,,,,,{23},
EN300-37290594,"A468,A543",2,,,,{80},,,,,,,,,,,{23},
EN300-37282119,"A468,A543",2,,,,{77},,,,,,,,,,,{23},
EN300-6745957,"A468,A543",2,,,,{79},,,,,,,,,,,{23},
EN300-1617454,"A468,A543",2,,,,{86},,,,,,,,,,,{23},
EN300-53425823,"A468,A543",2,,,,{81},,,,,,,,,,,{23},
EN300-7442052,"A467,A468,A543",3,,{85},,{86},,,,,,,,,,,{23},
EN300-53867822,"A473,A543",2,,,,,,,,{78},,,,,,,{23},
EN300-52803710,A543,1,,,,,,,,,,,,,,,{23},
EN300-6524550,"A467,A468,A543",3,{47},,,{85},,,,,,,,,,,{23},
EN300-1687200,A543,1,,,,,,,,,,,,,,,{23},
EN300-221763,A543,1,,,,,,,,,,,,,,,{23},
EN300-52473271,"A468,A543",2,,,,{84},,,,,,,,,,,{23},
EN300-51761742,"A468,A543",2,,,,{84},,,,,,,,,,,{23},
EN300-7793508,"A468,A543",2,,,,{75},,,,,,,,,,,{23},
EN300-6293836,A543,1,,,,,,,,,,,,,,,{23},
EN300-125159,A543,1,,,,,,,,,,,,,,,{23},
EN300-274837,"A467,A468,A543",3,{37},,,{77},,,,,,,,,,,{23},
EN300-200581,A543,1,,,,,,,,,,,,,,,{23},
EN300-53961976,"A468,A543",2,,,,{76},,,,,,,,,,,{23},
EN300-51995497,"A468,A543",2,,,,{88},,,,,,,,,,,{23},
EN300-44829681,"A468,A543",2,,,,{78},,,,,,,,,,,{23},
EN300-53864465,"A467,A543",2,,{83},,,,,,,,,,,,,{23},
EN300-679608,"A468,A543",2,,,,{86},,,,,,,,,,,{23},
EN300-53426430,"A468,A543",2,,,,{78},,,,,,,,,,,{23},
EN300-3215379,"A468,A543",2,,,,{74},,,,,,,,,,,{23},
EN300-53430153,"A468,A536,A543",3,,,,{82},,,,,,,{48},,,,{23},
EN300-75302,"A468,A543",2,,,,{82},,,,,,,,,,,{23},
EN300-112284,"A536,A543",2,,,,,,,,,,,{48},,,,{23},
EN300-32297804,A543,1,,,,,,,,,,,,,,,{23},
EN300-53413867,A543,1,,,,,,,,,,,,,,,{23},
EN300-126094,"A468,A543",2,,,,{72},,,,,,,,,,,{23},
EN300-645860,"A467,A543",2,,{79},,,,,,,,,,,,,{23},
EN300-51745602,A543,1,,,,,,,,,,,,,,,{23},
EN300-52210235,"A468,A543",2,,,,{88},,,,,,,,,,,{23},
EN300-134740,A543,1,,,,,,,,,,,,,,,{23},
EN300-52210329,"A468,A543",2,,,,{76},,,,,,,,,,,{23},
EN300-7388623,A543,1,,,,,,,,,,,,,,,{23},
EN300-53411348,"A468,A543",2,,,,{83},,,,,,,,,,,{23},
EN300-1913817,"A468,A543",2,,,,{75},,,,,,,,,,,{23},
EN300-1256174,"A467,A543",2,,{75},,,,,,,,,,,,,{23},
ligprep_Enamine_102025_Aryl.maegz:11094,"A468,A543",2,,,,{79},,,,,,,,,,,{23},
EN300-37286618,"A468,A543",2,,,,{75},,,,,,,,,,,{23},
EN300-53961981,"A468,A543",2,,,,{77},,,,,,,,,,,{23},
EN300-52688633,"A468,A543",2,,,,{103},,,,,,,,,,,{23},
EN300-26862790,"A468,A543",2,,,,{87},,,,,,,,,,,{23},
EN300-27777621,"A468,A533,A543",3,,,,{75},,{80},,,,,,,,,{23},
EN300-680541,"A468,A543",2,,,,{80},,,,,,,,,,,{23},
EN300-53434254,A543,1,,,,,,,,,,,,,,,{23},
EN300-53429014,"A468,A543",2,,,,{81},,,,,,,,,,,{23},
EN300-26862790,"A468,A543",2,,,,{87},,,,,,,,,,,{23},
EN300-27160516,"A468,A543",2,,,,{79},,,,,,,,,,,{23},
EN300-53963205,A543,1,,,,,,,,,,,,,,,{23},
EN300-53424607,"A468,A536,A543",3,,,,{86},,,,,,,{39},,,,{23},
EN300-6767096,"A468,A543",2,,,,{83},,,,,,,,,,,{23},
EN300-94256,"A467,A468,A543",3,,{73},,{74},,,,,,,,,,,{23},
EN300-43449,"A468,A543",2,,,,{76},,,,,,,,,,,{23},
EN300-6777707,"A468,A543",2,,,,{75},,,,,,,,,,,{23},
EN300-6479447,A543,1,,,,,,,,,,,,,,,{23},
EN300-1601727,"A468,A543",2,,,,{78},,,,,,,,,,,{23},
EN300-53280708,"A468,A543",2,,,,{83},,,,,,,,,,,{23},
EN300-269971,"A468,A543",2,,,,{74},,,,,,,,,,,{23},
EN300-53448782,"A468,A543",2,,,,{75},,,,,,,,,,,{23},
EN300-1589106,A543,1,,,,,,,,,,,,,,,{23},
EN300-3548228,"A468,A543",2,,,,{84},,,,,,,,,,,{23},
EN300-75367,A543,1,,,,,,,,,,,,,,,{23},
EN300-286311,"A468,A543",2,,,,{81},,,,,,,,,,,{23},
EN300-52207044,A543,1,,,,,,,,,,,,,,,{23},
EN300-1142607,"A468,A543",2,,,,{75},,,,,,,,,,,{23},
EN300-8168214,"A468,A543",2,,,,{75},,,,,,,,,,,{23},
EN300-180145,"A467,A468,A543",3,{40},,,{92},,,,,,,,,,,{23},
EN300-8963698,"A468,A543",2,,,,{86},,,,,,,,,,,{23},
EN300-77249,A543,1,,,,,,,,,,,,,,,{23},
EN300-6201434,"A468,A543",2,,,,{79},,,,,,,,,,,{23},
EN300-53430590,"A468,A543",2,,,,{76},,,,,,,,,,,{23},
EN300-53286417,"A468,A543",2,,,,{76},,,,,,,,,,,{23},
EN300-37434571,A543,1,,,,,,,,,,,,,,,{23},
EN300-37274110,A543,1,,,,,,,,,,,,,,,{23},
EN300-183256,"A468,A543",2,,,,{77},,,,,,,,,,,{23},
EN300-52594985,"A468,A543",2,,,,{76},,,,,,,,,,,{23},
EN300-6733270,"A468,A543",2,,,,{80},,,,,,,,,,,{23},
EN300-27185098,"A468,A543",2,,,,{77},,,,,,,,,,,{23},
EN300-45179,"A468,A543",2,,,,{90},,,,,,,,,,,{23},
EN300-51782544,"A468,A543",2,,,,{96},,,,,,,,,,,{23},
EN300-7438729,"A468,A543",2,,,,{81},,,,,,,,,,,{23},
EN300-111733,"A468,A543",2,,,,{78},,,,,,,,,,,{23},
EN300-53280001,"A467,A468,A543",3,,{79},,"{80, 76}",,,,,,,,,,,{23},
EN300-2978461,"A468,A543",2,,,,{82},,,,,,,,,,,{23},
EN300-53865963,"A468,A543",2,,,,{76},,,,,,,,,,,{23},
EN300-1452739,"A468,A543",2,,,,{80},,,,,,,,,,,{23},
EN300-43149750,"A468,A543",2,,,,{83},,,,,,,,,,,{23},
EN300-53425101,"A468,A543",2,,,,{80},,,,,,,,,,,{23},
EN300-7446917,A543,1,,,,,,,,,,,,,,,{23},
EN300-7461055,A543,1,,,,,,,,,,,,,,,{23},
EN300-104593,"A467,A468,A543",3,,{74},,{79},,,,,,,,,,,{23},
EN300-53835411,"A468,A543",2,,,,{80},,,,,,,,,,,{23},
EN300-115702,A543,1,,,,,,,,,,,,,,,{23},
EN300-47319322,"A467,A468,A543",3,,{80},,{81},,,,,,,,,,,{23},
EN300-100774,"A468,A543",2,,,,{84},,,,,,,,,,,{23},
EN300-53866772,A543,1,,,,,,,,,,,,,,,{23},
EN300-85766,"A468,A543",2,,,,{83},,,,,,,,,,,{23},
EN300-53287262,"A468,A543",2,,,,{85},,,,,,,,,,,{23},
EN300-53450449,"A468,A543",2,,,,{77},,,,,,,,,,,{23},
EN300-53410358,"A468,A543",2,,,,{87},,,,,,,,,,,{23},
EN300-5188342,"A468,A543",2,,,,{81},,,,,,,,,,,{23},
EN300-37302253,A543,1,,,,,,,,,,,,,,,{23},
EN300-30677194,"A468,A473,A543",3,,,,{77},,,,{76},,,,,,,{23},
EN300-28329547,"A468,A543",2,,,,{87},,,,,,,,,,,{23},
EN300-51891099,"A468,A543",2,,,,{85},,,,,,,,,,,{23},
EN300-7446463,A543,1,,,,,,,,,,,,,,,{23},
EN300-7386373,"A467,A543",2,,{78},,,,,,,,,,,,,{23},
EN300-53835110,"A536,A543",2,,,,,,,,,,,{46},,,,{23},
EN300-53416729,"A467,A468,A543",3,,{79},,{78},,,,,,,,,,,{23},
EN300-52363036,"A468,A543",2,,,,{76},,,,,,,,,,,{23},
EN300-7539079,"A468,A543",2,,,,{85},,,,,,,,,,,{23},
EN300-53961631,"A468,A543",2,,,,{76},,,,,,,,,,,{23},
EN300-53963581,A543,1,,,,,,,,,,,,,,,{23},
EN300-45592204,"A468,A543",2,,,,{83},,,,,,,,,,,{23},
EN300-7433551,A543,1,,,,,,,,,,,,,,,{23},
EN300-54903,"A468,A543",2,,,,{77},,,,,,,,,,,{23},
EN300-52596130,"A468,A543",2,,,,{87},,,,,,,,,,,{23},
EN300-51743226,"A468,A543",2,,,,{79},,,,,,,,,,,{23},
EN300-45596075,"A468,A543",2,,,,{75},,,,,,,,,,,{23},
EN300-53000357,"A468,A543",2,,,,{78},,,,,,,,,,,{23},
EN300-3099994,A543,1,,,,,,,,,,,,,,,{23},
EN300-39913273,"A468,A543",2,,,,{80},,,,,,,,,,,{23},
EN300-39920426,"A468,A543",2,,,,{77},,,,,,,,,,,{23},
EN300-53958412,"A468,A543",2,,,,{77},,,,,,,,,,,{23},
EN300-53867615,A543,1,,,,,,,,,,,,,,,{23},
EN300-37462533,"A468,A543",2,,,,{78},,,,,,,,,,,{23},
EN300-53430506,"A468,A543",2,,,,{78},,,,,,,,,,,{23},
EN300-37289106,"A468,A473,A543",3,,,,{83},,,,{80},,,,,,,{23},
EN300-53834978,"A468,A543",2,,,,{80},,,,,,,,,,,{23},
EN300-59888,"A467,A468,A543",3,,{79},,{75},,,,,,,,,,,{23},
EN300-7435040,A543,1,,,,,,,,,,,,,,,{23},
EN300-53430012,"A468,A543",2,,,,{81},,,,,,,,,,,{23},
EN300-24806287,"A468,A543",2,,,,{83},,,,,,,,,,,{23},
EN300-27734025,A543,1,,,,,,,,,,,,,,,{23},
EN300-379018,"A467,A468,A543",3,,{74},,{79},,,,,,,,,,,{23},
EN300-28220922,"A468,A543",2,,,,{74},,,,,,,,,,,{23},
EN300-52686501,"A468,A543",2,,,,{78},,,,,,,,,,,{23},
EN300-7493727,"A468,A543",2,,,,{99},,,,,,,,,,,{23},
EN300-27733791,"A536,A543",2,,,,,,,,,,,{37},,,,{23},
EN300-297585,A543,1,,,,,,,,,,,,,,,{23},
EN300-51784383,"A468,A543",2,,,,{98},,,,,,,,,,,{23},
EN300-10949441,"A468,A543",2,,,,"{83, 79}",,,,,,,,,,,{23},
EN300-5059479,"A468,A543",2,,,,{78},,,,,,,,,,,{23},
EN300-22821247,A543,1,,,,,,,,,,,,,,,{23},
EN300-52471828,"A468,A543",2,,,,{92},,,,,,,,,,,{23},
EN300-178987,"A468,A543",2,,,,{75},,,,,,,,,,,{23},
EN300-28303377,"A468,A543",2,,,,{89},,,,,,,,,,,{23},
EN300-53867869,A543,1,,,,,,,,,,,,,,,{23},
EN300-8048567,A543,1,,,,,,,,,,,,,,,{23},
EN300-37399646,"A468,A543",2,,,,{75},,,,,,,,,,,{23},
EN300-53866950,"A468,A543",2,,,,{77},,,,,,,,,,,{23},
EN300-53425983,"A467,A543",2,,{83},,,,,,,,,,,,,{23},
EN300-52963507,"A468,A543",2,,,,{76},,,,,,,,,,,{23},
EN300-3548230,"A468,A543",2,,,,{84},,,,,,,,,,,{23},
EN300-1720506,"A468,A543",2,,,,{84},,,,,,,,,,,{23},
EN300-297392,"A468,A538,A536,A543",4,,,,{90},,,,,,{83},{53},,,,{23},
EN300-53420950,"A468,A543",2,,,,{80},,,,,,,,,,,{23},
EN300-53357608,"A468,A543",2,,,,{81},,,,,,,,,,,{23},
EN300-6523563,"A467,A468,A543",3,{46},,,{83},,,,,,,,,,,{23},
EN300-53434700,"A468,A543",2,,,,{82},,,,,,,,,,,{23},
EN300-53960036,"A467,A468,A543",3,,{76},,{76},,,,,,,,,,,{23},
EN300-53414266,A543,1,,,,,,,,,,,,,,,{23},
EN300-255069,"A468,A543",2,,,,{85},,,,,,,,,,,{23},
EN300-93768,A543,1,,,,,,,,,,,,,,,{23},
EN300-278479,"A468,A543",2,,,,{76},,,,,,,,,,,{23},
EN300-45727061,"A468,A543",2,,,,{75},,,,,,,,,,,{23},
EN300-6735233,A543,1,,,,,,,,,,,,,,,{23},
EN300-37380775,"A468,A543",2,,,,{76},,,,,,,,,,,{23},
EN300-271044,"A467,A468,A543",3,{37},,,{76},,,,,,,,,,,{23},
EN300-23687734,"A468,A543",2,,,,{82},,,,,,,,,,,{23},
EN300-5091805,A543,1,,,,,,,,,,,,,,,{23},
EN300-22112232,"A468,A543",2,,,,{78},,,,,,,,,,,{23},
EN300-111734,"A468,A543",2,,,,{78},,,,,,,,,,,{23},
EN300-214579,"A468,A543",2,,,,{78},,,,,,,,,,,{23},
EN300-134051,"A468,A543",2,,,,{80},,,,,,,,,,,{23},
EN300-53429139,"A468,A543",2,,,,{78},,,,,,,,,,,{23},
EN300-646636,"A468,A543",2,,,,{77},,,,,,,,,,,{23},
EN300-50998,A543,1,,,,,,,,,,,,,,,{23},
EN300-56126,A543,1,,,,,,,,,,,,,,,{23},
EN300-66468,A543,1,,,,,,,,,,,,,,,{23},
EN300-45423142,"A468,A543",2,,,,{84},,,,,,,,,,,{23},
EN300-26983821,"A468,A543",2,,,,{80},,,,,,,,,,,{23},
EN300-53438195,"A468,A543",2,,,,{81},,,,,,,,,,,{23},
EN300-43378358,"A468,A543",2,,,,{77},,,,,,,,,,,{23},
EN300-76061,A543,1,,,,,,,,,,,,,,,{23},
EN300-53961911,"A468,A543",2,,,,{77},,,,,,,,,,,{23},
EN300-53449266,"A468,A543",2,,,,{80},,,,,,,,,,,{23},
EN300-53438084,"A468,A543",2,,,,{76},,,,,,,,,,,{23},
EN300-43354756,"A468,A543",2,,,,{85},,,,,,,,,,,{23},
EN300-6474082,A543,1,,,,,,,,,,,,,,,{23},
EN300-194770,A543,1,,,,,,,,,,,,,,,{23},
EN300-53432897,"A468,A543",2,,,,{79},,,,,,,,,,,{23},
EN300-51784652,A543,1,,,,,,,,,,,,,,,{23},
EN300-26657683,"A468,A543",2,,,,{109},,,,,,,,,,,{23},
EN300-53472472,"A468,A543",2,,,,{76},,,,,,,,,,,{23},
EN300-26278442,"A473,A543",2,,,,,,,,{82},,,,,,,{23},
EN300-229566,"A467,A543",2,,{87},,,,,,,,,,,,,{23},
EN300-7413357,"A473,A543",2,,,,,,,,{86},,,,,,,{23},
EN300-719165,"A468,A543",2,,,,{79},,,,,,,,,,,{23},
EN300-37290100,"A468,A543",2,,,{38},{79},,,,,,,,,,,{23},
EN300-6731292,"A468,A543",2,,,,{81},,,,,,,,,,,{23},
EN300-53430211,"A536,A543",2,,,,,,,,,,,{39},,,,{23},
EN300-45727772,"A468,A543",2,,,,{78},,,,,,,,,,,{23},
EN300-111734,A543,1,,,,,,,,,,,,,,,{23},
EN300-214578,A543,1,,,,,,,,,,,,,,,{23},
EN300-81750,A543,1,,,,,,,,,,,,,,,{23},
EN300-51745292,A543,1,,,,,,,,,,,,,,,{23},
EN300-332334,"A468,A543",2,,,,{75},,,,,,,,,,,{23},
EN300-53426693,"A468,A543",2,,,,{81},,,,,,,,,,,{23},
EN300-135620,"A468,A543",2,,,,{76},,,,,,,,,,,{23},
EN300-45523,"A468,A543",2,,,,{90},,,,,,,,,,,{23},
EN300-655523,A543,1,,,,,,,,,,,,,,,{23},
EN300-54050,"A468,A543",2,,,,{75},,,,,,,,,,,{23},
EN300-85507,A543,1,,,,,,,,,,,,,,,{23},
EN300-6852911,"A468,A543",2,,,,{74},,,,,,,,,,,{23},
EN300-53866697,A543,1,,,,,,,,,,,,,,,{23},
EN300-52474241,"A468,A543",2,,,,{81},,,,,,,,,,,{23},
EN300-15927,"A468,A543",2,,,,{82},,,,,,,,,,,{23},
EN300-53450450,"A468,A543",2,,,,{81},,,,,,,,,,,{23},
EN300-53428844,"A468,A536,A543",3,,,,{84},,,,,,,{39},,,,{23},
EN300-342688,"A468,A543",2,,,,{79},,,,,,,,,,,{23},
EN300-7435165,A543,1,,,,,,,,,,,,,,,{23},
EN300-37289815,"A468,A543",2,,,,{79},,,,,,,,,,,{23},
EN300-7421731,"A467,A468,A543",3,,{74},,{74},,,,,,,,,,,{23},
EN300-67282,"A467,A468,A543",3,,{74},,{74},,,,,,,,,,,{23},
EN300-37409280,"A468,A543",2,,,,{74},,,,,,,,,,,{23},
EN300-6524594,"A467,A468,A543",3,{46},,,{85},,,,,,,,,,,{23},
EN300-1091502,A543,1,,,,,,,,,,,,,,,{23},
EN300-52471824,A543,1,,,,,,,,,,,,,,,{23},
EN300-53437427,A543,1,,,,,,,,,,,,,,,{23},
EN300-51743851,A543,1,,,,,,,,,,,,,,,{23},
EN300-52849504,A543,1,,,,,,,,,,,,,,,{23},
EN300-53864841,"A467,A543",2,,{81},,,,,,,,,,,,,{23},
EN300-53426231,"A468,A543",2,,,,{78},,,,,,,,,,,{23},
EN300-372003,"A468,A543",2,,,,{78},,,,,,,,,,,{23},
EN300-680540,"A468,A543",2,,,,{80},,,,,,,,,,,{23},
EN300-6518135,"A468,A543",2,,,,{78},,,,,,,,,,,{23},
EN300-298893,"A468,A543",2,,,,{89},,,,,,,,,,,{23},
EN300-53963267,"A468,A543",2,,,,{80},,,,,,,,,,,{23},
EN300-45637597,"A468,A543",2,,,,{85},,,,,,,,,,,{23},
EN300-7446936,A543,1,,,,,,,,,,,,,,,{23},
EN300-2938527,"A468,A543",2,,,,{76},,,,,,,,,,,{23},
EN300-45689482,A543,1,,,,,,,,,,,,,,,{23},
EN300-51749645,"A468,A543",2,,,,{88},,,,,,,,,,,{23},
EN300-8247890,A543,1,,,,,,,,,,,,,,,{23},
EN300-107676,A543,1,,,,,,,,,,,,,,,{23},
EN300-52471824,A543,1,,,,,,,,,,,,,,,{23},
EN300-295059,"A467,A468,A543",3,{37},,,{76},,,,,,,,,,,{23},
EN300-1699728,"A467,A543",2,,{78},,,,,,,,,,,,,{23},
EN300-53449592,"A468,A543",2,,,,{79},,,,,,,,,,,{23},
EN300-51744390,"A468,A543",2,,,,{79},,,,,,,,,,,{23},
EN300-1453611,"A468,A543",2,,,,{75},,,,,,,,,,,{23},
EN300-7435038,A543,1,,,,,,,,,,,,,,,{23},
EN300-1260802,"A468,A533,A543",3,,,,{78},,{82},,,,,,,,,{23},
EN300-7958524,"A467,A543",2,,{78},,,,,,,,,,,,,{23},
EN300-53867642,A543,1,,,,,,,,,,,,,,,{23},
EN300-27686638,A543,1,,,,,,,,,,,,,,,{23},
EN300-26664478,A543,1,,,,,,,,,,,,,,,{23},
EN300-159277,"A468,A543",2,,,,{95},,,,,,,,,,,{23},
EN300-5064499,A543,1,,,,,,,,,,,,,,,{23},
EN300-106457,A543,1,,,,,,,,,,,,,,,{23},
EN300-343302,"A468,A543",2,,,,{77},,,,,,,,,,,{23},
EN300-53444130,"A468,A543",2,,,,{76},,,,,,,,,,,{23},
EN300-1896260,A543,1,,,,,,,,,,,,,,,{23},
ligprep_Enamine_102025_Aryl.maegz:16770,A543,1,,,,,,,,,,,,,,,{23},
EN300-53420355,"A468,A543",2,,,,{80},,,,,,,,,,,{23},
EN300-26072192,"A468,A543",2,,,,{77},,,,,,,,,,,{23},
EN300-53864372,"A468,A543",2,,,,{79},,,,,,,,,,,{23},
EN300-53424643,"A468,A543",2,,,,{85},,,,,,,,,,,{23},
EN300-7721963,A543,1,,,,,,,,,,,,,,,{23},
EN300-54065268,"A468,A543",2,,,,{80},,,,,,,,,,,{23},
EN300-26572104,"A468,A543",2,,,,{92},,,,,,,,,,,{23},
EN300-53866616,"A468,A543",2,,,,{77},,,,,,,,,,,{23},
EN300-28226817,"A468,A543",2,,,,{84},,,,,,,,,,,{23},
EN300-53832404,"A468,A543",2,,,,{81},,,,,,,,,,,{23},
EN300-18077110,"A468,A543",2,,,,{83},,,,,,,,,,,{23},
EN300-7398239,A543,1,,,,,,,,,,,,,,,{23},
EN300-6524600,"A468,A543",2,,,,{85},,,,,,,,,,,{23},
EN300-27734212,"A468,A543",2,,,,{74},,,,,,,,,,,{23},
EN300-6493635,"A468,A543",2,,,,{83},,,,,,,,,,,{23},
EN300-53427492,"A468,A543",2,,,,{80},,,,,,,,,,,{23},
EN300-3023648,"A468,A543",2,,,,{78},,,,,,,,,,,{23},
EN300-53865326,"A468,A543",2,,,,{80},,,,,,,,,,,{23},
EN300-80129,A543,1,,,,,,,,,,,,,,,{23},
EN300-746159,"A468,A543",2,,,,{75},,,,,,,,,,,{23},
EN300-37293026,"A468,A543",2,,,,{76},,,,,,,,,,,{23},
EN300-80567,A543,1,,,,,,,,,,,,,,,{23},
EN300-44901,"A468,A543",2,,,,{90},,,,,,,,,,,{23},
EN300-3534115,A543,1,,,,,,,,,,,,,,,{23},
EN300-7463982,A543,1,,,,,,,,,,,,,,,{23},
EN300-11687187,A543,1,,,,,,,,,,,,,,,{23},
EN300-53834977,"A468,A543",2,,,,{81},,,,,,,,,,,{23},
EN300-7433549,A543,1,,,,,,,,,,,,,,,{23},
EN300-8197376,"A467,A543",2,,{80},,,,,,,,,,,,,{23},
EN300-9026317,A543,1,,,,,,,,,,,,,,,{23},
EN300-53429895,"A536,A543",2,,,,,,,,,,,{39},,,,{23},
EN300-53448669,"A467,A543",2,,{77},,,,,,,,,,,,,{23},
EN300-305128,"A468,A543",2,,,,{74},,,,,,,,,,,{23},
EN300-196722,A543,1,,,,,,,,,,,,,,,{23},
EN300-1611986,"A467,A468,A543",3,{37},,,{76},,,,,,,,,,,{23},
EN300-54068534,"A468,A543",2,,,,{76},,,,,,,,,,,{23},
EN300-85032,A543,1,,,,,,,,,,,,,,,{23},
EN300-109305,"A468,A536,A543",3,,,,{84},,,,,,,{35},,,,{23},
EN300-80656,"A468,A543",2,,,,{90},,,,,,,,,,,{23},
EN300-6492968,"A468,A543",2,,,,{83},,,,,,,,,,,{23},
EN300-51657863,A543,1,,,,,,,,,,,,,,,{23},
EN300-7446444,A543,1,,,,,,,,,,,,,,,{23},
EN300-37104508,"A468,A543",2,,,,{81},,,,,,,,,,,{23},
EN300-27209,A543,1,,,,,,,,,,,,,,,{23},
EN300-7446445,"A468,A543",2,,,,{86},,,,,,,,,,,{23},
EN300-33278518,"A468,A543",2,,,,{77},,,,,,,,,,,{23},
EN300-10496396,"A467,A468,A543",3,{42},,,{82},,,,,,,,,,,{23},
EN300-3530019,"A468,A473,A543",3,,,,{84},,,,{85},,,,,,,{23},
EN300-53442168,"A467,A468,A543",3,,{79},,{79},,,,,,,,,,,{23},
EN300-279206,A543,1,,,,,,,,,,,,,,,{23},
EN300-1452605,A543,1,,,,,,,,,,,,,,,{23},
EN300-75511,"A468,A543",2,,,,{83},,,,,,,,,,,{23},
EN300-84327,A543,1,,,,,,,,,,,,,,,{23},
EN300-179873,"A468,A543",2,,,,{78},,,,,,,,,,,{23},
EN300-37082442,A543,1,,,,,,,,,,,,,,,{23},
EN300-2984491,A543,1,,,,,,,,,,,,,,,{23},
EN300-7463956,A543,1,,,,,,,,,,,,,,,{23},
EN300-7876030,"A468,A543",2,,,,{78},,,,,,,,,,,{23},
EN300-53836826,"A468,A543",2,,,,{78},,,,,,,,,,,{23},
EN300-219042,"A468,A543",2,,,,{84},,,,,,,,,,,{23},
EN300-1700342,"A467,A543",2,,{79},,,,,,,,,,,,,{23},
EN300-1893693,A543,1,,,,,,,,,,,,,,,{23},
EN300-26862790,"A468,A543",2,,,,{83},,,,,,,,,,,{23},
EN300-14551225,"A468,A543",2,,,,{91},,,,,,,,,,,{23},
EN300-24124115,"A468,A543",2,,,,{80},,,,,,,,,,,{23},
EN300-7544570,"A468,A543",2,,,,{80},,,,,,,,,,,{23},
EN300-37456744,A543,1,,,,,,,,,,,,,,,{23},
EN300-51782513,"A468,A543",2,,,,{95},,,,,,,,,,,{23},
EN300-7446464,"A468,A543",2,,,,{79},,,,,,,,,,,{23},
EN300-307186,"A468,A543",2,,,,{84},,,,,,,,,,,{23},
EN300-52365855,"A468,A543",2,,,,{79},,,,,,,,,,,{23},
EN300-9239823,A543,1,,,,,,,,,,,,,,,{23},
EN300-7464866,"A468,A543",2,,,,{86},,,,,,,,,,,{23},
EN300-53450847,A543,1,,,,,,,,,,,,,,,{23},
EN300-102542,"A468,A536,A543",3,,,,{82},,,,,,,{37},,,,{23},
EN300-706055,"A468,A543",2,,,,{76},,,,,,,,,,,{23},
EN300-1937635,"A468,A543",2,,,,{75},,,,,,,,,,,{23},
EN300-6295603,A543,1,,,,,,,,,,,,,,,{23},
EN300-3121108,"A467,A543",2,,{77},,,,,,,,,,,,,{23},
EN300-15870,"A468,A543",2,,,,{82},,,,,,,,,,,{23},
EN300-1223177,A543,1,,,,,,,,,,,,,,,{23},
EN300-343915,A543,1,,,,,,,,,,,,,,,{23},
EN300-37152193,"A468,A543",2,,,,{82},,,,,,,,,,,{23},
EN300-1721151,"A468,A543",2,,,,{76},,,,,,,,,,,{23},
EN300-8391230,"A468,A543",2,,,,{76},,,,,,,,,,,{23},
EN300-53443785,"A468,A543",2,,,,{81},,,,,,,,,,,{23},
EN300-37285113,"A468,A543",2,,,,{75},,,,,,,,,,,{23},
EN300-7464244,A543,1,,,,,,,,,,,,,,,{23},
EN300-10190605,"A468,A543",2,,,,{79},,,,,,,,,,,{23},
EN300-04598,"A468,A538,A543",3,,,,{90},,,,,,{91},,,,,{23},
EN300-46775224,A543,1,,,,,,,,,,,,,,,{23},
EN300-51749078,"A468,A543",2,,,,{88},,,,,,,,,,,{23},
EN300-53487400,"A468,A543",2,,,,{76},,,,,,,,,,,{23},
EN300-53425290,"A468,A543",2,,,,{82},,,,,,,,,,,{23},
EN300-51749053,"A468,A543",2,,,,{87},,,,,,,,,,,{23},
EN300-7464233,A543,1,,,,,,,,,,,,,,,{23},
EN300-1453129,"A468,A543",2,,,,{82},,,,,,,,,,,{23},
EN300-1453457,"A468,A543",2,,,,{79},,,,,,,,,,,{23},
EN300-52521044,"A468,A543",2,,,,{76},,,,,,,,,,,{23},
EN300-52471340,A543,1,,,,,,,,,,,,,,,{23},
EN300-53426762,"A468,A538,A543",3,,,,{79},,,,,,{82},,,,,{23},
EN300-53961433,"A467,A543",2,,{80},,,,,,,,,,,,,{23},
EN300-1292090,A543,1,,,,,,,,,,,,,,,{23},
EN300-46193470,A543,1,,,,,,,,,,,,,,,{23},
EN300-53426840,"A468,A543",2,,,,{79},,,,,,,,,,,{23},
EN300-76036,A543,1,,,,,,,,,,,,,,,{23},
EN300-99686,"A468,A543",2,,,,{90},,,,,,,,,,,{23},
EN300-26572578,"A468,A543",2,,,,{93},,,,,,,,,,,{23},
EN300-178296,"A468,A536,A543",3,,,,{92},,,,,,,{40},,,,{23},
EN300-7955194,"A468,A543",2,,,,{75},,,,,,,,,,,{23},
EN300-7446463,A543,1,,,,,,,,,,,,,,,{23},
EN300-53428588,"A468,A543",2,,,,{79},,,,,,,,,,,{23},
EN300-37096388,"A468,A543",2,,,,{76},,,,,,,,,,,{23},
EN300-8681689,"A468,A473,A543",3,,,,{82},,,,{83},,,,,,,{23},
EN300-53433859,"A467,A543",2,,{79},,,,,,,,,,,,,{23},
EN300-873518,"A468,A543",2,,,,{78},,,,,,,,,,,{23},
EN300-53450038,A543,1,,,,,,,,,,,,,,,{23},
EN300-25371921,"A468,A543",2,,,,{80},,,,,,,,,,,{23},
EN300-53963748,A543,1,,,,,,,,,,,,,,,{23},
EN300-106456,A543,1,,,,,,,,,,,,,,,{23},
EN300-7446444,A543,1,,,,,,,,,,,,,,,{23},
EN300-7524296,"A468,A543",2,,,,{91},,,,,,,,,,,{23},
EN300-215707,"A468,A543",2,,,,{85},,,,,,,,,,,{23},
EN300-219042,"A468,A543",2,,,,{85},,,,,,,,,,,{23},
EN300-8686390,"A468,A543",2,,,,{85},,,,,,,,,,,{23},
EN300-3537130,"A468,A543",2,,,,{81},,,,,,,,,,,{23},
EN300-53436180,A543,1,,,,,,,,,,,,,,,{23},
EN300-04240,"A468,A543",2,,,,{85},,,,,,,,,,,{23},
EN300-53425928,"A468,A543",2,,,,{81},,,,,,,,,,,{23},
EN300-62242,"A468,A543",2,,,,{75},,,,,,,,,,,{23},
EN300-53414447,A543,1,,,,,,,,,,,,,,,{23},
EN300-50084,A543,1,,,,,,,,,,,,,,,{23},
EN300-53961978,"A468,A543",2,,,,{76},,,,,,,,,,,{23},
EN300-51749292,"A468,A543",2,,,,{90},,,,,,,,,,,{23},
EN300-39677570,A543,1,,,,,,,,,,,,,,,{23},
EN300-104993,A543,1,,,,,,,,,,,,,,,{23},
EN300-269827,"A468,A543",2,,,,{82},,,,,,,,,,,{23},
EN300-6775144,"A468,A543",2,,,,{84},,,,,,,,,,,{23},
EN300-29137240,"A467,A543",2,,{81},,,,,,,,,,,,,{23},
EN300-52363269,A543,1,,,,,,,,,,,,,,,{23},
EN300-6520819,"A468,A543",2,,,,{80},,,,,,,,,,,{23},
EN300-252810,A543,1,,,,,,,,,,,,,,,{23},
EN300-53449033,"A468,A543",2,,,,{85},,,,,,,,,,,{23},
EN300-45863517,"A468,A543",2,,,,{78},,,,,,,,,,,{23},
EN300-53409800,A543,1,,,,,,,,,,,,,,,{23},
EN300-1425598,A543,1,,,,,,,,,,,,,,,{23},
EN300-06049,"A468,A543",2,,,,{84},,,,,,,,,,,{23},
EN300-1913872,"A468,A543",2,,,,{78},,,,,,,,,,,{23},
EN300-3595231,"A468,A543",2,,,,{78},,,,,,,,,,,{23},
EN300-52302962,A543,1,,,,,,,,,,,,,,,{23},
EN300-7464228,A543,1,,,,,,,,,,,,,,,{23},
ligprep_Enamine_102025_Aryl.maegz:28093,A543,1,,,,,,,,,,,,,,,{23},
EN300-10180063,"A468,A543",2,,,,{82},,,,,,,,,,,{23},
EN300-7405130,A543,1,,,,,,,,,,,,,,,{23},
EN300-103919,"A468,A543",2,,,,{73},,,,,,,,,,,{23},
EN300-52471205,A543,1,,,,,,,,,,,,,,,{23},
EN300-25536,"A468,A543",2,,,,{84},,,,,,,,,,,{23},
EN300-5245116,"A468,A543",2,,,,{79},,,,,,,,,,,{23},
EN300-24213168,A543,1,,,,,,,,,,,,,,,{23},
EN300-53423498,A543,1,,,,,,,,,,,,,,,{23},
EN300-8166372,"A468,A473,A543",3,,,,{78},,,,{76},,,,,,,{23},
EN300-7524296,A543,1,,,,,,,,,,,,,,,{23},
EN300-79205,"A468,A543",2,,,,{80},,,,,,,,,,,{23},
EN300-53864465,"A468,A543",2,,,,{83},,,,,,,,,,,{23},
EN300-7434389,A543,1,,,,,,,,,,,,,,,{23},
EN300-7418416,"A468,A543",2,,,,{74},,,,,,,,,,,{23},
EN300-307677,A543,1,,,,,,,,,,,,,,,{23},
EN300-3253314,"A468,A543",2,,,,{78},,,,,,,,,,,{23},
EN300-7464231,A543,1,,,,,,,,,,,,,,,{23},
EN300-138115,"A468,A543",2,,,,{76},,,,,,,,,,,{23},
EN300-7464233,A543,1,,,,,,,,,,,,,,,{23},
EN300-52956243,A543,1,,,,,,,,,,,,,,,{23},
EN300-14564767,"A468,A543",2,,,,{91},,,,,,,,,,,{23},
EN300-1898199,"A468,A543",2,,,,{75},,,,,,,,,,,{23},
EN300-51784404,"A468,A543",2,,,,{92},,,,,,,,,,,{23},
EN300-1073509,A543,1,,,,,,,,,,,,,,,{23},
EN300-37288319,"A468,A543",2,,,,{79},,,,,,,,,,,{23},
EN300-7436490,A543,1,,,,,,,,,,,,,,,{23},
EN300-6495980,"A467,A543",2,,{76},,,,,,,,,,,,,{23},
EN300-52973834,"A467,A468,A543",3,{45},,,{79},,,,,,,,,,,{23},
EN300-53358145,"A468,A543",2,,,,{79},,,,,,,,,,,{23},
EN300-36733,"A468,A543",2,,,,{94},,,,,,,,,,,{23},
EN300-53428239,"A468,A543",2,,,,{81},,,,,,,,,,,{23},
EN300-53423280,A543,1,,,,,,,,,,,,,,,{23},
EN300-6524608,"A468,A543",2,,,,{90},,,,,,,,,,,{23},
EN300-160169,"A468,A543",2,,,,{83},,,,,,,,,,,{23},
EN300-52366303,A543,1,,,,,,,,,,,,,,,{23},
EN300-53430276,"A468,A543",2,,,,{82},,,,,,,,,,,{23},
EN300-53435738,"A468,A543",2,,,,{77},,,,,,,,,,,{23},
EN300-247799,A543,1,,,,,,,,,,,,,,,{23},
EN300-3537130,"A468,A543",2,,,,{81},,,,,,,,,,,{23},
EN300-7463952,A543,1,,,,,,,,,,,,,,,{23},
EN300-46609083,"A468,A543",2,,,,{82},,,,,,,,,,,{23},
EN300-51657863,"A468,A543",2,,,,{82},,,,,,,,,,,{23},
EN300-26106382,"A468,A543",2,,,,{80},,,,,,,,,,,{23},
EN300-322865,"A468,A543",2,,,,{75},,,,,,,,,,,{23},
EN300-7423662,A543,1,,,,,,,,,,,,,,,{23},
EN300-53963926,"A467,A543",2,,{80},,,,,,,,,,,,,{23},
EN300-53962255,A543,1,,,,,,,,,,,,,,,{23},
EN300-53838489,"A468,A543",2,,,,{80},,,,,,,,,,,{23},
EN300-32015,"A468,A543",2,,,,{87},,,,,,,,,,,{23},
EN300-51784083,"A468,A543",2,,,{35},{95},,,,,,,,,,,{23},
EN300-7432839,A543,1,,,,,,,,,,,,,,,{23},
EN300-7463970,A543,1,,,,,,,,,,,,,,,{23},
EN300-34154,"A468,A543",2,,,,{74},,,,,,,,,,,{23},
EN300-249033,"A468,A543",2,,,,{82},,,,,,,,,,,{23},
EN300-306101,A543,1,,,,,,,,,,,,,,,{23},
EN300-63979,"A468,A543",2,,,,{81},,,,,,,,,,,{23},
EN300-28228059,"A468,A543",2,,,,{80},,,,,,,,,,,{23},
EN300-37288444,"A468,A543",2,,,,{78},,,,,,,,,,,{23},
EN300-7446937,A543,1,,,,,,,,,,,,,,,{23},
EN300-53448355,A543,1,,,,,,,,,,,,,,,{23},
EN300-52362498,"A468,A543",2,,,,{78},,,,,,,,,,,{23},
EN300-4390005,"A468,A543",2,,,,{76},,,,,,,,,,,{23},
EN300-84379,A543,1,,,,,,,,,,,,,,,{23},
EN300-12711410,"A468,A543",2,,,,{79},,,,,,,,,,,{23},
EN300-12719746,"A468,A543",2,,,,{79},,,,,,,,,,,{23},
EN300-8030045,A543,1,,,,,,,,,,,,,,,{23},
EN300-53428998,"A468,A543",2,,,,{82},,,,,,,,,,,{23},
EN300-305601,A543,1,,,,,,,,,,,,,,,{23},
EN300-53428248,"A468,A543",2,,,,{82},,,,,,,,,,,{23},
EN300-53440107,A543,1,,,,,,,,,,,,,,,{23},
EN300-37291476,"A468,A543",2,,,,{86},,,,,,,,,,,{23},
EN300-53432963,A543,1,,,,,,,,,,,,,,,{23},
EN300-53428163,"A468,A543",2,,,,{81},,,,,,,,,,,{23},
EN300-45183,"A468,A543",2,,,,{81},,,,,,,,,,,{23},
EN300-10245791,"A468,A543",2,,,,{87},,,,,,,,,,,{23},
EN300-52212099,A543,1,,,,,,,,,,,,,,,{23},
EN300-22880950,A543,1,,,,,,,,,,,,,,,{23},
EN300-746204,A543,1,,,,,,,,,,,,,,,{23},
EN300-5029761,A543,1,,,,,,,,,,,,,,,{23},
EN300-96389,"A468,A543",2,,,,{81},,,,,,,,,,,{23},
EN300-50877,A543,1,,,,,,,,,,,,,,,{23},
EN300-66168,"A468,A543",2,,,,{81},,,,,,,,,,,{23},
EN300-45910709,"A468,A543",2,,,,{81},,,,,,,,,,,{23},
EN300-53961911,"A468,A543",2,,,,{77},,,,,,,,,,,{23},
EN300-22906619,A543,1,,,,,,,,,,,,,,,{23},
EN300-251611,"A468,A543",2,,,,{78},,,,,,,,,,,{23},
EN300-1905512,"A468,A543",2,,,,{79},,,,,,,,,,,{23},
EN300-1452773,"A468,A543",2,,,,{80},,,,,,,,,,,{23},
EN300-47331816,"A468,A543",2,,,,{81},,,,,,,,,,,{23},
EN300-6524615,"A468,A543",2,,,,{85},,,,,,,,,,,{23},
EN300-50996,A543,1,,,,,,,,,,,,,,,{23},
EN300-53867515,A543,1,,,,,,,,,,,,,,,{23},
EN300-22896888,A543,1,,,,,,,,,,,,,,,{23},
EN300-1453687,"A468,A543",2,,,,{79},,,,,,,,,,,{23},
EN300-1452506,"A468,A543",2,,,,{80},,,,,,,,,,,{23},
EN300-53423752,A543,1,,,,,,,,,,,,,,,{23},
EN300-53439702,A543,1,,,,,,,,,,,,,,,{23},
EN300-256166,A543,1,,,,,,,,,,,,,,,{23},
EN300-37287371,"A468,A543",2,,,,{77},,,,,,,,,,,{23},
EN300-53443395,"A468,A543",2,,,,{80},,,,,,,,,,,{23},
EN300-27149699,"A468,A543",2,,,,{80},,,,,,,,,,,{23},
EN300-84320,A543,1,,,,,,,,,,,,,,,{23},
EN300-53435601,A543,1,,,,,,,,,,,,,,,{23},
EN300-7434393,A543,1,,,,,,,,,,,,,,,{23},
EN300-7446464,A543,1,,,,,,,,,,,,,,,{23},
EN300-51617890,"A468,A543",2,,,,{83},,,,,,,,,,,{23},
EN300-9759182,"A468,A543",2,,,,{79},,,,,,,,,,,{23},
EN300-53426285,"A468,A543",2,,,,{77},,,,,,,,,,,{23},
EN300-15811,"A468,A543",2,,,,{88},,,,,,,,,,,{23},
EN300-10496418,A543,1,,,,,,,,,,,,,,,{23},
EN300-1629061,"A468,A543",2,,,,{79},,,,,,,,,,,{23},
EN300-44829,A543,1,,,,,,,,,,,,,,,{23},
EN300-36116684,A543,1,,,,,,,,,,,,,,,{23},
EN300-8591115,A543,1,,,,,,,,,,,,,,,{23},
EN300-37139101,A543,1,,,,,,,,,,,,,,,{23},
EN300-53866112,"A468,A543",2,,,,{79},,,,,,,,,,,{23},
EN300-19086550,"A467,A468,A543",3,{42},,,{80},,,,,,,,,,,{23},
EN300-45026,A543,1,,,,,,,,,,,,,,,{23},
EN300-51743851,"A468,A543",2,,,,{78},,,,,,,,,,,{23},
EN300-53421805,"A468,A543",2,,,,{81},,,,,,,,,,,{23},
EN300-53865861,"A468,A543",2,,,,{85},,,,,,,,,,,{23},
EN300-6520221,"A468,A543",2,,,,{80},,,,,,,,,,,{23},
EN300-51783609,"A468,A543",2,,,,{99},,,,,,,,,,,{23},
EN300-51782520,"A468,A543",2,,,,{98},,,,,,,,,,,{23},
EN300-51743840,A543,1,,,,,,,,,,,,,,,{23},
EN300-2267449,"A468,A543",2,,,,{78},,,,,,,,,,,{23},
EN300-7388134,"A468,A543",2,,,,{88},,,,,,,,,,,{23},
EN300-53427083,"A468,A543",2,,,,{79},,,,,,,,,,,{23},
EN300-11836856,"A536,A543",2,,,,,,,,,,,{38},,,,{23},
EN300-53865112,"A468,A543",2,,,,{79},,,,,,,,,,,{23},
EN300-80223,"A468,A543",2,,,,{80},,,,,,,,,,,{23},
EN300-5029760,A543,1,,,,,,,,,,,,,,,{23},
EN300-1452984,"A468,A543",2,,,,{79},,,,,,,,,,,{23},
EN300-53429775,"A468,A543",2,,,,{81},,,,,,,,,,,{23},
EN300-53843728,"A468,A543",2,,,,{94},,,,,,,,,,,{23},
EN300-8040601,A543,1,,,,,,,,,,,,,,,{23},
EN300-352262,"A468,A543",2,,,,{75},,,,,,,,,,,{23},
EN300-152512,"A468,A543",2,,,,{80},,,,,,,,,,,{23},
EN300-37290097,"A468,A543",2,,,,{80},,,,,,,,,,,{23},
EN300-7463955,"A468,A543",2,,,,{79},,,,,,,,,,,{23},
EN300-270521,"A536,A543",2,,,,,,,,,,,{48},,,,{23},
EN300-53426511,"A468,A543",2,,,,{81},,,,,,,,,,,{23},
EN300-305636,A543,1,,,,,,,,,,,,,,,{23},
EN300-53444935,"A468,A543",2,,,,{78},,,,,,,,,,,{23},
EN300-53963713,"A468,A543",2,,,,{79},,,,,,,,,,,{23},
EN300-53864652,"A468,A543",2,,,,{77},,,,,,,,,,,{23},
EN300-1452743,"A468,A543",2,,,,{78},,,,,,,,,,,{23},
EN300-1666531,"A468,A533,A543",3,,,,{75},,{73},,,,,,,,,{23},
EN300-181494,"A467,A543",2,,{77},,,,,,,,,,,,,{23},
EN300-1453323,"A468,A543",2,,,,{79},,,,,,,,,,,{23},
EN300-1657622,A543,1,,,,,,,,,,,,,,,{23},
EN300-269667,A543,1,,,,,,,,,,,,,,,{23},
EN300-53426098,"A468,A543",2,,,,{80},,,,,,,,,,,{23},
EN300-53432724,"A468,A543",2,,,,{94},,,,,,,,,,,{23},
EN300-15733,"A468,A543",2,,,,{80},,,,,,,,,,,{23},
EN300-7391807,A543,1,,,,,,,,,,,,,,,{23},
EN300-33210,A543,1,,,,,,,,,,,,,,,{23},
EN300-26862790,"A468,A543",2,,,,{83},,,,,,,,,,,{23},
EN300-5245116,A543,1,,,,,,,,,,,,,,,{23},
EN300-7538778,"A468,A543",2,,,,{78},,,,,,,,,,,{23},
EN300-19358705,"A468,A543",2,,,,{89},,,,,,,,,,,{23},
EN300-33135265,A543,1,,,,,,,,,,,,,,,{23},
EN300-15937,"A468,A543",2,,,,{85},,,,,,,,,,,{23},
EN300-38125506,A543,1,,,,,,,,,,,,,,,{23},
EN300-6524591,"A468,A543",2,,,,"{89, 84}",,,,,,,,,,,{23},
EN300-7462547,A543,1,,,,,,,,,,,,,,,{23},
EN300-53428054,"A468,A543",2,,,,{82},,,,,,,,,,,{23},
EN300-7464231,A543,1,,,,,,,,,,,,,,,{23},
EN300-7463970,A543,1,,,,,,,,,,,,,,,{23},
EN300-126324,"A468,A543",2,,,,{78},,,,,,,,,,,{23},
EN300-01193,"A467,A468,A543",3,{37},,,{76},,,,,,,,,,,{23},
EN300-7382354,"A468,A543",2,,,,{80},,,,,,,,,,,{23},
EN300-7446868,A543,1,,,,,,,,,,,,,,,{23},
EN300-27102554,"A468,A543",2,,,,{78},,,,,,,,,,,{23},
EN300-274838,"A467,A468,A543",3,,{77},,{76},,,,,,,,,,,{23},
EN300-51744964,A543,1,,,,,,,,,,,,,,,{23},
EN300-6479669,"A467,A543",2,,{77},,,,,,,,,,,,,{23},
EN300-53425810,"A468,A543",2,,,,{89},,,,,,,,,,,{23},
EN300-11122933,"A468,A543",2,,,{37},{86},,,,,,,,,,,{23},
EN300-25750790,"A468,A543",2,,,{37},{86},,,,,,,,,,,{23},
EN300-1453452,"A468,A543",2,,,,{79},,,,,,,,,,,{23},
EN300-53447364,"A468,A543",2,,,,{78},,,,,,,,,,,{23},
EN300-52367499,A543,1,,,,,,,,,,,,,,,{23},
EN300-78059,A543,1,,,,,,,,,,,,,,,{23},
EN300-37286684,A543,1,,,,,,,,,,,,,,,{23},
EN300-22302465,"A468,A543",2,,,,{75},,,,,,,,,,,{23},
EN300-51749985,"A467,A468,A536,A543",4,{56},,,{91},,,,,,,{56},,,,{23},
EN300-15834,"A468,A543",2,,,,{90},,,,,,,,,,,{23},
EN300-52471205,A543,1,,,,,,,,,,,,,,,{23},
EN300-52953981,A543,1,,,,,,,,,,,,,,,{23},
EN300-657292,"A467,A543",2,,{74},,,,,,,,,,,,,{23},
EN300-6730309,A543,1,,,,,,,,,,,,,,,{23},
EN300-53417452,A543,1,,,,,,,,,,,,,,,{23},
EN300-7958432,"A468,A543",2,,,,{78},,,,,,,,,,,{23},
EN300-12860254,"A468,A543",2,,,,{88},,,,,,,,,,,{23},
EN300-3223203,A543,1,,,,,,,,,,,,,,,{23},
EN300-104046,"A468,A543",2,,,,{80},,,,,,,,,,,{23},
EN300-27736894,"A468,A543",2,,,,{75},,,,,,,,,,,{23},
EN300-53425843,"A468,A543",2,,,,{81},,,,,,,,,,,{23},
EN300-53408131,A543,1,,,,,,,,,,,,,,,{23},
EN300-52154121,"A468,A543",2,,,,{97},,,,,,,,,,,{23},
EN300-7330242,"A468,A543",2,,,,{79},,,,,,,,,,,{23},
EN300-6522501,"A468,A543",2,,,,{89},,,,,,,,,,,{23},
EN300-45067,"A468,A543",2,,,,{76},,,,,,,,,,,{23},
EN300-53429384,"A468,A543",2,,,,{80},,,,,,,,,,,{23},
EN300-7446871,"A468,A543",2,,,,{76},,,,,,,,,,,{23},
EN300-25548,"A468,A543",2,,,,{79},,,,,,,,,,,{23},
EN300-53435736,"A468,A543",2,,,,{80},,,,,,,,,,,{23},
EN300-813971,A543,1,,,,,,,,,,,,,,,{23},
EN300-271957,"A468,A543",2,,,,{76},,,,,,,,,,,{23},
EN300-03844,"A468,A543",2,,,,{79},,,,,,,,,,,{23},
EN300-761460,"A467,A468,A543",3,,{79},,{80},,,,,,,,,,,{23},
EN300-1453658,"A468,A543",2,,,,{79},,,,,,,,,,,{23},
EN300-6518841,"A468,A543",2,,,,{83},,,,,,,,,,,{23},
EN300-53963130,"A468,A543",2,,,,{77},,,,,,,,,,,{23},
EN300-53436942,A543,1,,,,,,,,,,,,,,,{23},
EN300-110320,"A468,A543",2,,,,{77},,,,,,,,,,,{23},
EN300-53435739,"A468,A543",2,,,,{81},,,,,,,,,,,{23},
EN300-72004,"A468,A543",2,,,,{79},,,,,,,,,,,{23},
EN300-51763329,A543,1,,,,,,,,,,,,,,,{23},
EN300-15853,"A468,A543",2,,,,{79},,,,,,,,,,,{23},
EN300-53448805,A543,1,,,,,,,,,,,,,,,{23},
EN300-33131639,A543,1,,,,,,,,,,,,,,,{23},
EN300-343851,"A468,A543",2,,,,{78},,,,,,,,,,,{23},
EN300-201769,"A468,A543",2,,,,{91},,,,,,,,,,,{23},
EN300-1453033,"A468,A543",2,,,,{80},,,,,,,,,,,{23},
EN300-7720641,"A538,A543",2,,,,,,,,,{35},,,,,,{23},
EN300-51608188,"A468,A543",2,,,,{88},,,,,,,,,,,{23},
EN300-130157,"A468,A543",2,,,,{82},,,,,,,,,,,{23},
EN300-53961457,"A468,A543",2,,,,{77},,,,,,,,,,,{23},
EN300-53419130,"A468,A543",2,,,,{78},,,,,,,,,,,{23},
EN300-12967495,A543,1,,,,,,,,,,,,,,,{23},
EN300-52471932,"A468,A543",2,,,,{92},,,,,,,,,,,{23},
EN300-52231823,"A468,A543",2,,,,{86},,,,,,,,,,,{23},
EN300-45182087,"A468,A543",2,,,,{90},,,,,,,,,,,{23},
EN300-264745,A543,1,,,,,,,,,,,,,,,{23},
EN300-176964,A543,1,,,,,,,,,,,,,,,{23},
EN300-7353623,"A468,A543",2,,,,{81},,,,,,,,,,,{23},
EN300-45182087,"A468,A543",2,,,,{90},,,,,,,,,,,{23},
EN300-27149854,A543,1,,,,,,,,,,,,,,,{23},
EN300-47339330,A543,1,,,,,,,,,,,,,,,{23},
EN300-53408130,A543,1,,,,,,,,,,,,,,,{23},
EN300-53448112,"A468,A543",2,,,,{89},,,,,,,,,,,{23},
EN300-1452882,"A468,A543",2,,,,{79},,,,,,,,,,,{23},
EN300-7446918,A543,1,,,,,,,,,,,,,,,{23},
EN300-22842037,A543,1,,,,,,,,,,,,,,,{23},
EN300-6476998,A543,1,,,,,,,,,,,,,,,{23},
EN300-52471932,A543,1,,,,,,,,,,,,,,,{23},
EN300-53429593,"A468,A543",2,,,,{81},,,,,,,,,,,{23},
EN300-67145,A543,1,,,,,,,,,,,,,,,{23},
EN300-53865468,"A468,A543",2,,,,{79},,,,,,,,,,,{23},
EN300-6523611,"A468,A543",2,,,,{83},,,,,,,,,,,{23},
EN300-229731,"A468,A543",2,,,,{84},,,,,,,,,,,{23},
EN300-53426162,"A468,A543",2,,,,{80},,,,,,,,,,,{23},
EN300-53426736,"A467,A468,A543",3,{47},,,{83},,,,,,,,,,,{23},
EN300-54958,"A468,A543",2,,,,"{81, 86}",,,,,,,,,,,{23},
EN300-1893689,"A468,A543",2,,,,{85},,,,,,,,,,,{23},
EN300-53440908,A543,1,,,,,,,,,,,,,,,{23},
EN300-53291049,"A467,A468,A543",3,{38},,,{83},,,,,,,,,,,{23},
EN300-18150466,"A468,A543",2,,,,{79},,,,,,,,,,,{23},
EN300-22991728,"A468,A543",2,,,,{80},,,,,,,,,,,{23},
EN300-45561634,"A468,A543",2,,,,{75},,,,,,,,,,,{23},
EN300-53433772,A543,1,,,,,,,,,,,,,,,{23},
EN300-67350,"A468,A543",2,,,,{82},,,,,,,,,,,{23},
EN300-53430129,"A468,A543",2,,,,{80},,,,,,,,,,,{23},
EN300-227034,"A468,A543",2,,,,{74},,,,,,,,,,,{23},
EN300-53960036,"A468,A543",2,,,,{74},,,,,,,,,,,{23},
EN300-47320239,"A468,A543",2,,,,{75},,,,,,,,,,,{23},
EN300-6480195,"A468,A543",2,,,,{76},,,,,,,,,,,{23},
EN300-53430591,"A468,A543",2,,,,{80},,,,,,,,,,,{23},
EN300-200154,"A468,A543",2,,,,{84},,,,,,,,,,,{23},
EN300-51654,A543,1,,,,,,,,,,,,,,,{23},
EN300-53413773,"A468,A543",2,,,,{79},,,,,,,,,,,{23},
EN300-51744909,"A468,A543",2,,,,{75},,,,,,,,,,,{23},
EN300-37292787,"A468,A543",2,,,,{85},,,,,,,,,,,{23},
EN300-22841138,A543,1,,,,,,,,,,,,,,,{23},
EN300-53847657,"A468,A543",2,,,,{90},,,,,,,,,,,{23},
EN300-52367210,A543,1,,,,,,,,,,,,,,,{23},
EN300-3082666,A543,1,,,,,,,,,,,,,,,{23},
EN300-9250616,A543,1,,,,,,,,,,,,,,,{23},
EN300-3025796,A543,1,,,,,,,,,,,,,,,{23},
EN300-278370,"A468,A543",2,,,,{76},,,,,,,,,,,{23},
EN300-184196,A543,1,,,,,,,,,,,,,,,{23},
EN300-53444131,"A468,A543",2,,,,{80},,,,,,,,,,,{23},
EN300-6523369,"A468,A543",2,,,,{82},,,,,,,,,,,{23},
EN300-27145786,"A468,A543",2,,,,{91},,,,,,,,,,,{23},
EN300-67152,"A468,A543",2,,,,{79},,,,,,,,,,,{23},
EN300-5597162,"A468,A543",2,,,,{84},,,,,,,,,,,{23},
EN300-7463743,"A468,A543",2,,,,{79},,,,,,,,,,,{23},
EN300-37098857,A543,1,,,,,,,,,,,,,,,{23},
EN300-12810064,A543,1,,,,,,,,,,,,,,,{23},
EN300-5495801,A543,1,,,,,,,,,,,,,,,{23},
EN300-1453346,"A468,A543",2,,,,{79},,,,,,,,,,,{23},
EN300-270129,A543,1,,,,,,,,,,,,,,,{23},
EN300-273670,"A536,A543",2,,,,,,,,,,,{47},,,,{23},
EN300-1452965,"A468,A543",2,,,,{80},,,,,,,,,,,{23},
EN300-53444143,A543,1,,,,,,,,,,,,,,,{23},
EN300-8524470,"A468,A543",2,,,,{80},,,,,,,,,,,{23},
EN300-28269368,"A468,A543",2,,,,{75},,,,,,,,,,,{23},
EN300-6511354,"A468,A543",2,,,,{79},,,,,,,,,,,{23},
EN300-53834987,"A467,A468,A543",3,,{80},,{81},,,,,,,,,,,{23},
EN300-133003,A543,1,,,,,,,,,,,,,,,{23},
EN300-10038375,"A468,A543",2,,,,{83},,,,,,,,,,,{23},
EN300-6520265,"A468,A543",2,,,,{86},,,,,,,,,,,{23},
EN300-53963866,A543,1,,,,,,,,,,,,,,,{23},
EN300-53429978,"A468,A543",2,,,,{82},,,,,,,,,,,{23},
EN300-7446445,A543,1,,,,,,,,,,,,,,,{23},
EN300-194770,A543,1,,,,,,,,,,,,,,,{23},
EN300-23885279,"A468,A543",2,,,,{77},,,,,,,,,,,{23},
EN300-7377475,A543,1,,,,,,,,,,,,,,,{23},
EN300-39919864,"A468,A543",2,,,,{76},,,,,,,,,,,{23},
EN300-6523557,"A468,A536,A543",3,,,,{87},,,,,,,{39},,,,{23},
EN300-8460756,A543,1,,,,,,,,,,,,,,,{23},
EN300-53961631,A543,1,,,,,,,,,,,,,,,{23},
EN300-53961897,"A473,A543",2,,,,,,,,{79},,,,,,,{23},
EN300-29384,"A468,A543",2,,,,{77},,,,,,,,,,,{23},
EN300-1937107,"A468,A543",2,,,,{82},,,,,,,,,,,{23},
EN300-53426447,"A468,A543",2,,,,{78},,,,,,,,,,,{23},
EN300-256110,"A468,A543",2,,,,{78},,,,,,,,,,,{23},
EN300-53866668,"A468,A543",2,,,,{78},,,,,,,,,,,{23},
EN300-23612554,A543,1,,,,,,,,,,,,,,,{23},
EN300-06268,"A468,A543",2,,,,{74},,,,,,,,,,,{23},
EN300-5056061,A543,1,,,,,,,,,,,,,,,{23},
EN300-53444936,"A468,A543",2,,,,{81},,,,,,,,,,,{23},
EN300-53426799,"A468,A543",2,,,,{81},,,,,,,,,,,{23},
EN300-8940692,"A468,A543",2,,,,{77},,,,,,,,,,,{23},
EN300-53428546,"A468,A543",2,,,,{82},,,,,,,,,,,{23},
EN300-53429266,"A468,A543",2,,,,{80},,,,,,,,,,,{23},
EN300-53434678,A543,1,,,,,,,,,,,,,,,{23},
EN300-37476554,"A468,A543",2,,,,{87},,,,,,,,,,,{23},
EN300-1452969,"A468,A543",2,,,,{81},,,,,,,,,,,{23},
EN300-12966964,"A468,A543",2,,,,{88},,,,,,,,,,,{23},
EN300-39878500,"A468,A543",2,,,,{77},,,,,,,,,,,{23},
EN300-38866619,"A468,A543",2,,,,{79},,,,,,,,,,,{23},
EN300-19579310,"A468,A543",2,,,,{78},,,,,,,,,,,{23},
EN300-1453431,"A468,A543",2,,,,{79},,,,,,,,,,,{23},
EN300-31133,"A468,A543",2,,,,{95},,,,,,,,,,,{23},
EN300-51787949,A543,1,,,,,,,,,,,,,,,{23},
EN300-1263910,A543,1,,,,,,,,,,,,,,,{23},
EN300-6524591,"A468,A543",2,,,,"{89, 93}",,,,,,,,,,,{23},
EN300-65813,A543,1,,,,,,,,,,,,,,,{23},
EN300-26572579,"A468,A543",2,,,,{86},,,,,,,,,,,{23},
EN300-43609086,"A468,A543",2,,,,{86},,,,,,,,,,,{23},
EN300-53452485,A543,1,,,,,,,,,,,,,,,{23},
EN300-6335460,A543,1,,,,,,,,,,,,,,,{23},
EN300-7437683,A543,1,,,,,,,,,,,,,,,{23},
EN300-680542,"A468,A543",2,,,,{80},,,,,,,,,,,{23},
EN300-141992,"A468,A543",2,,,,{84},,,,,,,,,,,{23},
EN300-1452815,"A468,A543",2,,,,{80},,,,,,,,,,,{23},
EN300-53450409,A543,1,,,,,,,,,,,,,,,{23},
EN300-53429638,"A468,A543",2,,,,{80},,,,,,,,,,,{23},
EN300-53958410,"A468,A543",2,,,,{77},,,,,,,,,,,{23},
EN300-5569463,A543,1,,,,,,,,,,,,,,,{23},
EN300-1220294,A543,1,,,,,,,,,,,,,,,{23},
EN300-51757455,"A467,A543",2,,{82},,,,,,,,,,,,,{23},
EN300-44829725,A543,1,,,,,,,,,,,,,,,{23},
EN300-8666963,"A468,A543",2,,,,{80},,,,,,,,,,,{23},
EN300-6520265,"A468,A543",2,,,,{86},,,,,,,,,,,{23},
ligprep_Enamine_102025_Aryl.maegz:34639,A543,1,,,,,,,,,,,,,,,{23},
EN300-75375,"A468,A543",2,,,,{74},,,,,,,,,,,{23},
EN300-1452952,"A468,A543",2,,,,{79},,,,,,,,,,,{23},
EN300-25440225,"A468,A543",2,,,,{80},,,,,,,,,,,{23},
EN300-6517427,"A468,A538,A543",3,,,,{84},,,,,,{78},,,,,{23},
EN300-1256174,"A468,A543",2,,,,{75},,,,,,,,,,,{23},
EN300-126401,"A468,A543",2,,,,{81},,,,,,,,,,,{23},
EN300-25048847,"A468,A543",2,,,,{77},,,,,,,,,,,{23},
EN300-53432486,A543,1,,,,,,,,,,,,,,,{23},
EN300-53431223,"A468,A543",2,,,,{80},,,,,,,,,,,{23},
EN300-51743048,"A468,A543",2,,,,{76},,,,,,,,,,,{23},
EN300-46980353,"A468,A543",2,,,,{75},,,,,,,,,,,{23},
EN300-28263021,"A468,A543",2,,,,{75},,,,,,,,,,,{23},
EN300-65973,"A468,A543",2,,,,{81},,,,,,,,,,,{23},
EN300-39872119,"A468,A543",2,,,,{79},,,,,,,,,,,{23},
EN300-7544113,"A468,A543",2,,,,{80},,,,,,,,,,,{23},
EN300-53428868,A543,1,,,,,,,,,,,,,,,{23},
EN300-52851575,"A468,A538,A543",3,,,,{94},,,,,,{84},,,,,{23},
EN300-39677677,"A468,A538,A543",3,,,,{94},,,,,,{84},,,,,{23},
EN300-53597643,"A468,A543",2,,,,{76},,,,,,,,,,,{23},
EN300-4991902,"A468,A543",2,,,,{78},,,,,,,,,,,{23},
EN300-53168872,A543,1,,,,,,,,,,,,,,,{23},
EN300-28531114,A543,1,,,,,,,,,,,,,,,{23},
EN300-7480548,"A468,A543",2,,,,{78},,,,,,,,,,,{23},
EN300-37288926,"A468,A543",2,,,,{83},,,,,,,,,,,{23},
EN300-53426702,"A467,A468,A543",3,{38},,,{79},,,,,,,,,,,{23},
EN300-53449023,"A468,A543",2,,,,{80},,,,,,,,,,,{23},
EN300-53430434,"A468,A543",2,,,,{80},,,,,,,,,,,{23},
EN300-52366302,"A467,A543",2,,{78},,,,,,,,,,,,,{23},
EN300-53865762,A543,1,,,,,,,,,,,,,,,{23},
EN300-177076,A543,1,,,,,,,,,,,,,,,{23},
EN300-51744659,"A468,A543",2,,,,{79},,,,,,,,,,,{23},
EN300-22877817,A543,1,,,,,,,,,,,,,,,{23},
EN300-7368485,"A467,A468,A543",3,{50},,,"{84, 94}",,,,,,,,,,,{23},
EN300-51749060,"A468,A543",2,,,,{90},,,,,,,,,,,{23},
EN300-53432723,"A468,A543",2,,,,{91},,,,,,,,,,,{23},
EN300-45902310,"A468,A543",2,,,,{78},,,,,,,,,,,{23},
EN300-10124658,"A467,A543",2,{35},,,,,,,,,,,,,,{23},
EN300-7433977,A543,1,,,,,,,,,,,,,,,{23},
EN300-53166864,"A468,A543",2,,,,{76},,,,,,,,,,,{23},
EN300-7463956,"A468,A543",2,,,,{79},,,,,,,,,,,{23},
EN300-26572474,"A468,A543",2,,,,{94},,,,,,,,,,,{23},
EN300-1453597,"A468,A543",2,,,,{79},,,,,,,,,,,{23},
EN300-206702,"A468,A543",2,,,,{73},,,,,,,,,,,{23},
EN300-45673966,A543,1,,,,,,,,,,,,,,,{23},
EN300-52471828,A543,1,,,,,,,,,,,,,,,{23},
EN300-53430288,"A468,A543",2,,,,{79},,,,,,,,,,,{23},
EN300-53446955,A543,1,,,,,,,,,,,,,,,{23},
EN300-1452509,"A468,A543",2,,,,{80},,,,,,,,,,,{23},
EN300-126684,A543,1,,,,,,,,,,,,,,,{23},
EN300-53961911,"A468,A473,A543",3,,,,{77},,,,{79},,,,,,,{23},
EN300-39916009,"A468,A543",2,,,,{78},,,,,,,,,,,{23},
EN300-1452523,"A467,A543",2,{38},,,,,,,,,,,,,,{23},
EN300-37624752,"A468,A543",2,,,,{86},,,,,,,,,,,{23},
EN300-6734436,"A468,A543",2,,,,{106},,,,,,,,,,,{23},
EN300-53426529,"A468,A543",2,,,,{81},,,,,,,,,,,{23},
EN300-5832627,A543,1,,,,,,,,,,,,,,,{23},
EN300-25098269,"A468,A543",2,,,,{79},,,,,,,,,,,{23},
EN300-6734436,"A468,A543",2,,,,{106},,,,,,,,,,,{23},
EN300-53426639,A543,1,,,,,,,,,,,,,,,{23},
EN300-52368553,"A468,A543",2,,,,{79},,,,,,,,,,,{23},
EN300-3424655,"A468,A543",2,,,,{75},,,,,,,,,,,{23},
EN300-24497244,A543,1,,,,,,,,,,,,,,,{23},
EN300-53447762,A543,1,,,,,,,,,,,,,,,{23},
EN300-25366,A543,1,,,,,,,,,,,,,,,{23},
EN300-52786750,"A468,A543",2,,,,{78},,,,,,,,,,,{23},
EN300-53426492,"A468,A543",2,,,,{81},,,,,,,,,,,{23},
EN300-53417183,A543,1,,,,,,,,,,,,,,,{23},
EN300-53440690,"A468,A543",2,,,,{81},,,,,,,,,,,{23},
EN300-53410397,"A468,A543",2,,,,{83},,,,,,,,,,,{23},
EN300-53429783,"A468,A543",2,,,,{83},,,,,,,,,,,{23},
EN300-7863406,"A538,A543",2,,,,,,,,,,{81},,,,,{23},
EN300-8669469,"A468,A543",2,,,,{80},,,,,,,,,,,{23},
EN300-44971,A543,1,,,,,,,,,,,,,,,{23},
EN300-15753,"A468,A543",2,,,,{87},,,,,,,,,,,{23},
EN300-53408427,"A468,A543",2,,,,{80},,,,,,,,,,,{23},
EN300-53427010,A543,1,,,,,,,,,,,,,,,{23},
EN300-5226726,"A468,A543",2,,,,{75},,,,,,,,,,,{23},
EN300-53834984,"A468,A543",2,,,,{81},,,,,,,,,,,{23},
EN300-39664,"A468,A543",2,,,,{77},,,,,,,,,,,{23},
EN300-7447066,"A468,A543",2,,,,{79},,,,,,,,,,,{23},
EN300-46303353,"A468,A543",2,,,,{77},,,,,,,,,,,{23},
EN300-1452603,"A467,A468,A543",3,{38},,,{80},,,,,,,,,,,{23},
EN300-53429636,A543,1,,,,,,,,,,,,,,,{23},
EN300-10180106,A543,1,,,,,,,,,,,,,,,{23},
EN300-6519329,A543,1,,,,,,,,,,,,,,,{23},
EN300-53450853,A543,1,,,,,,,,,,,,,,,{23},
EN300-53449235,A543,1,,,,,,,,,,,,,,,{23},
EN300-53434568,"A468,A543",2,,,,{81},,,,,,,,,,,{23},
EN300-50995,A543,1,,,,,,,,,,,,,,,{23},
EN300-51744019,"A468,A543",2,,,,{80},,,,,,,,,,,{23},
EN300-25516,"A468,A543",2,,,,{77},,,,,,,,,,,{23},
EN300-25098271,A543,1,,,,,,,,,,,,,,,{23},
EN300-53866096,"A468,A543",2,,,,{88},,,,,,,,,,,{23},
EN300-13150329,A543,1,,,,,,,,,,,,,,,{23},
EN300-37287375,A543,1,,,,,,,,,,,,,,,{23},
EN300-51754934,A543,1,,,,,,,,,,,,,,,{23},
EN300-39671429,"A468,A543",2,,,,{79},,,,,,,,,,,{23},
EN300-1721525,"A468,A543",2,,,,{91},,,,,,,,,,,{23},
EN300-37469637,"A468,A543",2,,,,{75},,,,,,,,,,,{23},
EN300-52472177,"A468,A543",2,,,,{75},,,,,,,,,,,{23},
EN300-51757767,A543,1,,,,,,,,,,,,,,,{23},
EN300-7434949,A543,1,,,,,,,,,,,,,,,{23},
EN300-52423418,"A468,A543",2,,,,{81},,,,,,,,,,,{23},
EN300-6719509,A543,1,,,,,,,,,,,,,,,{23},
EN300-79048,"A468,A543",2,,,,{75},,,,,,,,,,,{23},
EN300-11837001,"A468,A543",2,,,,{82},,,,,,,,,,,{23},
EN300-28247303,"A468,A543",2,,,,{75},,,,,,,,,,,{23},
EN300-7392028,"A468,A543",2,,,,{77},,,,,,,,,,,{23},
EN300-53835106,A543,1,,,,,,,,,,,,,,,{23},
EN300-56072,"A468,A543",2,,,,{87},,,,,,,,,,,{23},
EN300-25118379,A543,1,,,,,,,,,,,,,,,{23},
EN300-6519879,A543,1,,,,,,,,,,,,,,,{23},
EN300-45174,A543,1,,,,,,,,,,,,,,,{23},
EN300-8152443,"A468,A543",2,,,,{85},,,,,,,,,,,{23},
EN300-53416760,A543,1,,,,,,,,,,,,,,,{23},
EN300-6524582,"A468,A536,A543",3,,,,{94},,,,,,,{39},,,,{23},
EN300-1478769,"A468,A543",2,,,,"{85, 95}",,,,,,,,,,,{23},
EN300-53867804,"A468,A543",2,,,,{79},,,,,,,,,,,{23},
EN300-59882,"A468,A543",2,,,,{80},,,,,,,,,,,{23},
EN300-45910709,"A468,A543",2,,,,{81},,,,,,,,,,,{23},
EN300-127902,"A468,A543",2,,,,{77},,,,,,,,,,,{23},
EN300-3199900,"A467,A468,A543",3,,{81},,{76},,,,,,,,,,,{23},
EN300-53410866,"A468,A543",2,,,,{80},,,,,,,,,,,{23},
EN300-53440054,A543,1,,,,,,,,,,,,,,,{23},
EN300-53428120,"A467,A468,A543",3,{38},,,{80},,,,,,,,,,,{23},
EN300-53963769,"A468,A543",2,,,,{88},,,,,,,,,,,{23},
EN300-01217,"A468,A543",2,,,,{80},,,,,,,,,,,{23},
EN300-48985003,"A468,A543",2,,,,{82},,,,,,,,,,,{23},
EN300-53117354,"A467,A468,A543",3,{46},,,{86},,,,,,,,,,,{23},
EN300-53447372,"A468,A543",2,,,,{78},,,,,,,,,,,{23},
EN300-53449909,"A468,A538,A543",3,,,,{78},,,,,,{80},,,,,{23},
EN300-219041,A543,1,,,,,,,,,,,,,,,{23},
EN300-15938,"A467,A468,A543",3,{40},,,{85},,,,,,,,,,,{23},
EN300-80147,A543,1,,,,,,,,,,,,,,,{23},
EN300-236620,A543,1,,,,,,,,,,,,,,,{23},
EN300-53438834,"A468,A543",2,,,,{84},,,,,,,,,,,{23},
EN300-51749060,"A468,A543",2,,,,{90},,,,,,,,,,,{23},
EN300-53864692,"A467,A468,A543",3,,{81},,{79},,,,,,,,,,,{23},
EN300-53864340,"A467,A468,A543",3,,{81},,{79},,,,,,,,,,,{23},
EN300-53437939,"A468,A543",2,,,,{77},,,,,,,,,,,{23},
EN300-53428304,"A468,A543",2,,,,{80},,,,,,,,,,,{23},
EN300-10618,"A536,A543",2,,,,,,,,,,,{36},,,,{23},
EN300-53357957,"A468,A543",2,,,,{80},,,,,,,,,,,{23},
EN300-51911228,A543,1,,,,,,,,,,,,,,,{23},
EN300-10253473,A543,1,,,,,,,,,,,,,,,{23},
EN300-51782520,"A468,A543",2,,,,{98},,,,,,,,,,,{23},
EN300-197165,"A467,A468,A543",3,{42},,,{87},,,,,,,,,,,{23},
EN300-321299,"A468,A543",2,,,,{85},,,,,,,,,,,{23},
EN300-53412550,"A468,A543",2,,,,{85},,,,,,,,,,,{23},
EN300-7447046,"A468,A543",2,,,,{79},,,,,,,,,,,{23},
EN300-38013404,A543,1,,,,,,,,,,,,,,,{23},
EN300-53447391,A543,1,,,,,,,,,,,,,,,{23},
EN300-52537271,"A468,A536,A543",3,,,,{80},,,,,,,{35},,,,{23},
EN300-25517,"A468,A543",2,,,,{84},,,,,,,,,,,{23},
EN300-10282032,A543,1,,,,,,,,,,,,,,,{23},
EN300-1244313,A543,1,,,,,,,,,,,,,,,{23},
EN300-680727,A543,1,,,,,,,,,,,,,,,{23},
EN300-53449902,A543,1,,,,,,,,,,,,,,,{23},
EN300-189170,"A468,A543",2,,,,{78},,,,,,,,,,,{23},
EN300-53434262,"A468,A543",2,,,,{78},,,,,,,,,,,{23},
EN300-53412550,"A468,A543",2,,,,{85},,,,,,,,,,,{23},
EN300-26080355,A543,1,,,,,,,,,,,,,,,{23},
EN300-39878500,A543,1,,,,,,,,,,,,,,,{23},
EN300-53414266,"A468,A543",2,,,,{80},,,,,,,,,,,{23},
EN300-37291024,"A468,A543",2,,,,{80},,,,,,,,,,,{23},
EN300-33050782,"A468,A543",2,,,,{92},,,,,,,,,,,{23},
EN300-6524550,"A468,A543",2,,,,{85},,,,,,,,,,,{23},
EN300-53448384,A543,1,,,,,,,,,,,,,,,{23},
EN300-53446826,A543,1,,,,,,,,,,,,,,,{23},
EN300-36596833,"A468,A543",2,,,,{76},,,,,,,,,,,{23},
EN300-53449624,"A468,A543",2,,,,{82},,,,,,,,,,,{23},
EN300-02798,"A468,A543",2,,,,{93},,,,,,,,,,,{23},
EN300-53449704,"A468,A543",2,,,,{87},,,,,,,,,,,{23},
EN300-53413409,"A468,A543",2,,,,{82},,,,,,,,,,,{23},
EN300-53429129,"A467,A468,A543",3,{38},,,{79},,,,,,,,,,,{23},
EN300-73980,"A468,A543",2,,,,{76},,,,,,,,,,,{23},
EN300-53446292,A543,1,,,,,,,,,,,,,,,{23},
EN300-1177765,"A468,A543",2,,,,{101},,,,,,,,,,,{23},
EN300-43476497,"A468,A543",2,,,,{93},,,,,,,,,,,{23},
EN300-52596111,"A468,A543",2,,,,{81},,,,,,,,,,,{23},
EN300-11122933,"A468,A543",2,,,,{86},,,,,,,,,,,{23},
EN300-53846770,A543,1,,,,,,,,,,,,,,,{23},
EN300-53450903,A543,1,,,,,,,,,,,,,,,{23},
EN300-299758,"A468,A543",2,,,,{76},,,,,,,,,,,{23},
EN300-9394750,A543,1,,,,,,,,,,,,,,,{23},
EN300-18121988,"A468,A543",2,,,,{88},,,,,,,,,,,{23},
EN300-81748,A543,1,,,,,,,,,,,,,,,{23},
EN300-53446539,A543,1,,,,,,,,,,,,,,,{23},
EN300-37241422,"A468,A543",2,,,,{91},,,,,,,,,,,{23},
EN300-3335337,A543,1,,,,,,,,,,,,,,,{23},
EN300-2007652,"A468,A543",2,,,,{76},,,,,,,,,,,{23},
EN300-26505246,A543,1,,,,,,,,,,,,,,,{23},
EN300-64836,A543,1,,,,,,,,,,,,,,,{23},
EN300-28294795,"A468,A543",2,,,,{75},,,,,,,,,,,{23},
EN300-24527822,A543,1,,,,,,,,,,,,,,,{23},
EN300-134862,"A468,A473,A543",3,,,,{78},,,,{77},,,,,,,{23},
EN300-03764,"A468,A536,A543",3,,,,{87},,,,,,,{46},,,,{23},
EN300-33887749,A543,1,,,,,,,,,,,,,,,{23},
EN300-7869606,A543,1,,,,,,,,,,,,,,,{23},
EN300-7447068,A543,1,,,,,,,,,,,,,,,{23},
EN300-53963415,"A468,A543",2,,,,{81},,,,,,,,,,,{23},
EN300-26869170,"A468,A543",2,,,,{92},,,,,,,,,,,{23},
EN300-53447362,"A468,A543",2,,,,{80},,,,,,,,,,,{23},
EN300-53412991,A543,1,,,,,,,,,,,,,,,{23},
EN300-41219921,"A468,A543",2,,,,{83},,,,,,,,,,,{23},
EN300-53408331,A543,1,,,,,,,,,,,,,,,{23},
EN300-53426803,"A468,A543",2,,,,{79},,,,,,,,,,,{23},
EN300-70495,A543,1,,,,,,,,,,,,,,,{23},
EN300-53963130,A543,1,,,,,,,,,,,,,,,{23},
EN300-25664,"A468,A543",2,,,,{80},,,,,,,,,,,{23},
EN300-03672,"A468,A543",2,,,,{91},,,,,,,,,,,{23},
EN300-84479,A543,1,,,,,,,,,,,,,,,{23},
EN300-02402,"A468,A543",2,,,,"{82, 87}",,,,,,,,,,,{23},
EN300-9145724,"A468,A543",2,,,,{78},,,,,,,,,,,{23},
EN300-75703,"A468,A543",2,,,,{87},,,,,,,,,,,{23},
EN300-18121988,"A468,A543",2,,,,{88},,,,,,,,,,,{23},
EN300-1295300,"A468,A533,A543",3,,,,{76},,{82},,,,,,,,,{23},
EN300-33129427,A543,1,,,,,,,,,,,,,,,{23},
EN300-28300030,"A468,A543",2,,,,{75},,,,,,,,,,,{23},
EN300-53449203,"A536,A543",2,,,,,,,,,,,{46},,,,{23},
EN300-5084342,A543,1,,,,,,,,,,,,,,,{23},
EN300-1220294,A543,1,,,,,,,,,,,,,,,{23},
EN300-53440727,"A468,A543",2,,,,{80},,,,,,,,,,,{23},
EN300-53448443,"A468,A543",2,,,,{80},,,,,,,,,,,{23},
EN300-53447996,A543,1,,,,,,,,,,,,,,,{23},
EN300-170299,"A468,A473,A543",3,,,,{73},,,,{74},,,,,,,{23},
EN300-3059029,"A538,A543",2,,,,,,,,,,{84},,,,,{23},
EN300-53429186,"A468,A543",2,,,,{82},,,,,,,,,,,{23},
EN300-7392329,A543,1,,,,,,,,,,,,,,,{23},
EN300-53450178,A543,1,,,,,,,,,,,,,,,{23},
EN300-90113,"A468,A543",2,,,,{75},,,,,,,,,,,{23},
EN300-10253473,A543,1,,,,,,,,,,,,,,,{23},
EN300-52154134,"A468,A543",2,,,{37},{96},,,,,,,,,,,{23},
EN300-87859,"A467,A468,A543",3,,{79},,{77},,,,,,,,,,,{23},
EN300-7373765,A543,1,,,,,,,,,,,,,,,{23},
EN300-22033275,"A468,A543",2,,,,{78},,,,,,,,,,,{23},
EN300-53417962,A543,1,,,,,,,,,,,,,,,{23},
EN300-81733,A543,1,,,,,,,,,,,,,,,{23},
EN300-7799325,A543,1,,,,,,,,,,,,,,,{23},
EN300-15874,"A468,A543",2,,,,{83},,,,,,,,,,,{23},
EN300-90117,"A467,A468,A543",3,,{37},,{76},,,,,,,,,,,{23},
EN300-72306,A543,1,,,,,,,,,,,,,,,{23},
EN300-6473102,"A468,A543",2,,,,{102},,,,,,,,,,,{23},
EN300-53432827,"A468,A543",2,,,,{82},,,,,,,,,,,{23},
EN300-51876748,A543,1,,,,,,,,,,,,,,,{23},
EN300-1452979,"A468,A543",2,,,,{80},,,,,,,,,,,{23},
EN300-206697,A543,1,,,,,,,,,,,,,,,{23},
EN300-6524605,"A468,A543",2,,,,{90},,,,,,,,,,,{23},
EN300-6524230,"A468,A543",2,,,,{84},,,,,,,,,,,{23},
EN300-45917326,A543,1,,,,,,,,,,,,,,,{23},
EN300-1478769,"A468,A543",2,,,,"{85, 95}",,,,,,,,,,,{23},
EN300-651131,A543,1,,,,,,,,,,,,,,,{23},
EN300-53962256,A543,1,,,,,,,,,,,,,,,{23},
EN300-235875,"A468,A543",2,,,,{91},,,,,,,,,,,{23},
EN300-02882,"A468,A543",2,,,,{91},,,,,,,,,,,{23},
EN300-27735759,"A468,A543",2,,,,{76},,,,,,,,,,,{23},
EN300-53416417,A543,1,,,,,,,,,,,,,,,{23},
EN300-746269,"A468,A543",2,,,,{96},,,,,,,,,,,{23},
EN300-53864764,A543,1,,,,,,,,,,,,,,,{23},
EN300-37434571,"A468,A543",2,,,,{82},,,,,,,,,,,{23},
EN300-53434846,"A468,A543",2,,,,{81},,,,,,,,,,,{23},
EN300-1453380,"A468,A543",2,,,,{80},,,,,,,,,,,{23},
EN300-53434877,"A467,A543",2,,{79},,,,,,,,,,,,,{23},
EN300-53437243,"A468,A543",2,,,,{80},,,,,,,,,,,{23},
EN300-53446575,"A468,A543",2,,,,{80},,,,,,,,,,,{23},
EN300-53443843,"A468,A543",2,,,,{80},,,,,,,,,,,{23},
EN300-53430552,"A468,A543",2,,,,{82},,,,,,,,,,,{23},
EN300-24794,"A468,A543",2,,,,{80},,,,,,,,,,,{23},
EN300-6478200,"A468,A543",2,,,,{81},,,,,,,,,,,{23},
EN300-33247967,"A468,A543",2,,,,{80},,,,,,,,,,,{23},
EN300-53843974,"A468,A543",2,,,{40},,,,,,,,,,,,{23},
EN300-53418871,A543,1,,,,,,,,,,,,,,,{23},
EN300-205399,"A467,A543",2,,{79},,,,,,,,,,,,,{23},
EN300-22027370,A543,1,,,,,,,,,,,,,,,{23},
EN300-49932,A543,1,,,,,,,,,,,,,,,{23},
EN300-53434701,"A467,A468,A543",3,{39},,,{85},,,,,,,,,,,{23},
EN300-219043,"A468,A543",2,,,,{89},,,,,,,,,,,{23},
EN300-53442914,"A468,A543",2,,,,{82},,,,,,,,,,,{23},
EN300-53434259,"A468,A543",2,,,,{81},,,,,,,,,,,{23},
EN300-53357945,"A468,A543",2,,,,{78},,,,,,,,,,,{23},
EN300-53434701,"A468,A543",2,,,,{85},,,,,,,,,,,{23},
EN300-1177765,"A468,A543",2,,,,{101},,,,,,,,,,,{23},
EN300-26869170,"A468,A543",2,,,,{92},,,,,,,,,,,{23},
EN300-53439825,"A468,A543",2,,,,{81},,,,,,,,,,,{23},
EN300-64033,"A468,A543",2,,,,{85},,,,,,,,,,,{23},
EN300-1715981,"A468,A543",2,,,,{95},,,,,,,,,,,{23},
EN300-258582,"A468,A543",2,,,,{77},,,,,,,,,,,{23},
EN300-6719509,"A468,A543",2,,,,{82},,,,,,,,,,,{23},
EN300-70006,"A467,A468,A543",3,,{35},,{79},,,,,,,,,,,{23},
EN300-53430753,"A468,A543",2,,,,{82},,,,,,,,,,,{23},
EN300-53865554,"A468,A543",2,,,,{89},,,,,,,,,,,{23},
EN300-183675,"A468,A543",2,,,,{77},,,,,,,,,,,{23},
EN300-37459197,A543,1,,,,,,,,,,,,,,,{23},
EN300-59716,"A468,A543",2,,,,{77},,,,,,,,,,,{23},
EN300-53841184,A543,1,,,,,,,,,,,,,,,{23},
EN300-37289780,"A468,A543",2,,,,{79},,,,,,,,,,,{23},
EN300-1177764,"A468,A543",2,,,,{103},,,,,,,,,,,{23},
EN300-53961976,"A468,A543",2,,,,{77},,,,,,,,,,,{23},
EN300-1237596,"A468,A543",2,,,,{78},,,,,,,,,,,{23},
EN300-02877,"A468,A543",2,,,,{92},,,,,,,,,,,{23},
EN300-53439492,A543,1,,,,,,,,,,,,,,,{23},
EN300-53962602,"A468,A543",2,,,,{77},,,,,,,,,,,{23},
EN300-37241422,"A468,A543",2,,,,{91},,,,,,,,,,,{23},
EN300-45071,A543,1,,,,,,,,,,,,,,,{23},
EN300-8030044,"A468,A543",2,,,,{78},,,,,,,,,,,{23},
EN300-52691420,"A468,A543",2,,,,{82},,,,,,,,,,,{23},
EN300-30980,A543,1,,,,,,,,,,,,,,,{23},
EN300-53435353,"A468,A543",2,,,,{83},,,,,,,,,,,{23},
EN300-273279,"A468,A543",2,,,,{83},,,,,,,,,,,{23},
EN300-1453622,"A468,A543",2,,,,{82},,,,,,,,,,,{23},
EN300-18217716,"A468,A543",2,,,,{86},,,,,,,,,,,{23},
EN300-205220,"A468,A543",2,,,,{75},,,,,,,,,,,{23},
EN300-31680,"A468,A543",2,,,,{85},,,,,,,,,,,{23},
EN300-69269,"A467,A468,A543",3,{45},,,{86},,,,,,,,,,,{23},
EN300-333686,"A468,A543",2,,,,{75},,,,,,,,,,,{23},
EN300-53290549,A543,1,,,,,,,,,,,,,,,{23},
EN300-28300253,A543,1,,,,,,,,,,,,,,,{23},
EN300-27594891,"A468,A543",2,,,,{106},,,,,,,,,,,{23},
EN300-3059006,A543,1,,,,,,,,,,,,,,,{23},
EN300-44829685,A543,1,,,,,,,,,,,,,,,{23},
EN300-45444,"A468,A543",2,,,,{76},,,,,,,,,,,{23},
EN300-200376,"A468,A543",2,,,,{84},,,,,,,,,,,{23},
EN300-7365685,A543,1,,,,,,,,,,,,,,,{23},
EN300-192597,A543,1,,,,,,,,,,,,,,,{23},
EN300-53841097,A543,1,,,,,,,,,,,,,,,{23},
EN300-09517,"A468,A543",2,,,,{83},,,,,,,,,,,{23},
EN300-46642905,A543,1,,,,,,,,,,,,,,,{23},
EN300-53429231,A543,1,,,,,,,,,,,,,,,{23},
EN300-1723215,A543,1,,,,,,,,,,,,,,,{23},
EN300-37288472,"A468,A543",2,,,,{78},,,,,,,,,,,{23},
EN300-53450560,"A468,A543",2,,,,{81},,,,,,,,,,,{23},
EN300-28257378,"A468,A543",2,,,,{104},,,,,,,,,,,{23},
EN300-53442260,"A468,A543",2,,,,{83},,,,,,,,,,,{23},
EN300-781121,"A468,A543",2,,,,{75},,,,,,,,,,,{23},
EN300-387944,A543,1,,,,,,,,,,,,,,,{23},
EN300-142314,"A468,A543",2,,,,{81},,,,,,,,,,,{23},
EN300-53444837,"A468,A536,A543",3,,,,{84},,,,,,,{46},,,,{23},
EN300-15987,"A468,A543",2,,,,{89},,,,,,,,,,,{23},
EN300-24188179,"A468,A543",2,,,,{77},,,,,,,,,,,{23},
EN300-36733,"A468,A543",2,,,,{94},,,,,,,,,,,{23},
EN300-8591123,A543,1,,,,,,,,,,,,,,,{23},
EN300-22853886,"A468,A543",2,,,,{80},,,,,,,,,,,{23},
EN300-53434567,"A468,A543",2,,,,{78},,,,,,,,,,,{23},
EN300-398752,"A468,A543",2,,,,{101},,,,,,,,,,,{23},
EN300-28290663,"A468,A543",2,,,,{74},,,,,,,,,,,{23},
EN300-27689430,"A468,A543",2,,,,{83},,,,,,,,,,,{23},
EN300-47339256,"A468,A543",2,,,,{83},,,,,,,,,,,{23},
EN300-46821307,"A467,A543",2,,{86},,,,,,,,,,,,,{23},
EN300-28303377,"A468,A543",2,,,,{89},,,,,,,,,,,{23},
EN300-19319309,"A468,A543",2,,,,{74},,,,,,,,,,,{23},
EN300-31559798,"A468,A543",2,,,,{74},,,,,,,,,,,{23},
EN300-37456744,"A468,A543",2,,,,{74},,,,,,,,,,,{23},
EN300-28233827,"A468,A543",2,,,,{75},,,,,,,,,,,{23},
EN300-45559185,"A468,A543",2,,,,{76},,,,,,,,,,,{23},
EN300-53416682,"A468,A543",2,,,,{77},,,,,,,,,,,{23},
EN300-177841,A543,1,,,,,,,,,,,,,,,{23},
EN300-6482536,"A468,A543",2,,,,{76},,,,,,,,,,,{23},
EN300-1715981,"A468,A543",2,,,,{95},,,,,,,,,,,{23},
EN300-39917048,A543,1,,,,,,,,,,,,,,,{23},
EN300-1592191,"A468,A543",2,,,,{75},,,,,,,,,,,{23},
EN300-53345530,"A468,A543",2,,,,{81},,,,,,,,,,,{23},
EN300-1265961,A543,1,,,,,,,,,,,,,,,{23},
EN300-53415684,"A468,A543",2,,,,{86},,,,,,,,,,,{23},
EN300-53450300,"A468,A543",2,,,,{82},,,,,,,,,,,{23},
EN300-1255591,"A468,A543",2,,,,{75},,,,,,,,,,,{23},
EN300-53450562,A543,1,,,,,,,,,,,,,,,{23},
EN300-53867688,"A468,A543",2,,,,{84},,,,,,,,,,,{23},
EN300-52239639,"A468,A543",2,,,,{87},,,,,,,,,,,{23},
EN300-51746514,"A468,A543",2,,,,{79},,,,,,,,,,,{23},
EN300-51743840,"A468,A543",2,,,,{79},,,,,,,,,,,{23},
EN300-28300270,A543,1,,,,,,,,,,,,,,,{23},
EN300-28295833,A543,1,,,,,,,,,,,,,,,{23},
EN300-7549595,"A468,A536,A543",3,,,,{84},,,,,,,{35},,,,{23},
EN300-53866511,"A467,A543",2,,{79},,,,,,,,,,,,,{23},
EN300-343448,"A468,A543",2,,,,{94},,,,,,,,,,,{23},
EN300-7447086,"A468,A543",2,,,,{78},,,,,,,,,,,{23},
EN300-1718886,A543,1,,,,,,,,,,,,,,,{23},
EN300-263463,"A468,A543",2,,,,{76},,,,,,,,,,,{23},
EN300-53963267,"A468,A543",2,,,,{80},,,,,,,,,,,{23},
EN300-50459,"A468,A543",2,,,,{84},,,,,,,,,,,{23},
EN300-227817,A543,1,,,,,,,,,,,,,,,{23},
EN300-87988,"A468,A543",2,,,,{79},,,,,,,,,,,{23},
EN300-61487,A543,1,,,,,,,,,,,,,,,{23},
EN300-52154120,"A468,A543",2,,,,{100},,,,,,,,,,,{23},
EN300-7382188,"A468,A543",2,,,,{75},,,,,,,,,,,{23},
EN300-179396,"A468,A543",2,,,,{78},,,,,,,,,,,{23},
EN300-04662,"A468,A543",2,,,,{87},,,,,,,,,,,{23},
EN300-53450383,"A467,A468,A543",3,{38},,,{82},,,,,,,,,,,{23},
EN300-195580,"A468,A543",2,,,,{93},,,,,,,,,,,{23},
