Title,interacts,interaction_count,A467_donor,A467_acceptor,A468_donor,A468_acceptor,A470_donor,A470_acceptor,A473_donor,A473_acceptor,A486_donor,A486_acceptor,A487_donor,A487_acceptor,A488_donor,A488_acceptor,A489_donor,A489_acceptor,A490_donor,A490_acceptor,A491_donor,A491_acceptor,A492_donor,A492_acceptor,A533_donor,A533_acceptor,A536_donor,A536_acceptor,A538_donor,A538_acceptor,A543_donor,A543_acceptor
EN300-45275572_32310,"A468,A543",2,,,,{76},,,,,,,,,,,,,,,,,,,,,,,,,{66},
EN300-125118_39356,"A468,A488,A543",3,,,,{75},,,,,,,,,,{28},,,,,,,,,,,,,,,{65},
EN300-2008443_29741,"A468,A543",2,,,,{75},,,,,,,,,,,,,,,,,,,,,,,,,{65},
EN300-396886_9149,"A468,A543",2,,,,{88},,,,,,,,,,,,,,,,,,,,,,,,,{78},
EN300-206797_5238,"A468,A543",2,,,,{78},,,,,,,,,,,,,,,,,,,,,,,,,{68},
EN300-29379_7065,"A468,A543",2,,,,{78},,,,,,,,,,,,,,,,,,,,,,,,,{68},
EN300-1839382_13112,"A468,A543",2,,,,{78},,,,,,,,,,,,,,,,,,,,,,,,,{68},
EN300-26975844_18860,"A468,A543",2,,,,{75},,,,,,,,,,,,,,,,,,,,,,,,,{65},
EN300-2054368_44504,"A468,A543",2,,,,{69},,,,,,,,,,,,,,,,,,,,,,,,,{59},
EN300-53474312_48269,"A468,A543",2,,,,{81},,,,,,,,,,,,,,,,,,,,,,,,,{71},
EN300-7466440_17407,"A468,A543",2,,,,{76},,,,,,,,,,,,,,,,,,,,,,,,,{66},
EN300-22865908_44934,"A468,A543",2,,,,{70},,,,,,,,,,,,,,,,,,,,,,,,,{60},
EN300-131462_3772,"A468,A543",2,,,,{71},,,,,,,,,,,,,,,,,,,,,,,,,{61},
EN300-45564660_32656,"A468,A543",2,,,,{66},,,,,,,,,,,,,,,,,,,,,,,,,{56},
EN300-1073107_40204,"A468,A543",2,,,,{75},,,,,,,,,,,,,,,,,,,,,,,,,{65},
EN300-53097402_47218,"A468,A543",2,,,,{74},,,,,,,,,,,,,,,,,,,,,,,,,{64},
EN300-51995720_37132,"A468,A543",2,,,,{74},,,,,,,,,,,,,,,,,,,,,,,,,{64},
EN300-53520774_48204,"A468,A543",2,,,,{77},,,,,,,,,,,,,,,,,,,,,,,,,{67},
EN300-45749470_24084,"A468,A543",2,,,,{74},,,,,,,,,,,,,,,,,,,,,,,,,{64},
EN300-124279_6403,"A468,A543",2,,,,{70},,,,,,,,,,,,,,,,,,,,,,,,,{60},
EN300-27747388_26455,"A468,A543",2,,,,{68},,,,,,,,,,,,,,,,,,,,,,,,,{58},
EN300-27651_25006,"A468,A543",2,,,,{68},,,,,,,,,,,,,,,,,,,,,,,,,{58},
EN300-52237784_37719,"A468,A543",2,,,,{75},,,,,,,,,,,,,,,,,,,,,,,,,{65},
EN300-34777_4017,"A468,A543",2,,,,{76},,,,,,,,,,,,,,,,,,,,,,,,,{66},
EN300-7373519_39730,"A468,A543",2,,,,{68},,,,,,,,,,,,,,,,,,,,,,,,,{58},
EN300-19376112_17925,"A468,A543",2,,,,{74},,,,,,,,,,,,,,,,,,,,,,,,,{64},
EN300-173180_43031,"A468,A543",2,,,,{77},,,,,,,,,,,,,,,,,,,,,,,,,{67},
EN300-47245947_40586,"A468,A543",2,,,,{75},,,,,,,,,,,,,,,,,,,,,,,,,{65},
EN300-66812_22260,"A468,A543",2,,,,{74},,,,,,,,,,,,,,,,,,,,,,,,,{64},
EN300-46590287_32843,"A468,A543",2,,,,{70},,,,,,,,,,,,,,,,,,,,,,,,,{60},
EN300-52470871_46408,"A468,A543",2,,,,{84},,,,,,,,,,,,,,,,,,,,,,,,,{74},
EN300-175145_4517,"A468,A543",2,,,,{76},,,,,,,,,,,,,,,,,,,,,,,,,{66},
EN300-113083_22350,"A468,A543",2,,,,{67},,,,,,,,,,,,,,,,,,,,,,,,,{57},
EN300-183208_4559,"A468,A543",2,,,,{80},,,,,,,,,,,,,,,,,,,,,,,,,{70},
EN300-1699142_12620,"A468,A543",2,,,,{71},,,,,,,,,,,,,,,,,,,,,,,,,{61},
EN300-43122_735,"A468,A543",2,,,,{82},,,,,,,,,,,,,,,,,,,,,,,,,{72},
EN300-27102114_12863,"A468,A543",2,,,,{67},,,,,,,,,,,,,,,,,,,,,,,,,{57},
EN300-1608204_19212,"A468,A543",2,,,,{74},,,,,,,,,,,,,,,,,,,,,,,,,{64},
EN300-105669_44677,"A468,A543",2,,,,{75},,,,,,,,,,,,,,,,,,,,,,,,,{65},
EN300-1118999_16907,"A468,A543",2,,,,{76},,,,,,,,,,,,,,,,,,,,,,,,,{66},
EN300-102968_16554,"A468,A543",2,,,,{67},,,,,,,,,,,,,,,,,,,,,,,,,{57},
EN300-3221215_14876,"A468,A543",2,,,,{67},,,,,,,,,,,,,,,,,,,,,,,,,{57},
EN300-6734840_23525,"A468,A543",2,,,,{75},,,,,,,,,,,,,,,,,,,,,,,,,{65},
EN300-6482831_14812,"A468,A487,A543",3,,,,{83},,,,,,,,{23},,,,,,,,,,,,,,,,,{73},
EN300-52548784_46102,"A468,A543",2,,,,{72},,,,,,,,,,,,,,,,,,,,,,,,,{62},
EN300-112877_22373,"A468,A543",2,,,,{76},,,,,,,,,,,,,,,,,,,,,,,,,{66},
EN300-26977757_18859,"A468,A543",2,,,,{72},,,,,,,,,,,,,,,,,,,,,,,,,{62},
EN300-8781447_47355,"A468,A543",2,,,,{70},,,,,,,,,,,,,,,,,,,,,,,,,{60},
EN300-2009099_19339,"A468,A543",2,,,,{67},,,,,,,,,,,,,,,,,,,,,,,,,{57},
EN300-106900_2376,"A468,A543",2,,,,{67},,,,,,,,,,,,,,,,,,,,,,,,,{57},
EN300-5962644_30111,"A468,A543",2,,,,{73},,,,,,,,,,,,,,,,,,,,,,,,,{63},
EN300-45604300_32995,"A468,A543",2,,,,{78},,,,,,,,,,,,,,,,,,,,,,,,,{68},
EN300-113004_19072,"A468,A543",2,,,,{67},,,,,,,,,,,,,,,,,,,,,,,,,{57},
EN300-26983716_14976,"A468,A543",2,,,,{71},,,,,,,,,,,,,,,,,,,,,,,,,{61},
EN300-154893_42534,"A468,A543",2,,,,{70},,,,,,,,,,,,,,,,,,,,,,,,,{60},
EN300-747094_9674,"A468,A543",2,,,,{73},,,,,,,,,,,,,,,,,,,,,,,,,{63},
EN300-53771972_48528,"A468,A543",2,,,,{76},,,,,,,,,,,,,,,,,,,,,,,,,{66},
EN300-1725275_12574,"A468,A543",2,,,,{75},,,,,,,,,,,,,,,,,,,,,,,,,{65},
EN300-149019_24161,"A468,A543",2,,,,{70},,,,,,,,,,,,,,,,,,,,,,,,,{60},
EN300-53115094_47140,"A468,A543",2,,,,{67},,,,,,,,,,,,,,,,,,,,,,,,,{57},
EN300-27102116_12864,"A468,A543",2,,,,{67},,,,,,,,,,,,,,,,,,,,,,,,,{57},
EN300-126939_6453,"A468,A543",2,,,,{79},,,,,,,,,,,,,,,,,,,,,,,,,{69},
EN300-111217_3171,"A468,A543",2,,,,{67},,,,,,,,,,,,,,,,,,,,,,,,,{57},
EN300-217618_44927,"A468,A543",2,,,,{73},,,,,,,,,,,,,,,,,,,,,,,,,{63},
EN300-244838_16793,"A468,A543",2,,,,{74},,,,,,,,,,,,,,,,,,,,,,,,,{64},
EN300-52854830_46156,"A468,A543",2,,,,{75},,,,,,,,,,,,,,,,,,,,,,,,,{65},
EN300-3011776_17024,"A468,A543",2,,,,{71},,,,,,,,,,,,,,,,,,,,,,,,,{61},
EN300-45726230_32271,"A468,A543",2,,,,{70},,,,,,,,,,,,,,,,,,,,,,,,,{60},
EN300-1587404_11290,"A468,A543",2,,,,{67},,,,,,,,,,,,,,,,,,,,,,,,,{57},
EN300-46241699_33732,"A468,A543",2,,,,{70},,,,,,,,,,,,,,,,,,,,,,,,,{60},
EN300-388227_9111,"A468,A543",2,,,,{67},,,,,,,,,,,,,,,,,,,,,,,,,{57},
EN300-3011993_15408,"A468,A543",2,,,,{67},,,,,,,,,,,,,,,,,,,,,,,,,{57},
EN300-155058_14658,"A468,A543",2,,,,{70},,,,,,,,,,,,,,,,,,,,,,,,,{60},
EN300-45684236_32166,"A468,A543",2,,,,{70},,,,,,,,,,,,,,,,,,,,,,,,,{60},
EN300-187109_33958,"A468,A543",2,,,,{73},,,,,,,,,,,,,,,,,,,,,,,,,{63},
EN300-46762853_33779,"A468,A543",2,,,,{68},,,,,,,,,,,,,,,,,,,,,,,,,{58},
EN300-46502663_15140,"A468,A543",2,,,,{67},,,,,,,,,,,,,,,,,,,,,,,,,{57},
EN300-156856_42156,"A468,A543",2,,,,{76},,,,,,,,,,,,,,,,,,,,,,,,,{66},
EN300-1721125_11785,"A468,A543",2,,,,{74},,,,,,,,,,,,,,,,,,,,,,,,,{64},
EN300-78197_3311,"A468,A543",2,,,,{70},,,,,,,,,,,,,,,,,,,,,,,,,{60},
EN300-56564_18959,"A468,A543",2,,,,{76},,,,,,,,,,,,,,,,,,,,,,,,,{66},
EN300-226788_38273,"A468,A543",2,,,,{67},,,,,,,,,,,,,,,,,,,,,,,,,{57},
EN300-1726367_19259,"A468,A543",2,,,,{67},,,,,,,,,,,,,,,,,,,,,,,,,{57},
EN300-3022947_10617,"A468,A543",2,,,,{67},,,,,,,,,,,,,,,,,,,,,,,,,{57},
EN300-183154_22708,"A468,A543",2,,,,{80},,,,,,,,,,,,,,,,,,,,,,,,,{70},
EN300-46122171_33109,"A468,A543",2,,,,{70},,,,,,,,,,,,,,,,,,,,,,,,,{60},
EN300-322654_31172,"A468,A543",2,,,,{74},,,,,,,,,,,,,,,,,,,,,,,,,{64},
EN300-7434728_23657,"A468,A543",2,,,,{72},,,,,,,,,,,,,,,,,,,,,,,,,{62},
EN300-37419875_13241,"A468,A543",2,,,,{71},,,,,,,,,,,,,,,,,,,,,,,,,{61},
EN300-45376743_32555,"A468,A543",2,,,,{64},,,,,,,,,,,,,,,,,,,,,,,,,{54},
EN300-311915_46909,"A468,A543",2,,,,{67},,,,,,,,,,,,,,,,,,,,,,,,,{57},
EN300-53246858_48079,"A468,A543",2,,,,{72},,,,,,,,,,,,,,,,,,,,,,,,,{62},
EN300-23372775_26589,"A468,A543",2,,,,{80},,,,,,,,,,,,,,,,,,,,,,,,,{70},
EN300-46643194_33460,"A468,A543",2,,,,{65},,,,,,,,,,,,,,,,,,,,,,,,,{55},
EN300-1232620_25280,"A468,A543",2,,,,{67},,,,,,,,,,,,,,,,,,,,,,,,,{57},
EN300-129826_39778,"A468,A543",2,,,,{73},,,,,,,,,,,,,,,,,,,,,,,,,{63},
EN300-105913_2355,"A468,A543",2,,,,{67},,,,,,,,,,,,,,,,,,,,,,,,,{57},
EN300-43356220_31783,"A468,A543",2,,,,{70},,,,,,,,,,,,,,,,,,,,,,,,,{60},
EN300-101428_2110,"A468,A543",2,,,,{70},,,,,,,,,,,,,,,,,,,,,,,,,{60},
EN300-205994_27911,"A468,A543",2,,,,{67},,,,,,,,,,,,,,,,,,,,,,,,,{57},
EN300-7500309_13590,"A468,A486,A543",3,,,,{68},,,,,,{12},,,,,,,,,,,,,,,,,,,{58},
EN300-27735308_27030,"A468,A543",2,,,,{74},,,,,,,,,,,,,,,,,,,,,,,,,{64},
EN300-214677_39511,"A468,A543",2,,,,{75},,,,,,,,,,,,,,,,,,,,,,,,,{65},
EN300-1707072_12046,"A468,A543",2,,,,{70},,,,,,,,,,,,,,,,,,,,,,,,,{60},
EN300-19353039_18467,"A468,A543",2,,,,{68},,,,,,,,,,,,,,,,,,,,,,,,,{58},
EN300-226609_19041,"A468,A543",2,,,,{71},,,,,,,,,,,,,,,,,,,,,,,,,{61},
EN300-20767226_46977,"A468,A543",2,,,,{80},,,,,,,,,,,,,,,,,,,,,,,,,{70},
EN300-1590216_31722,"A468,A543",2,,,,{74},,,,,,,,,,,,,,,,,,,,,,,,,{64},
EN300-736063_39194,"A468,A543",2,,,,{85},,,,,,,,,,,,,,,,,,,,,,,,,{75},
EN300-135343_16585,"A468,A543",2,,,,{67},,,,,,,,,,,,,,,,,,,,,,,,,{57},
EN300-1273006_10487,"A468,A543",2,,,,{74},,,,,,,,,,,,,,,,,,,,,,,,,{64},
EN300-7442836_19310,"A468,A543",2,,,,{65},,,,,,,,,,,,,,,,,,,,,,,,,{55},
EN300-26678980_38472,"A468,A543",2,,,,{68},,,,,,,,,,,,,,,,,,,,,,,,,{58},
EN300-1602281_17614,"A468,A543",2,,,,{70},,,,,,,,,,,,,,,,,,,,,,,,,{60},
EN300-46590287_32844,"A468,A543",2,,,,{70},,,,,,,,,,,,,,,,,,,,,,,,,{60},
EN300-112877_22372,"A468,A543",2,,,,{76},,,,,,,,,,,,,,,,,,,,,,,,,{66},
EN300-1719426_42546,"A468,A543",2,,,,{70},,,,,,,,,,,,,,,,,,,,,,,,,{60},
EN300-217618_44926,"A468,A543",2,,,,{73},,,,,,,,,,,,,,,,,,,,,,,,,{63},
EN300-39913932_30687,"A468,A543",2,,,,{76},,,,,,,,,,,,,,,,,,,,,,,,,{66},
EN300-716351_9297,"A468,A543",2,,,,{74},,,,,,,,,,,,,,,,,,,,,,,,,{64},
EN300-148593_22705,"A468,A543",2,,,,{67},,,,,,,,,,,,,,,,,,,,,,,,,{57},
EN300-22865908_44935,"A468,A543",2,,,,{70},,,,,,,,,,,,,,,,,,,,,,,,,{60},
EN300-28312687_27677,"A468,A543",2,,,,{67},,,,,,,,,,,,,,,,,,,,,,,,,{57},
EN300-7563208_14337,"A468,A488,A543",3,,,,{71},,,,,,,,,,{13},,,,,,,,,,,,,,,{61},
EN300-14919_10058,"A468,A543",2,,,,{79},,,,,,,,,,,,,,,,,,,,,,,,,{69},
EN300-1602305_23388,"A468,A543",2,,,,{67},,,,,,,,,,,,,,,,,,,,,,,,,{57},
EN300-20883706_35439,"A468,A543",2,,,,{73},,,,,,,,,,,,,,,,,,,,,,,,,{63},
EN300-1073164_21479,"A468,A543",2,,,,{82},,,,,,,,,,,,,,,,,,,,,,,,,{72},
EN300-27152590_24996,"A468,A543",2,,,,{70},,,,,,,,,,,,,,,,,,,,,,,,,{60},
EN300-11077242_33390,"A468,A543",2,,,,{82},,,,,,,,,,,,,,,,,,,,,,,,,{72},
EN300-46816463_15093,"A468,A543",2,,,,{67},,,,,,,,,,,,,,,,,,,,,,,,,{57},
EN300-7460464_17512,"A468,A543",2,,,,{68},,,,,,,,,,,,,,,,,,,,,,,,,{58},
EN300-27721754_26144,"A468,A543",2,,,,{71},,,,,,,,,,,,,,,,,,,,,,,,,{61},
EN300-1608680_19189,"A468,A543",2,,,,{77},,,,,,,,,,,,,,,,,,,,,,,,,{67},
EN300-51691933_36821,"A468,A543",2,,,,{73},,,,,,,,,,,,,,,,,,,,,,,,,{63},
EN300-40804_19145,"A468,A543",2,,,,{71},,,,,,,,,,,,,,,,,,,,,,,,,{61},
EN300-63734_23413,"A468,A543",2,,,,{71},,,,,,,,,,,,,,,,,,,,,,,,,{61},
EN300-192649_12274,"A468,A543",2,,,,{79},,,,,,,,,,,,,,,,,,,,,,,,,{69},
EN300-7473228_12614,"A468,A543",2,,,,{70},,,,,,,,,,,,,,,,,,,,,,,,,{60},
EN300-1707072_12045,"A468,A543",2,,,,{70},,,,,,,,,,,,,,,,,,,,,,,,,{60},
EN300-44825890_30936,"A468,A543",2,,,,{70},,,,,,,,,,,,,,,,,,,,,,,,,{60},
EN300-46668794_33480,"A468,A543",2,,,,{70},,,,,,,,,,,,,,,,,,,,,,,,,{60},
EN300-7353717_43158,"A468,A543",2,,,,{77},,,,,,,,,,,,,,,,,,,,,,,,,{67},
EN300-19353039_18466,"A468,A543",2,,,,{68},,,,,,,,,,,,,,,,,,,,,,,,,{58},
EN300-53702243_48162,"A468,A543",2,,,,{75},,,,,,,,,,,,,,,,,,,,,,,,,{65},
EN300-8322195_27833,"A468,A543",2,,,,{70},,,,,,,,,,,,,,,,,,,,,,,,,{60},
EN300-215457_5337,"A468,A543",2,,,,{80},,,,,,,,,,,,,,,,,,,,,,,,,{70},
EN300-7414187_13717,"A468,A543",2,,,,{76},,,,,,,,,,,,,,,,,,,,,,,,,{66},
EN300-105291_3159,"A468,A543",2,,,,{70},,,,,,,,,,,,,,,,,,,,,,,,,{60},
EN300-179378_42955,"A468,A543",2,,,,{77},,,,,,,,,,,,,,,,,,,,,,,,,{67},
EN300-96684_6085,A543,1,,,,,,,,,,,,,,,,,,,,,,,,,,,,,{67},
EN300-7460462_12747,"A468,A543",2,,,,{78},,,,,,,,,,,,,,,,,,,,,,,,,{68},
EN300-80596_34005,"A468,A543",2,,,,{74},,,,,,,,,,,,,,,,,,,,,,,,,{64},
EN300-6479248_19308,"A468,A543",2,,,,{67},,,,,,,,,,,,,,,,,,,,,,,,,{57},
EN300-320935_8344,"A468,A543",2,,,,{70},,,,,,,,,,,,,,,,,,,,,,,,,{60},
EN300-251855_23494,"A468,A543",2,,,,{67},,,,,,,,,,,,,,,,,,,,,,,,,{57},
EN300-51996064_37185,"A468,A543",2,,,,{69},,,,,,,,,,,,,,,,,,,,,,,,,{59},
EN300-6249947_18003,"A468,A543",2,,,,{71},,,,,,,,,,,,,,,,,,,,,,,,,{61},
EN300-22988464_32287,"A468,A543",2,,,,{63},,,,,,,,,,,,,,,,,,,,,,,,,{53},
EN300-7549596_19684,"A468,A543",2,,,,{73},,,,,,,,,,,,,,,,,,,,,,,,,{63},
EN300-7464662_16383,"A468,A543",2,,,,{86},,,,,,,,,,,,,,,,,,,,,,,,,{76},
EN300-52053202_37358,"A468,A543",2,,,,{77},,,,,,,,,,,,,,,,,,,,,,,,,{67},
EN300-230853_5715,"A468,A543",2,,,,{74},,,,,,,,,,,,,,,,,,,,,,,,,{64},
EN300-111670_23090,"A468,A543",2,,,,{67},,,,,,,,,,,,,,,,,,,,,,,,,{57},
EN300-6499359_13556,"A468,A543",2,,,,{71},,,,,,,,,,,,,,,,,,,,,,,,,{61},
EN300-3097892_30011,"A468,A543",2,,,,{75},,,,,,,,,,,,,,,,,,,,,,,,,{65},
EN300-45187116_31169,"A468,A543",2,,,,{64},,,,,,,,,,,,,,,,,,,,,,,,,{54},
EN300-26974812_18424,"A468,A543",2,,,,{74},,,,,,,,,,,,,,,,,,,,,,,,,{64},
EN300-74282_28041,"A468,A543",2,,,,{79},,,,,,,,,,,,,,,,,,,,,,,,,{69},
EN300-123734_3473,"A468,A543",2,,,,{67},,,,,,,,,,,,,,,,,,,,,,,,,{57},
EN300-310937_8161,"A468,A543",2,,,,{67},,,,,,,,,,,,,,,,,,,,,,,,,{57},
EN300-7539598_14257,"A468,A543",2,,,,{81},,,,,,,,,,,,,,,,,,,,,,,,,{71},
EN300-7543103_17686,"A468,A543",2,,,,{68},,,,,,,,,,,,,,,,,,,,,,,,,{58},
EN300-33036632_27883,"A468,A488,A543",3,,,,{70},,,,,,,,,,{12},,,,,,,,,,,,,,,{60},
EN300-37430778_13232,"A468,A543",2,,,,{71},,,,,,,,,,,,,,,,,,,,,,,,,{61},
EN300-52220685_37710,"A468,A543",2,,,,{64},,,,,,,,,,,,,,,,,,,,,,,,,{54},
EN300-52703306_10465,"A468,A543",2,,,,{64},,,,,,,,,,,,,,,,,,,,,,,,,{54},
EN300-321692_9482,"A468,A543",2,,,,{77},,,,,,,,,,,,,,,,,,,,,,,,,{67},
EN300-7832191_24752,"A468,A543",2,,,,{70},,,,,,,,,,,,,,,,,,,,,,,,,{60},
EN300-79452_1747,"A468,A543",2,,,,{77},,,,,,,,,,,,,,,,,,,,,,,,,{67},
EN300-27145730_25679,"A468,A543",2,,,,{82},,,,,,,,,,,,,,,,,,,,,,,,,{72},
EN300-8003326_26693,"A468,A543",2,,,,{72},,,,,,,,,,,,,,,,,,,,,,,,,{62},
EN300-48611096_34842,"A468,A543",2,,,,{88},,,,,,,,,,,,,,,,,,,,,,,,,{78},
EN300-1273343_10229,"A468,A543",2,,,,{71},,,,,,,,,,,,,,,,,,,,,,,,,{61},
EN300-112026_2491,"A468,A543",2,,,,{72},,,,,,,,,,,,,,,,,,,,,,,,,{62},
EN300-20878313_40100,"A468,A543",2,,,,{73},,,,,,,,,,,,,,,,,,,,,,,,,{63},
EN300-305270_7956,"A468,A543",2,,,,{67},,,,,,,,,,,,,,,,,,,,,,,,,{57},
EN300-189168_42912,"A468,A543",2,,,,{77},,,,,,,,,,,,,,,,,,,,,,,,,{67},
EN300-1256175_47792,"A468,A543",2,,,,{73},,,,,,,,,,,,,,,,,,,,,,,,,{63},
EN300-26532_22168,"A468,A543",2,,,,{76},,,,,,,,,,,,,,,,,,,,,,,,,{66},
EN300-366757_8903,"A468,A543",2,,,,{70},,,,,,,,,,,,,,,,,,,,,,,,,{60},
EN300-7445272_19323,"A468,A543",2,,,,{63},,,,,,,,,,,,,,,,,,,,,,,,,{53},
EN300-2998353_35019,"A468,A543",2,,,,{65},,,,,,,,,,,,,,,,,,,,,,,,,{1},
EN300-46208473_32546,"A468,A543",2,,,,{66},,,,,,,,,,,,,,,,,,,,,,,,,{56},
EN300-45610201_31869,"A468,A543",2,,,,{68},,,,,,,,,,,,,,,,,,,,,,,,,{58},
EN300-69434_29315,"A468,A543",2,,,,{83},,,,,,,,,,,,,,,,,,,,,,,,,{73},
EN300-52427648_41611,"A468,A543",2,,,,{73},,,,,,,,,,,,,,,,,,,,,,,,,{63},
EN300-18687191_26972,"A468,A543",2,,,,{77},,,,,,,,,,,,,,,,,,,,,,,,,{67},
EN300-6734144_15439,"A468,A543",2,,,,{71},,,,,,,,,,,,,,,,,,,,,,,,,{61},
EN300-52464456_43963,"A468,A488,A543",3,,,,{76},,,,,,,,,,{28},,,,,,,,,,,,,,,{66},
EN300-183382_31571,"A468,A543",2,,,,{73},,,,,,,,,,,,,,,,,,,,,,,,,{63},
EN300-7866938_45815,"A468,A543",2,,,,{67},,,,,,,,,,,,,,,,,,,,,,,,,{57},
EN300-19057332_31180,"A468,A543",2,,,,{70},,,,,,,,,,,,,,,,,,,,,,,,,{60},
EN300-1605909_32360,"A468,A543",2,,,,{66},,,,,,,,,,,,,,,,,,,,,,,,,{56},
EN300-47296752_34232,"A468,A543",2,,,,{66},,,,,,,,,,,,,,,,,,,,,,,,,{56},
EN300-7493200_13488,"A468,A543",2,,,,{68},,,,,,,,,,,,,,,,,,,,,,,,,{58},
EN300-47339371_34858,"A468,A543",2,,,,{71},,,,,,,,,,,,,,,,,,,,,,,,,{61},
EN300-40317_31300,"A468,A543",2,,,,{74},,,,,,,,,,,,,,,,,,,,,,,,,{64},
EN300-45433286_43483,"A468,A543",2,,,,{69},,,,,,,,,,,,,,,,,,,,,,,,,{59},
EN300-3040616_23298,"A468,A543",2,,,,{74},,,,,,,,,,,,,,,,,,,,,,,,,{64},
EN300-53156076_47307,"A468,A543",2,,,,{67},,,,,,,,,,,,,,,,,,,,,,,,,{57},
EN300-80921_1620,"A468,A543",2,,,,{73},,,,,,,,,,,,,,,,,,,,,,,,,{63},
EN300-124372_21635,"A468,A543",2,,,,{67},,,,,,,,,,,,,,,,,,,,,,,,,{57},
EN300-46603674_33448,"A468,A543",2,,,,{75},,,,,,,,,,,,,,,,,,,,,,,,,{65},
EN300-52973784_46155,"A468,A543",2,,,,{71},,,,,,,,,,,,,,,,,,,,,,,,,{61},
EN300-1722786_16482,"A468,A543",2,,,,{70},,,,,,,,,,,,,,,,,,,,,,,,,{60},
EN300-1708780_11969,"A468,A543",2,,,,{66},,,,,,,,,,,,,,,,,,,,,,,,,{1},
EN300-3149803_40328,"A468,A543",2,,,,{67},,,,,,,,,,,,,,,,,,,,,,,,,{57},
EN300-26980491_14729,"A468,A543",2,,,,{70},,,,,,,,,,,,,,,,,,,,,,,,,{60},
EN300-321070_24926,"A468,A543",2,,,,{68},,,,,,,,,,,,,,,,,,,,,,,,,{58},
EN300-40280_12365,"A468,A543",2,,,,{68},,,,,,,,,,,,,,,,,,,,,,,,,{58},
EN300-82658_1644,"A468,A543",2,,,,{74},,,,,,,,,,,,,,,,,,,,,,,,,{64},
EN300-174162_42430,"A468,A543",2,,,,{71},,,,,,,,,,,,,,,,,,,,,,,,,{61},
EN300-95746_3092,"A468,A543",2,,,,{73},,,,,,,,,,,,,,,,,,,,,,,,,{63},
EN300-47325125_34265,"A468,A543",2,,,,{70},,,,,,,,,,,,,,,,,,,,,,,,,{60},
EN300-240095_38731,"A468,A543",2,,,,{75},,,,,,,,,,,,,,,,,,,,,,,,,{65},
EN300-222657_21036,"A468,A543",2,,,,{72},,,,,,,,,,,,,,,,,,,,,,,,,{62},
EN300-39187_639,"A468,A543",2,,,,{68},,,,,,,,,,,,,,,,,,,,,,,,,{58},
EN300-226413_21808,"A468,A543",2,,,,{79},,,,,,,,,,,,,,,,,,,,,,,,,{69},
EN300-51694857_35528,"A468,A543",2,,,,{66},,,,,,,,,,,,,,,,,,,,,,,,,{56},
EN300-27113673_24702,"A468,A543",2,,,,{73},,,,,,,,,,,,,,,,,,,,,,,,,{63},
EN300-46674111_33645,"A468,A543",2,,,,{67},,,,,,,,,,,,,,,,,,,,,,,,,{57},
EN300-6479295_22570,"A468,A543",2,,,,{90},,,,,,,,,,,,,,,,,,,,,,,,,{80},
EN300-321692_9481,"A468,A543",2,,,,{77},,,,,,,,,,,,,,,,,,,,,,,,,{67},
EN300-77021_1617,"A468,A543",2,,,,{64},,,,,,,,,,,,,,,,,,,,,,,,,{54},
EN300-3009194_15493,"A468,A543",2,,,,{70},,,,,,,,,,,,,,,,,,,,,,,,,{60},
EN300-333353_8597,"A468,A543",2,,,,{81},,,,,,,,,,,,,,,,,,,,,,,,,{71},
EN300-7427115_26944,"A468,A543",2,,,,{68},,,,,,,,,,,,,,,,,,,,,,,,,{58},
EN300-45722354_34901,"A468,A543",2,,,,{71},,,,,,,,,,,,,,,,,,,,,,,,,{61},
EN300-126252_3411,"A468,A543",2,,,,{70},,,,,,,,,,,,,,,,,,,,,,,,,{60},
EN300-27107509_13394,"A468,A543",2,,,,{69},,,,,,,,,,,,,,,,,,,,,,,,,{59},
EN300-123474_21633,"A468,A543",2,,,,{67},,,,,,,,,,,,,,,,,,,,,,,,,{57},
EN300-52212345_37587,"A468,A543",2,,,,{83},,,,,,,,,,,,,,,,,,,,,,,,,{73},
EN300-332258_8455,"A468,A543",2,,,,{70},,,,,,,,,,,,,,,,,,,,,,,,,{60},
EN300-321830_8523,"A468,A543",2,,,,{65},,,,,,,,,,,,,,,,,,,,,,,,,{55},
EN300-374421_22838,"A468,A543",2,,,,{67},,,,,,,,,,,,,,,,,,,,,,,,,{57},
EN300-252332_6992,"A468,A543",2,,,,{64},,,,,,,,,,,,,,,,,,,,,,,,,{54},
EN300-1664790_11497,"A468,A543",2,,,,{70},,,,,,,,,,,,,,,,,,,,,,,,,{60},
EN300-52521533_46843,"A468,A543",2,,,,{67},,,,,,,,,,,,,,,,,,,,,,,,,{57},
EN300-2009506_14596,"A468,A543",2,,,,{70},,,,,,,,,,,,,,,,,,,,,,,,,{60},
EN300-7962877_18036,"A468,A543",2,,,,{70},,,,,,,,,,,,,,,,,,,,,,,,,{60},
EN300-101797_2123,"A468,A543",2,,,,{72},,,,,,,,,,,,,,,,,,,,,,,,,{62},
EN300-307007_29056,"A468,A543",2,,,,{67},,,,,,,,,,,,,,,,,,,,,,,,,{57},
EN300-6494854_34096,"A468,A543",2,,,,{67},,,,,,,,,,,,,,,,,,,,,,,,,{57},
EN300-119747_11213,A543,1,,,,,,,,,,,,,,,,,,,,,,,,,,,,,{65},
EN300-6503668_31451,"A468,A543",2,,,,{72},,,,,,,,,,,,,,,,,,,,,,,,,{62},
EN300-45618543_33484,"A468,A543",2,,,,{70},,,,,,,,,,,,,,,,,,,,,,,,,{60},
EN300-27118140_24602,"A468,A543",2,,,,{68},,,,,,,,,,,,,,,,,,,,,,,,,{58},
EN300-81939_4159,"A468,A543",2,,,,{70},,,,,,,,,,,,,,,,,,,,,,,,,{60},
EN300-3015900_38949,"A468,A543",2,,,,{70},,,,,,,,,,,,,,,,,,,,,,,,,{60},
EN300-59973_33969,"A468,A543",2,,,,{79},,,,,,,,,,,,,,,,,,,,,,,,,{69},
EN300-53246264_47480,"A468,A543",2,,,,{65},,,,,,,,,,,,,,,,,,,,,,,,,{55},
EN300-1700698_19192,"A468,A543",2,,,,{66},,,,,,,,,,,,,,,,,,,,,,,,,{56},
EN300-7810297_35398,"A468,A543",2,,,,{68},,,,,,,,,,,,,,,,,,,,,,,,,{58},
EN300-223698_40250,"A468,A543",2,,,,{76},,,,,,,,,,,,,,,,,,,,,,,,,{66},
EN300-104029_2479,"A468,A543",2,,,,{68},,,,,,,,,,,,,,,,,,,,,,,,,{58},
EN300-196638_16176,"A468,A543",2,,,,{68},,,,,,,,,,,,,,,,,,,,,,,,,{58},
EN300-299523_29093,"A468,A543",2,,,,{76},,,,,,,,,,,,,,,,,,,,,,,,,{66},
EN300-47339371_34859,"A468,A543",2,,,,{71},,,,,,,,,,,,,,,,,,,,,,,,,{61},
EN300-53212416_48613,"A468,A543",2,,,,{64},,,,,,,,,,,,,,,,,,,,,,,,,{54},
EN300-2948078_41431,"A468,A543",2,,,,{67},,,,,,,,,,,,,,,,,,,,,,,,,{57},
EN300-249653_8814,"A468,A543",2,,,,{72},,,,,,,,,,,,,,,,,,,,,,,,,{62},
EN300-24126246_31411,"A468,A543",2,,,,{67},,,,,,,,,,,,,,,,,,,,,,,,,{57},
EN300-8810016_20498,"A468,A543",2,,,,{70},,,,,,,,,,,,,,,,,,,,,,,,,{60},
EN300-7647453_34934,"A468,A543",2,,,,{64},,,,,,,,,,,,,,,,,,,,,,,,,{54},
EN300-28246607_13376,"A468,A543",2,,,,{74},,,,,,,,,,,,,,,,,,,,,,,,,{64},
EN300-53283734_47114,"A468,A543",2,,,,{68},,,,,,,,,,,,,,,,,,,,,,,,,{10},
EN300-1603662_15709,"A468,A543",2,,,,{73},,,,,,,,,,,,,,,,,,,,,,,,,{63},
EN300-1732260_8928,"A468,A543",2,,,,{67},,,,,,,,,,,,,,,,,,,,,,,,,{57},
EN300-6479654_9399,"A468,A543",2,,,,{70},,,,,,,,,,,,,,,,,,,,,,,,,{60},
EN300-154995_9884,"A468,A543",2,,,,{73},,,,,,,,,,,,,,,,,,,,,,,,,{63},
EN300-7134674_23800,"A468,A543",2,,,,{73},,,,,,,,,,,,,,,,,,,,,,,,,{63},
EN300-6488234_15272,"A468,A543",2,,,,{68},,,,,,,,,,,,,,,,,,,,,,,,,{58},
EN300-1233876_23429,"A468,A543",2,,,,{73},,,,,,,,,,,,,,,,,,,,,,,,,{63},
EN300-252855_19499,"A468,A543",2,,,,{84},,,,,,,,,,,,,,,,,,,,,,,,,{74},
EN300-211570_44552,"A468,A543",2,,,,{65},,,,,,,,,,,,,,,,,,,,,,,,,{1},
EN300-7355477_20479,A543,1,,,,,,,,,,,,,,,,,,,,,,,,,,,,,{62},
EN300-297515_7972,"A468,A543",2,,,,{70},,,,,,,,,,,,,,,,,,,,,,,,,{60},
EN300-45826821_32933,"A468,A543",2,,,,{71},,,,,,,,,,,,,,,,,,,,,,,,,{61},
EN300-28328638_28058,"A468,A543",2,,,,{73},,,,,,,,,,,,,,,,,,,,,,,,,{63},
EN300-98119_22188,"A468,A543",2,,,,{64},,,,,,,,,,,,,,,,,,,,,,,,,{54},
EN300-46583717_32946,"A468,A543",2,,,,{70},,,,,,,,,,,,,,,,,,,,,,,,,{60},
EN300-51694431_35527,"A468,A543",2,,,,{69},,,,,,,,,,,,,,,,,,,,,,,,,{59},
EN300-136794_18996,"A468,A543",2,,,,{67},,,,,,,,,,,,,,,,,,,,,,,,,{57},
EN300-134954_20151,"A468,A543",2,,,,{71},,,,,,,,,,,,,,,,,,,,,,,,,{61},
EN300-45726230_32272,A543,1,,,,,,,,,,,,,,,,,,,,,,,,,,,,,{60},
EN300-333030_28986,"A468,A543",2,,,,{76},,,,,,,,,,,,,,,,,,,,,,,,,{66},
EN300-2009831_40426,"A468,A543",2,,,,{68},,,,,,,,,,,,,,,,,,,,,,,,,{58},
EN300-52780349_45866,"A468,A543",2,,,,{65},,,,,,,,,,,,,,,,,,,,,,,,,{55},
EN300-19057330_48216,"A468,A543",2,,,,{69},,,,,,,,,,,,,,,,,,,,,,,,,{59},
EN300-04190_20538,"A468,A543",2,,,,{65},,,,,,,,,,,,,,,,,,,,,,,,,{1},
EN300-191455_16855,"A468,A543",2,,,,{75},,,,,,,,,,,,,,,,,,,,,,,,,{65},
EN300-141253_3933,"A468,A543",2,,,,{64},,,,,,,,,,,,,,,,,,,,,,,,,{54},
EN300-219589_21788,"A468,A543",2,,,,{73},,,,,,,,,,,,,,,,,,,,,,,,,{63},
EN300-148500_22701,"A468,A543",2,,,,{70},,,,,,,,,,,,,,,,,,,,,,,,,{60},
EN300-33060735_37929,"A468,A543",2,,,,{71},,,,,,,,,,,,,,,,,,,,,,,,,{61},
EN300-7134674_23797,"A468,A543",2,,,,{73},,,,,,,,,,,,,,,,,,,,,,,,,{63},
EN300-26979121_14682,"A468,A543",2,,,,{71},,,,,,,,,,,,,,,,,,,,,,,,,{61},
EN300-22142234_25454,"A468,A543",2,,,,{67},,,,,,,,,,,,,,,,,,,,,,,,,{57},
EN300-1689125_11500,"A468,A543",2,,,,{71},,,,,,,,,,,,,,,,,,,,,,,,,{61},
EN300-6478919_19297,"A468,A543",2,,,,{67},,,,,,,,,,,,,,,,,,,,,,,,,{57},
EN300-43592_20232,"A468,A543",2,,,,{76},,,,,,,,,,,,,,,,,,,,,,,,,{66},
EN300-120711_10146,"A468,A543",2,,,,{64},,,,,,,,,,,,,,,,,,,,,,,,,{54},
EN300-7369559_30058,"A468,A543",2,,,,{77},,,,,,,,,,,,,,,,,,,,,,,,,{67},
EN300-70922_16631,"A468,A543",2,,,,{77},,,,,,,,,,,,,,,,,,,,,,,,,{67},
EN300-244838_16794,"A468,A543",2,,,,{74},,,,,,,,,,,,,,,,,,,,,,,,,{64},
EN300-7465180_45776,"A468,A543",2,,,,{69},,,,,,,,,,,,,,,,,,,,,,,,,{59},
EN300-23000721_27981,"A468,A543",2,,,,{70},,,,,,,,,,,,,,,,,,,,,,,,,{60},
EN300-33039615_42827,"A468,A543",2,,,,{65},,,,,,,,,,,,,,,,,,,,,,,,,{1},
EN300-53000567_48404,"A468,A543",2,,,,{70},,,,,,,,,,,,,,,,,,,,,,,,,{60},
EN300-226413_21806,"A468,A543",2,,,,{79},,,,,,,,,,,,,,,,,,,,,,,,,{69},
EN300-374358_38307,"A468,A543",2,,,,{67},,,,,,,,,,,,,,,,,,,,,,,,,{57},
EN300-29894_16818,"A468,A543",2,,,,{80},,,,,,,,,,,,,,,,,,,,,,,,,{70},
EN300-2688116_23073,"A468,A543",2,,,,{76},,,,,,,,,,,,,,,,,,,,,,,,,{66},
EN300-217414_5622,"A468,A543",2,,,,{72},,,,,,,,,,,,,,,,,,,,,,,,,{62},
EN300-9342232_27956,"A468,A543",2,,,,{69},,,,,,,,,,,,,,,,,,,,,,,,,{59},
EN300-320933_45642,"A468,A543",2,,,,{70},,,,,,,,,,,,,,,,,,,,,,,,,{60},
EN300-53215356_47243,A543,1,,,,,,,,,,,,,,,,,,,,,,,,,,,,,{57},
EN300-7463464_16219,"A468,A543",2,,,,{77},,,,,,,,,,,,,,,,,,,,,,,,,{67},
EN300-6490239_14796,"A468,A543",2,,,,{68},,,,,,,,,,,,,,,,,,,,,,,,,{58},
EN300-31662_546,A543,1,,,,,,,,,,,,,,,,,,,,,,,,,,,,,{59},
EN300-371214_10643,"A468,A543",2,,,,{76},,,,,,,,,,,,,,,,,,,,,,,,,{66},
EN300-1245029_10433,"A468,A543",2,,,,{73},,,,,,,,,,,,,,,,,,,,,,,,,{63},
EN300-10535_24004,"A468,A543",2,,,,{80},,,,,,,,,,,,,,,,,,,,,,,,,{70},
EN300-28320605_39782,"A468,A543",2,,,,{68},,,,,,,,,,,,,,,,,,,,,,,,,{58},
EN300-258278_42099,"A468,A543",2,,,,{64},,,,,,,,,,,,,,,,,,,,,,,,,{54},
EN300-657325_24050,"A468,A543",2,,,,{67},,,,,,,,,,,,,,,,,,,,,,,,,{57},
EN300-6746727_40406,"A468,A543",2,,,,{65},,,,,,,,,,,,,,,,,,,,,,,,,"{1, 55}",
EN300-7355477_20478,"A468,A543",2,,,,{72},,,,,,,,,,,,,,,,,,,,,,,,,{62},
EN300-7440563_16202,"A468,A486,A543",3,,,,{71},,,,,,{13},,,,,,,,,,,,,,,,,,,{61},
EN300-46160643_33088,"A468,A543",2,,,,{73},,,,,,,,,,,,,,,,,,,,,,,,,{63},
EN300-45749734_33366,"A468,A543",2,,,,{64},,,,,,,,,,,,,,,,,,,,,,,,,{54},
EN300-131176_3878,"A468,A543",2,,,,{66},,,,,,,,,,,,,,,,,,,,,,,,,{56},
EN300-1722790_12165,"A468,A543",2,,,,{70},,,,,,,,,,,,,,,,,,,,,,,,,{60},
EN300-321230_8363,"A468,A543",2,,,,{70},,,,,,,,,,,,,,,,,,,,,,,,,{60},
EN300-6479942_12175,"A468,A543",2,,,,{69},,,,,,,,,,,,,,,,,,,,,,,,,{59},
EN300-104029_2478,"A468,A543",2,,,,{68},,,,,,,,,,,,,,,,,,,,,,,,,{58},
EN300-52805626_45767,"A468,A543",2,,,,{68},,,,,,,,,,,,,,,,,,,,,,,,,{58},
EN300-37339048_17418,"A468,A543",2,,,,{71},,,,,,,,,,,,,,,,,,,,,,,,,{61},
EN300-6737080_15565,"A468,A543",2,,,,{74},,,,,,,,,,,,,,,,,,,,,,,,,{64},
EN300-46122171_33108,"A468,A543",2,,,,{70},,,,,,,,,,,,,,,,,,,,,,,,,{60},
EN300-52098625_37822,"A468,A543",2,,,,{64},,,,,,,,,,,,,,,,,,,,,,,,,{54},
EN300-26571534_34753,"A468,A543",2,,,,{68},,,,,,,,,,,,,,,,,,,,,,,,,{58},
EN300-118829_3521,"A468,A543",2,,,,{67},,,,,,,,,,,,,,,,,,,,,,,,,{57},
EN300-110242_3016,"A468,A543",2,,,,{74},,,,,,,,,,,,,,,,,,,,,,,,,{64},
EN300-325800_9794,"A468,A543",2,,,,{66},,,,,,,,,,,,,,,,,,,,,,,,,{56},
EN300-746752_21086,"A468,A543",2,,,,{67},,,,,,,,,,,,,,,,,,,,,,,,,{57},
EN300-260667_7518,"A468,A543",2,,,,{67},,,,,,,,,,,,,,,,,,,,,,,,,{57},
EN300-6498210_15274,A543,1,,,,,,,,,,,,,,,,,,,,,,,,,,,,,{67},
EN300-55581_3077,"A468,A543",2,,,,{70},,,,,,,,,,,,,,,,,,,,,,,,,{60},
EN300-330724_38402,"A468,A543",2,,,,{71},,,,,,,,,,,,,,,,,,,,,,,,,{61},
EN300-70870_1481,"A468,A543",2,,,,{68},,,,,,,,,,,,,,,,,,,,,,,,,{58},
EN300-7355477_20477,"A468,A486,A543",3,,,,{72},,,,,,{25},,,,,,,,,,,,,,,,,,,{62},
EN300-119145_39320,"A468,A543",2,,,,{73},,,,,,,,,,,,,,,,,,,,,,,,,{63},
EN300-37083715_10658,"A468,A543",2,,,,{68},,,,,,,,,,,,,,,,,,,,,,,,,{58},
EN300-4249628_13747,"A468,A543",2,,,,{73},,,,,,,,,,,,,,,,,,,,,,,,,{63},
EN300-98452_25569,"A468,A543",2,,,,{73},,,,,,,,,,,,,,,,,,,,,,,,,{63},
EN300-176837_15873,"A468,A543",2,,,,{67},,,,,,,,,,,,,,,,,,,,,,,,,{57},
EN300-651413_10043,"A468,A543",2,,,,{74},,,,,,,,,,,,,,,,,,,,,,,,,{64},
EN300-6799931_31635,"A468,A543",2,,,,{67},,,,,,,,,,,,,,,,,,,,,,,,,{57},
EN300-6735903_23593,"A468,A543",2,,,,{74},,,,,,,,,,,,,,,,,,,,,,,,,{64},
EN300-52505937_44315,"A468,A543",2,,,,{66},,,,,,,,,,,,,,,,,,,,,,,,,{56},
EN300-45618546_32199,"A468,A543",2,,,,{73},,,,,,,,,,,,,,,,,,,,,,,,,{63},
EN300-26862301_17972,"A468,A543",2,,,,{71},,,,,,,,,,,,,,,,,,,,,,,,,{61},
EN300-27664325_25193,"A468,A543",2,,,,{66},,,,,,,,,,,,,,,,,,,,,,,,,{56},
EN300-26974812_18417,"A468,A543",2,,,,{74},,,,,,,,,,,,,,,,,,,,,,,,,{64},
EN300-52561746_43694,"A468,A543",2,,,,{69},,,,,,,,,,,,,,,,,,,,,,,,,{59},
EN300-45430218_32001,"A468,A543",2,,,,{69},,,,,,,,,,,,,,,,,,,,,,,,,{59},
EN300-28253098_27412,"A468,A543",2,,,,{70},,,,,,,,,,,,,,,,,,,,,,,,,{60},
EN300-46583717_32945,"A468,A543",2,,,,{70},,,,,,,,,,,,,,,,,,,,,,,,,{60},
EN300-6473311_14184,"A468,A543",2,,,,{78},,,,,,,,,,,,,,,,,,,,,,,,,{68},
EN300-8681412_44833,"A468,A543",2,,,,{67},,,,,,,,,,,,,,,,,,,,,,,,,{57},
EN300-150299_18919,"A468,A543",2,,,,{67},,,,,,,,,,,,,,,,,,,,,,,,,{57},
EN300-125761_6427,"A468,A543",2,,,,{73},,,,,,,,,,,,,,,,,,,,,,,,,{63},
EN300-37269636_16439,"A468,A543",2,,,,{68},,,,,,,,,,,,,,,,,,,,,,,,,{58},
EN300-6492804_15275,"A468,A543",2,,,,{69},,,,,,,,,,,,,,,,,,,,,,,,,{59},
EN300-37459197_19430,"A468,A543",2,,,,{70},,,,,,,,,,,,,,,,,,,,,,,,,{60},
EN300-396293_29259,"A468,A543",2,,,,{76},,,,,,,,,,,,,,,,,,,,,,,,,{66},
EN300-45637252_32207,"A468,A543",2,,,,{74},,,,,,,,,,,,,,,,,,,,,,,,,{64},
EN300-45274143_32003,"A468,A543",2,,,,{67},,,,,,,,,,,,,,,,,,,,,,,,,{57},
EN300-716451_29366,"A468,A543",2,,,,{70},,,,,,,,,,,,,,,,,,,,,,,,,{60},
EN300-1215501_31069,"A468,A543",2,,,,{76},,,,,,,,,,,,,,,,,,,,,,,,,{66},
EN300-342567_8594,"A468,A543",2,,,,{63},,,,,,,,,,,,,,,,,,,,,,,,,{53},
EN300-197876_20663,"A468,A543",2,,,,{67},,,,,,,,,,,,,,,,,,,,,,,,,{57},
EN300-37297083_12750,"A468,A543",2,,,,{62},,,,,,,,,,,,,,,,,,,,,,,,,{52},
EN300-54066090_48589,"A468,A543",2,,,,{64},,,,,,,,,,,,,,,,,,,,,,,,,{54},
EN300-1267149_42443,"A468,A543",2,,,,{67},,,,,,,,,,,,,,,,,,,,,,,,,{57},
EN300-384104_19121,"A468,A543",2,,,,{67},,,,,,,,,,,,,,,,,,,,,,,,,{57},
EN300-95228_7515,"A468,A543",2,,,,{71},,,,,,,,,,,,,,,,,,,,,,,,,{61},
EN300-261815_7320,"A468,A543",2,,,,{66},,,,,,,,,,,,,,,,,,,,,,,,,{56},
EN300-3015900_38950,"A468,A543",2,,,,{70},,,,,,,,,,,,,,,,,,,,,,,,,{60},
EN300-1718138_29531,"A468,A543",2,,,,{77},,,,,,,,,,,,,,,,,,,,,,,,,{67},
EN300-1696143_20650,"A468,A543",2,,,,{68},,,,,,,,,,,,,,,,,,,,,,,,,{58},
EN300-1081929_20203,"A468,A543",2,,,,{70},,,,,,,,,,,,,,,,,,,,,,,,,{60},
EN300-266600_21137,"A468,A543",2,,,,{68},,,,,,,,,,,,,,,,,,,,,,,,,{58},
EN300-112354_12634,"A468,A543",2,,,,{79},,,,,,,,,,,,,,,,,,,,,,,,,{69},
EN300-101292_28078,"A468,A543",2,,,,{70},,,,,,,,,,,,,,,,,,,,,,,,,{60},
EN300-364707_23760,"A468,A543",2,,,,{75},,,,,,,,,,,,,,,,,,,,,,,,,{65},
EN300-112967_4922,"A468,A543",2,,,,{72},,,,,,,,,,,,,,,,,,,,,,,,,{62},
EN300-72989_2579,"A468,A543",2,,,,{65},,,,,,,,,,,,,,,,,,,,,,,,,{1},
EN300-33051124_13835,"A468,A543",2,,,,{71},,,,,,,,,,,,,,,,,,,,,,,,,{61},
EN300-27113673_24704,"A468,A543",2,,,,{73},,,,,,,,,,,,,,,,,,,,,,,,,{63},
EN300-7134674_23796,"A468,A543",2,,,,{73},,,,,,,,,,,,,,,,,,,,,,,,,{63},
EN300-43394515_31573,"A468,A543",2,,,,{68},,,,,,,,,,,,,,,,,,,,,,,,,{58},
EN300-7445533_18877,"A468,A543",2,,,,{74},,,,,,,,,,,,,,,,,,,,,,,,,{64},
EN300-52470871_46407,"A468,A543",2,,,,{84},,,,,,,,,,,,,,,,,,,,,,,,,{74},
EN300-11494_2938,"A468,A543",2,,,,{82},,,,,,,,,,,,,,,,,,,,,,,,,{72},
EN300-8003326_26694,"A468,A543",2,,,,{72},,,,,,,,,,,,,,,,,,,,,,,,,{62},
EN300-86015_6568,"A468,A543",2,,,,{68},,,,,,,,,,,,,,,,,,,,,,,,,{58},
EN300-177360_4679,"A468,A543",2,,,,{69},,,,,,,,,,,,,,,,,,,,,,,,,{59},
EN300-8153099_46705,"A468,A543",2,,,,{66},,,,,,,,,,,,,,,,,,,,,,,,,{56},
EN300-27081671_36316,A543,1,,,,,,,,,,,,,,,,,,,,,,,,,,,,,{65},
EN300-46918284_34207,"A468,A543",2,,,,{67},,,,,,,,,,,,,,,,,,,,,,,,,{57},
EN300-53165428_48761,"A468,A543",2,,,,{68},,,,,,,,,,,,,,,,,,,,,,,,,{58},
EN300-33036632_27889,"A468,A543",2,,,,{70},,,,,,,,,,,,,,,,,,,,,,,,,{60},
EN300-321966_8300,"A468,A543",2,,,,{73},,,,,,,,,,,,,,,,,,,,,,,,,{63},
EN300-8209898_36600,"A468,A543",2,,,,{71},,,,,,,,,,,,,,,,,,,,,,,,,{61},
EN300-130751_3852,"A468,A543",2,,,,{73},,,,,,,,,,,,,,,,,,,,,,,,,{63},
EN300-325810_9627,"A468,A543",2,,,,{66},,,,,,,,,,,,,,,,,,,,,,,,,{56},
EN300-152750_24272,"A468,A543",2,,,,{71},,,,,,,,,,,,,,,,,,,,,,,,,{61},
EN300-8113790_29102,"A468,A543",2,,,,{73},,,,,,,,,,,,,,,,,,,,,,,,,{63},
EN300-27685778_25197,"A468,A543",2,,,,{72},,,,,,,,,,,,,,,,,,,,,,,,,{62},
EN300-1588869_18748,"A468,A543",2,,,,{64},,,,,,,,,,,,,,,,,,,,,,,,,{54},
EN300-98985_10759,"A468,A543",2,,,,{75},,,,,,,,,,,,,,,,,,,,,,,,,{65},
EN300-1605888_48160,A543,1,,,,,,,,,,,,,,,,,,,,,,,,,,,,,{57},
EN300-52135211_37815,"A468,A543",2,,,,{65},,,,,,,,,,,,,,,,,,,,,,,,,{55},
EN300-83161_23604,"A468,A543",2,,,,{67},,,,,,,,,,,,,,,,,,,,,,,,,{57},
EN300-250411_23374,"A468,A543",2,,,,{70},,,,,,,,,,,,,,,,,,,,,,,,,{60},
EN300-46897083_34510,"A468,A543",2,,,,{70},,,,,,,,,,,,,,,,,,,,,,,,,{60},
EN300-264146_7604,"A468,A543",2,,,,{73},,,,,,,,,,,,,,,,,,,,,,,,,{63},
EN300-52012617_40739,"A468,A543",2,,,,{77},,,,,,,,,,,,,,,,,,,,,,,,,{67},
EN300-53291411_47308,"A468,A543",2,,,,{78},,,,,,,,,,,,,,,,,,,,,,,,,{68},
EN300-6498298_48172,"A468,A543",2,,,,{69},,,,,,,,,,,,,,,,,,,,,,,,,{59},
EN300-385239_8942,"A468,A543",2,,,,{71},,,,,,,,,,,,,,,,,,,,,,,,,{61},
EN300-26667438_18103,"A468,A543",2,,,,{63},,,,,,,,,,,,,,,,,,,,,,,,,{53},
EN300-197781_5046,"A468,A543",2,,,,{74},,,,,,,,,,,,,,,,,,,,,,,,,{64},
EN300-46644000_33626,"A468,A543",2,,,,{74},,,,,,,,,,,,,,,,,,,,,,,,,{64},
EN300-37084797_13792,"A468,A543",2,,,,{74},,,,,,,,,,,,,,,,,,,,,,,,,{64},
EN300-219430_5520,"A468,A543",2,,,,{71},,,,,,,,,,,,,,,,,,,,,,,,,{61},
EN300-27106540_13347,"A468,A543",2,,,,{71},,,,,,,,,,,,,,,,,,,,,,,,,{61},
EN300-1605342_12996,"A468,A543",2,,,,{63},,,,,,,,,,,,,,,,,,,,,,,,,{53},
EN300-24807121_22903,"A468,A543",2,,,,{71},,,,,,,,,,,,,,,,,,,,,,,,,{61},
EN300-6492804_15276,"A468,A543",2,,,,{69},,,,,,,,,,,,,,,,,,,,,,,,,{59},
EN300-9419961_47600,"A468,A543",2,,,,{76},,,,,,,,,,,,,,,,,,,,,,,,,{66},
EN300-388768_24905,"A468,A543",2,,,,{74},,,,,,,,,,,,,,,,,,,,,,,,,{64},
EN300-23320305_33979,"A468,A543",2,,,,{68},,,,,,,,,,,,,,,,,,,,,,,,,{58},
EN300-51995648_36860,"A468,A543",2,,,,{74},,,,,,,,,,,,,,,,,,,,,,,,,{64},
EN300-1721502_18152,"A468,A543",2,,,,{70},,,,,,,,,,,,,,,,,,,,,,,,,{60},
EN300-1145561_10094,"A468,A543",2,,,,{64},,,,,,,,,,,,,,,,,,,,,,,,,{54},
EN300-199871_5271,"A468,A543",2,,,,{79},,,,,,,,,,,,,,,,,,,,,,,,,{69},
EN300-5002668_27207,A543,1,,,,,,,,,,,,,,,,,,,,,,,,,,,,,{61},
EN300-1605842_37341,"A468,A543",2,,,,{75},,,,,,,,,,,,,,,,,,,,,,,,,{65},
EN300-313798_8144,"A468,A543",2,,,,{67},,,,,,,,,,,,,,,,,,,,,,,,,{57},
EN300-6729990_23356,"A468,A543",2,,,,{68},,,,,,,,,,,,,,,,,,,,,,,,,{58},
EN300-4357541_44488,"A468,A543",2,,,,{63},,,,,,,,,,,,,,,,,,,,,,,,,{53},
EN300-2054368_44503,"A468,A543",2,,,,{69},,,,,,,,,,,,,,,,,,,,,,,,,{59},
EN300-1587536_11297,"A468,A543",2,,,,{70},,,,,,,,,,,,,,,,,,,,,,,,,{60},
EN300-46668797_33481,"A468,A543",2,,,,{70},,,,,,,,,,,,,,,,,,,,,,,,,{60},
EN300-27146272_25464,"A468,A543",2,,,,{67},,,,,,,,,,,,,,,,,,,,,,,,,{57},
EN300-52132234_44626,"A468,A543",2,,,,{67},,,,,,,,,,,,,,,,,,,,,,,,,{57},
EN300-22880950_42643,"A468,A543",2,,,,{64},,,,,,,,,,,,,,,,,,,,,,,,,{54},
EN300-25384886_34059,"A468,A543",2,,,,{71},,,,,,,,,,,,,,,,,,,,,,,,,{61},
EN300-365196_8743,"A468,A543",2,,,,{68},,,,,,,,,,,,,,,,,,,,,,,,,{58},
EN300-22171316_26990,"A468,A543",2,,,,{60},,,,,,,,,,,,,,,,,,,,,,,,,{50},
EN300-153033_3999,"A468,A543",2,,,,{82},,,,,,,,,,,,,,,,,,,,,,,,,{72},
EN300-8322043_32677,"A468,A543",2,,,,{70},,,,,,,,,,,,,,,,,,,,,,,,,{60},
EN300-174670_24836,"A468,A543",2,,,,{69},,,,,,,,,,,,,,,,,,,,,,,,,{59},
EN300-25704035_13697,"A468,A543",2,,,,{71},,,,,,,,,,,,,,,,,,,,,,,,,{61},
EN300-26621787_33285,"A468,A543",2,,,,{72},,,,,,,,,,,,,,,,,,,,,,,,,{62},
EN300-45381371_32030,"A468,A543",2,,,,{71},,,,,,,,,,,,,,,,,,,,,,,,,{61},
EN300-52473807_41322,"A468,A543",2,,,,{75},,,,,,,,,,,,,,,,,,,,,,,,,{65},
EN300-6247166_45269,"A468,A543",2,,,,{68},,,,,,,,,,,,,,,,,,,,,,,,,{1},
EN300-8084639_27268,"A468,A543",2,,,,{68},,,,,,,,,,,,,,,,,,,,,,,,,{58},
EN300-51995817_36250,"A468,A543",2,,,,{71},,,,,,,,,,,,,,,,,,,,,,,,,{61},
EN300-28257130_16799,"A468,A543",2,,,,{84},,,,,,,,,,,,,,,,,,,,,,,,,{74},
EN300-45232453_32018,"A468,A543",2,,,,{70},,,,,,,,,,,,,,,,,,,,,,,,,{60},
EN300-3073682_25506,"A468,A543",2,,,,{76},,,,,,,,,,,,,,,,,,,,,,,,,{66},
EN300-21004671_41499,"A468,A487,A543",3,,,,{81},,,,,,,,{34},,,,,,,,,,,,,,,,,{71},
EN300-256931_7353,"A468,A543",2,,,,{79},,,,,,,,,,,,,,,,,,,,,,,,,{69},
EN300-1718697_29470,"A468,A543",2,,,,{68},,,,,,,,,,,,,,,,,,,,,,,,,{58},
EN300-110103_20789,"A468,A543",2,,,,{76},,,,,,,,,,,,,,,,,,,,,,,,,{66},
EN300-229416_5810,"A468,A543",2,,,,{67},,,,,,,,,,,,,,,,,,,,,,,,,{57},
EN300-53290202_47219,"A468,A543",2,,,,{67},,,,,,,,,,,,,,,,,,,,,,,,,{57},
EN300-27636_237,"A468,A543",2,,,,{70},,,,,,,,,,,,,,,,,,,,,,,,,{60},
EN300-46826965_33790,"A468,A543",2,,,,{63},,,,,,,,,,,,,,,,,,,,,,,,,{53},
EN300-52441154_40954,"A468,A543",2,,,,{75},,,,,,,,,,,,,,,,,,,,,,,,,{65},
EN300-21683058_14161,"A468,A543",2,,,,{66},,,,,,,,,,,,,,,,,,,,,,,,,{56},
EN300-64757_1040,"A468,A543",2,,,,{67},,,,,,,,,,,,,,,,,,,,,,,,,{57},
EN300-222293_5460,"A468,A543",2,,,,{73},,,,,,,,,,,,,,,,,,,,,,,,,{63},
EN300-37359138_30142,"A468,A543",2,,,,{65},,,,,,,,,,,,,,,,,,,,,,,,,{55},
EN300-30048326_32445,"A468,A543",2,,,,{76},,,,,,,,,,,,,,,,,,,,,,,,,{66},
EN300-52464456_43962,"A468,A543",2,,,,{76},,,,,,,,,,,,,,,,,,,,,,,,,{66},
EN300-7354394_23661,"A468,A543",2,,,,{71},,,,,,,,,,,,,,,,,,,,,,,,,{61},
EN300-7856093_34865,"A468,A543",2,,,,{68},,,,,,,,,,,,,,,,,,,,,,,,,{58},
EN300-26974812_18418,"A468,A543",2,,,,{74},,,,,,,,,,,,,,,,,,,,,,,,,{64},
EN300-70916_6587,"A468,A543",2,,,,{76},,,,,,,,,,,,,,,,,,,,,,,,,{66},
EN300-1662911_42606,"A468,A543",2,,,,{73},,,,,,,,,,,,,,,,,,,,,,,,,{63},
EN300-59740_24594,"A468,A543",2,,,,{65},,,,,,,,,,,,,,,,,,,,,,,,,{1},
EN300-54783_863,"A468,A543",2,,,,{71},,,,,,,,,,,,,,,,,,,,,,,,,{61},
EN300-2960189_40493,"A468,A543",2,,,,{69},,,,,,,,,,,,,,,,,,,,,,,,,{59},
EN300-7420158_46703,"A468,A543",2,,,,{68},,,,,,,,,,,,,,,,,,,,,,,,,{58},
EN300-25984016_31967,"A468,A543",2,,,,{70},,,,,,,,,,,,,,,,,,,,,,,,,{60},
EN300-37403800_9882,"A468,A543",2,,,,{68},,,,,,,,,,,,,,,,,,,,,,,,,{58},
EN300-33041276_27913,"A468,A543",2,,,,{66},,,,,,,,,,,,,,,,,,,,,,,,,{56},
EN300-45212415_31915,"A468,A543",2,,,,{71},,,,,,,,,,,,,,,,,,,,,,,,,{61},
EN300-22000691_46195,"A468,A543",2,,,,{74},,,,,,,,,,,,,,,,,,,,,,,,,{64},
EN300-263463_19321,A543,1,,,,,,,,,,,,,,,,,,,,,,,,,,,,,{54},
EN300-200004_38862,"A468,A543",2,,,,{74},,,,,,,,,,,,,,,,,,,,,,,,,{64},
EN300-18821748_47253,"A468,A543",2,,,,{72},,,,,,,,,,,,,,,,,,,,,,,,,{62},
EN300-1178090_38431,"A468,A543",2,,,,{64},,,,,,,,,,,,,,,,,,,,,,,,,{54},
EN300-215457_5336,"A468,A543",2,,,,{80},,,,,,,,,,,,,,,,,,,,,,,,,{70},
EN300-1605396_13669,"A468,A543",2,,,,{63},,,,,,,,,,,,,,,,,,,,,,,,,{53},
EN300-53202954_47210,"A468,A543",2,,,,{73},,,,,,,,,,,,,,,,,,,,,,,,,{63},
EN300-1698798_19191,"A468,A543",2,,,,{67},,,,,,,,,,,,,,,,,,,,,,,,,{57},
EN300-11513_18357,"A468,A543",2,,,,{82},,,,,,,,,,,,,,,,,,,,,,,,,{72},
EN300-7403058_26951,"A468,A543",2,,,,{75},,,,,,,,,,,,,,,,,,,,,,,,,{65},
EN300-51995648_36858,"A468,A543",2,,,,{74},,,,,,,,,,,,,,,,,,,,,,,,,{64},
EN300-6776616_13305,"A468,A543",2,,,,{74},,,,,,,,,,,,,,,,,,,,,,,,,{64},
EN300-1726292_11919,"A468,A543",2,,,,{67},,,,,,,,,,,,,,,,,,,,,,,,,{57},
EN300-118499_28379,"A468,A543",2,,,,{65},,,,,,,,,,,,,,,,,,,,,,,,,{1},
EN300-45749608_32398,"A468,A543",2,,,,{70},,,,,,,,,,,,,,,,,,,,,,,,,{60},
EN300-7543479_20084,"A468,A543",2,,,,{73},,,,,,,,,,,,,,,,,,,,,,,,,{63},
EN300-19057332_31179,"A468,A543",2,,,,{70},,,,,,,,,,,,,,,,,,,,,,,,,{60},
EN300-33268939_32847,"A468,A543",2,,,,{70},,,,,,,,,,,,,,,,,,,,,,,,,{60},
EN300-52473491_44613,"A468,A543",2,,,,{73},,,,,,,,,,,,,,,,,,,,,,,,,{63},
EN300-216892_28357,"A468,A543",2,,,,{69},,,,,,,,,,,,,,,,,,,,,,,,,{59},
EN300-113369_22340,"A468,A543",2,,,,{67},,,,,,,,,,,,,,,,,,,,,,,,,{57},
EN300-640683_25190,"A468,A543",2,,,,{64},,,,,,,,,,,,,,,,,,,,,,,,,{54},
EN300-6503668_31449,"A468,A543",2,,,,{72},,,,,,,,,,,,,,,,,,,,,,,,,{62},
EN300-39671310_25910,"A468,A543",2,,,,{71},,,,,,,,,,,,,,,,,,,,,,,,,{61},
EN300-127252_16812,"A468,A543",2,,,,{73},,,,,,,,,,,,,,,,,,,,,,,,,{63},
EN300-132477_40008,"A468,A543",2,,,,{68},,,,,,,,,,,,,,,,,,,,,,,,,{58},
EN300-1689124_11499,"A468,A543",2,,,,{74},,,,,,,,,,,,,,,,,,,,,,,,,{64},
EN300-37393978_39239,"A468,A543",2,,,,{64},,,,,,,,,,,,,,,,,,,,,,,,,{54},
EN300-28220877_36442,"A468,A543",2,,,,{69},,,,,,,,,,,,,,,,,,,,,,,,,{59},
EN300-113560_2519,"A468,A543",2,,,,{64},,,,,,,,,,,,,,,,,,,,,,,,,{54},
EN300-225711_23864,A543,1,,,,,,,,,,,,,,,,,,,,,,,,,,,,,{57},
EN300-2009957_14008,"A468,A543",2,,,,{75},,,,,,,,,,,,,,,,,,,,,,,,,{65},
EN300-30048326_32446,"A468,A543",2,,,,{76},,,,,,,,,,,,,,,,,,,,,,,,,{66},
EN300-332094_21326,"A468,A543",2,,,,{72},,,,,,,,,,,,,,,,,,,,,,,,,{62},
EN300-53154388_47208,"A468,A543",2,,,,{68},,,,,,,,,,,,,,,,,,,,,,,,,{58},
EN300-216887_21000,"A468,A543",2,,,,{73},,,,,,,,,,,,,,,,,,,,,,,,,{63},
EN300-216887_20999,"A468,A543",2,,,,{73},,,,,,,,,,,,,,,,,,,,,,,,,{63},
EN300-46817161_38018,"A468,A543",2,,,,{65},,,,,,,,,,,,,,,,,,,,,,,,,{1},
EN300-305171_28545,"A468,A543",2,,,,{74},,,,,,,,,,,,,,,,,,,,,,,,,{64},
EN300-133059_18997,"A468,A543",2,,,,{74},,,,,,,,,,,,,,,,,,,,,,,,,{64},
EN300-343204_19288,"A468,A543",2,,,,{80},,,,,,,,,,,,,,,,,,,,,,,,,{70},
EN300-204256_16847,"A468,A543",2,,,,{63},,,,,,,,,,,,,,,,,,,,,,,,,{53},
EN300-37160592_14575,"A468,A543",2,,,,{70},,,,,,,,,,,,,,,,,,,,,,,,,{60},
EN300-139630_4088,"A468,A543",2,,,,{78},,,,,,,,,,,,,,,,,,,,,,,,,{68},
EN300-20876572_35788,"A468,A543",2,,,,{67},,,,,,,,,,,,,,,,,,,,,,,,,{57},
EN300-28247672_34400,"A468,A543",2,,,,{68},,,,,,,,,,,,,,,,,,,,,,,,,{58},
EN300-1587238_42702,"A468,A543",2,,,,{70},,,,,,,,,,,,,,,,,,,,,,,,,{60},
EN300-1273001_10223,"A468,A543",2,,,,{72},,,,,,,,,,,,,,,,,,,,,,,,,{62},
EN300-6474639_27436,"A468,A543",2,,,,{67},,,,,,,,,,,,,,,,,,,,,,,,,{57},
EN300-18301_23827,"A468,A543",2,,,,{67},,,,,,,,,,,,,,,,,,,,,,,,,{57},
EN300-373766_29188,"A468,A543",2,,,,{71},,,,,,,,,,,,,,,,,,,,,,,,,{61},
EN300-46162945_14959,"A468,A543",2,,,,{71},,,,,,,,,,,,,,,,,,,,,,,,,{61},
EN300-52001106_37393,"A468,A543",2,,,,{66},,,,,,,,,,,,,,,,,,,,,,,,,{56},
EN300-6819668_35338,"A468,A543",2,,,,{76},,,,,,,,,,,,,,,,,,,,,,,,,{66},
EN300-192649_12273,"A468,A543",2,,,,{79},,,,,,,,,,,,,,,,,,,,,,,,,{69},
EN300-6472558_14146,"A468,A543",2,,,,{70},,,,,,,,,,,,,,,,,,,,,,,,,{60},
EN300-27160418_26018,"A468,A543",2,,,,{78},,,,,,,,,,,,,,,,,,,,,,,,,{68},
EN300-8109584_39514,"A468,A543",2,,,,{69},,,,,,,,,,,,,,,,,,,,,,,,,{59},
EN300-1666781_39421,"A468,A543",2,,,,{73},,,,,,,,,,,,,,,,,,,,,,,,,{63},
EN300-177560_23246,"A468,A543",2,,,,{72},,,,,,,,,,,,,,,,,,,,,,,,,{62},
EN300-22996250_17475,"A468,A543",2,,,,{71},,,,,,,,,,,,,,,,,,,,,,,,,{61},
EN300-37418413_13025,"A468,A543",2,,,,{74},,,,,,,,,,,,,,,,,,,,,,,,,{64},
EN300-99463_14619,"A468,A543",2,,,,{70},,,,,,,,,,,,,,,,,,,,,,,,,{60},
EN300-1168533_22743,"A468,A543",2,,,,{74},,,,,,,,,,,,,,,,,,,,,,,,,{64},
EN300-52814022_46590,"A468,A543",2,,,,{67},,,,,,,,,,,,,,,,,,,,,,,,,{57},
EN300-27694221_13797,"A468,A543",2,,,,{74},,,,,,,,,,,,,,,,,,,,,,,,,{64},
EN300-109987_28679,"A468,A543",2,,,,{67},,,,,,,,,,,,,,,,,,,,,,,,,{57},
EN300-26979301_14683,"A468,A543",2,,,,{65},,,,,,,,,,,,,,,,,,,,,,,,,{55},
EN300-63711_20450,"A468,A543",2,,,,{63},,,,,,,,,,,,,,,,,,,,,,,,,{53},
EN300-1720876_16377,"A468,A543",2,,,,{64},,,,,,,,,,,,,,,,,,,,,,,,,{1},
EN300-71684_2419,"A468,A543",2,,,,{70},,,,,,,,,,,,,,,,,,,,,,,,,{60},
EN300-211213_23824,"A468,A543",2,,,,{79},,,,,,,,,,,,,,,,,,,,,,,,,{69},
EN300-6776616_13301,"A468,A543",2,,,,{74},,,,,,,,,,,,,,,,,,,,,,,,,{64},
EN300-7024441_30702,"A468,A543",2,,,,{73},,,,,,,,,,,,,,,,,,,,,,,,,{63},
EN300-6775087_38361,"A468,A543",2,,,,{70},,,,,,,,,,,,,,,,,,,,,,,,,{60},
EN300-90156_1945,"A468,A543",2,,,,{65},,,,,,,,,,,,,,,,,,,,,,,,,{1},
EN300-45578_15609,"A468,A543",2,,,,{65},,,,,,,,,,,,,,,,,,,,,,,,,{1},
EN300-6488083_14694,"A468,A543",2,,,,{73},,,,,,,,,,,,,,,,,,,,,,,,,{63},
EN300-7542950_17734,"A468,A543",2,,,,{70},,,,,,,,,,,,,,,,,,,,,,,,,{60},
EN300-26520_24,"A468,A543",2,,,,{64},,,,,,,,,,,,,,,,,,,,,,,,,{54},
EN300-3015905_17911,"A468,A543",2,,,,{73},,,,,,,,,,,,,,,,,,,,,,,,,{63},
EN300-52473321_43958,"A468,A543",2,,,,{70},,,,,,,,,,,,,,,,,,,,,,,,,{60},
EN300-305260_39483,"A468,A543",2,,,,{68},,,,,,,,,,,,,,,,,,,,,,,,,{58},
EN300-37476740_25617,"A468,A543",2,,,,{71},,,,,,,,,,,,,,,,,,,,,,,,,{61},
EN300-861924_22960,"A468,A543",2,,,,{79},,,,,,,,,,,,,,,,,,,,,,,,,{69},
EN300-1718669_19264,"A468,A543",2,,,,{67},,,,,,,,,,,,,,,,,,,,,,,,,{57},
EN300-46668797_33482,A543,1,,,,,,,,,,,,,,,,,,,,,,,,,,,,,{60},
EN300-27145569_35030,"A468,A543",2,,,,{63},,,,,,,,,,,,,,,,,,,,,,,,,{53},
EN300-28249959_13096,"A468,A543",2,,,,{70},,,,,,,,,,,,,,,,,,,,,,,,,{60},
EN300-43524_7036,"A468,A543",2,,,,{76},,,,,,,,,,,,,,,,,,,,,,,,,{66},
EN300-222657_21037,"A468,A543",2,,,,{72},,,,,,,,,,,,,,,,,,,,,,,,,{62},
EN300-33571853_15939,"A468,A543",2,,,,{64},,,,,,,,,,,,,,,,,,,,,,,,,{54},
EN300-1245050_24483,"A468,A543",2,,,,{73},,,,,,,,,,,,,,,,,,,,,,,,,{63},
EN300-52473491_44611,A543,1,,,,,,,,,,,,,,,,,,,,,,,,,,,,,{63},
EN300-194735_28247,"A468,A543",2,,,,{70},,,,,,,,,,,,,,,,,,,,,,,,,{60},
EN300-46205072_35467,"A468,A543",2,,,,{76},,,,,,,,,,,,,,,,,,,,,,,,,{66},
EN300-39141_22463,"A468,A543",2,,,,{76},,,,,,,,,,,,,,,,,,,,,,,,,{66},
EN300-180036_7958,"A468,A543",2,,,,{64},,,,,,,,,,,,,,,,,,,,,,,,,{54},
EN300-7810297_35397,"A468,A543",2,,,,{68},,,,,,,,,,,,,,,,,,,,,,,,,{58},
EN300-52474132_44340,"A468,A543",2,,,,{70},,,,,,,,,,,,,,,,,,,,,,,,,{60},
EN300-8810016_20497,"A468,A543",2,,,,{70},,,,,,,,,,,,,,,,,,,,,,,,,{60},
EN300-269333_28476,"A468,A543",2,,,,{65},,,,,,,,,,,,,,,,,,,,,,,,,{55},
EN300-90293_29339,"A468,A543",2,,,,{62},,,,,,,,,,,,,,,,,,,,,,,,,{52},
EN300-26981481_33568,"A468,A543",2,,,,{71},,,,,,,,,,,,,,,,,,,,,,,,,{61},
EN300-52302962_37903,"A468,A543",2,,,,{73},,,,,,,,,,,,,,,,,,,,,,,,,{63},
EN300-22129960_27997,"A468,A543",2,,,,{64},,,,,,,,,,,,,,,,,,,,,,,,,{54},
EN300-8699213_17780,"A468,A543",2,,,,{65},,,,,,,,,,,,,,,,,,,,,,,,,{55},
EN300-45604330_32223,"A468,A543",2,,,,{70},,,,,,,,,,,,,,,,,,,,,,,,,{60},
EN300-6776354_27052,"A468,A543",2,,,,{75},,,,,,,,,,,,,,,,,,,,,,,,,{65},
EN300-77497_24898,A543,1,,,,,,,,,,,,,,,,,,,,,,,,,,,,,{57},
EN300-3435995_14414,"A468,A543",2,,,,{70},,,,,,,,,,,,,,,,,,,,,,,,,{60},
EN300-7439096_16389,"A468,A543",2,,,,{71},,,,,,,,,,,,,,,,,,,,,,,,,{61},
EN300-1587512_11296,"A468,A543",2,,,,{67},,,,,,,,,,,,,,,,,,,,,,,,,{57},
EN300-27113521_24708,"A468,A543",2,,,,{71},,,,,,,,,,,,,,,,,,,,,,,,,{61},
EN300-45481767_32617,"A468,A543",2,,,,{63},,,,,,,,,,,,,,,,,,,,,,,,,{53},
EN300-1448677_45729,"A468,A543",2,,,,{70},,,,,,,,,,,,,,,,,,,,,,,,,{60},
EN300-1605319_22909,"A468,A543",2,,,,{68},,,,,,,,,,,,,,,,,,,,,,,,,{58},
EN300-367258_19468,"A468,A543",2,,,,{70},,,,,,,,,,,,,,,,,,,,,,,,,{60},
EN300-142356_3900,"A468,A543",2,,,,{68},,,,,,,,,,,,,,,,,,,,,,,,,{58},
EN300-100768_2098,"A468,A543",2,,,,{70},,,,,,,,,,,,,,,,,,,,,,,,,{60},
EN300-1215785_31050,"A468,A543",2,,,,{73},,,,,,,,,,,,,,,,,,,,,,,,,{63},
EN300-120922_21715,"A468,A543",2,,,,{65},,,,,,,,,,,,,,,,,,,,,,,,,{55},
EN300-37393979_39464,"A468,A543",2,,,,{72},,,,,,,,,,,,,,,,,,,,,,,,,{62},
EN300-372689_8913,"A468,A543",2,,,,{64},,,,,,,,,,,,,,,,,,,,,,,,,{54},
EN300-26233944_48705,"A468,A543",2,,,,{70},,,,,,,,,,,,,,,,,,,,,,,,,{60},
EN300-46160643_33089,"A468,A543",2,,,,{73},,,,,,,,,,,,,,,,,,,,,,,,,{63},
EN300-6503668_31450,"A468,A543",2,,,,{72},,,,,,,,,,,,,,,,,,,,,,,,,{62},
EN300-52427648_41612,"A468,A543",2,,,,{73},,,,,,,,,,,,,,,,,,,,,,,,,{63},
EN300-28220887_36097,A543,1,,,,,,,,,,,,,,,,,,,,,,,,,,,,,{58},
EN300-7538954_14213,"A468,A543",2,,,,{70},,,,,,,,,,,,,,,,,,,,,,,,,{60},
EN300-718662_9433,"A468,A543",2,,,,{74},,,,,,,,,,,,,,,,,,,,,,,,,{64},
EN300-1703327_29526,"A468,A543",2,,,,{68},,,,,,,,,,,,,,,,,,,,,,,,,{58},
EN300-6779232_32816,"A468,A543",2,,,,{67},,,,,,,,,,,,,,,,,,,,,,,,,{57},
EN300-188531_22721,"A468,A543",2,,,,{70},,,,,,,,,,,,,,,,,,,,,,,,,{60},
EN300-6739490_36783,"A468,A543",2,,,,{71},,,,,,,,,,,,,,,,,,,,,,,,,{61},
EN300-47313578_34383,"A468,A543",2,,,,{67},,,,,,,,,,,,,,,,,,,,,,,,,{57},
EN300-246456_39360,"A468,A543",2,,,,{71},,,,,,,,,,,,,,,,,,,,,,,,,{61},
EN300-28220566_27296,"A468,A543",2,,,,{70},,,,,,,,,,,,,,,,,,,,,,,,,{60},
EN300-321315_8354,"A468,A543",2,,,,{68},,,,,,,,,,,,,,,,,,,,,,,,,{58},
EN300-1253965_23693,"A468,A543",2,,,,{70},,,,,,,,,,,,,,,,,,,,,,,,,{60},
EN300-236121_5672,"A468,A543",2,,,,{71},,,,,,,,,,,,,,,,,,,,,,,,,{61},
EN300-25642164_10725,"A468,A543",2,,,,{65},,,,,,,,,,,,,,,,,,,,,,,,,{55},
EN300-7417778_19319,"A468,A543",2,,,,{65},,,,,,,,,,,,,,,,,,,,,,,,,{55},
EN300-746700_20172,"A468,A543",2,,,,{67},,,,,,,,,,,,,,,,,,,,,,,,,{57},
EN300-12488_39921,"A468,A543",2,,,,{75},,,,,,,,,,,,,,,,,,,,,,,,,{65},
EN300-26682710_17938,"A468,A543",2,,,,{70},,,,,,,,,,,,,,,,,,,,,,,,,{60},
EN300-321868_9483,"A468,A543",2,,,,{68},,,,,,,,,,,,,,,,,,,,,,,,,{58},
EN300-261919_7325,"A468,A543",2,,,,{68},,,,,,,,,,,,,,,,,,,,,,,,,{58},
EN300-63732_1182,"A468,A543",2,,,,{65},,,,,,,,,,,,,,,,,,,,,,,,,{55},
EN300-112354_12633,"A468,A543",2,,,,{79},,,,,,,,,,,,,,,,,,,,,,,,,{69},
EN300-37394489_19286,"A468,A543",2,,,,{71},,,,,,,,,,,,,,,,,,,,,,,,,{61},
EN300-75219_13085,"A468,A543",2,,,,{73},,,,,,,,,,,,,,,,,,,,,,,,,{63},
EN300-21825_339,"A468,A543",2,,,,{75},,,,,,,,,,,,,,,,,,,,,,,,,{65},
EN300-27701419_25770,"A468,A543",2,,,,{67},,,,,,,,,,,,,,,,,,,,,,,,,{57},
EN300-2009829_13844,"A468,A543",2,,,,{71},,,,,,,,,,,,,,,,,,,,,,,,,{61},
EN300-51995827_35761,"A468,A543",2,,,,{68},,,,,,,,,,,,,,,,,,,,,,,,,{58},
EN300-28328638_28061,"A468,A543",2,,,,{73},,,,,,,,,,,,,,,,,,,,,,,,,{63},
EN300-1721620_31790,"A468,A543",2,,,,{64},,,,,,,,,,,,,,,,,,,,,,,,,{54},
EN300-124393_3416,"A468,A543",2,,,,{73},,,,,,,,,,,,,,,,,,,,,,,,,{63},
EN300-6739582_20282,"A468,A543",2,,,,{71},,,,,,,,,,,,,,,,,,,,,,,,,{61},
EN300-3015876_15413,"A468,A543",2,,,,{65},,,,,,,,,,,,,,,,,,,,,,,,,{1},
EN300-222578_33887,"A468,A543",2,,,,{64},,,,,,,,,,,,,,,,,,,,,,,,,{54},
EN300-1267169_23647,A543,1,,,,,,,,,,,,,,,,,,,,,,,,,,,,,{63},
EN300-6776354_27050,"A468,A543",2,,,,{75},,,,,,,,,,,,,,,,,,,,,,,,,{65},
EN300-37341402_30453,"A468,A543",2,,,,{71},,,,,,,,,,,,,,,,,,,,,,,,,{61},
EN300-156535_22561,"A468,A543",2,,,,{75},,,,,,,,,,,,,,,,,,,,,,,,,{65},
EN300-175389_6381,"A468,A543",2,,,,{74},,,,,,,,,,,,,,,,,,,,,,,,,{64},
EN300-46793295_33431,"A468,A543",2,,,,{63},,,,,,,,,,,,,,,,,,,,,,,,,{53},
EN300-52683766_43654,"A468,A543",2,,,,{65},,,,,,,,,,,,,,,,,,,,,,,,,{1},
EN300-71126_5951,"A468,A543",2,,,,{66},,,,,,,,,,,,,,,,,,,,,,,,,{56},
EN300-120299_38258,"A468,A543",2,,,,{64},,,,,,,,,,,,,,,,,,,,,,,,,{54},
EN300-19575036_35349,"A468,A543",2,,,,{70},,,,,,,,,,,,,,,,,,,,,,,,,{60},
EN300-1694122_16463,"A468,A543",2,,,,{66},,,,,,,,,,,,,,,,,,,,,,,,,{56},
EN300-7465253_17395,"A468,A543",2,,,,{75},,,,,,,,,,,,,,,,,,,,,,,,,{65},
EN300-305171_28546,"A468,A543",2,,,,{74},,,,,,,,,,,,,,,,,,,,,,,,,{64},
EN300-1428837_23353,"A468,A543",2,,,,{69},,,,,,,,,,,,,,,,,,,,,,,,,{59},
EN300-22817742_27952,"A468,A543",2,,,,{68},,,,,,,,,,,,,,,,,,,,,,,,,{58},
EN300-46667927_33231,"A468,A543",2,,,,{69},,,,,,,,,,,,,,,,,,,,,,,,,{59},
EN300-214128_12296,"A468,A543",2,,,,{64},,,,,,,,,,,,,,,,,,,,,,,,,{54},
EN300-90569_19688,"A468,A543",2,,,,{70},,,,,,,,,,,,,,,,,,,,,,,,,{60},
EN300-100112_3189,"A468,A543",2,,,,{69},,,,,,,,,,,,,,,,,,,,,,,,,{59},
EN300-7493218_18441,"A468,A543",2,,,,{68},,,,,,,,,,,,,,,,,,,,,,,,,{58},
EN300-226413_21809,"A468,A543",2,,,,{79},,,,,,,,,,,,,,,,,,,,,,,,,{69},
EN300-27735579_39897,"A468,A543",2,,,,{71},,,,,,,,,,,,,,,,,,,,,,,,,{61},
EN300-52406901_40994,"A468,A543",2,,,,{64},,,,,,,,,,,,,,,,,,,,,,,,,{54},
EN300-37081285_10675,"A468,A543",2,,,,{68},,,,,,,,,,,,,,,,,,,,,,,,,{58},
EN300-1250801_26253,"A468,A543",2,,,,{73},,,,,,,,,,,,,,,,,,,,,,,,,{63},
EN300-307324_9387,A543,1,,,,,,,,,,,,,,,,,,,,,,,,,,,,,{57},
EN300-26621536_26508,"A468,A543",2,,,,{76},,,,,,,,,,,,,,,,,,,,,,,,,{66},
EN300-46897787_34183,"A468,A543",2,,,,{63},,,,,,,,,,,,,,,,,,,,,,,,,{53},
EN300-1698695_38967,"A468,A543",2,,,,{70},,,,,,,,,,,,,,,,,,,,,,,,,{60},
EN300-1588918_20680,"A468,A543",2,,,,{76},,,,,,,,,,,,,,,,,,,,,,,,,{66},
EN300-225088_21934,"A468,A543",2,,,,{71},,,,,,,,,,,,,,,,,,,,,,,,,{61},
EN300-7355477_20480,"A468,A543",2,,,,{72},,,,,,,,,,,,,,,,,,,,,,,,,{62},
EN300-28316135_27608,"A468,A543",2,,,,{66},,,,,,,,,,,,,,,,,,,,,,,,,{56},
EN300-113369_22338,"A468,A543",2,,,,{67},,,,,,,,,,,,,,,,,,,,,,,,,{57},
EN300-123456_10922,"A468,A543",2,,,,{70},,,,,,,,,,,,,,,,,,,,,,,,,{60},
EN300-8097500_19493,"A468,A543",2,,,,{70},,,,,,,,,,,,,,,,,,,,,,,,,{60},
EN300-6487620_14811,"A468,A543",2,,,,{66},,,,,,,,,,,,,,,,,,,,,,,,,{56},
EN300-46235495_32319,"A468,A543",2,,,,{70},,,,,,,,,,,,,,,,,,,,,,,,,{60},
EN300-36596283_14422,"A468,A543",2,,,,{74},,,,,,,,,,,,,,,,,,,,,,,,,{64},
EN300-139129_21282,"A468,A543",2,,,,{79},,,,,,,,,,,,,,,,,,,,,,,,,{69},
EN300-20868487_10711,"A468,A543",2,,,,{69},,,,,,,,,,,,,,,,,,,,,,,,,{59},
EN300-321226_9358,"A468,A543",2,,,,{71},,,,,,,,,,,,,,,,,,,,,,,,,{61},
EN300-244838_16797,"A468,A543",2,,,,{74},,,,,,,,,,,,,,,,,,,,,,,,,{64},
EN300-45201794_32873,"A468,A543",2,,,,{72},,,,,,,,,,,,,,,,,,,,,,,,,{62},
EN300-27657_22002,"A468,A543",2,,,,{72},,,,,,,,,,,,,,,,,,,,,,,,,{62},
EN300-208657_6182,"A468,A543",2,,,,{72},,,,,,,,,,,,,,,,,,,,,,,,,{62},
EN300-66652_15938,"A468,A543",2,,,,{67},,,,,,,,,,,,,,,,,,,,,,,,,{57},
EN300-248736_19485,"A468,A543",2,,,,{67},,,,,,,,,,,,,,,,,,,,,,,,,{57},
EN300-46762698_33149,"A468,A543",2,,,,{67},,,,,,,,,,,,,,,,,,,,,,,,,{57},
EN300-7466636_29911,"A468,A543",2,,,,{69},,,,,,,,,,,,,,,,,,,,,,,,,{59},
EN300-257282_7373,"A468,A543",2,,,,{66},,,,,,,,,,,,,,,,,,,,,,,,,{56},
EN300-37443035_28035,"A468,A543",2,,,,{84},,,,,,,,,,,,,,,,,,,,,,,,,{74},
EN300-102037_2487,"A468,A543",2,,,,{70},,,,,,,,,,,,,,,,,,,,,,,,,{60},
EN300-27146274_26519,"A468,A543",2,,,,{73},,,,,,,,,,,,,,,,,,,,,,,,,{63},
EN300-96853_8799,"A468,A543",2,,,,{68},,,,,,,,,,,,,,,,,,,,,,,,,{58},
EN300-1704727_34378,"A468,A543",2,,,,{74},,,,,,,,,,,,,,,,,,,,,,,,,{64},
EN300-20802053_31224,"A468,A543",2,,,,{73},,,,,,,,,,,,,,,,,,,,,,,,,{63},
EN300-86015_6569,"A468,A543",2,,,,{68},,,,,,,,,,,,,,,,,,,,,,,,,{58},
EN300-53167098_47679,"A468,A543",2,,,,{68},,,,,,,,,,,,,,,,,,,,,,,,,{58},
EN300-28316138_27563,"A468,A543",2,,,,{68},,,,,,,,,,,,,,,,,,,,,,,,,{58},
EN300-53007116_47138,"A468,A543",2,,,,{89},,,,,,,,,,,,,,,,,,,,,,,,,{79},
EN300-111662_10874,"A468,A543",2,,,,{67},,,,,,,,,,,,,,,,,,,,,,,,,{57},
EN300-6785522_19917,"A468,A543",2,,,,{64},,,,,,,,,,,,,,,,,,,,,,,,,{54},
EN300-128167_20274,"A468,A543",2,,,,{70},,,,,,,,,,,,,,,,,,,,,,,,,{60},
EN300-140337_33823,"A468,A543",2,,,,{80},,,,,,,,,,,,,,,,,,,,,,,,,{70},
EN300-14595_354,"A468,A543",2,,,,{67},,,,,,,,,,,,,,,,,,,,,,,,,{57},
EN300-46067502_33106,"A468,A543",2,,,,{70},,,,,,,,,,,,,,,,,,,,,,,,,{60},
EN300-396293_29258,"A468,A543",2,,,,{76},,,,,,,,,,,,,,,,,,,,,,,,,{66},
EN300-1707064_11797,"A468,A543",2,,,,{77},,,,,,,,,,,,,,,,,,,,,,,,,{67},
EN300-26621536_26516,"A468,A543",2,,,,{76},,,,,,,,,,,,,,,,,,,,,,,,,{66},
EN300-31211097_18982,"A468,A543",2,,,,{77},,,,,,,,,,,,,,,,,,,,,,,,,{67},
EN300-30543_6764,"A468,A543",2,,,,{80},,,,,,,,,,,,,,,,,,,,,,,,,{70},
EN300-52852118_46152,"A468,A543",2,,,,{76},,,,,,,,,,,,,,,,,,,,,,,,,{66},
EN300-6819668_35343,"A468,A543",2,,,,{76},,,,,,,,,,,,,,,,,,,,,,,,,{66},
EN300-245820_7205,"A468,A543",2,,,,{70},,,,,,,,,,,,,,,,,,,,,,,,,{60},
EN300-37370250_30146,"A468,A543",2,,,,{67},,,,,,,,,,,,,,,,,,,,,,,,,{57},
EN300-332317_29117,"A468,A543",2,,,,{73},,,,,,,,,,,,,,,,,,,,,,,,,{63},
EN300-52203011_37648,"A468,A543",2,,,,{69},,,,,,,,,,,,,,,,,,,,,,,,,{59},
EN300-321692_9480,"A468,A543",2,,,,{77},,,,,,,,,,,,,,,,,,,,,,,,,{67},
EN300-7434430_16354,"A468,A543",2,,,,{70},,,,,,,,,,,,,,,,,,,,,,,,,{60},
EN300-705908_18021,A543,1,,,,,,,,,,,,,,,,,,,,,,,,,,,,,{67},
EN300-10535_24003,"A468,A543",2,,,,{80},,,,,,,,,,,,,,,,,,,,,,,,,{70},
EN300-2960189_40494,"A468,A543",2,,,,{69},,,,,,,,,,,,,,,,,,,,,,,,,{59},
EN300-1605067_34094,"A468,A543",2,,,,{64},,,,,,,,,,,,,,,,,,,,,,,,,{54},
EN300-1718138_29532,"A468,A543",2,,,,{77},,,,,,,,,,,,,,,,,,,,,,,,,{67},
EN300-250918_19241,"A468,A543",2,,,,{65},,,,,,,,,,,,,,,,,,,,,,,,,{55},
EN300-53449_9755,"A468,A543",2,,,,{73},,,,,,,,,,,,,,,,,,,,,,,,,{63},
EN300-6976539_31947,"A468,A543",2,,,,{70},,,,,,,,,,,,,,,,,,,,,,,,,{60},
EN300-176629_33836,"A468,A543",2,,,,{70},,,,,,,,,,,,,,,,,,,,,,,,,{60},
EN300-52135211_37814,"A468,A543",2,,,,{65},,,,,,,,,,,,,,,,,,,,,,,,,{55},
EN300-52951852_46494,"A468,A543",2,,,,{63},,,,,,,,,,,,,,,,,,,,,,,,,{53},
EN300-34125_22283,"A468,A543",2,,,,{75},,,,,,,,,,,,,,,,,,,,,,,,,{65},
EN300-7065592_36822,"A468,A543",2,,,,{72},,,,,,,,,,,,,,,,,,,,,,,,,{62},
EN300-705971_19077,"A468,A543",2,,,,{64},,,,,,,,,,,,,,,,,,,,,,,,,{54},
EN300-51666204_34552,"A468,A543",2,,,,{71},,,,,,,,,,,,,,,,,,,,,,,,,{61},
EN300-102833_1966,"A468,A543",2,,,,{67},,,,,,,,,,,,,,,,,,,,,,,,,{57},
EN300-265898_7433,"A468,A543",2,,,,{70},,,,,,,,,,,,,,,,,,,,,,,,,{60},
EN300-5131673_35952,"A468,A543",2,,,,{76},,,,,,,,,,,,,,,,,,,,,,,,,{66},
EN300-51666204_34551,"A468,A543",2,,,,{71},,,,,,,,,,,,,,,,,,,,,,,,,{61},
EN300-25318872_44500,"A468,A543",2,,,,{67},,,,,,,,,,,,,,,,,,,,,,,,,{57},
EN300-2009660_23860,"A468,A543",2,,,,{76},,,,,,,,,,,,,,,,,,,,,,,,,{66},
EN300-26632204_18276,A543,1,,,,,,,,,,,,,,,,,,,,,,,,,,,,,{58},
EN300-224568_38703,"A468,A543",2,,,,{65},,,,,,,,,,,,,,,,,,,,,,,,,{55},
EN300-746725_25275,"A468,A543",2,,,,{73},,,,,,,,,,,,,,,,,,,,,,,,,{63},
EN300-7355477_20481,"A468,A543",2,,,,{72},,,,,,,,,,,,,,,,,,,,,,,,,{62},
EN300-36205_642,"A468,A543",2,,,,{73},,,,,,,,,,,,,,,,,,,,,,,,,{63},
EN300-331841_8571,"A468,A543",2,,,,{70},,,,,,,,,,,,,,,,,,,,,,,,,{60},
EN300-51995621_36845,"A468,A543",2,,,,{69},,,,,,,,,,,,,,,,,,,,,,,,,{59},
EN300-111660_2421,"A468,A543",2,,,,{69},,,,,,,,,,,,,,,,,,,,,,,,,{59},
EN300-52778785_46284,"A468,A543",2,,,,{73},,,,,,,,,,,,,,,,,,,,,,,,,{63},
EN300-299255_28533,"A468,A543",2,,,,{73},,,,,,,,,,,,,,,,,,,,,,,,,{63},
EN300-110242_3013,"A468,A543",2,,,,{74},,,,,,,,,,,,,,,,,,,,,,,,,{64},
EN300-7494533_13600,"A468,A543",2,,,,{73},,,,,,,,,,,,,,,,,,,,,,,,,{63},
EN300-52473491_44614,"A468,A543",2,,,,{73},,,,,,,,,,,,,,,,,,,,,,,,,{63},
EN300-7356792_16026,"A468,A543",2,,,,{75},,,,,,,,,,,,,,,,,,,,,,,,,{65},
EN300-249075_7458,"A468,A543",2,,,,{69},,,,,,,,,,,,,,,,,,,,,,,,,{59},
EN300-179527_28541,"A468,A543",2,,,,{70},,,,,,,,,,,,,,,,,,,,,,,,,{60},
EN300-26983237_15031,"A468,A543",2,,,,{64},,,,,,,,,,,,,,,,,,,,,,,,,{54},
EN300-7435002_15921,"A468,A543",2,,,,{74},,,,,,,,,,,,,,,,,,,,,,,,,{64},
EN300-36124_673,"A468,A543",2,,,,{71},,,,,,,,,,,,,,,,,,,,,,,,,{61},
EN300-91546_6511,"A468,A543",2,,,,{71},,,,,,,,,,,,,,,,,,,,,,,,,{61},
EN300-27689_38330,"A468,A543",2,,,,{70},,,,,,,,,,,,,,,,,,,,,,,,,{60},
EN300-110103_20790,"A468,A543",2,,,,{76},,,,,,,,,,,,,,,,,,,,,,,,,{66},
EN300-52547004_41347,"A468,A543",2,,,,{73},,,,,,,,,,,,,,,,,,,,,,,,,{63},
EN300-8667826_42789,"A468,A543",2,,,,{73},,,,,,,,,,,,,,,,,,,,,,,,,{63},
EN300-253256_16827,"A468,A543",2,,,,{69},,,,,,,,,,,,,,,,,,,,,,,,,{59},
EN300-110343_2466,"A468,A543",2,,,,{71},,,,,,,,,,,,,,,,,,,,,,,,,{61},
EN300-80960_24349,"A468,A543",2,,,,{66},,,,,,,,,,,,,,,,,,,,,,,,,{56},
EN300-298107_7663,"A468,A543",2,,,,{68},,,,,,,,,,,,,,,,,,,,,,,,,{1},
EN300-45409829_31965,"A468,A543",2,,,,{70},,,,,,,,,,,,,,,,,,,,,,,,,{60},
EN300-27113521_24709,"A468,A543",2,,,,{71},,,,,,,,,,,,,,,,,,,,,,,,,{61},
EN300-37340986_17493,"A468,A543",2,,,,{73},,,,,,,,,,,,,,,,,,,,,,,,,{63},
EN300-62153_3368,"A468,A543",2,,,,{63},,,,,,,,,,,,,,,,,,,,,,,,,{53},
EN300-214194_7359,"A468,A543",2,,,,{73},,,,,,,,,,,,,,,,,,,,,,,,,{63},
EN300-1696143_20649,"A468,A543",2,,,,{68},,,,,,,,,,,,,,,,,,,,,,,,,{58},
EN300-1661163_23917,"A468,A543",2,,,,{76},,,,,,,,,,,,,,,,,,,,,,,,,{66},
EN300-1723898_12579,"A468,A543",2,,,,{80},,,,,,,,,,,,,,,,,,,,,,,,,{70},
EN300-2009829_13845,"A468,A543",2,,,,{71},,,,,,,,,,,,,,,,,,,,,,,,,{61},
EN300-157287_4229,"A468,A543",2,,,,{63},,,,,,,,,,,,,,,,,,,,,,,,,{53},
EN300-7548836_17713,"A468,A543",2,,,,{77},,,,,,,,,,,,,,,,,,,,,,,,,{67},
EN300-28220832_36430,"A468,A543",2,,,,{84},,,,,,,,,,,,,,,,,,,,,,,,,{74},
EN300-54165672_48671,"A468,A543",2,,,,{65},,,,,,,,,,,,,,,,,,,,,,,,,{55},
EN300-20881819_33096,"A468,A543",2,,,,{67},,,,,,,,,,,,,,,,,,,,,,,,,{57},
EN300-37104410_10965,A543,1,,,,,,,,,,,,,,,,,,,,,,,,,,,,,{63},
EN300-27735308_27027,"A468,A543",2,,,,{74},,,,,,,,,,,,,,,,,,,,,,,,,{64},
EN300-8125457_35388,"A468,A543",2,,,,{66},,,,,,,,,,,,,,,,,,,,,,,,,{56},
EN300-45685327_32464,"A468,A543",2,,,,{66},,,,,,,,,,,,,,,,,,,,,,,,,{56},
EN300-7468652_17347,"A468,A543",2,,,,{69},,,,,,,,,,,,,,,,,,,,,,,,,{1},
EN300-298688_7654,"A468,A543",2,,,,{63},,,,,,,,,,,,,,,,,,,,,,,,,{53},
EN300-1425927_18713,"A468,A543",2,,,,{72},,,,,,,,,,,,,,,,,,,,,,,,,{62},
EN300-7134674_23801,"A468,A543",2,,,,{73},,,,,,,,,,,,,,,,,,,,,,,,,{63},
EN300-706247_19078,A543,1,,,,,,,,,,,,,,,,,,,,,,,,,,,,,{57},
EN300-7392028_18743,"A468,A543",2,,,,{65},,,,,,,,,,,,,,,,,,,,,,,,,{55},
EN300-53511389_48131,"A468,A543",2,,,,{77},,,,,,,,,,,,,,,,,,,,,,,,,{67},
EN300-124909_3342,"A468,A543",2,,,,{72},,,,,,,,,,,,,,,,,,,,,,,,,{62},
EN300-27081671_36324,"A468,A543",2,,,,{75},,,,,,,,,,,,,,,,,,,,,,,,,{65},
EN300-53117992_47096,"A468,A543",2,,,,{68},,,,,,,,,,,,,,,,,,,,,,,,,{58},
EN300-51891401_35707,"A468,A543",2,,,,{67},,,,,,,,,,,,,,,,,,,,,,,,,{57},
EN300-102867_40593,"A468,A543",2,,,,{71},,,,,,,,,,,,,,,,,,,,,,,,,{61},
EN300-32257444_43325,"A468,A543",2,,,,{70},,,,,,,,,,,,,,,,,,,,,,,,,{60},
EN300-53914674_48554,"A468,A543",2,,,,{77},,,,,,,,,,,,,,,,,,,,,,,,,{67},
EN300-69341_38677,"A468,A543",2,,,,{76},,,,,,,,,,,,,,,,,,,,,,,,,{66},
EN300-02749_22398,"A468,A543",2,,,,{75},,,,,,,,,,,,,,,,,,,,,,,,,{65},
EN300-746136_37407,"A468,A543",2,,,,{71},,,,,,,,,,,,,,,,,,,,,,,,,{61},
EN300-6819668_35341,"A468,A543",2,,,,{76},,,,,,,,,,,,,,,,,,,,,,,,,{66},
EN300-7134674_23795,"A468,A543",2,,,,{73},,,,,,,,,,,,,,,,,,,,,,,,,{63},
EN300-266297_19107,"A468,A543",2,,,,{63},,,,,,,,,,,,,,,,,,,,,,,,,{53},
EN300-6274686_34441,"A468,A543",2,,,,{65},,,,,,,,,,,,,,,,,,,,,,,,,{1},
EN300-46762430_31102,"A468,A543",2,,,,{68},,,,,,,,,,,,,,,,,,,,,,,,,{58},
EN300-2960190_30882,"A468,A543",2,,,,{69},,,,,,,,,,,,,,,,,,,,,,,,,{59},
EN300-6498298_48174,"A468,A543",2,,,,{69},,,,,,,,,,,,,,,,,,,,,,,,,{59},
EN300-1604659_26260,"A468,A543",2,,,,{68},,,,,,,,,,,,,,,,,,,,,,,,,{58},
EN300-1118999_16908,"A468,A543",2,,,,{76},,,,,,,,,,,,,,,,,,,,,,,,,{66},
EN300-1179902_10004,"A468,A543",2,,,,{69},,,,,,,,,,,,,,,,,,,,,,,,,{59},
EN300-367388_29360,"A468,A543",2,,,,{71},,,,,,,,,,,,,,,,,,,,,,,,,{61},
EN300-21825_340,"A468,A543",2,,,,{75},,,,,,,,,,,,,,,,,,,,,,,,,{65},
EN300-52391331_46884,"A468,A543",2,,,,{64},,,,,,,,,,,,,,,,,,,,,,,,,{54},
EN300-373379_29325,"A468,A543",2,,,,{81},,,,,,,,,,,,,,,,,,,,,,,,,{71},
EN300-27717776_31650,"A468,A543",2,,,,{70},,,,,,,,,,,,,,,,,,,,,,,,,{60},
EN300-52652391_44469,"A468,A543",2,,,,{82},,,,,,,,,,,,,,,,,,,,,,,,,{72},
EN300-52209110_37583,"A468,A543",2,,,,{76},,,,,,,,,,,,,,,,,,,,,,,,,{66},
EN300-51995648_36859,"A468,A543",2,,,,{74},,,,,,,,,,,,,,,,,,,,,,,,,{64},
EN300-20134742_30925,"A468,A543",2,,,,{66},,,,,,,,,,,,,,,,,,,,,,,,,{56},
EN300-52473589_44878,"A468,A543",2,,,,{66},,,,,,,,,,,,,,,,,,,,,,,,,{56},
EN300-53294008_48214,"A468,A543",2,,,,{75},,,,,,,,,,,,,,,,,,,,,,,,,{65},
EN300-26980478_42783,"A468,A543",2,,,,{77},,,,,,,,,,,,,,,,,,,,,,,,,{67},
EN300-252113_21106,"A468,A543",2,,,,{71},,,,,,,,,,,,,,,,,,,,,,,,,{61},
EN300-51666204_34554,"A468,A543",2,,,,{71},,,,,,,,,,,,,,,,,,,,,,,,,{61},
EN300-85059_31337,"A468,A543",2,,,,{69},,,,,,,,,,,,,,,,,,,,,,,,,{59},
EN300-28320605_39784,"A468,A543",2,,,,{68},,,,,,,,,,,,,,,,,,,,,,,,,{58},
EN300-6479942_12176,"A468,A543",2,,,,{69},,,,,,,,,,,,,,,,,,,,,,,,,{59},
EN300-53824288_48527,"A468,A543",2,,,,{66},,,,,,,,,,,,,,,,,,,,,,,,,{56},
EN300-6976539_31945,"A468,A543",2,,,,{70},,,,,,,,,,,,,,,,,,,,,,,,,{60},
EN300-370909_9476,"A468,A543",2,,,,{70},,,,,,,,,,,,,,,,,,,,,,,,,{60},
EN300-7543479_20083,"A468,A543",2,,,,{73},,,,,,,,,,,,,,,,,,,,,,,,,{63},
EN300-233838_42937,"A468,A543",2,,,,{72},,,,,,,,,,,,,,,,,,,,,,,,,{62},
EN300-27115404_25577,"A468,A543",2,,,,{73},,,,,,,,,,,,,,,,,,,,,,,,,{63},
EN300-1272247_10219,"A468,A543",2,,,,{68},,,,,,,,,,,,,,,,,,,,,,,,,{58},
EN300-51995621_36842,"A468,A543",2,,,,{69},,,,,,,,,,,,,,,,,,,,,,,,,{59},
EN300-249653_8811,"A468,A543",2,,,,{72},,,,,,,,,,,,,,,,,,,,,,,,,{62},
EN300-6888704_35625,"A468,A543",2,,,,{76},,,,,,,,,,,,,,,,,,,,,,,,,{66},
EN300-10953_22399,"A468,A543",2,,,,{85},,,,,,,,,,,,,,,,,,,,,,,,,{75},
EN300-51664468_48611,"A468,A543",2,,,,{73},,,,,,,,,,,,,,,,,,,,,,,,,{63},
EN300-26983324_20613,"A468,A543",2,,,,{73},,,,,,,,,,,,,,,,,,,,,,,,,{63},
EN300-21603732_41808,"A468,A543",2,,,,{73},,,,,,,,,,,,,,,,,,,,,,,,,{63},
EN300-746740_9616,"A468,A543",2,,,,{67},,,,,,,,,,,,,,,,,,,,,,,,,{57},
EN300-52473565_41857,A543,1,,,,,,,,,,,,,,,,,,,,,,,,,,,,,{61},
EN300-06743_3,"A468,A543",2,,,,{68},,,,,,,,,,,,,,,,,,,,,,,,,{58},
EN300-1720903_25503,"A468,A543",2,,,,{66},,,,,,,,,,,,,,,,,,,,,,,,,{56},
EN300-52001536_36139,"A468,A543",2,,,,{63},,,,,,,,,,,,,,,,,,,,,,,,,{53},
EN300-27750716_27040,"A468,A543",2,,,,{67},,,,,,,,,,,,,,,,,,,,,,,,,{57},
EN300-1118185_22845,"A468,A543",2,,,,{68},,,,,,,,,,,,,,,,,,,,,,,,,{58},
EN300-27148809_24760,"A468,A543",2,,,,{69},,,,,,,,,,,,,,,,,,,,,,,,,{59},
EN300-321030_10428,"A468,A543",2,,,,{78},,,,,,,,,,,,,,,,,,,,,,,,,{68},
EN300-195794_11783,"A468,A543",2,,,,{75},,,,,,,,,,,,,,,,,,,,,,,,,{65},
EN300-1692559_20367,"A468,A543",2,,,,{71},,,,,,,,,,,,,,,,,,,,,,,,,{61},
EN300-53157690_47260,"A468,A543",2,,,,{61},,,,,,,,,,,,,,,,,,,,,,,,,{51},
EN300-21808_256,"A468,A543",2,,,,{82},,,,,,,,,,,,,,,,,,,,,,,,,{72},
EN300-221817_33698,"A468,A543",2,,,,{70},,,,,,,,,,,,,,,,,,,,,,,,,{60},
EN300-1239131_46148,"A468,A543",2,,,,{70},,,,,,,,,,,,,,,,,,,,,,,,,{60},
EN300-53121706_47246,"A468,A543",2,,,,{65},,,,,,,,,,,,,,,,,,,,,,,,,{55},
EN300-37401162_30567,"A468,A543",2,,,,{81},,,,,,,,,,,,,,,,,,,,,,,,,{71},
EN300-27750434_10064,"A468,A543",2,,,,{68},,,,,,,,,,,,,,,,,,,,,,,,,{58},
EN300-45377768_31820,"A468,A543",2,,,,{69},,,,,,,,,,,,,,,,,,,,,,,,,{59},
EN300-305534_7963,"A468,A543",2,,,,{72},,,,,,,,,,,,,,,,,,,,,,,,,{62},
EN300-1703858_12088,"A468,A543",2,,,,{74},,,,,,,,,,,,,,,,,,,,,,,,,{64},
EN300-19351452_17778,"A468,A543",2,,,,{71},,,,,,,,,,,,,,,,,,,,,,,,,{61},
EN300-6809824_38317,"A468,A543",2,,,,{67},,,,,,,,,,,,,,,,,,,,,,,,,{57},
EN300-24797788_27954,"A468,A543",2,,,,{66},,,,,,,,,,,,,,,,,,,,,,,,,{56},
EN300-102729_6997,"A468,A543",2,,,,{63},,,,,,,,,,,,,,,,,,,,,,,,,{53},
EN300-1695746_11415,"A468,A543",2,,,,{74},,,,,,,,,,,,,,,,,,,,,,,,,{64},
EN300-364329_39151,"A468,A543",2,,,,{66},,,,,,,,,,,,,,,,,,,,,,,,,{56},
EN300-52302964_38103,"A468,A543",2,,,,{73},,,,,,,,,,,,,,,,,,,,,,,,,{63},
EN300-7541225_14267,"A468,A543",2,,,,{66},,,,,,,,,,,,,,,,,,,,,,,,,{56},
EN300-28328638_28060,"A468,A543",2,,,,{73},,,,,,,,,,,,,,,,,,,,,,,,,{63},
EN300-7549000_18380,A543,1,,,,,,,,,,,,,,,,,,,,,,,,,,,,,{61},
EN300-219104_31012,"A468,A543",2,,,,{65},,,,,,,,,,,,,,,,,,,,,,,,,{1},
EN300-71228_20534,"A468,A543",2,,,,{70},,,,,,,,,,,,,,,,,,,,,,,,,{60},
EN300-136771_21892,"A468,A543",2,,,,{73},,,,,,,,,,,,,,,,,,,,,,,,,{63},
EN300-06758_22165,"A468,A543",2,,,,{65},,,,,,,,,,,,,,,,,,,,,,,,,{55},
EN300-187107_20276,"A468,A543",2,,,,{65},,,,,,,,,,,,,,,,,,,,,,,,,{55},
EN300-46894944_33657,"A468,A543",2,,,,{67},,,,,,,,,,,,,,,,,,,,,,,,,{57},
EN300-192161_19053,"A468,A543",2,,,,{67},,,,,,,,,,,,,,,,,,,,,,,,,{57},
EN300-51996373_37464,"A468,A543",2,,,,{69},,,,,,,,,,,,,,,,,,,,,,,,,{59},
EN300-08559_11214,"A468,A543",2,,,,{76},,,,,,,,,,,,,,,,,,,,,,,,,{66},
EN300-7500509_13627,"A468,A543",2,,,,{65},,,,,,,,,,,,,,,,,,,,,,,,,{55},
EN300-27736212_17606,"A468,A543",2,,,,{63},,,,,,,,,,,,,,,,,,,,,,,,,{53},
EN300-1587538_11298,"A468,A543",2,,,,{70},,,,,,,,,,,,,,,,,,,,,,,,,{60},
EN300-37440734_15302,"A468,A543",2,,,,{73},,,,,,,,,,,,,,,,,,,,,,,,,{63},
EN300-29935_11144,"A468,A543",2,,,,{65},,,,,,,,,,,,,,,,,,,,,,,,,{55},
EN300-250157_6847,"A468,A543",2,,,,{64},,,,,,,,,,,,,,,,,,,,,,,,,{54},
EN300-19061134_33374,"A468,A543",2,,,,{67},,,,,,,,,,,,,,,,,,,,,,,,,{57},
EN300-108680_2318,"A468,A543",2,,,,{68},,,,,,,,,,,,,,,,,,,,,,,,,{58},
EN300-52469268_46519,"A468,A543",2,,,,{65},,,,,,,,,,,,,,,,,,,,,,,,,{55},
EN300-95228_7510,"A468,A543",2,,,,{71},,,,,,,,,,,,,,,,,,,,,,,,,{61},
EN300-212257_25211,"A468,A543",2,,,,{68},,,,,,,,,,,,,,,,,,,,,,,,,{58},
EN300-37325561_29860,"A468,A543",2,,,,{59},,,,,,,,,,,,,,,,,,,,,,,,,{49},
EN300-51818053_35430,"A468,A543",2,,,,{68},,,,,,,,,,,,,,,,,,,,,,,,,{58},
EN300-46644000_33628,"A468,A543",2,,,,{74},,,,,,,,,,,,,,,,,,,,,,,,,{64},
EN300-51995648_36854,"A468,A543",2,,,,{74},,,,,,,,,,,,,,,,,,,,,,,,,{64},
EN300-265444_29223,"A468,A543",2,,,,{66},,,,,,,,,,,,,,,,,,,,,,,,,{56},
EN300-45579_13067,"A468,A543",2,,,,{65},,,,,,,,,,,,,,,,,,,,,,,,,{1},
EN300-53449_9757,"A468,A543",2,,,,{73},,,,,,,,,,,,,,,,,,,,,,,,,{63},
EN300-53511389_48132,"A468,A543",2,,,,{77},,,,,,,,,,,,,,,,,,,,,,,,,{67},
EN300-24120705_26800,"A468,A543",2,,,,{91},,,,,,,,,,,,,,,,,,,,,,,,,{81},
EN300-7460249_20434,"A468,A543",2,,,,{73},,,,,,,,,,,,,,,,,,,,,,,,,{63},
EN300-6732933_29873,A543,1,,,,,,,,,,,,,,,,,,,,,,,,,,,,,{61},
EN300-2010648_14609,"A468,A543",2,,,,{67},,,,,,,,,,,,,,,,,,,,,,,,,{57},
EN300-119682_4567,"A468,A543",2,,,,{67},,,,,,,,,,,,,,,,,,,,,,,,,{57},
EN300-305260_39481,"A468,A543",2,,,,{68},,,,,,,,,,,,,,,,,,,,,,,,,{58},
EN300-304708_32715,"A468,A543",2,,,,{64},,,,,,,,,,,,,,,,,,,,,,,,,{54},
EN300-331484_24782,"A468,A543",2,,,,{80},,,,,,,,,,,,,,,,,,,,,,,,,{70},
EN300-331484_24783,"A468,A543",2,,,,{80},,,,,,,,,,,,,,,,,,,,,,,,,{70},
EN300-113509_15194,"A468,A543",2,,,,{70},,,,,,,,,,,,,,,,,,,,,,,,,{60},
EN300-67129_2677,A543,1,,,,,,,,,,,,,,,,,,,,,,,,,,,,,{64},
EN300-26667035_44651,"A468,A543",2,,,,{68},,,,,,,,,,,,,,,,,,,,,,,,,{58},
EN300-247389_6963,"A468,A543",2,,,,{81},,,,,,,,,,,,,,,,,,,,,,,,,{71},
EN300-51995333_37173,"A468,A543",2,,,,{74},,,,,,,,,,,,,,,,,,,,,,,,,{64},
EN300-51996346_40145,"A468,A543",2,,,,{66},,,,,,,,,,,,,,,,,,,,,,,,,{56},
EN300-6496864_15050,"A468,A543",2,,,,{73},,,,,,,,,,,,,,,,,,,,,,,,,{63},
EN300-321770_8618,"A468,A543",2,,,,{78},,,,,,,,,,,,,,,,,,,,,,,,,{68},
EN300-746239_13040,A543,1,,,,,,,,,,,,,,,,,,,,,,,,,,,,,{57},
EN300-28220849_36092,"A468,A543",2,,,,{75},,,,,,,,,,,,,,,,,,,,,,,,,{65},
EN300-3032461_20383,"A468,A543",2,,,,{78},,,,,,,,,,,,,,,,,,,,,,,,,{68},
EN300-115565_3390,"A468,A543",2,,,,{86},,,,,,,,,,,,,,,,,,,,,,,,,{76},
EN300-251624_21060,"A468,A543",2,,,,{72},,,,,,,,,,,,,,,,,,,,,,,,,{62},
EN300-26983324_20610,"A468,A543",2,,,,{73},,,,,,,,,,,,,,,,,,,,,,,,,{63},
EN300-1698694_11587,"A468,A543",2,,,,{68},,,,,,,,,,,,,,,,,,,,,,,,,{58},
EN300-52001106_37394,"A468,A543",2,,,,{66},,,,,,,,,,,,,,,,,,,,,,,,,{56},
EN300-86328_22021,"A468,A543",2,,,,{70},,,,,,,,,,,,,,,,,,,,,,,,,{60},
EN300-7537043_25745,"A468,A543",2,,,,{65},,,,,,,,,,,,,,,,,,,,,,,,,{55},
EN300-7493218_18442,"A468,A543",2,,,,{68},,,,,,,,,,,,,,,,,,,,,,,,,{58},
EN300-6823807_35371,"A468,A543",2,,,,{63},,,,,,,,,,,,,,,,,,,,,,,,,{53},
EN300-37469341_19770,"A468,A543",2,,,,{69},,,,,,,,,,,,,,,,,,,,,,,,,{59},
EN300-27081671_36322,"A468,A543",2,,,,{75},,,,,,,,,,,,,,,,,,,,,,,,,{65},
EN300-1699910_12001,"A468,A543",2,,,,{77},,,,,,,,,,,,,,,,,,,,,,,,,{67},
EN300-37375726_40499,"A468,A543",2,,,,{79},,,,,,,,,,,,,,,,,,,,,,,,,{69},
EN300-52963599_47287,"A468,A543",2,,,,{72},,,,,,,,,,,,,,,,,,,,,,,,,{62},
EN300-57777_4806,"A468,A543",2,,,,{69},,,,,,,,,,,,,,,,,,,,,,,,,{59},
EN300-53386900_47827,"A468,A543",2,,,,{69},,,,,,,,,,,,,,,,,,,,,,,,,{59},
EN300-62880_43816,"A468,A543",2,,,,{72},,,,,,,,,,,,,,,,,,,,,,,,,{62},
EN300-3106335_30015,"A468,A543",2,,,,{70},,,,,,,,,,,,,,,,,,,,,,,,,{60},
EN300-46297732_14982,"A468,A543",2,,,,{71},,,,,,,,,,,,,,,,,,,,,,,,,{61},
EN300-1611691_42565,"A468,A543",2,,,,{78},,,,,,,,,,,,,,,,,,,,,,,,,{68},
EN300-1717748_24134,"A468,A543",2,,,,{73},,,,,,,,,,,,,,,,,,,,,,,,,{63},
EN300-218717_39617,"A468,A543",2,,,,{62},,,,,,,,,,,,,,,,,,,,,,,,,{52},
EN300-60535_40093,"A468,A543",2,,,,{70},,,,,,,,,,,,,,,,,,,,,,,,,{60},
EN300-26862579_20443,"A468,A543",2,,,,{71},,,,,,,,,,,,,,,,,,,,,,,,,{61},
EN300-53702243_48163,A543,1,,,,,,,,,,,,,,,,,,,,,,,,,,,,,{65},
EN300-145391_6900,"A468,A543",2,,,,{73},,,,,,,,,,,,,,,,,,,,,,,,,{63},
EN300-134954_20147,"A468,A543",2,,,,{71},,,,,,,,,,,,,,,,,,,,,,,,,{61},
EN300-256191_28709,"A468,A543",2,,,,{80},,,,,,,,,,,,,,,,,,,,,,,,,{70},
EN300-75050_22128,"A468,A543",2,,,,{73},,,,,,,,,,,,,,,,,,,,,,,,,{63},
EN300-6505080_42625,"A468,A543",2,,,,{70},,,,,,,,,,,,,,,,,,,,,,,,,{60},
EN300-124393_3415,"A468,A543",2,,,,{73},,,,,,,,,,,,,,,,,,,,,,,,,{63},
EN300-3015905_17912,"A468,A543",2,,,,{73},,,,,,,,,,,,,,,,,,,,,,,,,{63},
EN300-7494533_13601,"A468,A543",2,,,,{73},,,,,,,,,,,,,,,,,,,,,,,,,{63},
EN300-224808_5880,"A468,A543",2,,,,{73},,,,,,,,,,,,,,,,,,,,,,,,,{63},
EN300-22169236_31768,"A468,A543",2,,,,{70},,,,,,,,,,,,,,,,,,,,,,,,,{60},
EN300-129826_39779,A543,1,,,,,,,,,,,,,,,,,,,,,,,,,,,,,{63},
EN300-6772912_25205,"A468,A543",2,,,,{67},,,,,,,,,,,,,,,,,,,,,,,,,{57},
EN300-28257134_27213,"A468,A543",2,,,,{74},,,,,,,,,,,,,,,,,,,,,,,,,{64},
EN300-7466440_17408,"A468,A543",2,,,,{76},,,,,,,,,,,,,,,,,,,,,,,,,{66},
EN300-76531_20272,"A468,A543",2,,,,{73},,,,,,,,,,,,,,,,,,,,,,,,,{63},
EN300-53449_9758,"A468,A543",2,,,,{73},,,,,,,,,,,,,,,,,,,,,,,,,{63},
EN300-261879_7470,"A468,A543",2,,,,{68},,,,,,,,,,,,,,,,,,,,,,,,,{58},
EN300-3106335_30014,"A468,A543",2,,,,{70},,,,,,,,,,,,,,,,,,,,,,,,,{60},
EN300-37380835_9603,"A468,A543",2,,,,{69},,,,,,,,,,,,,,,,,,,,,,,,,{59},
EN300-95228_7509,"A468,A543",2,,,,{71},,,,,,,,,,,,,,,,,,,,,,,,,{61},
EN300-28257134_27215,"A468,A543",2,,,,{74},,,,,,,,,,,,,,,,,,,,,,,,,{64},
EN300-51995445_35892,"A468,A543",2,,,,{66},,,,,,,,,,,,,,,,,,,,,,,,,{56},
EN300-1709915_11888,"A468,A543",2,,,,{76},,,,,,,,,,,,,,,,,,,,,,,,,{66},
EN300-6776616_13302,"A468,A543",2,,,,{74},,,,,,,,,,,,,,,,,,,,,,,,,{64},
EN300-22155794_35693,"A468,A543",2,,,,{71},,,,,,,,,,,,,,,,,,,,,,,,,{61},
EN300-210139_5189,"A468,A543",2,,,,{63},,,,,,,,,,,,,,,,,,,,,,,,,{53},
EN300-3020051_13937,"A468,A543",2,,,,{65},,,,,,,,,,,,,,,,,,,,,,,,,{1},
EN300-110540_23912,"A468,A543",2,,,,{71},,,,,,,,,,,,,,,,,,,,,,,,,{61},
EN300-7435698_25547,"A468,A543",2,,,,{79},,,,,,,,,,,,,,,,,,,,,,,,,{69},
EN300-27689_38328,"A468,A543",2,,,,{70},,,,,,,,,,,,,,,,,,,,,,,,,{60},
EN300-1692384_11594,"A468,A543",2,,,,{67},,,,,,,,,,,,,,,,,,,,,,,,,{57},
EN300-132477_40009,"A468,A543",2,,,,{68},,,,,,,,,,,,,,,,,,,,,,,,,{58},
EN300-37417807_12906,"A468,A543",2,,,,{65},,,,,,,,,,,,,,,,,,,,,,,,,{55},
EN300-27779356_38487,"A468,A543",2,,,,{73},,,,,,,,,,,,,,,,,,,,,,,,,{63},
EN300-245916_6743,A543,1,,,,,,,,,,,,,,,,,,,,,,,,,,,,,{68},
EN300-51996346_40144,A543,1,,,,,,,,,,,,,,,,,,,,,,,,,,,,,{56},
EN300-58793_25179,"A468,A543",2,,,,{70},,,,,,,,,,,,,,,,,,,,,,,,,{60},
EN300-322232_8926,"A468,A543",2,,,,{71},,,,,,,,,,,,,,,,,,,,,,,,,{61},
EN300-244377_16128,"A468,A543",2,,,,{68},,,,,,,,,,,,,,,,,,,,,,,,,{58},
EN300-45576814_32530,"A468,A543",2,,,,{67},,,,,,,,,,,,,,,,,,,,,,,,,{57},
EN300-238351_22403,"A468,A543",2,,,,{63},,,,,,,,,,,,,,,,,,,,,,,,,{53},
EN300-204328_20948,"A468,A543",2,,,,{73},,,,,,,,,,,,,,,,,,,,,,,,,{63},
EN300-340021_25594,"A468,A543",2,,,,{65},,,,,,,,,,,,,,,,,,,,,,,,,{55},
EN300-7438736_36397,A543,1,,,,,,,,,,,,,,,,,,,,,,,,,,,,,{62},
EN300-71364_28175,A543,1,,,,,,,,,,,,,,,,,,,,,,,,,,,,,{56},
EN300-1718970_25502,"A468,A543",2,,,,{83},,,,,,,,,,,,,,,,,,,,,,,,,{73},
EN300-53283821_47326,"A468,A543",2,,,,{72},,,,,,,,,,,,,,,,,,,,,,,,,{62},
EN300-1588918_20674,A543,1,,,,,,,,,,,,,,,,,,,,,,,,,,,,,{66},
EN300-366511_8873,"A468,A543",2,,,,{72},,,,,,,,,,,,,,,,,,,,,,,,,{62},
EN300-7460249_20430,A543,1,,,,,,,,,,,,,,,,,,,,,,,,,,,,,{63},
EN300-45604345_32225,"A468,A543",2,,,,{70},,,,,,,,,,,,,,,,,,,,,,,,,{60},
EN300-51666204_34558,A543,1,,,,,,,,,,,,,,,,,,,,,,,,,,,,,{61},
EN300-29228_6754,"A468,A543",2,,,,{63},,,,,,,,,,,,,,,,,,,,,,,,,{53},
EN300-26862443_39909,"A468,A543",2,,,,{60},,,,,,,,,,,,,,,,,,,,,,,,,{50},
EN300-55581_3074,"A468,A543",2,,,,{70},,,,,,,,,,,,,,,,,,,,,,,,,{60},
EN300-116327_3441,"A468,A543",2,,,,{75},,,,,,,,,,,,,,,,,,,,,,,,,{65},
EN300-53581664_48413,"A468,A543",2,,,,{71},,,,,,,,,,,,,,,,,,,,,,,,,{61},
EN300-215457_5335,A543,1,,,,,,,,,,,,,,,,,,,,,,,,,,,,,{70},
EN300-306547_25123,"A468,A543",2,,,,{67},,,,,,,,,,,,,,,,,,,,,,,,,{57},
EN300-27689_38331,"A468,A543",2,,,,{70},,,,,,,,,,,,,,,,,,,,,,,,,{60},
EN300-39913932_30685,"A468,A543",2,,,,{76},,,,,,,,,,,,,,,,,,,,,,,,,{66},
EN300-746138_11551,"A468,A543",2,,,,{71},,,,,,,,,,,,,,,,,,,,,,,,,{61},
EN300-3042384_15322,"A468,A543",2,,,,{74},,,,,,,,,,,,,,,,,,,,,,,,,{64},
EN300-89885_43732,"A468,A543",2,,,,{71},,,,,,,,,,,,,,,,,,,,,,,,,{7},
EN300-1074961_23611,"A468,A543",2,,,,{71},,,,,,,,,,,,,,,,,,,,,,,,,{61},
EN300-52472356_45273,"A468,A543",2,,,,{68},,,,,,,,,,,,,,,,,,,,,,,,,{58},
EN300-27151517_26201,"A468,A543",2,,,,{67},,,,,,,,,,,,,,,,,,,,,,,,,{57},
EN300-28316000_27550,A543,1,,,,,,,,,,,,,,,,,,,,,,,,,,,,,{56},
EN300-52473565_41859,"A468,A543",2,,,,{71},,,,,,,,,,,,,,,,,,,,,,,,,{61},
EN300-4357533_24447,"A468,A543",2,,,,{70},,,,,,,,,,,,,,,,,,,,,,,,,{60},
EN300-1601106_12979,"A468,A543",2,,,,{71},,,,,,,,,,,,,,,,,,,,,,,,,{61},
EN300-21603732_41806,"A468,A543",2,,,,{73},,,,,,,,,,,,,,,,,,,,,,,,,{63},
EN300-1853236_25662,"A468,A543",2,,,,{78},,,,,,,,,,,,,,,,,,,,,,,,,{68},
EN300-2010089_13873,"A468,A543",2,,,,{66},,,,,,,,,,,,,,,,,,,,,,,,,{56},
EN300-3151207_15510,"A468,A543",2,,,,{67},,,,,,,,,,,,,,,,,,,,,,,,,{57},
EN300-1038015_45973,"A468,A543",2,,,,{81},,,,,,,,,,,,,,,,,,,,,,,,,{71},
EN300-26624039_17849,"A468,A543",2,,,,{72},,,,,,,,,,,,,,,,,,,,,,,,,{62},
EN300-6766538_17680,A468,1,,,,{66},,,,,,,,,,,,,,,,,,,,,,,,,,
EN300-7254017_34161,"A468,A543",2,,,,{69},,,,,,,,,,,,,,,,,,,,,,,,,{59},
EN300-321461_28941,"A468,A543",2,,,,{62},,,,,,,,,,,,,,,,,,,,,,,,,{52},
EN300-72465_1331,"A468,A543",2,,,,{77},,,,,,,,,,,,,,,,,,,,,,,,,{67},
EN300-51995621_36844,"A468,A543",2,,,,{69},,,,,,,,,,,,,,,,,,,,,,,,,{59},
EN300-46241699_33731,"A468,A543",2,,,,{70},,,,,,,,,,,,,,,,,,,,,,,,,{60},
EN300-2008285_29670,"A468,A543",2,,,,{71},,,,,,,,,,,,,,,,,,,,,,,,,{61},
EN300-234213_21057,"A468,A543",2,,,,{78},,,,,,,,,,,,,,,,,,,,,,,,,{68},
EN300-1179905_39256,"A468,A543",2,,,,{66},,,,,,,,,,,,,,,,,,,,,,,,,{56},
EN300-1587537_11359,"A468,A543",2,,,,{67},,,,,,,,,,,,,,,,,,,,,,,,,{57},
EN300-45640214_32426,"A468,A543",2,,,,{84},,,,,,,,,,,,,,,,,,,,,,,,,{74},
EN300-52729832_41894,"A468,A543",2,,,,{67},,,,,,,,,,,,,,,,,,,,,,,,,{57},
EN300-28320605_39786,"A468,A543",2,,,,{68},,,,,,,,,,,,,,,,,,,,,,,,,{58},
EN300-108318_20317,"A468,A543",2,,,,{76},,,,,,,,,,,,,,,,,,,,,,,,,{66},
EN300-197814_21677,"A468,A543",2,,,,{63},,,,,,,,,,,,,,,,,,,,,,,,,{53},
EN300-28244002_39813,"A468,A543",2,,,,{66},,,,,,,,,,,,,,,,,,,,,,,,,{56},
EN300-237432_5786,"A468,A543",2,,,,{78},,,,,,,,,,,,,,,,,,,,,,,,,{68},
EN300-7854188_26179,"A468,A543",2,,,,{76},,,,,,,,,,,,,,,,,,,,,,,,,{66},
EN300-75021_11812,A543,1,,,,,,,,,,,,,,,,,,,,,,,,,,,,,{56},
EN300-2910529_38940,"A468,A543",2,,,,{75},,,,,,,,,,,,,,,,,,,,,,,,,{65},
EN300-71228_20535,"A468,A543",2,,,,{70},,,,,,,,,,,,,,,,,,,,,,,,,{60},
EN300-6776616_13299,"A468,A543",2,,,,{74},,,,,,,,,,,,,,,,,,,,,,,,,{64},
EN300-6976539_31946,"A468,A543",2,,,,{70},,,,,,,,,,,,,,,,,,,,,,,,,{60},
EN300-1706668_20573,"A468,A543",2,,,,{74},,,,,,,,,,,,,,,,,,,,,,,,,{64},
EN300-52580519_44293,"A468,A543",2,,,,{78},,,,,,,,,,,,,,,,,,,,,,,,,{68},
EN300-111976_9536,"A468,A543",2,,,,{71},,,,,,,,,,,,,,,,,,,,,,,,,{61},
EN300-37104410_10964,"A468,A543",2,,,,{73},,,,,,,,,,,,,,,,,,,,,,,,,{63},
EN300-51996373_37465,"A468,A543",2,,,,{69},,,,,,,,,,,,,,,,,,,,,,,,,{59},
EN300-53274058_47438,"A468,A543",2,,,,{71},,,,,,,,,,,,,,,,,,,,,,,,,{61},
EN300-129981_45932,"A468,A543",2,,,,{73},,,,,,,,,,,,,,,,,,,,,,,,,{63},
EN300-321868_9484,"A468,A543",2,,,,{68},,,,,,,,,,,,,,,,,,,,,,,,,{58},
EN300-6491209_38980,A543,1,,,,,,,,,,,,,,,,,,,,,,,,,,,,,{57},
EN300-7289432_40224,"A468,A543",2,,,,{69},,,,,,,,,,,,,,,,,,,,,,,,,{59},
EN300-25360008_42750,"A468,A543",2,,,,{66},,,,,,,,,,,,,,,,,,,,,,,,,{56},
EN300-90568_26737,"A468,A543",2,,,,{70},,,,,,,,,,,,,,,,,,,,,,,,,{60},
EN300-321797_8298,"A468,A543",2,,,,{77},,,,,,,,,,,,,,,,,,,,,,,,,{67},
EN300-46799759_33925,"A468,A543",2,,,,{69},,,,,,,,,,,,,,,,,,,,,,,,,{59},
EN300-191431_10014,A543,1,,,,,,,,,,,,,,,,,,,,,,,,,,,,,{55},
EN300-6776616_13303,"A468,A543",2,,,,{74},,,,,,,,,,,,,,,,,,,,,,,,,{64},
EN300-7492272_36662,"A468,A543",2,,,,{68},,,,,,,,,,,,,,,,,,,,,,,,,{58},
EN300-33268939_32848,"A468,A543",2,,,,{70},,,,,,,,,,,,,,,,,,,,,,,,,{60},
EN300-345999_39839,"A468,A543",2,,,,{73},,,,,,,,,,,,,,,,,,,,,,,,,{63},
EN300-22169236_31767,"A468,A543",2,,,,{70},,,,,,,,,,,,,,,,,,,,,,,,,{60},
EN300-152453_24795,"A468,A543",2,,,,{63},,,,,,,,,,,,,,,,,,,,,,,,,{53},
EN300-80135_29348,"A468,A543",2,,,,{76},,,,,,,,,,,,,,,,,,,,,,,,,{66},
EN300-1692608_18410,A543,1,,,,,,,,,,,,,,,,,,,,,,,,,,,,,{61},
EN300-28220849_36093,"A468,A543",2,,,,{75},,,,,,,,,,,,,,,,,,,,,,,,,{65},
EN300-28315963_27505,"A468,A543",2,,,,{74},,,,,,,,,,,,,,,,,,,,,,,,,{64},
EN300-7024441_30699,"A468,A543",2,,,,{73},,,,,,,,,,,,,,,,,,,,,,,,,{63},
EN300-718662_9435,"A468,A543",2,,,,{74},,,,,,,,,,,,,,,,,,,,,,,,,{64},
EN300-1718281_25487,"A468,A543",2,,,,{67},,,,,,,,,,,,,,,,,,,,,,,,,{57},
EN300-73489_14420,A543,1,,,,,,,,,,,,,,,,,,,,,,,,,,,,,{58},
EN300-6763061_15727,"A468,A543",2,,,,{68},,,,,,,,,,,,,,,,,,,,,,,,,{58},
EN300-36596283_14421,"A468,A543",2,,,,{74},,,,,,,,,,,,,,,,,,,,,,,,,{64},
EN300-1693661_31979,"A468,A543",2,,,,{67},,,,,,,,,,,,,,,,,,,,,,,,,{57},
EN300-6498303_23352,A543,1,,,,,,,,,,,,,,,,,,,,,,,,,,,,,{56},
EN300-124963_18508,A543,1,,,,,,,,,,,,,,,,,,,,,,,,,,,,,{64},
EN300-247235_6782,"A468,A543",2,,,,{74},,,,,,,,,,,,,,,,,,,,,,,,,{64},
EN300-365927_8702,"A468,A543",2,,,,{68},,,,,,,,,,,,,,,,,,,,,,,,,{58},
EN300-52137038_37764,"A468,A543",2,,,,{62},,,,,,,,,,,,,,,,,,,,,,,,,{52},
EN300-93864_6541,"A468,A543",2,,,,{67},,,,,,,,,,,,,,,,,,,,,,,,,{57},
EN300-46376264_32346,"A468,A543",2,,,,{66},,,,,,,,,,,,,,,,,,,,,,,,,{56},
EN300-51761761_35505,A543,1,,,,,,,,,,,,,,,,,,,,,,,,,,,,,{60},
EN300-52471102_43559,"A468,A543",2,,,,{74},,,,,,,,,,,,,,,,,,,,,,,,,{64},
EN300-75050_22129,"A468,A543",2,,,,{73},,,,,,,,,,,,,,,,,,,,,,,,,{63},
EN300-321627_23163,"A468,A543",2,,,,{66},,,,,,,,,,,,,,,,,,,,,,,,,{56},
EN300-28220899_36155,"A468,A543",2,,,,{72},,,,,,,,,,,,,,,,,,,,,,,,,{62},
EN300-41796_17610,"A468,A543",2,,,,{67},,,,,,,,,,,,,,,,,,,,,,,,,{57},
EN300-23016456_41272,"A468,A543",2,,,,{70},,,,,,,,,,,,,,,,,,,,,,,,,{60},
EN300-46981635_18880,"A468,A543",2,,,,{70},,,,,,,,,,,,,,,,,,,,,,,,,{60},
EN300-1215501_31068,A543,1,,,,,,,,,,,,,,,,,,,,,,,,,,,,,{66},
EN300-814032_29399,"A468,A543",2,,,,{67},,,,,,,,,,,,,,,,,,,,,,,,,{57},
EN300-46897021_43106,"A468,A543",2,,,,{76},,,,,,,,,,,,,,,,,,,,,,,,,{66},
EN300-99631_17123,"A468,A543",2,,,,{66},,,,,,,,,,,,,,,,,,,,,,,,,{56},
EN300-257009_19270,"A468,A543",2,,,,{66},,,,,,,,,,,,,,,,,,,,,,,,,{56},
EN300-28244002_39812,"A468,A543",2,,,,{66},,,,,,,,,,,,,,,,,,,,,,,,,{56},
EN300-7427725_16969,"A468,A543",2,,,,{76},,,,,,,,,,,,,,,,,,,,,,,,,{66},
EN300-7355835_42592,"A468,A543",2,,,,{64},,,,,,,,,,,,,,,,,,,,,,,,,{54},
EN300-37459197_19431,"A468,A543",2,,,,{70},,,,,,,,,,,,,,,,,,,,,,,,,{60},
EN300-302171_7769,"A468,A543",2,,,,{73},,,,,,,,,,,,,,,,,,,,,,,,,{63},
EN300-21680635_20191,"A468,A543",2,,,,{66},,,,,,,,,,,,,,,,,,,,,,,,,{56},
EN300-77538_1619,A543,1,,,,,,,,,,,,,,,,,,,,,,,,,,,,,{66},
EN300-7444068_47254,A543,1,,,,,,,,,,,,,,,,,,,,,,,,,,,,,{57},
EN300-7494533_13598,"A468,A543",2,,,,{73},,,,,,,,,,,,,,,,,,,,,,,,,{63},
EN300-8781447_47354,"A468,A543",2,,,,{70},,,,,,,,,,,,,,,,,,,,,,,,,{60},
EN300-238018_5650,"A468,A543",2,,,,{67},,,,,,,,,,,,,,,,,,,,,,,,,{57},
EN300-51995817_36251,"A468,A543",2,,,,{71},,,,,,,,,,,,,,,,,,,,,,,,,{61},
EN300-27081671_36318,"A468,A543",2,,,,{75},,,,,,,,,,,,,,,,,,,,,,,,,{65},
EN300-6740322_15596,"A468,A543",2,,,,{65},,,,,,,,,,,,,,,,,,,,,,,,,{55},
EN300-1601106_12977,"A468,A543",2,,,,{71},,,,,,,,,,,,,,,,,,,,,,,,,{61},
EN300-51995811_37372,"A468,A543",2,,,,{73},,,,,,,,,,,,,,,,,,,,,,,,,{63},
EN300-1179905_39258,"A468,A543",2,,,,{66},,,,,,,,,,,,,,,,,,,,,,,,,{56},
EN300-7460249_20437,A543,1,,,,,,,,,,,,,,,,,,,,,,,,,,,,,{63},
EN300-45604330_32222,"A468,A543",2,,,,{70},,,,,,,,,,,,,,,,,,,,,,,,,{60},
EN300-2960190_30881,"A468,A543",2,,,,{69},,,,,,,,,,,,,,,,,,,,,,,,,{59},
EN300-47038184_34219,"A468,A543",2,,,,{72},,,,,,,,,,,,,,,,,,,,,,,,,{62},
EN300-115414_3062,A543,1,,,,,,,,,,,,,,,,,,,,,,,,,,,,,{65},
EN300-7431807_17188,"A468,A543",2,,,,{70},,,,,,,,,,,,,,,,,,,,,,,,,{60},
EN300-53702221_48146,"A468,A543",2,,,,{69},,,,,,,,,,,,,,,,,,,,,,,,,{59},
EN300-1448678_33506,"A468,A543",2,,,,{69},,,,,,,,,,,,,,,,,,,,,,,,,{59},
EN300-239707_24024,"A468,A543",2,,,,{85},,,,,,,,,,,,,,,,,,,,,,,,,{75},
EN300-26865015_38175,"A468,A543",2,,,,{79},,,,,,,,,,,,,,,,,,,,,,,,,{69},
EN300-115414_3061,A543,1,,,,,,,,,,,,,,,,,,,,,,,,,,,,,{65},
EN300-46816446_33949,"A468,A543",2,,,,{68},,,,,,,,,,,,,,,,,,,,,,,,,{58},
EN300-52471974_44529,"A468,A543",2,,,,{84},,,,,,,,,,,,,,,,,,,,,,,,,{74},
EN300-216918_24874,"A468,A543",2,,,,{75},,,,,,,,,,,,,,,,,,,,,,,,,{65},
EN300-45232453_32019,"A468,A543",2,,,,{70},,,,,,,,,,,,,,,,,,,,,,,,,{60},
EN300-28253098_27413,"A468,A543",2,,,,{70},,,,,,,,,,,,,,,,,,,,,,,,,{60},
EN300-54588_39183,"A468,A543",2,,,,{63},,,,,,,,,,,,,,,,,,,,,,,,,{53},
EN300-71125_1368,"A468,A543",2,,,,{63},,,,,,,,,,,,,,,,,,,,,,,,,{53},
EN300-52818213_46335,A543,1,,,,,,,,,,,,,,,,,,,,,,,,,,,,,{62},
EN300-71127_1369,"A468,A543",2,,,,{69},,,,,,,,,,,,,,,,,,,,,,,,,{59},
EN300-7425772_42587,"A468,A543",2,,,,{71},,,,,,,,,,,,,,,,,,,,,,,,,{61},
EN300-1604659_26261,A543,1,,,,,,,,,,,,,,,,,,,,,,,,,,,,,{58},
EN300-46668794_33479,"A468,A543",2,,,,{70},,,,,,,,,,,,,,,,,,,,,,,,,{60},
EN300-8209898_36604,"A468,A543",2,,,,{71},,,,,,,,,,,,,,,,,,,,,,,,,{61},
EN300-26980937_8499,"A468,A543",2,,,,{67},,,,,,,,,,,,,,,,,,,,,,,,,{57},
EN300-731645_17164,"A468,A543",2,,,,{74},,,,,,,,,,,,,,,,,,,,,,,,,{64},
EN300-37418413_13024,"A468,A543",2,,,,{74},,,,,,,,,,,,,,,,,,,,,,,,,{64},
EN300-1704120_15368,"A468,A543",2,,,,{89},,,,,,,,,,,,,,,,,,,,,,,,,{79},
EN300-1450235_40673,"A468,A543",2,,,,{68},,,,,,,,,,,,,,,,,,,,,,,,,{58},
EN300-1704405_20543,"A468,A543",2,,,,{70},,,,,,,,,,,,,,,,,,,,,,,,,{60},
EN300-45575327_32810,"A468,A543",2,,,,{74},,,,,,,,,,,,,,,,,,,,,,,,,{64},
EN300-132477_40010,"A468,A543",2,,,,{68},,,,,,,,,,,,,,,,,,,,,,,,,{58},
EN300-216892_28356,A543,1,,,,,,,,,,,,,,,,,,,,,,,,,,,,,{59},
EN300-59761_28303,"A468,A543",2,,,,{74},,,,,,,,,,,,,,,,,,,,,,,,,{64},
EN300-206871_17211,"A468,A543",2,,,,{74},,,,,,,,,,,,,,,,,,,,,,,,,{64},
EN300-37361065_29974,"A468,A543",2,,,,{77},,,,,,,,,,,,,,,,,,,,,,,,,{67},
EN300-2009831_40428,"A468,A543",2,,,,{68},,,,,,,,,,,,,,,,,,,,,,,,,{58},
EN300-295879_20806,"A468,A543",2,,,,{69},,,,,,,,,,,,,,,,,,,,,,,,,{59},
EN300-7424922_16058,"A468,A543",2,,,,{70},,,,,,,,,,,,,,,,,,,,,,,,,{60},
EN300-46232009_47869,"A468,A543",2,,,,{69},,,,,,,,,,,,,,,,,,,,,,,,,{59},
EN300-28220877_36443,"A468,A543",2,,,,{69},,,,,,,,,,,,,,,,,,,,,,,,,{59},
EN300-306558_8263,"A468,A543",2,,,,{63},,,,,,,,,,,,,,,,,,,,,,,,,{53},
EN300-396733_23998,"A468,A543",2,,,,{75},,,,,,,,,,,,,,,,,,,,,,,,,{65},
EN300-6503668_31452,"A468,A543",2,,,,{72},,,,,,,,,,,,,,,,,,,,,,,,,{62},
EN300-46799994_33766,"A468,A543",2,,,,{77},,,,,,,,,,,,,,,,,,,,,,,,,{67},
EN300-1694296_35628,"A468,A543",2,,,,{75},,,,,,,,,,,,,,,,,,,,,,,,,{65},
EN300-19427472_45293,"A468,A543",2,,,,{69},,,,,,,,,,,,,,,,,,,,,,,,,{59},
EN300-51996064_37182,"A468,A543",2,,,,{69},,,,,,,,,,,,,,,,,,,,,,,,,{59},
EN300-52471974_44526,"A468,A543",2,,,,{84},,,,,,,,,,,,,,,,,,,,,,,,,{74},
EN300-266600_21136,"A468,A543",2,,,,{68},,,,,,,,,,,,,,,,,,,,,,,,,{58},
EN300-7412791_40856,"A468,A543",2,,,,{77},,,,,,,,,,,,,,,,,,,,,,,,,{67},
EN300-141224_12282,"A468,A543",2,,,,{63},,,,,,,,,,,,,,,,,,,,,,,,,{53},
EN300-7049205_36220,"A468,A543",2,,,,{70},,,,,,,,,,,,,,,,,,,,,,,,,{60},
EN300-46160643_33086,"A468,A543",2,,,,{73},,,,,,,,,,,,,,,,,,,,,,,,,{63},
EN300-7438587_17119,"A468,A543",2,,,,{77},,,,,,,,,,,,,,,,,,,,,,,,,{67},
EN300-235116_28739,"A468,A543",2,,,,{74},,,,,,,,,,,,,,,,,,,,,,,,,{64},
EN300-365927_8703,"A468,A543",2,,,,{68},,,,,,,,,,,,,,,,,,,,,,,,,{58},
EN300-23245678_18792,A543,1,,,,,,,,,,,,,,,,,,,,,,,,,,,,,{52},
EN300-89885_43734,"A468,A543",2,,,,{71},,,,,,,,,,,,,,,,,,,,,,,,,{7},
EN300-2993667_14375,"A468,A543",2,,,,{74},,,,,,,,,,,,,,,,,,,,,,,,,{64},
EN300-33268939_32850,"A468,A543",2,,,,{70},,,,,,,,,,,,,,,,,,,,,,,,,{60},
EN300-7141559_47941,A543,1,,,,,,,,,,,,,,,,,,,,,,,,,,,,,{58},
EN300-298656_8398,"A468,A543",2,,,,{74},,,,,,,,,,,,,,,,,,,,,,,,,{64},
EN300-1692559_20368,"A468,A543",2,,,,{71},,,,,,,,,,,,,,,,,,,,,,,,,{61},
EN300-202631_21579,"A468,A543",2,,,,{78},,,,,,,,,,,,,,,,,,,,,,,,,{68},
EN300-219275_36934,"A468,A543",2,,,,{69},,,,,,,,,,,,,,,,,,,,,,,,,{59},
EN300-6962195_25923,"A468,A543",2,,,,{66},,,,,,,,,,,,,,,,,,,,,,,,,{56},
EN300-371890_8863,"A468,A543",2,,,,{68},,,,,,,,,,,,,,,,,,,,,,,,,{58},
EN300-130125_17201,"A468,A543",2,,,,{79},,,,,,,,,,,,,,,,,,,,,,,,,{69},
EN300-37394489_19283,"A468,A543",2,,,,{71},,,,,,,,,,,,,,,,,,,,,,,,,{61},
EN300-23003743_31243,"A468,A543",2,,,,{66},,,,,,,,,,,,,,,,,,,,,,,,,{56},
EN300-80135_29354,"A468,A543",2,,,,{76},,,,,,,,,,,,,,,,,,,,,,,,,{66},
EN300-18797373_14057,"A468,A543",2,,,,{82},,,,,,,,,,,,,,,,,,,,,,,,,{72},
EN300-1266229_25234,"A468,A543",2,,,,{63},,,,,,,,,,,,,,,,,,,,,,,,,{53},
EN300-46897130_33803,"A468,A543",2,,,,{71},,,,,,,,,,,,,,,,,,,,,,,,,{61},
EN300-184451_22718,"A468,A543",2,,,,{71},,,,,,,,,,,,,,,,,,,,,,,,,{61},
EN300-747210_9678,"A468,A543",2,,,,{70},,,,,,,,,,,,,,,,,,,,,,,,,{60},
EN300-392692_23057,"A468,A543",2,,,,{67},,,,,,,,,,,,,,,,,,,,,,,,,{57},
EN300-51996064_37183,"A468,A543",2,,,,{69},,,,,,,,,,,,,,,,,,,,,,,,,{59},
EN300-142447_17616,A543,1,,,,,,,,,,,,,,,,,,,,,,,,,,,,,{69},
EN300-748753_9651,"A468,A543",2,,,,{70},,,,,,,,,,,,,,,,,,,,,,,,,{60},
EN300-1608729_20365,"A468,A543",2,,,,{66},,,,,,,,,,,,,,,,,,,,,,,,,{56},
EN300-22992056_48635,"A468,A543",2,,,,{76},,,,,,,,,,,,,,,,,,,,,,,,,{66},
EN300-242589_21292,"A468,A543",2,,,,{67},,,,,,,,,,,,,,,,,,,,,,,,,{57},
EN300-37417674_12883,A543,1,,,,,,,,,,,,,,,,,,,,,,,,,,,,,{56},
EN300-6487141_38843,"A468,A543",2,,,,{83},,,,,,,,,,,,,,,,,,,,,,,,,{73},
EN300-329200_14109,"A468,A543",2,,,,{84},,,,,,,,,,,,,,,,,,,,,,,,,{74},
EN300-113369_22341,A543,1,,,,,,,,,,,,,,,,,,,,,,,,,,,,,{57},
EN300-2008285_29673,A543,1,,,,,,,,,,,,,,,,,,,,,,,,,,,,,{61},
EN300-1696254_33617,"A468,A543",2,,,,{78},,,,,,,,,,,,,,,,,,,,,,,,,{68},
EN300-875250_40435,"A468,A543",2,,,,{65},,,,,,,,,,,,,,,,,,,,,,,,,{55},
EN300-53118760_47100,"A468,A543",2,,,,{76},,,,,,,,,,,,,,,,,,,,,,,,,{66},
EN300-26620179_37061,A543,1,,,,,,,,,,,,,,,,,,,,,,,,,,,,,{55},
EN300-1719363_12143,"A468,A543",2,,,,{71},,,,,,,,,,,,,,,,,,,,,,,,,{61},
EN300-51995732_36991,"A468,A543",2,,,,{70},,,,,,,,,,,,,,,,,,,,,,,,,{60},
EN300-220454_5462,"A468,A543",2,,,,{69},,,,,,,,,,,,,,,,,,,,,,,,,{59},
EN300-299565_23444,"A468,A543",2,,,,{75},,,,,,,,,,,,,,,,,,,,,,,,,{65},
EN300-297515_7968,A543,1,,,,,,,,,,,,,,,,,,,,,,,,,,,,,{60},
EN300-34231_6806,"A468,A543",2,,,,{69},,,,,,,,,,,,,,,,,,,,,,,,,{59},
EN300-127496_39355,"A468,A543",2,,,,{63},,,,,,,,,,,,,,,,,,,,,,,,,{53},
EN300-78197_3310,"A468,A543",2,,,,{70},,,,,,,,,,,,,,,,,,,,,,,,,{60},
EN300-6805367_17354,"A468,A543",2,,,,{74},,,,,,,,,,,,,,,,,,,,,,,,,{64},
EN300-7854188_26176,"A468,A543",2,,,,{76},,,,,,,,,,,,,,,,,,,,,,,,,{66},
EN300-3106335_30013,"A468,A543",2,,,,{70},,,,,,,,,,,,,,,,,,,,,,,,,{60},
EN300-27143513_18537,"A468,A543",2,,,,{72},,,,,,,,,,,,,,,,,,,,,,,,,{62},
EN300-124909_3341,"A468,A543",2,,,,{72},,,,,,,,,,,,,,,,,,,,,,,,,{62},
EN300-45274150_32007,"A468,A543",2,,,,{75},,,,,,,,,,,,,,,,,,,,,,,,,{65},
EN300-37393979_39463,"A468,A543",2,,,,{72},,,,,,,,,,,,,,,,,,,,,,,,,{62},
EN300-51995925_36895,"A468,A543",2,,,,{71},,,,,,,,,,,,,,,,,,,,,,,,,{61},
EN300-94146_20759,"A468,A543",2,,,,{76},,,,,,,,,,,,,,,,,,,,,,,,,{66},
EN300-701238_9240,"A468,A543",2,,,,{75},,,,,,,,,,,,,,,,,,,,,,,,,{65},
EN300-1608240_10419,A543,1,,,,,,,,,,,,,,,,,,,,,,,,,,,,,{59},
EN300-6496594_36715,A543,1,,,,,,,,,,,,,,,,,,,,,,,,,,,,,{59},
EN300-76531_20266,"A468,A543",2,,,,{73},,,,,,,,,,,,,,,,,,,,,,,,,{63},
EN300-2009829_13847,A543,1,,,,,,,,,,,,,,,,,,,,,,,,,,,,,{61},
EN300-46885566_45842,"A468,A543",2,,,,{67},,,,,,,,,,,,,,,,,,,,,,,,,{57},
EN300-21821_22249,"A468,A543",2,,,,{78},,,,,,,,,,,,,,,,,,,,,,,,,{68},
EN300-28257030_36353,"A468,A543",2,,,,{72},,,,,,,,,,,,,,,,,,,,,,,,,{62},
EN300-59995_11097,"A468,A543",2,,,,{67},,,,,,,,,,,,,,,,,,,,,,,,,{57},
EN300-307075_29332,"A468,A543",2,,,,{76},,,,,,,,,,,,,,,,,,,,,,,,,{66},
EN300-86328_22022,A543,1,,,,,,,,,,,,,,,,,,,,,,,,,,,,,{60},
EN300-2771881_23238,A543,1,,,,,,,,,,,,,,,,,,,,,,,,,,,,,{65},
EN300-21648549_36798,"A468,A543",2,,,,{73},,,,,,,,,,,,,,,,,,,,,,,,,{62},
EN300-345989_38900,"A468,A543",2,,,,{72},,,,,,,,,,,,,,,,,,,,,,,,,{62},
EN300-53600_20833,"A468,A543",2,,,,{68},,,,,,,,,,,,,,,,,,,,,,,,,{58},
EN300-2952545_14446,"A468,A543",2,,,,{68},,,,,,,,,,,,,,,,,,,,,,,,,{58},
EN300-1706668_20574,"A468,A543",2,,,,{74},,,,,,,,,,,,,,,,,,,,,,,,,{64},
EN300-37356939_30547,"A468,A543",2,,,,{79},,,,,,,,,,,,,,,,,,,,,,,,,{69},
EN300-7024441_30701,"A468,A543",2,,,,{73},,,,,,,,,,,,,,,,,,,,,,,,,{63},
EN300-8322043_32678,"A468,A543",2,,,,{70},,,,,,,,,,,,,,,,,,,,,,,,,{60},
EN300-44822593_31934,"A468,A543",2,,,,{70},,,,,,,,,,,,,,,,,,,,,,,,,{60},
EN300-393301_23069,"A468,A543",2,,,,{68},,,,,,,,,,,,,,,,,,,,,,,,,{58},
EN300-365196_8742,A543,1,,,,,,,,,,,,,,,,,,,,,,,,,,,,,{58},
EN300-1448678_33507,"A468,A543",2,,,,{69},,,,,,,,,,,,,,,,,,,,,,,,,{59},
EN300-33049754_27810,"A468,A543",2,,,,{66},,,,,,,,,,,,,,,,,,,,,,,,,{56},
EN300-266600_21134,"A468,A543",2,,,,{68},,,,,,,,,,,,,,,,,,,,,,,,,{58},
EN300-51996433_44285,"A468,A543",2,,,,{65},,,,,,,,,,,,,,,,,,,,,,,,,{55},
EN300-52727101_46015,"A468,A543",2,,,,{79},,,,,,,,,,,,,,,,,,,,,,,,,{69},
EN300-45749608_32399,"A468,A543",2,,,,{70},,,,,,,,,,,,,,,,,,,,,,,,,{60},
EN300-51995332_37171,"A468,A543",2,,,,{70},,,,,,,,,,,,,,,,,,,,,,,,,{60},
EN300-51996495_36945,"A468,A543",2,,,,{67},,,,,,,,,,,,,,,,,,,,,,,,,{57},
EN300-704132_14418,"A468,A543",2,,,,{69},,,,,,,,,,,,,,,,,,,,,,,,,{59},
EN300-123456_10921,"A468,A543",2,,,,{70},,,,,,,,,,,,,,,,,,,,,,,,,{60},
EN300-46767619_33414,A543,1,,,,,,,,,,,,,,,,,,,,,,,,,,,,,{57},
EN300-296144_20805,"A468,A543",2,,,,{64},,,,,,,,,,,,,,,,,,,,,,,,,{54},
EN300-37385139_9896,"A468,A543",2,,,,{71},,,,,,,,,,,,,,,,,,,,,,,,,{61},
EN300-52012713_41890,"A468,A543",2,,,,{88},,,,,,,,,,,,,,,,,,,,,,,,,{78},
EN300-27126331_18528,"A468,A543",2,,,,{73},,,,,,,,,,,,,,,,,,,,,,,,,{63},
EN300-21648550_36281,"A468,A543",2,,,,{73},,,,,,,,,,,,,,,,,,,,,,,,,{62},
EN300-296144_20804,"A468,A543",2,,,,{64},,,,,,,,,,,,,,,,,,,,,,,,,{54},
EN300-1229136_13013,A543,1,,,,,,,,,,,,,,,,,,,,,,,,,,,,,{61},
EN300-51015_19570,"A468,A543",2,,,,{73},,,,,,,,,,,,,,,,,,,,,,,,,{63},
EN300-371695_21116,"A468,A543",2,,,,{65},,,,,,,,,,,,,,,,,,,,,,,,,{55},
EN300-45485655_32636,A543,1,,,,,,,,,,,,,,,,,,,,,,,,,,,,,{60},
EN300-704132_14416,"A468,A543",2,,,,{69},,,,,,,,,,,,,,,,,,,,,,,,,{59},
EN300-154058_28492,"A468,A543",2,,,,{80},,,,,,,,,,,,,,,,,,,,,,,,,{70},
EN300-52852118_46151,"A468,A543",2,,,,{76},,,,,,,,,,,,,,,,,,,,,,,,,{66},
EN300-52302964_38104,"A468,A543",2,,,,{73},,,,,,,,,,,,,,,,,,,,,,,,,{63},
EN300-28336766_27757,"A468,A543",2,,,,{67},,,,,,,,,,,,,,,,,,,,,,,,,{57},
EN300-52768277_46392,"A468,A543",2,,,,{66},,,,,,,,,,,,,,,,,,,,,,,,,{56},
EN300-188002_4746,A543,1,,,,,,,,,,,,,,,,,,,,,,,,,,,,,{54},
EN300-45485650_32820,"A468,A543",2,,,,{70},,,,,,,,,,,,,,,,,,,,,,,,,{60},
EN300-297234_8041,"A468,A543",2,,,,{82},,,,,,,,,,,,,,,,,,,,,,,,,{72},
EN300-6503668_31453,A543,1,,,,,,,,,,,,,,,,,,,,,,,,,,,,,{62},
EN300-43356220_31782,"A468,A543",2,,,,{70},,,,,,,,,,,,,,,,,,,,,,,,,{60},
EN300-23017305_18791,"A468,A543",2,,,,{67},,,,,,,,,,,,,,,,,,,,,,,,,{57},
EN300-43393753_40510,"A468,A543",2,,,,{73},,,,,,,,,,,,,,,,,,,,,,,,,{63},
EN300-2009831_40427,A543,1,,,,,,,,,,,,,,,,,,,,,,,,,,,,,{58},
EN300-79568_42291,"A468,A543",2,,,,{64},,,,,,,,,,,,,,,,,,,,,,,,,{54},
EN300-7439020_38821,"A468,A543",2,,,,{73},,,,,,,,,,,,,,,,,,,,,,,,,{63},
EN300-3035767_18376,"A468,A543",2,,,,{71},,,,,,,,,,,,,,,,,,,,,,,,,{1},
EN300-1693661_31978,A543,1,,,,,,,,,,,,,,,,,,,,,,,,,,,,,{57},
EN300-46577126_33370,A543,1,,,,,,,,,,,,,,,,,,,,,,,,,,,,,{64},
EN300-85059_31338,"A468,A543",2,,,,{69},,,,,,,,,,,,,,,,,,,,,,,,,{59},
EN300-2009506_14595,"A468,A543",2,,,,{70},,,,,,,,,,,,,,,,,,,,,,,,,{60},
EN300-1692597_11598,A543,1,,,,,,,,,,,,,,,,,,,,,,,,,,,,,{61},
EN300-211213_23823,A543,1,,,,,,,,,,,,,,,,,,,,,,,,,,,,,{69},
EN300-22367013_19481,"A468,A543",2,,,,{62},,,,,,,,,,,,,,,,,,,,,,,,,{52},
EN300-7141559_47943,"A468,A543",2,,,,{68},,,,,,,,,,,,,,,,,,,,,,,,,{58},
EN300-90568_26736,"A468,A543",2,,,,{70},,,,,,,,,,,,,,,,,,,,,,,,,{60},
EN300-98880_22190,"A468,A543",2,,,,{66},,,,,,,,,,,,,,,,,,,,,,,,,{56},
EN300-52373348_38069,A543,1,,,,,,,,,,,,,,,,,,,,,,,,,,,,,{58},
EN300-53279607_47166,"A468,A543",2,,,,{64},,,,,,,,,,,,,,,,,,,,,,,,,{54},
EN300-3106335_30012,"A468,A543",2,,,,{70},,,,,,,,,,,,,,,,,,,,,,,,,{60},
EN300-264880_7489,"A468,A543",2,,,,{78},,,,,,,,,,,,,,,,,,,,,,,,,{68},
EN300-367388_29358,"A468,A543",2,,,,{71},,,,,,,,,,,,,,,,,,,,,,,,,{61},
EN300-26990551_23297,A543,1,,,,,,,,,,,,,,,,,,,,,,,,,,,,,{61},
EN300-111715_29940,"A468,A543",2,,,,{68},,,,,,,,,,,,,,,,,,,,,,,,,{58},
EN300-21648550_36282,"A468,A543",2,,,,{73},,,,,,,,,,,,,,,,,,,,,,,,,{62},
EN300-12715785_32902,"A468,A543",2,,,,{82},,,,,,,,,,,,,,,,,,,,,,,,,{72},
EN300-95228_7511,"A468,A543",2,,,,{71},,,,,,,,,,,,,,,,,,,,,,,,,{61},
EN300-1272044_10218,"A468,A543",2,,,,{69},,,,,,,,,,,,,,,,,,,,,,,,,{59},
EN300-113471_3052,"A468,A543",2,,,,{77},,,,,,,,,,,,,,,,,,,,,,,,,{67},
EN300-33049768_27995,"A468,A543",2,,,,{67},,,,,,,,,,,,,,,,,,,,,,,,,{57},
EN300-6482499_29455,"A468,A543",2,,,,{67},,,,,,,,,,,,,,,,,,,,,,,,,{57},
EN300-46610456_33362,A543,1,,,,,,,,,,,,,,,,,,,,,,,,,,,,,{61},
EN300-1117949_9800,"A468,A543",2,,,,{70},,,,,,,,,,,,,,,,,,,,,,,,,{60},
EN300-22110_16540,A543,1,,,,,,,,,,,,,,,,,,,,,,,,,,,,,{1},
EN300-28220887_36095,A543,1,,,,,,,,,,,,,,,,,,,,,,,,,,,,,{58},
EN300-52134340_43313,"A468,A543",2,,,,{67},,,,,,,,,,,,,,,,,,,,,,,,,{57},
EN300-240422_39137,A543,1,,,,,,,,,,,,,,,,,,,,,,,,,,,,,{60},
EN300-27754137_26468,"A468,A543",2,,,,{69},,,,,,,,,,,,,,,,,,,,,,,,,{59},
EN300-51975879_35774,"A468,A543",2,,,,{68},,,,,,,,,,,,,,,,,,,,,,,,,{58},
EN300-23730_31502,A543,1,,,,,,,,,,,,,,,,,,,,,,,,,,,,,{68},
EN300-134954_20148,"A468,A543",2,,,,{71},,,,,,,,,,,,,,,,,,,,,,,,,{61},
EN300-52778785_46283,A543,1,,,,,,,,,,,,,,,,,,,,,,,,,,,,,{63},
EN300-1273343_10230,"A468,A543",2,,,,{71},,,,,,,,,,,,,,,,,,,,,,,,,{61},
EN300-331776_13560,"A468,A543",2,,,,{76},,,,,,,,,,,,,,,,,,,,,,,,,{66},
EN300-52373348_38068,"A468,A543",2,,,,{68},,,,,,,,,,,,,,,,,,,,,,,,,{58},
EN300-26983731_42630,"A468,A543",2,,,,{86},,,,,,,,,,,,,,,,,,,,,,,,,{76},
EN300-94146_20762,"A468,A543",2,,,,{76},,,,,,,,,,,,,,,,,,,,,,,,,{66},
EN300-26620818_18878,"A468,A543",2,,,,{74},,,,,,,,,,,,,,,,,,,,,,,,,{64},
EN300-52473614_44884,A543,1,,,,,,,,,,,,,,,,,,,,,,,,,,,,,{66},
EN300-90359_6479,"A468,A543",2,,,,{93},,,,,,,,,,,,,,,,,,,,,,,,,{83},
EN300-179997_18910,A543,1,,,,,,,,,,,,,,,,,,,,,,,,,,,,,{54},
EN300-8231023_33816,A543,1,,,,,,,,,,,,,,,,,,,,,,,,,,,,,{60},
EN300-3012347_25711,"A468,A543",2,,,,{67},,,,,,,,,,,,,,,,,,,,,,,,,{57},
EN300-343677_31653,A543,1,,,,,,,,,,,,,,,,,,,,,,,,,,,,,{61},
EN300-325714_13064,A543,1,,,,,,,,,,,,,,,,,,,,,,,,,,,,,{73},
EN300-259914_7488,"A468,A543",2,,,,{70},,,,,,,,,,,,,,,,,,,,,,,,,{60},
EN300-51995827_35759,"A468,A543",2,,,,{68},,,,,,,,,,,,,,,,,,,,,,,,,{58},
EN300-07384_39450,A543,1,,,,,,,,,,,,,,,,,,,,,,,,,,,,,{61},
EN300-7025497_13678,"A468,A543",2,,,,{69},,,,,,,,,,,,,,,,,,,,,,,,,{59},
EN300-82638_1928,A543,1,,,,,,,,,,,,,,,,,,,,,,,,,,,,,{56},
EN300-195794_11784,"A468,A543",2,,,,{75},,,,,,,,,,,,,,,,,,,,,,,,,{65},
EN300-138505_14515,"A468,A543",2,,,,{65},,,,,,,,,,,,,,,,,,,,,,,,,{55},
EN300-51995407_36182,"A468,A543",2,,,,{71},,,,,,,,,,,,,,,,,,,,,,,,,{61},
EN300-235213_28842,A543,1,,,,,,,,,,,,,,,,,,,,,,,,,,,,,{56},
EN300-52012750_37127,"A468,A543",2,,,,{73},,,,,,,,,,,,,,,,,,,,,,,,,{63},
EN300-253038_42795,A543,1,,,,,,,,,,,,,,,,,,,,,,,,,,,,,{61},
EN300-94150_46088,A543,1,,,,,,,,,,,,,,,,,,,,,,,,,,,,,{69},
EN300-1699142_12621,"A468,A543",2,,,,{71},,,,,,,,,,,,,,,,,,,,,,,,,{61},
EN300-37416369_12890,A543,1,,,,,,,,,,,,,,,,,,,,,,,,,,,,,{58},
EN300-28221568_12988,A543,1,,,,,,,,,,,,,,,,,,,,,,,,,,,,,{69},
EN300-54067870_48596,"A468,A543",2,,,,{69},,,,,,,,,,,,,,,,,,,,,,,,,{59},
EN300-51995791_37292,"A468,A543",2,,,,{69},,,,,,,,,,,,,,,,,,,,,,,,,{59},
EN300-6738622_23530,"A468,A543",2,,,,{70},,,,,,,,,,,,,,,,,,,,,,,,,{60},
EN300-1692597_11599,A543,1,,,,,,,,,,,,,,,,,,,,,,,,,,,,,{61},
EN300-108366_2498,A543,1,,,,,,,,,,,,,,,,,,,,,,,,,,,,,{64},
EN300-317507_13954,"A468,A543",2,,,,{79},,,,,,,,,,,,,,,,,,,,,,,,,{69},
EN300-26974812_18420,A543,1,,,,,,,,,,,,,,,,,,,,,,,,,,,,,{64},
EN300-47568241_43384,A543,1,,,,,,,,,,,,,,,,,,,,,,,,,,,,,{60},
EN300-7544674_20068,"A468,A543",2,,,,{69},,,,,,,,,,,,,,,,,,,,,,,,,{58},
EN300-705908_18022,"A468,A543",2,,,,{77},,,,,,,,,,,,,,,,,,,,,,,,,{67},
EN300-71128_10590,"A468,A543",2,,,,{72},,,,,,,,,,,,,,,,,,,,,,,,,{62},
EN300-5068345_43258,"A468,A543",2,,,,{78},,,,,,,,,,,,,,,,,,,,,,,,,{68},
EN300-2970763_15045,"A468,A543",2,,,,{65},,,,,,,,,,,,,,,,,,,,,,,,,{55},
EN300-7536737_13953,"A468,A543",2,,,,{63},,,,,,,,,,,,,,,,,,,,,,,,,{53},
EN300-878045_15236,"A468,A543",2,,,,{69},,,,,,,,,,,,,,,,,,,,,,,,,{59},
EN300-385232_28931,"A468,A543",2,,,,{73},,,,,,,,,,,,,,,,,,,,,,,,,{63},
EN300-12527208_10429,"A468,A543",2,,,,{71},,,,,,,,,,,,,,,,,,,,,,,,,{61},
EN300-747001_20182,"A468,A543",2,,,,{71},,,,,,,,,,,,,,,,,,,,,,,,,{61},
EN300-200843_33454,"A468,A543",2,,,,{69},,,,,,,,,,,,,,,,,,,,,,,,,{59},
EN300-366511_8875,A543,1,,,,,,,,,,,,,,,,,,,,,,,,,,,,,{62},
EN300-51657983_34364,"A468,A543",2,,,,{73},,,,,,,,,,,,,,,,,,,,,,,,,{63},
EN300-45376781_32084,"A468,A543",2,,,,{76},,,,,,,,,,,,,,,,,,,,,,,,,{66},
EN300-51688054_45952,"A468,A543",2,,,,{93},,,,,,,,,,,,,,,,,,,,,,,,,{83},
EN300-176020_20024,"A468,A543",2,,,,{68},,,,,,,,,,,,,,,,,,,,,,,,,{58},
EN300-245875_20628,"A468,A543",2,,,,{65},,,,,,,,,,,,,,,,,,,,,,,,,{55},
EN300-1721839_12108,A543,1,,,,,,,,,,,,,,,,,,,,,,,,,,,,,{54},
EN300-27113673_24703,A543,1,,,,,,,,,,,,,,,,,,,,,,,,,,,,,{63},
EN300-51995445_35891,"A468,A543",2,,,,{66},,,,,,,,,,,,,,,,,,,,,,,,,{56},
EN300-152583_3931,"A468,A543",2,,,,{73},,,,,,,,,,,,,,,,,,,,,,,,,{63},
EN300-46894997_10321,"A468,A543",2,,,,{70},,,,,,,,,,,,,,,,,,,,,,,,,{60},
EN300-321338_8355,"A468,A543",2,,,,{71},,,,,,,,,,,,,,,,,,,,,,,,,{61},
EN300-21680785_11306,"A468,A543",2,,,,{71},,,,,,,,,,,,,,,,,,,,,,,,,{61},
EN300-37323941_40618,A543,1,,,,,,,,,,,,,,,,,,,,,,,,,,,,,{58},
EN300-27151589_25600,A543,1,,,,,,,,,,,,,,,,,,,,,,,,,,,,,{56},
EN300-31108_424,"A468,A543",2,,,,{70},,,,,,,,,,,,,,,,,,,,,,,,,{60},
EN300-1067062_19266,"A468,A543",2,,,,{68},,,,,,,,,,,,,,,,,,,,,,,,,{58},
EN300-1703380_11925,A543,1,,,,,,,,,,,,,,,,,,,,,,,,,,,,,{71},
EN300-174670_24837,"A468,A543",2,,,,{69},,,,,,,,,,,,,,,,,,,,,,,,,{59},
EN300-718662_9429,"A468,A543",2,,,,{74},,,,,,,,,,,,,,,,,,,,,,,,,{64},
EN300-110103_20786,"A468,A543",2,,,,{76},,,,,,,,,,,,,,,,,,,,,,,,,{66},
EN300-25398605_27973,"A468,A543",2,,,,{71},,,,,,,,,,,,,,,,,,,,,,,,,{61},
EN300-746296_14659,"A468,A543",2,,,,{75},,,,,,,,,,,,,,,,,,,,,,,,,{65},
EN300-8142026_25148,"A468,A543",2,,,,{73},,,,,,,,,,,,,,,,,,,,,,,,,{63},
EN300-51747_34045,"A468,A543",2,,,,{76},,,,,,,,,,,,,,,,,,,,,,,,,{66},
EN300-374358_38306,"A468,A543",2,,,,{67},,,,,,,,,,,,,,,,,,,,,,,,,{57},
EN300-1081929_20204,"A468,A543",2,,,,{70},,,,,,,,,,,,,,,,,,,,,,,,,{60},
EN300-27193360_31702,"A468,A543",2,,,,{75},,,,,,,,,,,,,,,,,,,,,,,,,{65},
EN300-27738591_27007,"A468,A543",2,,,,{64},,,,,,,,,,,,,,,,,,,,,,,,,{54},
EN300-305169_42466,A543,1,,,,,,,,,,,,,,,,,,,,,,,,,,,,,{69},
EN300-128483_38086,A543,1,,,,,,,,,,,,,,,,,,,,,,,,,,,,,{68},
EN300-304307_19949,"A468,A543",2,,,,{68},,,,,,,,,,,,,,,,,,,,,,,,,{58},
EN300-1709902_11887,"A468,A543",2,,,,{76},,,,,,,,,,,,,,,,,,,,,,,,,{66},
EN300-1477102_10168,"A468,A543",2,,,,{79},,,,,,,,,,,,,,,,,,,,,,,,,{69},
EN300-75046_3202,"A468,A543",2,,,,{72},,,,,,,,,,,,,,,,,,,,,,,,,{62},
EN300-51996384_36126,A543,1,,,,,,,,,,,,,,,,,,,,,,,,,,,,,{65},
EN300-43458_608,"A468,A543",2,,,,{71},,,,,,,,,,,,,,,,,,,,,,,,,{61},
EN300-43970_6756,A543,1,,,,,,,,,,,,,,,,,,,,,,,,,,,,,{72},
EN300-46557807_33280,"A468,A543",2,,,,{71},,,,,,,,,,,,,,,,,,,,,,,,,{61},
EN300-345999_39836,"A468,A543",2,,,,{73},,,,,,,,,,,,,,,,,,,,,,,,,{63},
EN300-36204_669,"A468,A543",2,,,,{70},,,,,,,,,,,,,,,,,,,,,,,,,{60},
EN300-1692559_20366,"A468,A543",2,,,,{71},,,,,,,,,,,,,,,,,,,,,,,,,{61},
EN300-6736484_15456,A543,1,,,,,,,,,,,,,,,,,,,,,,,,,,,,,{61},
EN300-21215_169,"A468,A543",2,,,,{73},,,,,,,,,,,,,,,,,,,,,,,,,{63},
EN300-1703327_29527,"A468,A543",2,,,,{68},,,,,,,,,,,,,,,,,,,,,,,,,{58},
EN300-50235_23561,"A468,A543",2,,,,{75},,,,,,,,,,,,,,,,,,,,,,,,,{65},
EN300-34869_39850,"A468,A543",2,,,,{77},,,,,,,,,,,,,,,,,,,,,,,,,{67},
EN300-27717522_25950,"A468,A543",2,,,,{72},,,,,,,,,,,,,,,,,,,,,,,,,{62},
EN300-80135_29349,"A468,A543",2,,,,{76},,,,,,,,,,,,,,,,,,,,,,,,,{66},
EN300-27146274_26518,"A468,A543",2,,,,{73},,,,,,,,,,,,,,,,,,,,,,,,,{63},
EN300-243139_5895,"A468,A543",2,,,,{78},,,,,,,,,,,,,,,,,,,,,,,,,{68},
EN300-46816220_44343,A543,1,,,,,,,,,,,,,,,,,,,,,,,,,,,,,{62},
EN300-232310_5775,"A468,A543",2,,,,{78},,,,,,,,,,,,,,,,,,,,,,,,,{68},
EN300-310942_28736,"A468,A543",2,,,,{78},,,,,,,,,,,,,,,,,,,,,,,,,{68},
EN300-252113_21109,A543,1,,,,,,,,,,,,,,,,,,,,,,,,,,,,,{61},
EN300-706055_9364,"A468,A543",2,,,,{64},,,,,,,,,,,,,,,,,,,,,,,,,{54},
EN300-52484106_41371,A543,1,,,,,,,,,,,,,,,,,,,,,,,,,,,,,{64},
EN300-26679079_14500,"A468,A543",2,,,,{69},,,,,,,,,,,,,,,,,,,,,,,,,{59},
EN300-27152590_24995,"A468,A543",2,,,,{70},,,,,,,,,,,,,,,,,,,,,,,,,{60},
EN300-6475223_36701,"A468,A543",2,,,,{69},,,,,,,,,,,,,,,,,,,,,,,,,{59},
EN300-366757_8902,"A468,A543",2,,,,{70},,,,,,,,,,,,,,,,,,,,,,,,,{60},
EN300-7395380_27615,A543,1,,,,,,,,,,,,,,,,,,,,,,,,,,,,,{57},
EN300-7856093_34866,"A468,A543",2,,,,{68},,,,,,,,,,,,,,,,,,,,,,,,,"{58, 5}",
EN300-321868_9485,A543,1,,,,,,,,,,,,,,,,,,,,,,,,,,,,,{58},
EN300-52473491_44612,"A468,A543",2,,,,{73},,,,,,,,,,,,,,,,,,,,,,,,,{63},
EN300-78030_11233,"A468,A543",2,,,,{73},,,,,,,,,,,,,,,,,,,,,,,,,{63},
EN300-39671310_25909,A543,1,,,,,,,,,,,,,,,,,,,,,,,,,,,,,{61},
EN300-46903319_34718,"A468,A543",2,,,,{107},,,,,,,,,,,,,,,,,,,,,,,,,{97},
EN300-264303_15295,"A468,A543",2,,,,{69},,,,,,,,,,,,,,,,,,,,,,,,,{59},
EN300-27102376_35942,A543,1,,,,,,,,,,,,,,,,,,,,,,,,,,,,,{59},
EN300-30412_376,"A468,A543",2,,,,{84},,,,,,,,,,,,,,,,,,,,,,,,,{74},
EN300-316189_12675,"A468,A543",2,,,,{68},,,,,,,,,,,,,,,,,,,,,,,,,{58},
EN300-399265_23243,"A468,A543",2,,,,{77},,,,,,,,,,,,,,,,,,,,,,,,,{67},
EN300-7493198_13506,"A468,A543",2,,,,{73},,,,,,,,,,,,,,,,,,,,,,,,,{63},
EN300-3157469_30926,"A468,A543",2,,,,{70},,,,,,,,,,,,,,,,,,,,,,,,,{60},
EN300-52473565_41858,"A468,A543",2,,,,{71},,,,,,,,,,,,,,,,,,,,,,,,,{61},
EN300-1695746_11414,"A468,A543",2,,,,{74},,,,,,,,,,,,,,,,,,,,,,,,,{64},
EN300-6492278_14738,"A468,A543",2,,,,{74},,,,,,,,,,,,,,,,,,,,,,,,,{64},
EN300-1472431_10558,A543,1,,,,,,,,,,,,,,,,,,,,,,,,,,,,,{63},
EN300-333274_23334,A543,1,,,,,,,,,,,,,,,,,,,,,,,,,,,,,{58},
EN300-7423296_43165,"A468,A543",2,,,,{93},,,,,,,,,,,,,,,,,,,,,,,,,{83},
EN300-7141559_47942,"A468,A543",2,,,,{68},,,,,,,,,,,,,,,,,,,,,,,,,{58},
EN300-3157469_30927,"A468,A543",2,,,,{70},,,,,,,,,,,,,,,,,,,,,,,,,{60},
EN300-739846_27961,"A468,A543",2,,,,{68},,,,,,,,,,,,,,,,,,,,,,,,,{58},
EN300-1709318_12004,"A468,A543",2,,,,{86},,,,,,,,,,,,,,,,,,,,,,,,,{76},
EN300-46667897_33582,"A468,A543",2,,,,{76},,,,,,,,,,,,,,,,,,,,,,,,,{66},
EN300-12613673_46029,"A468,A543",2,,,,{66},,,,,,,,,,,,,,,,,,,,,,,,,{56},
EN300-59412_933,"A468,A543",2,,,,{77},,,,,,,,,,,,,,,,,,,,,,,,,{67},
EN300-133060_21967,"A468,A543",2,,,,{64},,,,,,,,,,,,,,,,,,,,,,,,,{54},
EN300-47252623_19050,"A468,A543",2,,,,{66},,,,,,,,,,,,,,,,,,,,,,,,,{56},
EN300-21682565_32667,"A468,A543",2,,,,{66},,,,,,,,,,,,,,,,,,,,,,,,,{56},
EN300-45479011_32712,"A468,A543",2,,,,{71},,,,,,,,,,,,,,,,,,,,,,,,,{61},
EN300-718374_19650,"A468,A543",2,,,,{70},,,,,,,,,,,,,,,,,,,,,,,,,{60},
EN300-2688116_23074,"A468,A543",2,,,,{76},,,,,,,,,,,,,,,,,,,,,,,,,{66},
EN300-366825_8885,A543,1,,,,,,,,,,,,,,,,,,,,,,,,,,,,,{60},
EN300-27747079_26820,"A468,A543",2,,,,{86},,,,,,,,,,,,,,,,,,,,,,,,,{76},
EN300-26981234_12687,"A468,A543",2,,,,{80},,,,,,,,,,,,,,,,,,,,,,,,,{70},
EN300-7417255_38246,"A468,A543",2,,,,{75},,,,,,,,,,,,,,,,,,,,,,,,,{65},
EN300-345989_38903,"A468,A543",2,,,,{72},,,,,,,,,,,,,,,,,,,,,,,,,{62},
EN300-26572928_17278,"A468,A543",2,,,,{78},,,,,,,,,,,,,,,,,,,,,,,,,{68},
EN300-239598_38721,"A468,A543",2,,,,{78},,,,,,,,,,,,,,,,,,,,,,,,,{68},
EN300-7506889_23002,"A468,A543",2,,,,{64},,,,,,,,,,,,,,,,,,,,,,,,,{54},
EN300-7461705_16314,"A468,A543",2,,,,{79},,,,,,,,,,,,,,,,,,,,,,,,,{69},
EN300-21648550_36276,"A468,A543",2,,,,{73},,,,,,,,,,,,,,,,,,,,,,,,,{62},
EN300-6491935_14689,"A468,A543",2,,,,{75},,,,,,,,,,,,,,,,,,,,,,,,,{65},
EN300-39922287_30744,"A468,A543",2,,,,{70},,,,,,,,,,,,,,,,,,,,,,,,,{60},
EN300-702548_9246,"A468,A543",2,,,,{67},,,,,,,,,,,,,,,,,,,,,,,,,{57},
EN300-28305153_29158,"A468,A543",2,,,,{67},,,,,,,,,,,,,,,,,,,,,,,,,{57},
EN300-142470_16658,"A468,A543",2,,,,{67},,,,,,,,,,,,,,,,,,,,,,,,,{57},
EN300-1075670_38801,"A468,A543",2,,,,{74},,,,,,,,,,,,,,,,,,,,,,,,,{64},
EN300-1700495_11696,"A468,A543",2,,,,{84},,,,,,,,,,,,,,,,,,,,,,,,,{74},
EN300-249075_7457,"A468,A543",2,,,,{69},,,,,,,,,,,,,,,,,,,,,,,,,{59},
EN300-28320605_39783,A543,1,,,,,,,,,,,,,,,,,,,,,,,,,,,,,{58},
EN300-84637_19768,"A468,A543",2,,,,{73},,,,,,,,,,,,,,,,,,,,,,,,,{63},
EN300-58793_25176,"A468,A543",2,,,,{70},,,,,,,,,,,,,,,,,,,,,,,,,{60},
EN300-399587_24887,A468,1,,,,{66},,,,,,,,,,,,,,,,,,,,,,,,,,
EN300-20598014_47615,"A468,A543",2,,,,{117},,,,,,,,,,,,,,,,,,,,,,,,,{107},
EN300-101428_2109,"A468,A543",2,,,,{70},,,,,,,,,,,,,,,,,,,,,,,,,{60},
EN300-266119_7564,"A468,A543",2,,,,{65},,,,,,,,,,,,,,,,,,,,,,,,,{55},
EN300-51891240_35903,"A468,A543",2,,,,{67},,,,,,,,,,,,,,,,,,,,,,,,,{57},
EN300-339288_8525,"A468,A543",2,,,,{76},,,,,,,,,,,,,,,,,,,,,,,,,{66},
EN300-1704047_11938,"A468,A543",2,,,,{65},,,,,,,,,,,,,,,,,,,,,,,,,{55},
EN300-70921_6588,"A468,A543",2,,,,{77},,,,,,,,,,,,,,,,,,,,,,,,,{67},
EN300-95228_7516,"A468,A543",2,,,,{71},,,,,,,,,,,,,,,,,,,,,,,,,{61},
EN300-2010089_13874,A543,1,,,,,,,,,,,,,,,,,,,,,,,,,,,,,{56},
EN300-6494017_42642,"A468,A543",2,,,,{69},,,,,,,,,,,,,,,,,,,,,,,,,{59},
EN300-1666341_13296,"A468,A543",2,,,,{66},,,,,,,,,,,,,,,,,,,,,,,,,{1},
EN300-46981635_18879,"A468,A543",2,,,,{70},,,,,,,,,,,,,,,,,,,,,,,,,{60},
EN300-6740726_29654,"A468,A543",2,,,,{68},,,,,,,,,,,,,,,,,,,,,,,,,{58},
EN300-45217047_32573,"A468,A543",2,,,,{70},,,,,,,,,,,,,,,,,,,,,,,,,{60},
EN300-6475223_36700,"A468,A543",2,,,,{69},,,,,,,,,,,,,,,,,,,,,,,,,{59},
EN300-26621536_26507,"A468,A543",2,,,,{76},,,,,,,,,,,,,,,,,,,,,,,,,{66},
EN300-6478762_14753,"A468,A543",2,,,,{69},,,,,,,,,,,,,,,,,,,,,,,,,{59},
EN300-651521_29428,"A468,A543",2,,,,{81},,,,,,,,,,,,,,,,,,,,,,,,,{71},
EN300-1692608_18412,A543,1,,,,,,,,,,,,,,,,,,,,,,,,,,,,,{61},
EN300-45635897_32997,"A468,A543",2,,,,{82},,,,,,,,,,,,,,,,,,,,,,,,,{72},
EN300-157509_6328,"A468,A543",2,,,,{76},,,,,,,,,,,,,,,,,,,,,,,,,{66},
EN300-259831_9203,"A468,A543",2,,,,{73},,,,,,,,,,,,,,,,,,,,,,,,,{63},
EN300-6740349_34999,"A468,A543",2,,,,{68},,,,,,,,,,,,,,,,,,,,,,,,,{58},
EN300-1663297_11541,"A468,A543",2,,,,{66},,,,,,,,,,,,,,,,,,,,,,,,,{56},
EN300-51833529_35440,"A468,A543",2,,,,{75},,,,,,,,,,,,,,,,,,,,,,,,,{65},
EN300-301810_23114,"A468,A543",2,,,,{84},,,,,,,,,,,,,,,,,,,,,,,,,{74},
EN300-209354_20214,"A468,A543",2,,,,{64},,,,,,,,,,,,,,,,,,,,,,,,,{54},
EN300-58793_25178,"A468,A543",2,,,,{70},,,,,,,,,,,,,,,,,,,,,,,,,{60},
EN300-33306765_48585,"A468,A543",2,,,,{77},,,,,,,,,,,,,,,,,,,,,,,,,{67},
EN300-267690_7435,"A468,A543",2,,,,{68},,,,,,,,,,,,,,,,,,,,,,,,,{58},
EN300-804985_20869,"A468,A543",2,,,,{68},,,,,,,,,,,,,,,,,,,,,,,,,{58},
EN300-229417_5811,"A468,A543",2,,,,{68},,,,,,,,,,,,,,,,,,,,,,,,,{1},
EN300-27636_236,"A468,A543",2,,,,{70},,,,,,,,,,,,,,,,,,,,,,,,,{60},
EN300-61238_10773,"A468,A543",2,,,,{76},,,,,,,,,,,,,,,,,,,,,,,,,{66},
EN300-45412060_32536,"A468,A543",2,,,,{67},,,,,,,,,,,,,,,,,,,,,,,,,{57},
EN300-98779_2189,"A468,A543",2,,,,{64},,,,,,,,,,,,,,,,,,,,,,,,,{54},
EN300-1168257_10236,"A468,A543",2,,,,{78},,,,,,,,,,,,,,,,,,,,,,,,,{68},
EN300-31662_545,"A468,A543",2,,,,{69},,,,,,,,,,,,,,,,,,,,,,,,,{59},
EN300-263651_7453,"A468,A543",2,,,,{76},,,,,,,,,,,,,,,,,,,,,,,,,{66},
EN300-100243_21702,"A468,A543",2,,,,{69},,,,,,,,,,,,,,,,,,,,,,,,,{59},
EN300-43357114_31083,"A468,A543",2,,,,{69},,,,,,,,,,,,,,,,,,,,,,,,,{59},
EN300-46067502_33107,A543,1,,,,,,,,,,,,,,,,,,,,,,,,,,,,,{60},
EN300-7430730_19522,"A468,A543",2,,,,{70},,,,,,,,,,,,,,,,,,,,,,,,,{60},
EN300-345637_8648,"A468,A543",2,,,,{64},,,,,,,,,,,,,,,,,,,,,,,,,{54},
EN300-726367_24055,A543,1,,,,,,,,,,,,,,,,,,,,,,,,,,,,,{71},
EN300-5281742_46660,"A468,A543",2,,,,{74},,,,,,,,,,,,,,,,,,,,,,,,,{64},
EN300-7408727_27301,"A468,A543",2,,,,{65},,,,,,,,,,,,,,,,,,,,,,,,,{55},
EN300-71685_42987,"A468,A543",2,,,,{71},,,,,,,,,,,,,,,,,,,,,,,,,{61},
EN300-7433806_38516,A543,1,,,,,,,,,,,,,,,,,,,,,,,,,,,,,{76},
EN300-30200_21771,"A468,A543",2,,,,{77},,,,,,,,,,,,,,,,,,,,,,,,,{67},
EN300-7356070_18298,"A468,A543",2,,,,{75},,,,,,,,,,,,,,,,,,,,,,,,,{65},
EN300-54166230_48806,"A468,A543",2,,,,{65},,,,,,,,,,,,,,,,,,,,,,,,,"{13, 55}",
EN300-37476740_25618,"A468,A543",2,,,,{71},,,,,,,,,,,,,,,,,,,,,,,,,{61},
EN300-27081671_36321,A543,1,,,,,,,,,,,,,,,,,,,,,,,,,,,,,{65},
EN300-89809_1896,"A468,A543",2,,,,{65},,,,,,,,,,,,,,,,,,,,,,,,,{55},
EN300-126700_3505,"A468,A543",2,,,,{72},,,,,,,,,,,,,,,,,,,,,,,,,{62},
EN300-6237346_15667,"A468,A543",2,,,,{72},,,,,,,,,,,,,,,,,,,,,,,,,{62},
EN300-7505639_31976,"A468,A543",2,,,,{70},,,,,,,,,,,,,,,,,,,,,,,,,{60},
EN300-64271_24770,"A468,A543",2,,,,{79},,,,,,,,,,,,,,,,,,,,,,,,,{69},
EN300-305260_39480,"A468,A543",2,,,,{68},,,,,,,,,,,,,,,,,,,,,,,,,{58},
EN300-26976553_14558,A543,1,,,,,,,,,,,,,,,,,,,,,,,,,,,,,{61},
EN300-37160592_14574,"A468,A543",2,,,,{70},,,,,,,,,,,,,,,,,,,,,,,,,{60},
EN300-255992_7323,A543,1,,,,,,,,,,,,,,,,,,,,,,,,,,,,,{59},
EN300-6474532_13925,"A468,A543",2,,,,{73},,,,,,,,,,,,,,,,,,,,,,,,,{63},
EN300-26974812_18422,"A468,A543",2,,,,{74},,,,,,,,,,,,,,,,,,,,,,,,,{64},
EN300-246006_42042,A543,1,,,,,,,,,,,,,,,,,,,,,,,,,,,,,{60},
EN300-154115_28466,"A468,A543",2,,,,{73},,,,,,,,,,,,,,,,,,,,,,,,,{63},
EN300-7542000_14331,A543,1,,,,,,,,,,,,,,,,,,,,,,,,,,,,,{64},
EN300-726538_19222,"A468,A543",2,,,,{67},,,,,,,,,,,,,,,,,,,,,,,,,{57},
EN300-6775769_47593,"A468,A543",2,,,,{65},,,,,,,,,,,,,,,,,,,,,,,,,{55},
EN300-52430026_40946,"A468,A543",2,,,,{72},,,,,,,,,,,,,,,,,,,,,,,,,{62},
EN300-28257030_36355,"A468,A543",2,,,,{72},,,,,,,,,,,,,,,,,,,,,,,,,{62},
EN300-7535323_29823,"A468,A543",2,,,,{71},,,,,,,,,,,,,,,,,,,,,,,,,{61},
EN300-75050_22126,A543,1,,,,,,,,,,,,,,,,,,,,,,,,,,,,,{63},
EN300-51995695_36230,A543,1,,,,,,,,,,,,,,,,,,,,,,,,,,,,,{61},
EN300-8209898_36599,"A468,A543",2,,,,{71},,,,,,,,,,,,,,,,,,,,,,,,,{61},
EN300-110343_2465,"A468,A543",2,,,,{71},,,,,,,,,,,,,,,,,,,,,,,,,{61},
EN300-52219285_37643,"A468,A543",2,,,,{69},,,,,,,,,,,,,,,,,,,,,,,,,{59},
EN300-52053202_37361,"A468,A543",2,,,,{77},,,,,,,,,,,,,,,,,,,,,,,,,{67},
EN300-704184_36412,"A468,A543",2,,,,{69},,,,,,,,,,,,,,,,,,,,,,,,,{59},
EN300-27717776_31651,"A468,A543",2,,,,{70},,,,,,,,,,,,,,,,,,,,,,,,,{60},
EN300-7024441_30700,"A468,A543",2,,,,{73},,,,,,,,,,,,,,,,,,,,,,,,,{63},
EN300-247235_6781,"A468,A543",2,,,,{74},,,,,,,,,,,,,,,,,,,,,,,,,{64},
EN300-749102_16095,"A468,A543",2,,,,{85},,,,,,,,,,,,,,,,,,,,,,,,,{75},
EN300-4301112_15826,"A468,A543",2,,,,{67},,,,,,,,,,,,,,,,,,,,,,,,,{57},
EN300-65221_1193,"A468,A543",2,,,,{78},,,,,,,,,,,,,,,,,,,,,,,,,{68},
EN300-45557046_32742,"A468,A543",2,,,,{67},,,,,,,,,,,,,,,,,,,,,,,,,{57},
EN300-331543_8547,A543,1,,,,,,,,,,,,,,,,,,,,,,,,,,,,,{61},
EN300-7361205_13427,"A468,A543",2,,,,{68},,,,,,,,,,,,,,,,,,,,,,,,,{58},
EN300-113369_22339,A543,1,,,,,,,,,,,,,,,,,,,,,,,,,,,,,{57},
EN300-249653_8813,"A468,A543",2,,,,{72},,,,,,,,,,,,,,,,,,,,,,,,,{62},
EN300-7442368_41059,"A468,A543",2,,,,{77},,,,,,,,,,,,,,,,,,,,,,,,,{67},
EN300-367292_9212,A543,1,,,,,,,,,,,,,,,,,,,,,,,,,,,,,{66},
EN300-332661_19720,A543,1,,,,,,,,,,,,,,,,,,,,,,,,,,,,,{61},
EN300-6489701_14866,"A468,A543",2,,,,{72},,,,,,,,,,,,,,,,,,,,,,,,,{62},
EN300-26975478_18775,"A468,A543",2,,,,{76},,,,,,,,,,,,,,,,,,,,,,,,,{66},
EN300-26862579_20444,"A468,A543",2,,,,{71},,,,,,,,,,,,,,,,,,,,,,,,,{61},
EN300-69918_40713,"A468,A543",2,,,,{82},,,,,,,,,,,,,,,,,,,,,,,,,{72},
EN300-31789_22506,"A468,A543",2,,,,{72},,,,,,,,,,,,,,,,,,,,,,,,,{62},
EN300-21648550_36277,"A468,A543",2,,,,{73},,,,,,,,,,,,,,,,,,,,,,,,,{62},
EN300-53771639_48540,"A468,A543",2,,,,{67},,,,,,,,,,,,,,,,,,,,,,,,,{57},
EN300-46916876_35119,A543,1,,,,,,,,,,,,,,,,,,,,,,,,,,,,,{64},
EN300-37299856_44426,"A468,A543",2,,,,{66},,,,,,,,,,,,,,,,,,,,,,,,,{56},
EN300-7434840_15919,"A468,A543",2,,,,{69},,,,,,,,,,,,,,,,,,,,,,,,,{59},
EN300-384725_8952,"A468,A543",2,,,,{72},,,,,,,,,,,,,,,,,,,,,,,,,{62},
EN300-180582_28235,"A468,A543",2,,,,{71},,,,,,,,,,,,,,,,,,,,,,,,,{61},
EN300-345473_17130,A543,1,,,,,,,,,,,,,,,,,,,,,,,,,,,,,{62},
EN300-1697835_29885,"A468,A543",2,,,,{66},,,,,,,,,,,,,,,,,,,,,,,,,{56},
EN300-25072223_25651,"A468,A543",2,,,,{71},,,,,,,,,,,,,,,,,,,,,,,,,{61},
EN300-2982887_11643,"A468,A543",2,,,,{64},,,,,,,,,,,,,,,,,,,,,,,,,{54},
EN300-747001_20179,"A468,A543",2,,,,{71},,,,,,,,,,,,,,,,,,,,,,,,,{61},
EN300-2967181_12594,"A468,A543",2,,,,{64},,,,,,,,,,,,,,,,,,,,,,,,,{54},
EN300-170904_19749,"A468,A543",2,,,,{68},,,,,,,,,,,,,,,,,,,,,,,,,{58},
EN300-7397679_27669,"A468,A543",2,,,,{65},,,,,,,,,,,,,,,,,,,,,,,,,{55},
EN300-33329605_31878,"A468,A543",2,,,,{71},,,,,,,,,,,,,,,,,,,,,,,,,{61},
EN300-115176_3405,"A468,A543",2,,,,{78},,,,,,,,,,,,,,,,,,,,,,,,,{68},
EN300-53290150_47108,"A468,A543",2,,,,{74},,,,,,,,,,,,,,,,,,,,,,,,,{64},
EN300-46241717_15123,A543,1,,,,,,,,,,,,,,,,,,,,,,,,,,,,,{58},
EN300-52053202_37359,"A468,A543",2,,,,{77},,,,,,,,,,,,,,,,,,,,,,,,,{67},
EN300-6496433_18542,"A468,A543",2,,,,{66},,,,,,,,,,,,,,,,,,,,,,,,,{56},
EN300-41860_752,"A468,A543",2,,,,{76},,,,,,,,,,,,,,,,,,,,,,,,,{66},
EN300-60362_1212,"A468,A543",2,,,,{82},,,,,,,,,,,,,,,,,,,,,,,,,{72},
EN300-6729614_43228,"A468,A543",2,,,,{68},,,,,,,,,,,,,,,,,,,,,,,,,{58},
EN300-1215501_31067,"A468,A543",2,,,,{76},,,,,,,,,,,,,,,,,,,,,,,,,{66},
EN300-46644000_33623,A543,1,,,,,,,,,,,,,,,,,,,,,,,,,,,,,{64},
EN300-28266055_27178,"A468,A543",2,,,,{64},,,,,,,,,,,,,,,,,,,,,,,,,{54},
EN300-1723904_12536,"A468,A543",2,,,,{81},,,,,,,,,,,,,,,,,,,,,,,,,{71},
EN300-53017479_46885,"A468,A543",2,,,,{68},,,,,,,,,,,,,,,,,,,,,,,,,{58},
EN300-51761259_40730,"A468,A543",2,,,,{60},,,,,,,,,,,,,,,,,,,,,,,,,{50},
EN300-6498210_15273,"A468,A486,A543",3,,,,{77},,,,,,{17},,,,,,,,,,,,,,,,,,,{67},
EN300-6473942_37043,A543,1,,,,,,,,,,,,,,,,,,,,,,,,,,,,,{65},
EN300-6839799_19281,"A468,A543",2,,,,{66},,,,,,,,,,,,,,,,,,,,,,,,,{56},
EN300-51834620_44443,"A468,A543",2,,,,{65},,,,,,,,,,,,,,,,,,,,,,,,,{55},
EN300-21215_166,"A468,A543",2,,,,{73},,,,,,,,,,,,,,,,,,,,,,,,,{63},
EN300-28220839_37039,"A468,A543",2,,,,{78},,,,,,,,,,,,,,,,,,,,,,,,,{68},
EN300-2008285_29672,"A468,A543",2,,,,{71},,,,,,,,,,,,,,,,,,,,,,,,,{61},
EN300-82527_31778,"A468,A543",2,,,,{70},,,,,,,,,,,,,,,,,,,,,,,,,{60},
EN300-268532_29029,"A468,A543",2,,,,{77},,,,,,,,,,,,,,,,,,,,,,,,,{67},
EN300-52472021_45564,A543,1,,,,,,,,,,,,,,,,,,,,,,,,,,,,,{11},
EN300-206873_21775,"A468,A543",2,,,,{73},,,,,,,,,,,,,,,,,,,,,,,,,{63},
EN300-262706_7550,"A468,A543",2,,,,{76},,,,,,,,,,,,,,,,,,,,,,,,,{66},
EN300-24127381_35209,"A468,A486,A543",3,,,,{68},,,,,,{4},,,,,,,,,,,,,,,,,,,{58},
EN300-25586_42891,"A468,A543",2,,,,{69},,,,,,,,,,,,,,,,,,,,,,,,,{59},
EN300-12527208_10432,"A468,A543",2,,,,{71},,,,,,,,,,,,,,,,,,,,,,,,,{61},
EN300-26976573_21484,"A468,A543",2,,,,{69},,,,,,,,,,,,,,,,,,,,,,,,,{59},
EN300-1853119_13350,"A468,A543",2,,,,{75},,,,,,,,,,,,,,,,,,,,,,,,,{65},
EN300-7828938_15086,"A468,A543",2,,,,{67},,,,,,,,,,,,,,,,,,,,,,,,,{57},
EN300-46667919_33227,A543,1,,,,,,,,,,,,,,,,,,,,,,,,,,,,,{60},
EN300-1250801_26252,"A468,A543",2,,,,{73},,,,,,,,,,,,,,,,,,,,,,,,,{63},
EN300-266575_7589,"A468,A543",2,,,,{74},,,,,,,,,,,,,,,,,,,,,,,,,{64},
EN300-26624268_18214,"A468,A543",2,,,,{79},,,,,,,,,,,,,,,,,,,,,,,,,{69},
EN300-868734_47270,"A468,A543",2,,,,{64},,,,,,,,,,,,,,,,,,,,,,,,,{54},
EN300-119688_3525,"A468,A543",2,,,,{75},,,,,,,,,,,,,,,,,,,,,,,,,{65},
EN300-186699_22715,"A468,A543",2,,,,{78},,,,,,,,,,,,,,,,,,,,,,,,,{68},
EN300-53216860_47455,"A468,A543",2,,,,{65},,,,,,,,,,,,,,,,,,,,,,,,,{55},
EN300-46360313_32342,"A468,A543",2,,,,{91},,,,,,,,,,,,,,,,,,,,,,,,,{81},
EN300-111976_9535,"A468,A543",2,,,,{71},,,,,,,,,,,,,,,,,,,,,,,,,{61},
EN300-912097_14180,A543,1,,,,,,,,,,,,,,,,,,,,,,,,,,,,,{63},
EN300-6776616_13300,"A468,A543",2,,,,{74},,,,,,,,,,,,,,,,,,,,,,,,,{64},
EN300-94972_9620,"A468,A543",2,,,,{67},,,,,,,,,,,,,,,,,,,,,,,,,{57},
EN300-52851519_46262,"A468,A543",2,,,,{65},,,,,,,,,,,,,,,,,,,,,,,,,{55},
EN300-136405_21697,"A468,A543",2,,,,{76},,,,,,,,,,,,,,,,,,,,,,,,,{66},
EN300-345989_38901,A543,1,,,,,,,,,,,,,,,,,,,,,,,,,,,,,{62},
EN300-1720842_10439,"A468,A543",2,,,,{66},,,,,,,,,,,,,,,,,,,,,,,,,{56},
EN300-95228_7513,"A468,A543",2,,,,{71},,,,,,,,,,,,,,,,,,,,,,,,,{61},
EN300-264342_38897,"A468,A543",2,,,,{81},,,,,,,,,,,,,,,,,,,,,,,,,{71},
EN300-1117949_9799,"A468,A543",2,,,,{70},,,,,,,,,,,,,,,,,,,,,,,,,{60},
EN300-122673_3455,"A468,A543",2,,,,{74},,,,,,,,,,,,,,,,,,,,,,,,,{64},
EN300-321897_24212,"A468,A543",2,,,,{69},,,,,,,,,,,,,,,,,,,,,,,,,{59},
EN300-183208_4558,"A468,A543",2,,,,{80},,,,,,,,,,,,,,,,,,,,,,,,,{70},
EN300-315319_38751,"A468,A543",2,,,,{77},,,,,,,,,,,,,,,,,,,,,,,,,{67},
EN300-37473995_34394,"A468,A543",2,,,,{64},,,,,,,,,,,,,,,,,,,,,,,,,{54},
EN300-52474002_45342,"A468,A543",2,,,,{91},,,,,,,,,,,,,,,,,,,,,,,,,{81},
EN300-28257442_30331,"A468,A543",2,,,,{71},,,,,,,,,,,,,,,,,,,,,,,,,{61},
EN300-36970541_13646,A543,1,,,,,,,,,,,,,,,,,,,,,,,,,,,,,{65},
EN300-26621536_26511,"A468,A543",2,,,,{76},,,,,,,,,,,,,,,,,,,,,,,,,{66},
EN300-52601130_44359,"A468,A543",2,,,,{69},,,,,,,,,,,,,,,,,,,,,,,,,{59},
EN300-26258402_9888,"A468,A543",2,,,,{70},,,,,,,,,,,,,,,,,,,,,,,,,{60},
EN300-52472021_45562,A543,1,,,,,,,,,,,,,,,,,,,,,,,,,,,,,"{1, 11}",
EN300-37136915_15234,"A468,A543",2,,,,{70},,,,,,,,,,,,,,,,,,,,,,,,,{60},
EN300-26864933_39540,"A468,A543",2,,,,{81},,,,,,,,,,,,,,,,,,,,,,,,,{71},
EN300-7416427_20728,A543,1,,,,,,,,,,,,,,,,,,,,,,,,,,,,,{55},
EN300-39879237_30306,"A468,A543",2,,,,{70},,,,,,,,,,,,,,,,,,,,,,,,,{60},
EN300-128039_3638,"A468,A543",2,,,,{79},,,,,,,,,,,,,,,,,,,,,,,,,{69},
EN300-45642061_32203,"A468,A543",2,,,,{79},,,,,,,,,,,,,,,,,,,,,,,,,{69},
EN300-52470715_43612,"A468,A543",2,,,,{78},,,,,,,,,,,,,,,,,,,,,,,,,{1},
EN300-53496004_47861,A543,1,,,,,,,,,,,,,,,,,,,,,,,,,,,,,{64},
EN300-1601106_12978,"A468,A543",2,,,,{71},,,,,,,,,,,,,,,,,,,,,,,,,{61},
EN300-37429948_13251,"A468,A543",2,,,,{74},,,,,,,,,,,,,,,,,,,,,,,,,{63},
EN300-7435698_25545,"A468,A543",2,,,,{79},,,,,,,,,,,,,,,,,,,,,,,,,{69},
EN300-7442368_41060,"A468,A543",2,,,,{77},,,,,,,,,,,,,,,,,,,,,,,,,{67},
EN300-261879_7472,"A468,A543",2,,,,{68},,,,,,,,,,,,,,,,,,,,,,,,,{58},
EN300-26912917_43478,A543,1,,,,,,,,,,,,,,,,,,,,,,,,,,,,,{61},
EN300-1588918_20676,"A468,A543",2,,,,{76},,,,,,,,,,,,,,,,,,,,,,,,,{66},
EN300-30115_6762,"A468,A543",2,,,,{81},,,,,,,,,,,,,,,,,,,,,,,,,{71},
EN300-208657_6183,"A468,A543",2,,,,{72},,,,,,,,,,,,,,,,,,,,,,,,,{62},
EN300-8231023_33817,A543,1,,,,,,,,,,,,,,,,,,,,,,,,,,,,,{60},
EN300-118478_21534,"A468,A543",2,,,,{73},,,,,,,,,,,,,,,,,,,,,,,,,{63},
EN300-225180_5686,A543,1,,,,,,,,,,,,,,,,,,,,,,,,,,,,,{61},
EN300-69949_21600,"A468,A543",2,,,,{70},,,,,,,,,,,,,,,,,,,,,,,,,{60},
EN300-7539606_14266,A543,1,,,,,,,,,,,,,,,,,,,,,,,,,,,,,{63},
EN300-204328_20947,A543,1,,,,,,,,,,,,,,,,,,,,,,,,,,,,,{63},
EN300-51995407_36181,"A468,A543",2,,,,{71},,,,,,,,,,,,,,,,,,,,,,,,,{61},
EN300-14595_355,"A468,A543",2,,,,{67},,,,,,,,,,,,,,,,,,,,,,,,,{57},
EN300-20998600_31765,"A468,A543",2,,,,{67},,,,,,,,,,,,,,,,,,,,,,,,,{57},
EN300-215457_5334,A543,1,,,,,,,,,,,,,,,,,,,,,,,,,,,,,{70},
EN300-1722786_16481,"A468,A543",2,,,,{70},,,,,,,,,,,,,,,,,,,,,,,,,{60},
EN300-265928_21394,"A468,A543",2,,,,{65},,,,,,,,,,,,,,,,,,,,,,,,,{55},
EN300-7377672_13740,"A468,A543",2,,,,{65},,,,,,,,,,,,,,,,,,,,,,,,,{1},
EN300-1721502_18153,A543,1,,,,,,,,,,,,,,,,,,,,,,,,,,,,,{60},
EN300-37372_40433,"A468,A543",2,,,,{84},,,,,,,,,,,,,,,,,,,,,,,,,{74},
EN300-312603_8232,"A468,A543",2,,,,{75},,,,,,,,,,,,,,,,,,,,,,,,,{65},
EN300-24196330_39695,"A468,A543",2,,,,{109},,,,,,,,,,,,,,,,,,,,,,,,,{99},
EN300-1704047_11939,A543,1,,,,,,,,,,,,,,,,,,,,,,,,,,,,,{55},
EN300-19594886_30679,"A468,A543",2,,,,{68},,,,,,,,,,,,,,,,,,,,,,,,,{58},
EN300-1699892_14608,"A468,A543",2,,,,{68},,,,,,,,,,,,,,,,,,,,,,,,,{58},
EN300-1699912_12002,"A468,A543",2,,,,{78},,,,,,,,,,,,,,,,,,,,,,,,,{68},
EN300-7444439_29765,"A468,A543",2,,,,{70},,,,,,,,,,,,,,,,,,,,,,,,,{60},
EN300-322654_31171,"A468,A543",2,,,,{74},,,,,,,,,,,,,,,,,,,,,,,,,{64},
EN300-6489028_29623,"A468,A543",2,,,,{75},,,,,,,,,,,,,,,,,,,,,,,,,{65},
EN300-6762317_24726,"A468,A543",2,,,,{79},,,,,,,,,,,,,,,,,,,,,,,,,{69},
EN300-46590398_32964,"A468,A543",2,,,,{69},,,,,,,,,,,,,,,,,,,,,,,,,{59},
EN300-215406_45150,A543,1,,,,,,,,,,,,,,,,,,,,,,,,,,,,,{62},
EN300-7430760_46992,"A468,A543",2,,,,{75},,,,,,,,,,,,,,,,,,,,,,,,,{65},
EN300-2010089_13872,"A468,A543",2,,,,{66},,,,,,,,,,,,,,,,,,,,,,,,,{1},
EN300-27685021_24812,A543,1,,,,,,,,,,,,,,,,,,,,,,,,,,,,,{60},
EN300-26621787_33286,"A468,A543",2,,,,{72},,,,,,,,,,,,,,,,,,,,,,,,,{62},
EN300-6729057_15222,"A468,A543",2,,,,{76},,,,,,,,,,,,,,,,,,,,,,,,,{66},
EN300-201237_5076,"A468,A543",2,,,,{70},,,,,,,,,,,,,,,,,,,,,,,,,{60},
EN300-2008467_24071,A543,1,,,,,,,,,,,,,,,,,,,,,,,,,,,,,{60},
EN300-126877_3511,"A468,A543",2,,,,{77},,,,,,,,,,,,,,,,,,,,,,,,,{67},
EN300-45612689_32500,A543,1,,,,,,,,,,,,,,,,,,,,,,,,,,,,,{59},
EN300-44914_23945,"A468,A543",2,,,,{82},,,,,,,,,,,,,,,,,,,,,,,,,{72},
EN300-103841_34889,"A468,A543",2,,,,{73},,,,,,,,,,,,,,,,,,,,,,,,,{63},
EN300-8097500_19494,"A468,A543",2,,,,{70},,,,,,,,,,,,,,,,,,,,,,,,,{60},
EN300-46130353_14962,"A468,A543",2,,,,{74},,,,,,,,,,,,,,,,,,,,,,,,,{64},
EN300-52219740_37646,"A468,A543",2,,,,{73},,,,,,,,,,,,,,,,,,,,,,,,,{63},
EN300-8003326_26691,"A468,A543",2,,,,{72},,,,,,,,,,,,,,,,,,,,,,,,,{62},
EN300-52473321_43960,"A468,A543",2,,,,{70},,,,,,,,,,,,,,,,,,,,,,,,,{60},
EN300-7354936_15659,"A468,A543",2,,,,{67},,,,,,,,,,,,,,,,,,,,,,,,,{57},
EN300-321928_28880,A543,1,,,,,,,,,,,,,,,,,,,,,,,,,,,,,{62},
EN300-60452_2220,"A468,A543",2,,,,{87},,,,,,,,,,,,,,,,,,,,,,,,,{77},
EN300-52954303_47441,"A468,A543",2,,,,{68},,,,,,,,,,,,,,,,,,,,,,,,,{58},
EN300-18989707_37622,"A468,A543",2,,,,{80},,,,,,,,,,,,,,,,,,,,,,,,,{70},
EN300-1697072_38746,"A468,A543",2,,,,{67},,,,,,,,,,,,,,,,,,,,,,,,,{57},
EN300-215406_45147,"A468,A543",2,,,,{72},,,,,,,,,,,,,,,,,,,,,,,,,{62},
EN300-80135_29353,"A468,A543",2,,,,{76},,,,,,,,,,,,,,,,,,,,,,,,,{66},
EN300-321979_8526,A543,1,,,,,,,,,,,,,,,,,,,,,,,,,,,,,{62},
EN300-3123032_15638,"A468,A543",2,,,,{70},,,,,,,,,,,,,,,,,,,,,,,,,{60},
EN300-312350_8230,"A468,A543",2,,,,{74},,,,,,,,,,,,,,,,,,,,,,,,,{64},
EN300-53290491_46910,"A468,A543",2,,,,{64},,,,,,,,,,,,,,,,,,,,,,,,,{54},
EN300-1708491_40173,"A468,A543",2,,,,{69},,,,,,,,,,,,,,,,,,,,,,,,,{59},
EN300-52053202_37360,"A468,A543",2,,,,{77},,,,,,,,,,,,,,,,,,,,,,,,,{67},
EN300-6759357_40447,"A468,A543",2,,,,{66},,,,,,,,,,,,,,,,,,,,,,,,,{56},
EN300-129981_45933,"A468,A543",2,,,,{73},,,,,,,,,,,,,,,,,,,,,,,,,{63},
EN300-70916_6586,"A468,A543",2,,,,{76},,,,,,,,,,,,,,,,,,,,,,,,,{66},
EN300-7353463_15824,"A468,A543",2,,,,{66},,,,,,,,,,,,,,,,,,,,,,,,,{56},
EN300-6474074_38606,"A468,A543",2,,,,{82},,,,,,,,,,,,,,,,,,,,,,,,,{72},
EN300-123723_6394,"A468,A543",2,,,,{76},,,,,,,,,,,,,,,,,,,,,,,,,{66},
EN300-27108256_24710,"A468,A543",2,,,,{73},,,,,,,,,,,,,,,,,,,,,,,,,{63},
EN300-393241_19058,"A468,A543",2,,,,{67},,,,,,,,,,,,,,,,,,,,,,,,,{57},
EN300-45204008_43064,"A468,A543",2,,,,{72},,,,,,,,,,,,,,,,,,,,,,,,,{62},
EN300-6498461_15106,"A468,A543",2,,,,{83},,,,,,,,,,,,,,,,,,,,,,,,,{73},
EN300-177061_4566,"A468,A543",2,,,,{71},,,,,,,,,,,,,,,,,,,,,,,,,{61},
EN300-130751_3851,"A468,A543",2,,,,{73},,,,,,,,,,,,,,,,,,,,,,,,,{63},
EN300-747317_33429,"A468,A543",2,,,,{68},,,,,,,,,,,,,,,,,,,,,,,,,{58},
EN300-39189_612,"A468,A543",2,,,,{70},,,,,,,,,,,,,,,,,,,,,,,,,{60},
EN300-1267242_36108,"A468,A543",2,,,,{72},,,,,,,,,,,,,,,,,,,,,,,,,{62},
EN300-54096804_48814,"A468,A543",2,,,,{76},,,,,,,,,,,,,,,,,,,,,,,,,{66},
EN300-6742967_45908,A543,1,,,,,,,,,,,,,,,,,,,,,,,,,,,,,"{10, 58}",
EN300-52219285_37644,"A468,A543",2,,,,{69},,,,,,,,,,,,,,,,,,,,,,,,,{59},
EN300-1461938_32537,"A468,A543",2,,,,{66},,,,,,,,,,,,,,,,,,,,,,,,,{56},
EN300-47312205_44411,"A468,A543",2,,,,{67},,,,,,,,,,,,,,,,,,,,,,,,,{57},
EN300-70554_1388,"A468,A543",2,,,,{72},,,,,,,,,,,,,,,,,,,,,,,,,{62},
EN300-22993950_32280,"A468,A543",2,,,,{63},,,,,,,,,,,,,,,,,,,,,,,,,{53},
EN300-53600_20832,"A468,A543",2,,,,{68},,,,,,,,,,,,,,,,,,,,,,,,,{58},
EN300-52239371_37693,"A468,A543",2,,,,{67},,,,,,,,,,,,,,,,,,,,,,,,,{57},
EN300-52012713_41891,"A468,A543",2,,,,{88},,,,,,,,,,,,,,,,,,,,,,,,,{78},
EN300-1472431_10559,"A468,A543",2,,,,{73},,,,,,,,,,,,,,,,,,,,,,,,,{63},
EN300-1696013_10477,"A468,A543",2,,,,{77},,,,,,,,,,,,,,,,,,,,,,,,,{67},
EN300-79347_1714,A543,1,,,,,,,,,,,,,,,,,,,,,,,,,,,,,{66},
EN300-39141_22464,"A468,A543",2,,,,{76},,,,,,,,,,,,,,,,,,,,,,,,,{66},
EN300-69341_38678,"A468,A543",2,,,,{76},,,,,,,,,,,,,,,,,,,,,,,,,{66},
EN300-45749607_33112,"A468,A543",2,,,,{70},,,,,,,,,,,,,,,,,,,,,,,,,{60},
EN300-11369160_36695,"A468,A543",2,,,,{75},,,,,,,,,,,,,,,,,,,,,,,,,{65},
EN300-221967_5529,"A468,A543",2,,,,{71},,,,,,,,,,,,,,,,,,,,,,,,,{61},
EN300-6799946_40587,"A468,A543",2,,,,{70},,,,,,,,,,,,,,,,,,,,,,,,,{60},
EN300-52471102_43561,"A468,A543",2,,,,{74},,,,,,,,,,,,,,,,,,,,,,,,,{64},
EN300-28269386_27159,"A468,A543",2,,,,{64},,,,,,,,,,,,,,,,,,,,,,,,,{54},
EN300-204328_20945,"A468,A543",2,,,,{73},,,,,,,,,,,,,,,,,,,,,,,,,{63},
EN300-7434221_18248,"A468,A543",2,,,,{65},,,,,,,,,,,,,,,,,,,,,,,,,{55},
EN300-26981481_33571,A543,1,,,,,,,,,,,,,,,,,,,,,,,,,,,,,{61},
EN300-52055494_37362,"A468,A543",2,,,,{67},,,,,,,,,,,,,,,,,,,,,,,,,{57},
EN300-51995648_36855,"A468,A543",2,,,,{74},,,,,,,,,,,,,,,,,,,,,,,,,{64},
EN300-7435871_17252,"A468,A543",2,,,,{79},,,,,,,,,,,,,,,,,,,,,,,,,{69},
EN300-128167_20275,"A468,A543",2,,,,{70},,,,,,,,,,,,,,,,,,,,,,,,,{60},
EN300-45275572_32311,"A468,A543",2,,,,{76},,,,,,,,,,,,,,,,,,,,,,,,,{66},
EN300-59997_1195,"A468,A543",2,,,,{64},,,,,,,,,,,,,,,,,,,,,,,,,{54},
EN300-51666204_34557,"A468,A543",2,,,,{71},,,,,,,,,,,,,,,,,,,,,,,,,{61},
EN300-28329423_28090,"A468,A543",2,,,,{73},,,,,,,,,,,,,,,,,,,,,,,,,{63},
EN300-77635_34003,"A468,A543",2,,,,{84},,,,,,,,,,,,,,,,,,,,,,,,,{74},
EN300-51995432_41398,A543,1,,,,,,,,,,,,,,,,,,,,,,,,,,,,,{60},
EN300-52429887_47174,"A468,A543",2,,,,{74},,,,,,,,,,,,,,,,,,,,,,,,,{64},
EN300-7433224_16062,"A468,A543",2,,,,{72},,,,,,,,,,,,,,,,,,,,,,,,,{62},
EN300-1692608_18411,A543,1,,,,,,,,,,,,,,,,,,,,,,,,,,,,,{61},
EN300-52851838_46579,"A468,A543",2,,,,{77},,,,,,,,,,,,,,,,,,,,,,,,,{67},
EN300-31211097_18981,"A468,A543",2,,,,{77},,,,,,,,,,,,,,,,,,,,,,,,,{67},
EN300-1644651_23926,A543,1,,,,,,,,,,,,,,,,,,,,,,,,,,,,,{67},
EN300-51996384_36128,"A468,A543",2,,,,{75},,,,,,,,,,,,,,,,,,,,,,,,,{65},
EN300-28315957_27549,"A468,A543",2,,,,{74},,,,,,,,,,,,,,,,,,,,,,,,,{64},
EN300-199892_5272,"A468,A543",2,,,,{61},,,,,,,,,,,,,,,,,,,,,,,,,{51},
EN300-216887_20993,"A468,A543",2,,,,{73},,,,,,,,,,,,,,,,,,,,,,,,,{63},
EN300-34730_22342,"A468,A543",2,,,,{75},,,,,,,,,,,,,,,,,,,,,,,,,{65},
EN300-160508_4271,A543,1,,,,,,,,,,,,,,,,,,,,,,,,,,,,,{65},
EN300-1588744_37443,"A468,A543",2,,,,{69},,,,,,,,,,,,,,,,,,,,,,,,,{59},
EN300-120164_6356,"A468,A543",2,,,,{83},,,,,,,,,,,,,,,,,,,,,,,,,{73},
EN300-7369559_30057,"A468,A543",2,,,,{77},,,,,,,,,,,,,,,,,,,,,,,,,{67},
EN300-110103_20787,"A468,A543",2,,,,{76},,,,,,,,,,,,,,,,,,,,,,,,,{66},
EN300-6759992_38423,"A468,A543",2,,,,{87},,,,,,,,,,,,,,,,,,,,,,,,,{77},
EN300-179573_25355,"A468,A543",2,,,,{78},,,,,,,,,,,,,,,,,,,,,,,,,{68},
EN300-54134_24337,A543,1,,,,,,,,,,,,,,,,,,,,,,,,,,,,,{62},
EN300-7544061_17760,"A468,A543",2,,,,{70},,,,,,,,,,,,,,,,,,,,,,,,,{60},
EN300-46981317_34632,"A468,A543",2,,,,{82},,,,,,,,,,,,,,,,,,,,,,,,,{72},
EN300-651646_9560,"A468,A543",2,,,,{81},,,,,,,,,,,,,,,,,,,,,,,,,{70},
EN300-46777272_33183,"A468,A543",2,,,,{69},,,,,,,,,,,,,,,,,,,,,,,,,{59},
EN300-2007745_24069,"A468,A543",2,,,,{77},,,,,,,,,,,,,,,,,,,,,,,,,{67},
EN300-1718181_12100,"A468,A543",2,,,,{74},,,,,,,,,,,,,,,,,,,,,,,,,{64},
EN300-52237784_37720,"A468,A543",2,,,,{75},,,,,,,,,,,,,,,,,,,,,,,,,{65},
EN300-7493472_13474,"A468,A543",2,,,,{73},,,,,,,,,,,,,,,,,,,,,,,,,{63},
EN300-33036632_27884,"A468,A543",2,,,,{70},,,,,,,,,,,,,,,,,,,,,,,,,{60},
EN300-100885_14334,"A468,A543",2,,,,{72},,,,,,,,,,,,,,,,,,,,,,,,,{62},
EN300-7549593_17654,"A468,A543",2,,,,{73},,,,,,,,,,,,,,,,,,,,,,,,,{63},
EN300-37402786_9858,A543,1,,,,,,,,,,,,,,,,,,,,,,,,,,,,,{61},
EN300-45212292_31126,"A468,A543",2,,,,{73},,,,,,,,,,,,,,,,,,,,,,,,,{63},
EN300-51996342_35863,"A468,A543",2,,,,{70},,,,,,,,,,,,,,,,,,,,,,,,,{60},
EN300-3506090_25781,"A468,A543",2,,,,{74},,,,,,,,,,,,,,,,,,,,,,,,,{64},
EN300-37336026_29585,A543,1,,,,,,,,,,,,,,,,,,,,,,,,,,,,,{52},
EN300-46953109_34242,A543,1,,,,,,,,,,,,,,,,,,,,,,,,,,,,,{64},
EN300-43458_607,"A468,A543",2,,,,{71},,,,,,,,,,,,,,,,,,,,,,,,,{61},
EN300-57858_25174,"A468,A543",2,,,,{79},,,,,,,,,,,,,,,,,,,,,,,,,{69},
EN300-36205_644,"A468,A543",2,,,,{73},,,,,,,,,,,,,,,,,,,,,,,,,{63},
EN300-26975931_42788,"A468,A543",2,,,,{70},,,,,,,,,,,,,,,,,,,,,,,,,{60},
EN300-70875_11420,"A468,A543",2,,,,{69},,,,,,,,,,,,,,,,,,,,,,,,,{59},
EN300-45485655_32637,"A468,A543",2,,,,{70},,,,,,,,,,,,,,,,,,,,,,,,,{60},
EN300-7501708_13555,"A468,A543",2,,,,{67},,,,,,,,,,,,,,,,,,,,,,,,,{57},
EN300-263265_23753,"A468,A543",2,,,,{74},,,,,,,,,,,,,,,,,,,,,,,,,{64},
EN300-1215803_16370,"A468,A543",2,,,,{74},,,,,,,,,,,,,,,,,,,,,,,,,{64},
EN300-51975881_36720,A468,1,,,,{70},,,,,,,,,,,,,,,,,,,,,,,,,,
EN300-52470375_46390,"A468,A543",2,,,,{71},,,,,,,,,,,,,,,,,,,,,,,,,{61},
EN300-1587469_24124,"A468,A543",2,,,,{70},,,,,,,,,,,,,,,,,,,,,,,,,{60},
EN300-7472637_17346,"A468,A543",2,,,,{73},,,,,,,,,,,,,,,,,,,,,,,,,{63},
EN300-12527208_10430,"A468,A543",2,,,,{71},,,,,,,,,,,,,,,,,,,,,,,,,{61},
EN300-6733363_15976,"A468,A543",2,,,,{81},,,,,,,,,,,,,,,,,,,,,,,,,{71},
EN300-105291_3158,"A468,A543",2,,,,{70},,,,,,,,,,,,,,,,,,,,,,,,,{60},
EN300-204143_5022,"A468,A543",2,,,,{71},,,,,,,,,,,,,,,,,,,,,,,,,{61},
EN300-7447930_16488,"A468,A543",2,,,,{82},,,,,,,,,,,,,,,,,,,,,,,,,{72},
EN300-7419807_13741,"A468,A543",2,,,,{73},,,,,,,,,,,,,,,,,,,,,,,,,{63},
EN300-7426342_15832,"A468,A543",2,,,,{76},,,,,,,,,,,,,,,,,,,,,,,,,{66},
EN300-1267169_23646,"A468,A543",2,,,,{73},,,,,,,,,,,,,,,,,,,,,,,,,{63},
EN300-7405749_43048,"A468,A486,A543",3,,,,{77},,,,,,{30},,,,,,,,,,,,,,,,,,,{67},
EN300-6776354_27053,"A468,A543",2,,,,{75},,,,,,,,,,,,,,,,,,,,,,,,,{65},
EN300-5360937_43205,"A468,A543",2,,,,{78},,,,,,,,,,,,,,,,,,,,,,,,,{68},
EN300-128039_3639,"A468,A543",2,,,,{79},,,,,,,,,,,,,,,,,,,,,,,,,{69},
EN300-332256_12309,"A468,A486,A543",3,,,,{77},,,,,,{30},,,,,,,,,,,,,,,,,,,{67},
EN300-153789_4038,"A468,A543",2,,,,{68},,,,,,,,,,,,,,,,,,,,,,,,,{58},
EN300-45596162_32002,"A468,A543",2,,,,{65},,,,,,,,,,,,,,,,,,,,,,,,,{55},
EN300-701244_9241,A543,1,,,,,,,,,,,,,,,,,,,,,,,,,,,,,{58},
EN300-26975478_18774,"A468,A543",2,,,,{76},,,,,,,,,,,,,,,,,,,,,,,,,{66},
EN300-26677540_20330,"A468,A543",2,,,,{65},,,,,,,,,,,,,,,,,,,,,,,,,{55},
EN300-239138_5866,"A468,A543",2,,,,{70},,,,,,,,,,,,,,,,,,,,,,,,,{60},
EN300-1838226_16098,"A468,A543",2,,,,{81},,,,,,,,,,,,,,,,,,,,,,,,,{71},
EN300-45726310_44674,"A468,A543",2,,,,{66},,,,,,,,,,,,,,,,,,,,,,,,,{56},
EN300-1117849_22740,A468,1,,,,{67},,,,,,,,,,,,,,,,,,,,,,,,,,
EN300-345555_28985,A468,1,,,,{66},,,,,,,,,,,,,,,,,,,,,,,,,,
EN300-18616166_25194,"A468,A543",2,,,,{77},,,,,,,,,,,,,,,,,,,,,,,,,{67},
EN300-120522_28354,A468,1,,,,{67},,,,,,,,,,,,,,,,,,,,,,,,,,
EN300-52506066_45790,"A468,A543",2,,,,{69},,,,,,,,,,,,,,,,,,,,,,,,,{59},
EN300-175389_6382,"A468,A543",2,,,,{74},,,,,,,,,,,,,,,,,,,,,,,,,{64},
EN300-28257030_36349,"A468,A543",2,,,,{72},,,,,,,,,,,,,,,,,,,,,,,,,{62},
EN300-374268_8835,"A468,A543",2,,,,{76},,,,,,,,,,,,,,,,,,,,,,,,,{66},
EN300-201939_25017,A543,1,,,,,,,,,,,,,,,,,,,,,,,,,,,,,{58},
EN300-7878291_26941,"A468,A543",2,,,,{70},,,,,,,,,,,,,,,,,,,,,,,,,{60},
EN300-27754979_26348,,0,,,,,,,,,,,,,,,,,,,,,,,,,,,,,,
EN300-27657_22003,A543,1,,,,,,,,,,,,,,,,,,,,,,,,,,,,,{62},
EN300-23910246_36838,"A468,A543",2,,,,{68},,,,,,,,,,,,,,,,,,,,,,,,,{58},
EN300-77114_28198,A543,1,,,,,,,,,,,,,,,,,,,,,,,,,,,,,{60},
EN300-704132_14419,"A468,A543",2,,,,{69},,,,,,,,,,,,,,,,,,,,,,,,,{59},
EN300-217017_19630,"A468,A543",2,,,,{73},,,,,,,,,,,,,,,,,,,,,,,,,{62},
EN300-155058_14657,"A468,A543",2,,,,{70},,,,,,,,,,,,,,,,,,,,,,,,,{60},
EN300-28220945_36682,A543,1,,,,,,,,,,,,,,,,,,,,,,,,,,,,,{62},
EN300-52818213_46334,A543,1,,,,,,,,,,,,,,,,,,,,,,,,,,,,,{62},
EN300-322396_22753,A468,1,,,,{69},,,,,,,,,,,,,,,,,,,,,,,,,,
EN300-1666743_19210,"A468,A543",2,,,,{73},,,,,,,,,,,,,,,,,,,,,,,,,{63},
EN300-39161_22143,"A468,A543",2,,,,{73},,,,,,,,,,,,,,,,,,,,,,,,,{63},
EN300-26983324_20612,"A468,A543",2,,,,{73},,,,,,,,,,,,,,,,,,,,,,,,,{63},
EN300-746136_37406,"A468,A543",2,,,,{71},,,,,,,,,,,,,,,,,,,,,,,,,{61},
EN300-47321376_34477,"A468,A543",2,,,,{73},,,,,,,,,,,,,,,,,,,,,,,,,{63},
EN300-26682710_17939,"A468,A543",2,,,,{70},,,,,,,,,,,,,,,,,,,,,,,,,{60},
EN300-28315963_27504,"A468,A543",2,,,,{74},,,,,,,,,,,,,,,,,,,,,,,,,{64},
EN300-6805367_17355,"A468,A543",2,,,,{74},,,,,,,,,,,,,,,,,,,,,,,,,{64},
EN300-46830089_33944,"A468,A543",2,,,,{70},,,,,,,,,,,,,,,,,,,,,,,,,{60},
EN300-37400164_9781,"A468,A543",2,,,,{78},,,,,,,,,,,,,,,,,,,,,,,,,{68},
EN300-267297_29050,"A468,A543",2,,,,{74},,,,,,,,,,,,,,,,,,,,,,,,,{64},
EN300-20598014_47614,"A468,A543",2,,,,{117},,,,,,,,,,,,,,,,,,,,,,,,,{107},
EN300-52473321_43957,A543,1,,,,,,,,,,,,,,,,,,,,,,,,,,,,,{60},
EN300-52658345_41503,"A468,A543",2,,,,{75},,,,,,,,,,,,,,,,,,,,,,,,,{65},
EN300-26872469_18868,A543,1,,,,,,,,,,,,,,,,,,,,,,,,,,,,,{57},
EN300-25018129_27062,A543,1,,,,,,,,,,,,,,,,,,,,,,,,,,,,,{62},
EN300-27103863_13043,"A468,A543",2,,,,{80},,,,,,,,,,,,,,,,,,,,,,,,,{70},
EN300-259830_9685,"A468,A543",2,,,,{70},,,,,,,,,,,,,,,,,,,,,,,,,{60},
EN300-21648550_36275,"A468,A543",2,,,,{73},,,,,,,,,,,,,,,,,,,,,,,,,{62},
EN300-7419805_25778,"A468,A543",2,,,,{73},,,,,,,,,,,,,,,,,,,,,,,,,{63},
EN300-52484106_41369,"A468,A543",2,,,,{74},,,,,,,,,,,,,,,,,,,,,,,,,{64},
EN300-244121_6253,A543,1,,,,,,,,,,,,,,,,,,,,,,,,,,,,,{69},
EN300-39873630_30886,"A468,A543",2,,,,{69},,,,,,,,,,,,,,,,,,,,,,,,,"{3, 59}",
EN300-1664612_46853,"A468,A543",2,,,,{74},,,,,,,,,,,,,,,,,,,,,,,,,{64},
EN300-367227_24398,"A468,A543",2,,,,{73},,,,,,,,,,,,,,,,,,,,,,,,,{63},
EN300-26979756_14695,"A468,A543",2,,,,{73},,,,,,,,,,,,,,,,,,,,,,,,,{63},
EN300-21648550_36278,"A468,A543",2,,,,{73},,,,,,,,,,,,,,,,,,,,,,,,,{62},
EN300-7322966_33933,"A468,A543",2,,,,{67},,,,,,,,,,,,,,,,,,,,,,,,,{57},
EN300-51995445_35894,"A468,A543",2,,,,{66},,,,,,,,,,,,,,,,,,,,,,,,,{56},
EN300-7493472_13475,"A468,A543",2,,,,{73},,,,,,,,,,,,,,,,,,,,,,,,,{63},
EN300-52471102_43558,"A468,A543",2,,,,{74},,,,,,,,,,,,,,,,,,,,,,,,,{64},
EN300-318192_8439,"A468,A543",2,,,,{72},,,,,,,,,,,,,,,,,,,,,,,,,{62},
EN300-193177_4955,"A468,A543",2,,,,{75},,,,,,,,,,,,,,,,,,,,,,,,,{65},
EN300-52473614_44883,"A468,A543",2,,,,{76},,,,,,,,,,,,,,,,,,,,,,,,,{66},
EN300-75927_1260,"A468,A543",2,,,,{72},,,,,,,,,,,,,,,,,,,,,,,,,{62},
EN300-7426223_36552,"A468,A543",2,,,,{73},,,,,,,,,,,,,,,,,,,,,,,,,{63},
EN300-1700382_42700,"A468,A543",2,,,,{68},,,,,,,,,,,,,,,,,,,,,,,,,{58},
EN300-66812_22257,A543,1,,,,,,,,,,,,,,,,,,,,,,,,,,,,,{64},
EN300-53363192_48258,"A468,A543",2,,,,{71},,,,,,,,,,,,,,,,,,,,,,,,,{61},
EN300-298656_8399,"A468,A543",2,,,,{74},,,,,,,,,,,,,,,,,,,,,,,,,{64},
EN300-304307_19948,"A468,A543",2,,,,{68},,,,,,,,,,,,,,,,,,,,,,,,,{58},
EN300-45721589_41790,"A468,A543",2,,,,{81},,,,,,,,,,,,,,,,,,,,,,,,,{71},
EN300-6781757_18454,A543,1,,,,,,,,,,,,,,,,,,,,,,,,,,,,,{64},
EN300-208789_5374,"A468,A543",2,,,,{70},,,,,,,,,,,,,,,,,,,,,,,,,{60},
EN300-42708_142,"A468,A543",2,,,,{85},,,,,,,,,,,,,,,,,,,,,,,,,{75},
EN300-14919_10059,"A468,A543",2,,,,{79},,,,,,,,,,,,,,,,,,,,,,,,,{69},
EN300-26925223_48116,"A468,A543",2,,,,{78},,,,,,,,,,,,,,,,,,,,,,,,,{68},
EN300-85675_1749,"A468,A543",2,,,,{64},,,,,,,,,,,,,,,,,,,,,,,,,{54},
EN300-202631_21586,"A468,A543",2,,,,{78},,,,,,,,,,,,,,,,,,,,,,,,,{68},
EN300-719414_33546,"A468,A543",2,,,,{72},,,,,,,,,,,,,,,,,,,,,,,,,{62},
EN300-40791_42309,"A468,A543",2,,,,{77},,,,,,,,,,,,,,,,,,,,,,,,,{67},
EN300-861924_22959,A543,1,,,,,,,,,,,,,,,,,,,,,,,,,,,,,{69},
EN300-60974_2278,"A468,A543",2,,,,{84},,,,,,,,,,,,,,,,,,,,,,,,,{74},
EN300-51694430_35526,"A468,A543",2,,,,{69},,,,,,,,,,,,,,,,,,,,,,,,,{59},
EN300-9342248_14939,"A468,A543",2,,,,{73},,,,,,,,,,,,,,,,,,,,,,,,,{63},
EN300-7500509_13626,A543,1,,,,,,,,,,,,,,,,,,,,,,,,,,,,,{55},
EN300-18528457_10880,"A468,A543",2,,,,{84},,,,,,,,,,,,,,,,,,,,,,,,,{74},
EN300-234981_20115,"A468,A543",2,,,,{68},,,,,,,,,,,,,,,,,,,,,,,,,{58},
EN300-53288248_47102,"A468,A543",2,,,,{75},,,,,,,,,,,,,,,,,,,,,,,,,{65},
EN300-1608240_10418,"A468,A543",2,,,,{69},,,,,,,,,,,,,,,,,,,,,,,,,{59},
EN300-46243229_14981,A543,1,,,,,,,,,,,,,,,,,,,,,,,,,,,,,{59},
EN300-718374_19649,"A468,A543",2,,,,{70},,,,,,,,,,,,,,,,,,,,,,,,,{60},
EN300-46821248_33922,A543,1,,,,,,,,,,,,,,,,,,,,,,,,,,,,,{64},
EN300-229408_5796,"A468,A543",2,,,,{71},,,,,,,,,,,,,,,,,,,,,,,,,{10},
EN300-1717795_12097,"A468,A543",2,,,,{63},,,,,,,,,,,,,,,,,,,,,,,,,{53},
EN300-7549090_36615,"A468,A543",2,,,,{68},,,,,,,,,,,,,,,,,,,,,,,,,{58},
EN300-1588744_37441,"A468,A543",2,,,,{69},,,,,,,,,,,,,,,,,,,,,,,,,{59},
EN300-237492_5670,"A468,A543",2,,,,{74},,,,,,,,,,,,,,,,,,,,,,,,,{64},
EN300-37082246_13820,"A468,A543",2,,,,{80},,,,,,,,,,,,,,,,,,,,,,,,,{70},
EN300-332661_19718,"A468,A543",2,,,,{71},,,,,,,,,,,,,,,,,,,,,,,,,{61},
EN300-45142292_33250,A543,1,,,,,,,,,,,,,,,,,,,,,,,,,,,,,{57},
EN300-7012087_46616,"A468,A543",2,,,,{64},,,,,,,,,,,,,,,,,,,,,,,,,{54},
EN300-256920_23628,"A468,A543",2,,,,{67},,,,,,,,,,,,,,,,,,,,,,,,,{57},
EN300-297710_7876,"A468,A543",2,,,,{77},,,,,,,,,,,,,,,,,,,,,,,,,{67},
EN300-7563453_23736,"A468,A543",2,,,,{78},,,,,,,,,,,,,,,,,,,,,,,,,{68},
EN300-37461_3010,"A468,A543",2,,,,{64},,,,,,,,,,,,,,,,,,,,,,,,,{54},
EN300-300194_19168,"A468,A543",2,,,,{72},,,,,,,,,,,,,,,,,,,,,,,,,{62},
EN300-76531_20269,"A468,A543",2,,,,{73},,,,,,,,,,,,,,,,,,,,,,,,,{63},
EN300-264039_9381,"A468,A543",2,,,,{72},,,,,,,,,,,,,,,,,,,,,,,,,{62},
EN300-1245029_10434,"A468,A543",2,,,,{73},,,,,,,,,,,,,,,,,,,,,,,,,{63},
EN300-52959413_46502,"A468,A543",2,,,,{83},,,,,,,,,,,,,,,,,,,,,,,,,{73},
EN300-51685144_35425,"A468,A543",2,,,,{78},,,,,,,,,,,,,,,,,,,,,,,,,{68},
EN300-102037_2488,"A468,A543",2,,,,{70},,,,,,,,,,,,,,,,,,,,,,,,,{60},
EN300-3078225_30865,"A468,A543",2,,,,{70},,,,,,,,,,,,,,,,,,,,,,,,,{60},
EN300-1695789_19761,"A468,A543",2,,,,{67},,,,,,,,,,,,,,,,,,,,,,,,,{57},
EN300-78030_11227,"A468,A543",2,,,,{73},,,,,,,,,,,,,,,,,,,,,,,,,{63},
EN300-99463_14620,"A468,A543",2,,,,{70},,,,,,,,,,,,,,,,,,,,,,,,,{60},
EN300-53290334_46993,"A468,A543",2,,,,{64},,,,,,,,,,,,,,,,,,,,,,,,,{54},
EN300-27745961_26877,"A468,A543",2,,,,{71},,,,,,,,,,,,,,,,,,,,,,,,,{61},
EN300-90570_1852,"A468,A543",2,,,,{70},,,,,,,,,,,,,,,,,,,,,,,,,{60},
EN300-53089218_46621,A543,1,,,,,,,,,,,,,,,,,,,,,,,,,,,,,{61},
EN300-6774400_41268,A543,1,,,,,,,,,,,,,,,,,,,,,,,,,,,,,{64},
EN300-80457_19671,"A468,A543",2,,,,{74},,,,,,,,,,,,,,,,,,,,,,,,,{64},
EN300-1387040_10685,"A468,A543",2,,,,{64},,,,,,,,,,,,,,,,,,,,,,,,,{54},
EN300-181487_45971,"A468,A543",2,,,,{76},,,,,,,,,,,,,,,,,,,,,,,,,{66},
EN300-1838347_24074,"A468,A543",2,,,,{81},,,,,,,,,,,,,,,,,,,,,,,,,{71},
EN300-37385076_9866,"A468,A543",2,,,,{77},,,,,,,,,,,,,,,,,,,,,,,,,{67},
EN300-8322195_27834,A543,1,,,,,,,,,,,,,,,,,,,,,,,,,,,,,{60},
EN300-28311980_27638,A543,1,,,,,,,,,,,,,,,,,,,,,,,,,,,,,{62},
EN300-74694_8685,"A468,A543",2,,,,{73},,,,,,,,,,,,,,,,,,,,,,,,,{63},
EN300-52473491_44608,"A468,A543",2,,,,{73},,,,,,,,,,,,,,,,,,,,,,,,,{63},
EN300-170904_19750,"A468,A543",2,,,,{68},,,,,,,,,,,,,,,,,,,,,,,,,{58},
EN300-80457_19670,"A468,A543",2,,,,{74},,,,,,,,,,,,,,,,,,,,,,,,,{64},
EN300-205157_23543,A543,1,,,,,,,,,,,,,,,,,,,,,,,,,,,,,{68},
EN300-90569_19691,A543,1,,,,,,,,,,,,,,,,,,,,,,,,,,,,,{60},
EN300-395850_9079,"A468,A543",2,,,,{75},,,,,,,,,,,,,,,,,,,,,,,,,{65},
EN300-298075_7676,"A468,A543",2,,,,{67},,,,,,,,,,,,,,,,,,,,,,,,,{57},
EN300-61838_2298,"A468,A543",2,,,,{82},,,,,,,,,,,,,,,,,,,,,,,,,{72},
EN300-116390_10334,"A468,A543",2,,,,{73},,,,,,,,,,,,,,,,,,,,,,,,,{63},
EN300-27159156_25013,"A468,A543",2,,,,{73},,,,,,,,,,,,,,,,,,,,,,,,,{63},
EN300-199457_48086,A543,1,,,,,,,,,,,,,,,,,,,,,,,,,,,,,{64},
EN300-187468_35124,A543,1,,,,,,,,,,,,,,,,,,,,,,,,,,,,,{58},
EN300-53288219_47077,"A468,A543",2,,,,{68},,,,,,,,,,,,,,,,,,,,,,,,,{58},
EN300-6474210_38324,"A468,A543",2,,,,{68},,,,,,,,,,,,,,,,,,,,,,,,,{1},
EN300-7254017_34159,"A468,A543",2,,,,{69},,,,,,,,,,,,,,,,,,,,,,,,,{7},
EN300-131221_18516,A543,1,,,,,,,,,,,,,,,,,,,,,,,,,,,,,{66},
EN300-53153050_47180,A543,1,,,,,,,,,,,,,,,,,,,,,,,,,,,,,{62},
EN300-60694_802,"A468,A543",2,,,,{77},,,,,,,,,,,,,,,,,,,,,,,,,{67},
EN300-370909_9475,"A468,A543",2,,,,{70},,,,,,,,,,,,,,,,,,,,,,,,,{60},
EN300-27736711_26161,"A468,A543",2,,,,{70},,,,,,,,,,,,,,,,,,,,,,,,,{60},
EN300-6504623_26100,"A468,A543",2,,,,{70},,,,,,,,,,,,,,,,,,,,,,,,,{60},
EN300-253525_7152,A543,1,,,,,,,,,,,,,,,,,,,,,,,,,,,,,{63},
EN300-51996384_36125,"A468,A543",2,,,,{75},,,,,,,,,,,,,,,,,,,,,,,,,{65},
EN300-322272_20641,A543,1,,,,,,,,,,,,,,,,,,,,,,,,,,,,,{67},
EN300-45604345_32226,"A468,A543",2,,,,{70},,,,,,,,,,,,,,,,,,,,,,,,,{60},
EN300-6492278_14737,"A468,A543",2,,,,{74},,,,,,,,,,,,,,,,,,,,,,,,,{64},
EN300-62823_42036,"A468,A543",2,,,,{74},,,,,,,,,,,,,,,,,,,,,,,,,{64},
EN300-52471974_44527,"A468,A543",2,,,,{84},,,,,,,,,,,,,,,,,,,,,,,,,{74},
EN300-7564167_23866,"A468,A543",2,,,,{75},,,,,,,,,,,,,,,,,,,,,,,,,{65},
EN300-2991226_36254,"A468,A543",2,,,,{72},,,,,,,,,,,,,,,,,,,,,,,,,{62},
EN300-27782160_27309,"A468,A543",2,,,,{68},,,,,,,,,,,,,,,,,,,,,,,,,{58},
EN300-6771994_13763,"A468,A543",2,,,,{70},,,,,,,,,,,,,,,,,,,,,,,,,{60},
EN300-26983696_19295,"A468,A543",2,,,,{65},,,,,,,,,,,,,,,,,,,,,,,,,{55},
EN300-101428_2108,"A468,A543",2,,,,{70},,,,,,,,,,,,,,,,,,,,,,,,,{60},
EN300-132712_19233,A543,1,,,,,,,,,,,,,,,,,,,,,,,,,,,,,{61},
EN300-88878_6659,"A468,A543",2,,,,{70},,,,,,,,,,,,,,,,,,,,,,,,,{59},
EN300-26621536_26510,"A468,A543",2,,,,{76},,,,,,,,,,,,,,,,,,,,,,,,,{66},
EN300-46734258_33583,A543,1,,,,,,,,,,,,,,,,,,,,,,,,,,,,,{60},
EN300-69783_2776,"A468,A543",2,,,,{70},,,,,,,,,,,,,,,,,,,,,,,,,{60},
EN300-7445533_18876,A543,1,,,,,,,,,,,,,,,,,,,,,,,,,,,,,{64},
EN300-120511_20854,"A468,A543",2,,,,{73},,,,,,,,,,,,,,,,,,,,,,,,,{63},
EN300-77847_6531,"A468,A543",2,,,,{74},,,,,,,,,,,,,,,,,,,,,,,,,{64},
EN300-7444439_29764,"A468,A543",2,,,,{70},,,,,,,,,,,,,,,,,,,,,,,,,{60},
EN300-32753271_47641,"A468,A543",2,,,,{74},,,,,,,,,,,,,,,,,,,,,,,,,{63},
EN300-7439283_19291,"A468,A543",2,,,,{70},,,,,,,,,,,,,,,,,,,,,,,,,{60},
EN300-1145535_27378,A543,1,,,,,,,,,,,,,,,,,,,,,,,,,,,,,{57},
EN300-7365899_13749,"A468,A543",2,,,,{67},,,,,,,,,,,,,,,,,,,,,,,,,{57},
EN300-46967769_34154,"A468,A543",2,,,,{68},,,,,,,,,,,,,,,,,,,,,,,,,{58},
EN300-2993667_14376,"A468,A543",2,,,,{74},,,,,,,,,,,,,,,,,,,,,,,,,{64},
EN300-71571_21245,"A468,A543",2,,,,{64},,,,,,,,,,,,,,,,,,,,,,,,,{1},
EN300-746257_16403,"A468,A543",2,,,,{76},,,,,,,,,,,,,,,,,,,,,,,,,{66},
EN300-255759_20775,A543,1,,,,,,,,,,,,,,,,,,,,,,,,,,,,,{57},
EN300-82527_31779,"A468,A543",2,,,,{70},,,,,,,,,,,,,,,,,,,,,,,,,{60},
EN300-393301_23070,"A468,A543",2,,,,{68},,,,,,,,,,,,,,,,,,,,,,,,,{58},
EN300-31817_22407,"A468,A543",2,,,,{75},,,,,,,,,,,,,,,,,,,,,,,,,{65},
EN300-127252_16809,"A468,A543",2,,,,{73},,,,,,,,,,,,,,,,,,,,,,,,,{63},
EN300-822182_11576,"A468,A543",2,,,,{70},,,,,,,,,,,,,,,,,,,,,,,,,{60},
EN300-706194_39671,"A468,A543",2,,,,{68},,,,,,,,,,,,,,,,,,,,,,,,,{1},
EN300-219065_5487,"A468,A543",2,,,,{71},,,,,,,,,,,,,,,,,,,,,,,,,{61},
EN300-134134_24358,"A468,A543",2,,,,{73},,,,,,,,,,,,,,,,,,,,,,,,,{62},
EN300-312384_23128,"A468,A543",2,,,,{77},,,,,,,,,,,,,,,,,,,,,,,,,{67},
EN300-51995817_36249,A543,1,,,,,,,,,,,,,,,,,,,,,,,,,,,,,{61},
EN300-53034_44279,A543,1,,,,,,,,,,,,,,,,,,,,,,,,,,,,,{64},
EN300-9174608_30198,"A468,A543",2,,,,{81},,,,,,,,,,,,,,,,,,,,,,,,,{71},
EN300-7493142_13481,"A468,A543",2,,,,{68},,,,,,,,,,,,,,,,,,,,,,,,,{58},
EN300-27101702_12927,A543,1,,,,,,,,,,,,,,,,,,,,,,,,,,,,,{65},
EN300-53288816_47173,"A468,A543",2,,,,{71},,,,,,,,,,,,,,,,,,,,,,,,,{61},
EN300-1718965_24105,A468,1,,,,{73},,,,,,,,,,,,,,,,,,,,,,,,,,
EN300-84305_1940,A543,1,,,,,,,,,,,,,,,,,,,,,,,,,,,,,{67},
EN300-2008285_29671,"A468,A543",2,,,,{71},,,,,,,,,,,,,,,,,,,,,,,,,{61},
EN300-229416_5809,"A468,A543",2,,,,{67},,,,,,,,,,,,,,,,,,,,,,,,,{57},
EN300-7000346_31140,"A468,A543",2,,,,{68},,,,,,,,,,,,,,,,,,,,,,,,,{58},
EN300-213161_29011,"A468,A543",2,,,,{74},,,,,,,,,,,,,,,,,,,,,,,,,{64},
EN300-26618109_18054,"A468,A543",2,,,,{69},,,,,,,,,,,,,,,,,,,,,,,,,{59},
EN300-1145541_42433,"A468,A543",2,,,,{64},,,,,,,,,,,,,,,,,,,,,,,,,{54},
EN300-4428838_18011,"A468,A543",2,,,,{68},,,,,,,,,,,,,,,,,,,,,,,,,{1},
EN300-207553_5372,"A468,A543",2,,,,{69},,,,,,,,,,,,,,,,,,,,,,,,,{59},
EN300-8376364_37937,A543,1,,,,,,,,,,,,,,,,,,,,,,,,,,,,,{62},
EN300-51995944_36400,"A468,A543",2,,,,{70},,,,,,,,,,,,,,,,,,,,,,,,,{60},
EN300-262827_7566,"A468,A543",2,,,,{73},,,,,,,,,,,,,,,,,,,,,,,,,{63},
EN300-7437317_17050,"A468,A543",2,,,,{71},,,,,,,,,,,,,,,,,,,,,,,,,{60},
EN300-46193378_15087,A543,1,,,,,,,,,,,,,,,,,,,,,,,,,,,,,{57},
EN300-1232201_22855,A543,1,,,,,,,,,,,,,,,,,,,,,,,,,,,,,{57},
EN300-114870_22343,"A468,A543",2,,,,{72},,,,,,,,,,,,,,,,,,,,,,,,,{62},
EN300-4357533_24448,"A468,A543",2,,,,{70},,,,,,,,,,,,,,,,,,,,,,,,,{60},
EN300-262818_7937,A543,1,,,,,,,,,,,,,,,,,,,,,,,,,,,,,{62},
EN300-804985_20868,"A468,A543",2,,,,{68},,,,,,,,,,,,,,,,,,,,,,,,,{58},
EN300-26618108_20049,A468,1,,,,{69},,,,,,,,,,,,,,,,,,,,,,,,,,
EN300-176523_4804,A543,1,,,,,,,,,,,,,,,,,,,,,,,,,,,,,{66},
EN300-90568_26739,"A468,A543",2,,,,{70},,,,,,,,,,,,,,,,,,,,,,,,,{60},
EN300-47250282_34228,"A468,A543",2,,,,{64},,,,,,,,,,,,,,,,,,,,,,,,,{54},
EN300-101486_2159,"A468,A543",2,,,,{71},,,,,,,,,,,,,,,,,,,,,,,,,{61},
EN300-7360578_27314,A543,1,,,,,,,,,,,,,,,,,,,,,,,,,,,,,{1},
EN300-53290620_46691,"A468,A543",2,,,,{76},,,,,,,,,,,,,,,,,,,,,,,,,{66},
EN300-46981647_36099,A543,1,,,,,,,,,,,,,,,,,,,,,,,,,,,,,{69},
EN300-53288283_47353,"A468,A543",2,,,,{67},,,,,,,,,,,,,,,,,,,,,,,,,{57},
EN300-116971_3640,"A468,A543",2,,,,{75},,,,,,,,,,,,,,,,,,,,,,,,,{65},
EN300-80135_29352,A543,1,,,,,,,,,,,,,,,,,,,,,,,,,,,,,{66},
EN300-264638_7670,"A468,A543",2,,,,{63},,,,,,,,,,,,,,,,,,,,,,,,,{53},
EN300-6733363_15979,"A468,A543",2,,,,{81},,,,,,,,,,,,,,,,,,,,,,,,,{71},
EN300-46734217_36107,"A468,A543",2,,,,{79},,,,,,,,,,,,,,,,,,,,,,,,,{69},
EN300-45749607_33113,"A468,A543",2,,,,{70},,,,,,,,,,,,,,,,,,,,,,,,,{60},
EN300-3140208_27402,"A468,A543",2,,,,{64},,,,,,,,,,,,,,,,,,,,,,,,,{54},
EN300-1692608_18414,"A468,A543",2,,,,{71},,,,,,,,,,,,,,,,,,,,,,,,,{61},
EN300-24480_19909,"A468,A543",2,,,,{72},,,,,,,,,,,,,,,,,,,,,,,,,{62},
EN300-53702221_48149,"A468,A543",2,,,,{69},,,,,,,,,,,,,,,,,,,,,,,,,{59},
EN300-37113912_14424,"A468,A543",2,,,,{66},,,,,,,,,,,,,,,,,,,,,,,,,"{56, 10}",
EN300-3165773_13286,"A468,A543",2,,,,{67},,,,,,,,,,,,,,,,,,,,,,,,,{57},
EN300-39677666_26084,A468,1,,,,{67},,,,,,,,,,,,,,,,,,,,,,,,,,
EN300-100768_2099,"A468,A543",2,,,,{70},,,,,,,,,,,,,,,,,,,,,,,,,{60},
EN300-200004_38866,A543,1,,,,,,,,,,,,,,,,,,,,,,,,,,,,,{64},
EN300-43379337_31424,"A468,A543",2,,,,{71},,,,,,,,,,,,,,,,,,,,,,,,,{61},
EN300-1706684_35141,"A468,A543",2,,,,{71},,,,,,,,,,,,,,,,,,,,,,,,,{61},
EN300-322344_19113,"A468,A543",2,,,,{70},,,,,,,,,,,,,,,,,,,,,,,,,{60},
EN300-27151162_24429,A543,1,,,,,,,,,,,,,,,,,,,,,,,,,,,,,{64},
EN300-102261_29336,"A468,A543",2,,,,{69},,,,,,,,,,,,,,,,,,,,,,,,,{12},
EN300-115268_39765,"A468,A543",2,,,,{65},,,,,,,,,,,,,,,,,,,,,,,,,{55},
EN300-77215_39776,A543,1,,,,,,,,,,,,,,,,,,,,,,,,,,,,,{63},
EN300-26682436_14464,"A468,A543",2,,,,{85},,,,,,,,,,,,,,,,,,,,,,,,,{75},
EN300-37451411_31861,"A468,A543",2,,,,{72},,,,,,,,,,,,,,,,,,,,,,,,,{62},
EN300-130308_10913,"A468,A543",2,,,,{63},,,,,,,,,,,,,,,,,,,,,,,,,{53},
EN300-297159_8020,"A468,A543",2,,,,{80},,,,,,,,,,,,,,,,,,,,,,,,,{70},
EN300-7542000_14325,A543,1,,,,,,,,,,,,,,,,,,,,,,,,,,,,,{64},
EN300-7134674_23799,"A468,A543",2,,,,{73},,,,,,,,,,,,,,,,,,,,,,,,,{63},
EN300-80135_29347,A543,1,,,,,,,,,,,,,,,,,,,,,,,,,,,,,{66},
EN300-36017_39864,"A468,A543",2,,,,{74},,,,,,,,,,,,,,,,,,,,,,,,,{64},
EN300-29764_254,"A468,A543",2,,,,{73},,,,,,,,,,,,,,,,,,,,,,,,,{63},
EN300-2009829_13848,"A468,A543",2,,,,{71},,,,,,,,,,,,,,,,,,,,,,,,,{61},
EN300-96167_20255,"A468,A543",2,,,,{68},,,,,,,,,,,,,,,,,,,,,,,,,{12},
EN300-27703607_17417,"A468,A543",2,,,,{70},,,,,,,,,,,,,,,,,,,,,,,,,{60},
EN300-22058201_41336,A543,1,,,,,,,,,,,,,,,,,,,,,,,,,,,,,{77},
EN300-2010425_10480,"A468,A543",2,,,,{84},,,,,,,,,,,,,,,,,,,,,,,,,{74},
EN300-6830276_26851,"A468,A543",2,,,,{68},,,,,,,,,,,,,,,,,,,,,,,,,{1},
EN300-191670_6192,"A468,A543",2,,,,{79},,,,,,,,,,,,,,,,,,,,,,,,,{69},
EN300-88878_6662,"A468,A486,A543",3,,,,{70},,,,,,{19},,,,,,,,,,,,,,,,,,,{59},
EN300-1450235_40672,A543,1,,,,,,,,,,,,,,,,,,,,,,,,,,,,,{58},
EN300-6766482_19981,A543,1,,,,,,,,,,,,,,,,,,,,,,,,,,,,,{62},
EN300-52471102_43563,"A468,A543",2,,,,{74},,,,,,,,,,,,,,,,,,,,,,,,,{64},
EN300-52473565_41856,"A468,A543",2,,,,{71},,,,,,,,,,,,,,,,,,,,,,,,,{61},
EN300-53261684_47484,A543,1,,,,,,,,,,,,,,,,,,,,,,,,,,,,,{60},
EN300-27081671_36326,A543,1,,,,,,,,,,,,,,,,,,,,,,,,,,,,,{65},
EN300-27113673_24705,A543,1,,,,,,,,,,,,,,,,,,,,,,,,,,,,,{63},
EN300-52945894_47274,A543,1,,,,,,,,,,,,,,,,,,,,,,,,,,,,,{53},
EN300-72473_2309,A543,1,,,,,,,,,,,,,,,,,,,,,,,,,,,,,{66},
EN300-243964_31672,A543,1,,,,,,,,,,,,,,,,,,,,,,,,,,,,,{57},
EN300-27114383_26914,"A468,A543",2,,,,{72},,,,,,,,,,,,,,,,,,,,,,,,,{62},
EN300-1699270_11833,"A468,A543",2,,,,{71},,,,,,,,,,,,,,,,,,,,,,,,,{61},
EN300-53289827_47194,A543,1,,,,,,,,,,,,,,,,,,,,,,,,,,,,,{61},
EN300-268947_45644,"A468,A543",2,,,,{77},,,,,,,,,,,,,,,,,,,,,,,,,{67},
EN300-51996298_36582,A543,1,,,,,,,,,,,,,,,,,,,,,,,,,,,,,{65},
EN300-317868_25229,"A468,A543",2,,,,{78},,,,,,,,,,,,,,,,,,,,,,,,,{68},
EN300-52219285_37641,A543,1,,,,,,,,,,,,,,,,,,,,,,,,,,,,,{1},
EN300-100801_13095,"A468,A543",2,,,,{65},,,,,,,,,,,,,,,,,,,,,,,,,{1},
EN300-52473807_41323,"A468,A543",2,,,,{75},,,,,,,,,,,,,,,,,,,,,,,,,{65},
EN300-176523_4803,"A468,A543",2,,,,{76},,,,,,,,,,,,,,,,,,,,,,,,,{66},
EN300-6488083_14692,"A468,A543",2,,,,{73},,,,,,,,,,,,,,,,,,,,,,,,,{63},
EN300-39671432_26114,A543,1,,,,,,,,,,,,,,,,,,,,,,,,,,,,,{60},
EN300-28328776_34771,"A468,A543",2,,,,{76},,,,,,,,,,,,,,,,,,,,,,,,,{66},
EN300-53289781_47203,"A468,A543",2,,,,{71},,,,,,,,,,,,,,,,,,,,,,,,,{61},
EN300-321770_8619,A543,1,,,,,,,,,,,,,,,,,,,,,,,,,,,,,{68},
EN300-27102376_35940,A543,1,,,,,,,,,,,,,,,,,,,,,,,,,,,,,{59},
EN300-46745375_33573,"A468,A543",2,,,,{86},,,,,,,,,,,,,,,,,,,,,,,,,{76},
EN300-370785_9957,"A468,A543",2,,,,{72},,,,,,,,,,,,,,,,,,,,,,,,,{62},
EN300-1692384_11595,"A468,A543",2,,,,{67},,,,,,,,,,,,,,,,,,,,,,,,,{1},
EN300-149019_24160,A543,1,,,,,,,,,,,,,,,,,,,,,,,,,,,,,{60},
EN300-52698174_44875,"A468,A543",2,,,,{68},,,,,,,,,,,,,,,,,,,,,,,,,{58},
EN300-7460249_20432,A543,1,,,,,,,,,,,,,,,,,,,,,,,,,,,,,{63},
EN300-51995816_43399,"A468,A543",2,,,,{76},,,,,,,,,,,,,,,,,,,,,,,,,{66},
EN300-380875_33273,"A468,A543",2,,,,{73},,,,,,,,,,,,,,,,,,,,,,,,,{63},
EN300-02336_22157,"A468,A543",2,,,,{80},,,,,,,,,,,,,,,,,,,,,,,,,{70},
EN300-37417814_12907,A543,1,,,,,,,,,,,,,,,,,,,,,,,,,,,,,{64},
EN300-262906_9086,"A468,A543",2,,,,{75},,,,,,,,,,,,,,,,,,,,,,,,,{65},
EN300-46767610_32864,"A468,A543",2,,,,{66},,,,,,,,,,,,,,,,,,,,,,,,,{56},
EN300-333274_23335,"A468,A543",2,,,,{68},,,,,,,,,,,,,,,,,,,,,,,,,{58},
EN300-51058_14588,"A468,A543",2,,,,{69},,,,,,,,,,,,,,,,,,,,,,,,,{59},
EN300-124909_3343,"A468,A543",2,,,,{72},,,,,,,,,,,,,,,,,,,,,,,,,{62},
EN300-45216410_31194,"A468,A543",2,,,,{73},,,,,,,,,,,,,,,,,,,,,,,,,{63},
EN300-332850_8493,"A468,A543",2,,,,{75},,,,,,,,,,,,,,,,,,,,,,,,,{65},
EN300-200004_38868,A543,1,,,,,,,,,,,,,,,,,,,,,,,,,,,,,{64},
EN300-33275324_44929,"A468,A543",2,,,,{84},,,,,,,,,,,,,,,,,,,,,,,,,{74},
EN300-367292_9215,A543,1,,,,,,,,,,,,,,,,,,,,,,,,,,,,,{66},
EN300-747273_9681,"A468,A543",2,,,,{69},,,,,,,,,,,,,,,,,,,,,,,,,{59},
EN300-7444717_20030,A543,1,,,,,,,,,,,,,,,,,,,,,,,,,,,,,{11},
EN300-2993667_14371,"A468,A543",2,,,,{74},,,,,,,,,,,,,,,,,,,,,,,,,{64},
EN300-52430464_40921,A543,1,,,,,,,,,,,,,,,,,,,,,,,,,,,,,{56},
EN300-39922287_30746,"A468,A543",2,,,,{70},,,,,,,,,,,,,,,,,,,,,,,,,{60},
EN300-366769_18895,A543,1,,,,,,,,,,,,,,,,,,,,,,,,,,,,,{56},
EN300-27692781_13772,A543,1,,,,,,,,,,,,,,,,,,,,,,,,,,,,,{60},
EN300-345555_28984,"A468,A543",2,,,,{66},,,,,,,,,,,,,,,,,,,,,,,,,{6},
EN300-26974812_18419,A543,1,,,,,,,,,,,,,,,,,,,,,,,,,,,,,{64},
EN300-52472006_44554,A543,1,,,,,,,,,,,,,,,,,,,,,,,,,,,,,{80},
EN300-88878_6661,"A468,A543",2,,,,{70},,,,,,,,,,,,,,,,,,,,,,,,,{59},
EN300-67201_22115,"A468,A543",2,,,,{84},,,,,,,,,,,,,,,,,,,,,,,,,{74},
EN300-7436604_33781,"A468,A543",2,,,,{71},,,,,,,,,,,,,,,,,,,,,,,,,{60},
EN300-256379_7339,A543,1,,,,,,,,,,,,,,,,,,,,,,,,,,,,,{80},
EN300-7505639_31975,"A468,A543",2,,,,{70},,,,,,,,,,,,,,,,,,,,,,,,,{60},
EN300-231520_5773,"A468,A543",2,,,,{77},,,,,,,,,,,,,,,,,,,,,,,,,{67},
EN300-46619217_33069,"A468,A543",2,,,,{70},,,,,,,,,,,,,,,,,,,,,,,,,{60},
EN300-225354_39628,A543,1,,,,,,,,,,,,,,,,,,,,,,,,,,,,,{57},
EN300-6488083_14693,"A468,A543",2,,,,{73},,,,,,,,,,,,,,,,,,,,,,,,,{63},
EN300-18977716_19280,A543,1,,,,,,,,,,,,,,,,,,,,,,,,,,,,,{64},
EN300-1601420_34760,"A468,A543",2,,,,{68},,,,,,,,,,,,,,,,,,,,,,,,,{58},
EN300-11077242_33387,"A468,A543",2,,,,{82},,,,,,,,,,,,,,,,,,,,,,,,,{72},
EN300-1723100_11854,"A468,A543",2,,,,{82},,,,,,,,,,,,,,,,,,,,,,,,,{72},
EN300-3008806_34136,"A468,A543",2,,,,{73},,,,,,,,,,,,,,,,,,,,,,,,,{63},
EN300-94146_20760,"A468,A543",2,,,,{76},,,,,,,,,,,,,,,,,,,,,,,,,{66},
EN300-1116928_39977,"A468,A543",2,,,,{72},,,,,,,,,,,,,,,,,,,,,,,,,{62},
EN300-13154_2933,"A468,A543",2,,,,{82},,,,,,,,,,,,,,,,,,,,,,,,,{72},
EN300-5637326_26004,"A468,A543",2,,,,{73},,,,,,,,,,,,,,,,,,,,,,,,,{63},
EN300-6762628_23675,"A468,A543",2,,,,{70},,,,,,,,,,,,,,,,,,,,,,,,,{3},
EN300-27853_272,"A468,A543",2,,,,{67},,,,,,,,,,,,,,,,,,,,,,,,,{57},
EN300-204143_5020,"A468,A543",2,,,,{71},,,,,,,,,,,,,,,,,,,,,,,,,{61},
EN300-180847_20976,A543,1,,,,,,,,,,,,,,,,,,,,,,,,,,,,,{67},
EN300-220060_39924,"A468,A543",2,,,,{77},,,,,,,,,,,,,,,,,,,,,,,,,{67},
EN300-297710_7878,A543,1,,,,,,,,,,,,,,,,,,,,,,,,,,,,,{67},
EN300-51015_19573,"A468,A543",2,,,,{73},,,,,,,,,,,,,,,,,,,,,,,,,{63},
EN300-247205_38492,"A468,A543",2,,,,{71},,,,,,,,,,,,,,,,,,,,,,,,,{61},
EN300-6758891_29619,"A468,A543",2,,,,{69},,,,,,,,,,,,,,,,,,,,,,,,,{1},
EN300-86154_39044,A543,1,,,,,,,,,,,,,,,,,,,,,,,,,,,,,{58},
EN300-8936464_47002,A543,1,,,,,,,,,,,,,,,,,,,,,,,,,,,,,{60},
EN300-159920_29799,"A468,A543",2,,,,{77},,,,,,,,,,,,,,,,,,,,,,,,,{67},
EN300-19325598_35200,"A468,A543",2,,,,{71},,,,,,,,,,,,,,,,,,,,,,,,,{61},
EN300-221111_5519,A543,1,,,,,,,,,,,,,,,,,,,,,,,,,,,,,{55},
EN300-1610772_33908,A543,1,,,,,,,,,,,,,,,,,,,,,,,,,,,,,{63},
EN300-3012187_44866,"A468,A543",2,,,,{79},,,,,,,,,,,,,,,,,,,,,,,,,{69},
EN300-1168228_14638,"A468,A543",2,,,,{74},,,,,,,,,,,,,,,,,,,,,,,,,"{64, 1}",
EN300-100006_2136,A543,1,,,,,,,,,,,,,,,,,,,,,,,,,,,,,{54},
EN300-19046_9127,"A468,A543",2,,,,{67},,,,,,,,,,,,,,,,,,,,,,,,,{57},
EN300-51996064_37184,A543,1,,,,,,,,,,,,,,,,,,,,,,,,,,,,,{59},
EN300-717662_20302,"A468,A543",2,,,,{71},,,,,,,,,,,,,,,,,,,,,,,,,{61},
EN300-51995415_37265,"A468,A543",2,,,,{69},,,,,,,,,,,,,,,,,,,,,,,,,{1},
EN300-94146_20758,"A468,A543",2,,,,{76},,,,,,,,,,,,,,,,,,,,,,,,,{66},
EN300-53287219_46689,"A468,A543",2,,,,{76},,,,,,,,,,,,,,,,,,,,,,,,,{66},
EN300-26983354_14926,A543,1,,,,,,,,,,,,,,,,,,,,,,,,,,,,,"{1, 61}",
EN300-75219_13084,"A468,A543",2,,,,{73},,,,,,,,,,,,,,,,,,,,,,,,,{63},
EN300-7364852_48729,A543,1,,,,,,,,,,,,,,,,,,,,,,,,,,,,,{64},
EN300-26618108_20050,,0,,,,,,,,,,,,,,,,,,,,,,,,,,,,,,
EN300-136865_16951,"A468,A543",2,,,,{64},,,,,,,,,,,,,,,,,,,,,,,,,{54},
EN300-45216419_43143,A543,1,,,,,,,,,,,,,,,,,,,,,,,,,,,,,{69},
EN300-59145_6676,"A468,A543",2,,,,{70},,,,,,,,,,,,,,,,,,,,,,,,,{60},
EN300-297645_25301,"A468,A543",2,,,,{74},,,,,,,,,,,,,,,,,,,,,,,,,{64},
EN300-51995878_35827,"A468,A543",2,,,,{72},,,,,,,,,,,,,,,,,,,,,,,,,{62},
EN300-1695809_16174,"A468,A543",2,,,,{73},,,,,,,,,,,,,,,,,,,,,,,,,{11},
EN300-39924073_30694,"A468,A543",2,,,,{68},,,,,,,,,,,,,,,,,,,,,,,,,{58},
EN300-7813918_46989,"A468,A543",2,,,,{71},,,,,,,,,,,,,,,,,,,,,,,,,{61},
EN300-220454_5461,A543,1,,,,,,,,,,,,,,,,,,,,,,,,,,,,,{59},
EN300-45580_5997,A468,1,,,,{69},,,,,,,,,,,,,,,,,,,,,,,,,,
EN300-229408_5797,A543,1,,,,,,,,,,,,,,,,,,,,,,,,,,,,,"{10, 61}",
EN300-27780154_26645,"A468,A543",2,,,,{67},,,,,,,,,,,,,,,,,,,,,,,,,{57},
EN300-345999_39834,A543,1,,,,,,,,,,,,,,,,,,,,,,,,,,,,,{63},
EN300-7445115_13748,A543,1,,,,,,,,,,,,,,,,,,,,,,,,,,,,,{58},
EN300-187055_13774,A543,1,,,,,,,,,,,,,,,,,,,,,,,,,,,,,{60},
EN300-116793_3351,A543,1,,,,,,,,,,,,,,,,,,,,,,,,,,,,,{64},
EN300-126700_3507,"A468,A543",2,,,,{72},,,,,,,,,,,,,,,,,,,,,,,,,{62},
EN300-1601106_12980,A543,1,,,,,,,,,,,,,,,,,,,,,,,,,,,,,{61},
EN300-6739879_29922,"A468,A543",2,,,,{72},,,,,,,,,,,,,,,,,,,,,,,,,{62},
EN300-54200_22534,A543,1,,,,,,,,,,,,,,,,,,,,,,,,,,,,,{66},
EN300-338847_19455,"A468,A543",2,,,,{71},,,,,,,,,,,,,,,,,,,,,,,,,{61},
EN300-7463483_13471,"A468,A543",2,,,,{68},,,,,,,,,,,,,,,,,,,,,,,,,{58},
EN300-181487_45970,"A468,A543",2,,,,{76},,,,,,,,,,,,,,,,,,,,,,,,,{66},
EN300-47291141_34630,A543,1,,,,,,,,,,,,,,,,,,,,,,,,,,,,,{57},
EN300-08574_207,"A468,A486,A543",3,,,,{90},,,,,,{16},,,,,,,,,,,,,,,,,,,{14},
EN300-6481796_13313,"A468,A543",2,,,,{69},,,,,,,,,,,,,,,,,,,,,,,,,{59},
EN300-1172642_26445,"A468,A543",2,,,,{67},,,,,,,,,,,,,,,,,,,,,,,,,{57},
EN300-266400_7629,A543,1,,,,,,,,,,,,,,,,,,,,,,,,,,,,,{63},
EN300-1719426_42547,A543,1,,,,,,,,,,,,,,,,,,,,,,,,,,,,,{60},
EN300-178721_4615,A543,1,,,,,,,,,,,,,,,,,,,,,,,,,,,,,{61},
EN300-6758891_29620,"A468,A543",2,,,,{69},,,,,,,,,,,,,,,,,,,,,,,,,{59},
EN300-135410_21874,"A468,A543",2,,,,{67},,,,,,,,,,,,,,,,,,,,,,,,,{57},
EN300-46767619_33413,A543,1,,,,,,,,,,,,,,,,,,,,,,,,,,,,,{57},
EN300-310563_25159,A543,1,,,,,,,,,,,,,,,,,,,,,,,,,,,,,{57},
EN300-42439_493,"A468,A543",2,,,,{84},,,,,,,,,,,,,,,,,,,,,,,,,{74},
EN300-45954159_21440,"A468,A543",2,,,,{70},,,,,,,,,,,,,,,,,,,,,,,,,{60},
EN300-46614925_33000,A543,1,,,,,,,,,,,,,,,,,,,,,,,,,,,,,{59},
EN300-7462469_16336,"A468,A543",2,,,,{72},,,,,,,,,,,,,,,,,,,,,,,,,{62},
EN300-249192_6688,"A468,A543",2,,,,{67},,,,,,,,,,,,,,,,,,,,,,,,,{57},
EN300-28682105_27452,A543,1,,,,,,,,,,,,,,,,,,,,,,,,,,,,,{62},
EN300-2210419_44742,"A468,A543",2,,,,{80},,,,,,,,,,,,,,,,,,,,,,,,,{70},
EN300-33036549_44687,A543,1,,,,,,,,,,,,,,,,,,,,,,,,,,,,,{70},
EN300-1587238_42701,A543,1,,,,,,,,,,,,,,,,,,,,,,,,,,,,,{60},
EN300-19003942_27704,"A468,A543",2,,,,{81},,,,,,,,,,,,,,,,,,,,,,,,,{71},
EN300-11370914_48429,"A468,A543",2,,,,{75},,,,,,,,,,,,,,,,,,,,,,,,,{65},
EN300-263978_7603,A543,1,,,,,,,,,,,,,,,,,,,,,,,,,,,,,{67},
EN300-110343_2463,A543,1,,,,,,,,,,,,,,,,,,,,,,,,,,,,,{61},
EN300-27081671_36320,"A468,A486,A543",3,,,,{75},,,,,,{13},,,,,,,,,,,,,,,,,,,{65},
EN300-56974_28369,"A468,A543",2,,,,{86},,,,,,,,,,,,,,,,,,,,,,,,,{76},
EN300-27689201_25088,A543,1,,,,,,,,,,,,,,,,,,,,,,,,,,,,,{55},
EN300-1697880_36054,A543,1,,,,,,,,,,,,,,,,,,,,,,,,,,,,,{60},
EN300-27695689_25806,A543,1,,,,,,,,,,,,,,,,,,,,,,,,,,,,,{65},
EN300-7492710_14036,"A468,A543",2,,,,{73},,,,,,,,,,,,,,,,,,,,,,,,,{63},
EN300-200511_6261,"A468,A543",2,,,,{71},,,,,,,,,,,,,,,,,,,,,,,,,{2},
EN300-224808_5881,"A468,A543",2,,,,{73},,,,,,,,,,,,,,,,,,,,,,,,,{63},
EN300-6729057_15229,"A468,A543",2,,,,{76},,,,,,,,,,,,,,,,,,,,,,,,,{66},
EN300-87094_16150,A543,1,,,,,,,,,,,,,,,,,,,,,,,,,,,,,{65},
EN300-36599751_13808,A543,1,,,,,,,,,,,,,,,,,,,,,,,,,,,,,{60},
EN300-6474532_13923,A543,1,,,,,,,,,,,,,,,,,,,,,,,,,,,,,{63},
EN300-52501263_46200,"A468,A543",2,,,,{71},,,,,,,,,,,,,,,,,,,,,,,,,{61},
EN300-214714_29950,"A468,A543",2,,,,{70},,,,,,,,,,,,,,,,,,,,,,,,,{60},
LN04595704_6955,"A468,A543",2,,,,{75},,,,,,,,,,,,,,,,,,,,,,,,,{65},
LN00123762_2488,"A468,A543",2,,,,{74},,,,,,,,,,,,,,,,,,,,,,,,,{64},
LN02042311_6084,"A468,A543",2,,,,{78},,,,,,,,,,,,,,,,,,,,,,,,,{68},
LN00070551_1024,"A468,A543",2,,,,{78},,,,,,,,,,,,,,,,,,,,,,,,,{68},
LN00169019_2545,"A468,A543",2,,,,{68},,,,,,,,,,,,,,,,,,,,,,,,,{58},
LN02166309_3370,"A468,A543",2,,,,{69},,,,,,,,,,,,,,,,,,,,,,,,,{59},
LN01242627_6783,"A468,A543",2,,,,{77},,,,,,,,,,,,,,,,,,,,,,,,,{67},
LN00245063_5310,"A468,A543",2,,,,{78},,,,,,,,,,,,,,,,,,,,,,,,,{68},
LN05424737_1356,"A468,A543",2,,,,{82},,,,,,,,,,,,,,,,,,,,,,,,,{72},
LN05429808_1371,"A468,A543",2,,,,{74},,,,,,,,,,,,,,,,,,,,,,,,,{64},
LN00220798_3771,"A468,A543",2,,,,{78},,,,,,,,,,,,,,,,,,,,,,,,,{68},
LN05448660_427,"A468,A543",2,,,,{68},,,,,,,,,,,,,,,,,,,,,,,,,{58},
LN01343093_640,"A468,A543",2,,,,{78},,,,,,,,,,,,,,,,,,,,,,,,,{68},
LN05456065_4775,"A468,A543",2,,,,{71},,,,,,,,,,,,,,,,,,,,,,,,,{61},
LN00204150_6709,"A468,A543",2,,,,{85},,,,,,,,,,,,,,,,,,,,,,,,,{75},
LN04680672_3161,"A468,A543",2,,,,{77},,,,,,,,,,,,,,,,,,,,,,,,,{67},
LN05458659_5401,"A468,A543",2,,,,{67},,,,,,,,,,,,,,,,,,,,,,,,,{57},
LN00170390_3853,"A468,A543",2,,,,{70},,,,,,,,,,,,,,,,,,,,,,,,,{60},
LN03249292_389,"A468,A543",2,,,,{67},,,,,,,,,,,,,,,,,,,,,,,,,{57},
LN02166309_3369,"A468,A543",2,,,,{69},,,,,,,,,,,,,,,,,,,,,,,,,{59},
LN02043028_6851,"A468,A486,A543",3,,,,{67},,,,,,{17},,,,,,,,,,,,,,,,,,,{57},
LN02131776_4131,"A468,A543",2,,,,{77},,,,,,,,,,,,,,,,,,,,,,,,,{67},
LN00226711_5877,"A468,A543",2,,,,{67},,,,,,,,,,,,,,,,,,,,,,,,,{57},
LN00171371_6820,"A468,A543",2,,,,{68},,,,,,,,,,,,,,,,,,,,,,,,,{58},
LN04659888_1451,"A468,A543",2,,,,{69},,,,,,,,,,,,,,,,,,,,,,,,,{59},
LN00390465_6451,"A468,A543",2,,,,{70},,,,,,,,,,,,,,,,,,,,,,,,,{60},
LN00214111_6780,"A468,A543",2,,,,{67},,,,,,,,,,,,,,,,,,,,,,,,,{57},
LN00006856_4726,"A468,A543",2,,,,{77},,,,,,,,,,,,,,,,,,,,,,,,,{67},
LN01806995_2438,"A468,A543",2,,,,{65},,,,,,,,,,,,,,,,,,,,,,,,,{55},
LN03227352_4581,"A468,A488,A543",3,,,,{71},,,,,,,,,,{13},,,,,,,,,,,,,,,{61},
LN00230189_2137,"A468,A543",2,,,,{68},,,,,,,,,,,,,,,,,,,,,,,,,{58},
LN05447391_5526,"A468,A543",2,,,,{65},,,,,,,,,,,,,,,,,,,,,,,,,{12},
LN00203972_7524,"A468,A543",2,,,,{80},,,,,,,,,,,,,,,,,,,,,,,,,{70},
LN05089848_9,"A468,A543",2,,,,{70},,,,,,,,,,,,,,,,,,,,,,,,,{60},
LN02190435_1087,"A468,A543",2,,,,{73},,,,,,,,,,,,,,,,,,,,,,,,,{63},
LN05420719_989,"A468,A543",2,,,,{63},,,,,,,,,,,,,,,,,,,,,,,,,{53},
LN02039042_6665,"A468,A543",2,,,,{70},,,,,,,,,,,,,,,,,,,,,,,,,{60},
LN00171060_1694,"A468,A543",2,,,,{71},,,,,,,,,,,,,,,,,,,,,,,,,{61},
LN05341287_7389,"A468,A543",2,,,,{70},,,,,,,,,,,,,,,,,,,,,,,,,{60},
LN01361134_3222,"A468,A543",2,,,,{67},,,,,,,,,,,,,,,,,,,,,,,,,{57},
LN05447663_1562,"A468,A543",2,,,,{77},,,,,,,,,,,,,,,,,,,,,,,,,{67},
LN05370663_90,"A468,A543",2,,,,{77},,,,,,,,,,,,,,,,,,,,,,,,,{67},
LN01096145_3143,"A468,A543",2,,,,{71},,,,,,,,,,,,,,,,,,,,,,,,,{61},
LN05359347_163,"A468,A543",2,,,,{65},,,,,,,,,,,,,,,,,,,,,,,,,{55},
LN04680672_3160,"A468,A543",2,,,,{77},,,,,,,,,,,,,,,,,,,,,,,,,{67},
LN06111982_263,"A468,A543",2,,,,{72},,,,,,,,,,,,,,,,,,,,,,,,,{62},
LN04738827_343,"A468,A543",2,,,,{67},,,,,,,,,,,,,,,,,,,,,,,,,{57},
LN01277019_1490,"A468,A543",2,,,,{67},,,,,,,,,,,,,,,,,,,,,,,,,{57},
LN01533296_7547,"A468,A543",2,,,,{70},,,,,,,,,,,,,,,,,,,,,,,,,{60},
LN06129736_6383,"A468,A543",2,,,,{77},,,,,,,,,,,,,,,,,,,,,,,,,{67},
LN01244144_3121,"A468,A543",2,,,,{83},,,,,,,,,,,,,,,,,,,,,,,,,{73},
LN00335358_2448,"A468,A543",2,,,,{67},,,,,,,,,,,,,,,,,,,,,,,,,{57},
LN01275680_4892,"A468,A543",2,,,,{67},,,,,,,,,,,,,,,,,,,,,,,,,{57},
LN01359009_3194,"A468,A543",2,,,,{72},,,,,,,,,,,,,,,,,,,,,,,,,{62},
LN05361271_6151,"A468,A543",2,,,,{70},,,,,,,,,,,,,,,,,,,,,,,,,{60},
LN05488204_2350,"A468,A543",2,,,,{70},,,,,,,,,,,,,,,,,,,,,,,,,{60},
LN04964007_5309,"A468,A543",2,,,,{67},,,,,,,,,,,,,,,,,,,,,,,,,{57},
LN00007438_1554,"A468,A543",2,,,,{67},,,,,,,,,,,,,,,,,,,,,,,,,{57},
LN00002081_1773,"A468,A543",2,,,,{70},,,,,,,,,,,,,,,,,,,,,,,,,{60},
LN00171555_1945,"A468,A543",2,,,,{74},,,,,,,,,,,,,,,,,,,,,,,,,{64},
LN05360614_3289,"A468,A543",2,,,,{70},,,,,,,,,,,,,,,,,,,,,,,,,{60},
LN00233507_1061,"A468,A543",2,,,,{68},,,,,,,,,,,,,,,,,,,,,,,,,{58},
LN06416044_1080,"A468,A543",2,,,,{67},,,,,,,,,,,,,,,,,,,,,,,,,{57},
LN01278910_1654,"A468,A543",2,,,,{75},,,,,,,,,,,,,,,,,,,,,,,,,{65},
LN02027263_6194,"A468,A543",2,,,,{68},,,,,,,,,,,,,,,,,,,,,,,,,{58},
LN00175741_1779,"A468,A543",2,,,,{64},,,,,,,,,,,,,,,,,,,,,,,,,{54},
LN00338120_3748,"A468,A543",2,,,,{64},,,,,,,,,,,,,,,,,,,,,,,,,{54},
LN00007583_1228,"A468,A543",2,,,,{64},,,,,,,,,,,,,,,,,,,,,,,,,{54},
LN00236914_5673,"A468,A543",2,,,,{71},,,,,,,,,,,,,,,,,,,,,,,,,{61},
LN00170716_5980,"A468,A543",2,,,,{64},,,,,,,,,,,,,,,,,,,,,,,,,{54},
LN00214841_4538,"A468,A543",2,,,,{73},,,,,,,,,,,,,,,,,,,,,,,,,{63},
LN00169412_7276,"A468,A543",2,,,,{65},,,,,,,,,,,,,,,,,,,,,,,,,{55},
LN00171854_3221,"A468,A543",2,,,,{77},,,,,,,,,,,,,,,,,,,,,,,,,{67},
LN06647439_6841,"A468,A543",2,,,,{63},,,,,,,,,,,,,,,,,,,,,,,,,{53},
LN04978679_4918,"A468,A543",2,,,,{64},,,,,,,,,,,,,,,,,,,,,,,,,{54},
LN00006479_40,"A468,A543",2,,,,{67},,,,,,,,,,,,,,,,,,,,,,,,,{57},
LN00215167_818,"A468,A543",2,,,,{71},,,,,,,,,,,,,,,,,,,,,,,,,{61},
LN05373645_3652,"A468,A543",2,,,,{66},,,,,,,,,,,,,,,,,,,,,,,,,{56},
LN05337332_5895,"A468,A543",2,,,,{67},,,,,,,,,,,,,,,,,,,,,,,,,{57},
LN03249021_4070,"A468,A543",2,,,,{70},,,,,,,,,,,,,,,,,,,,,,,,,{60},
LN05374945_6796,"A468,A543",2,,,,{69},,,,,,,,,,,,,,,,,,,,,,,,,{59},
LN00233180_3781,"A468,A543",2,,,,{67},,,,,,,,,,,,,,,,,,,,,,,,,{57},
LN02191385_3578,A543,1,,,,,,,,,,,,,,,,,,,,,,,,,,,,,{61},
LN00215167_825,"A468,A543",2,,,,{71},,,,,,,,,,,,,,,,,,,,,,,,,{61},
LN00303322_2199,"A468,A543",2,,,,{73},,,,,,,,,,,,,,,,,,,,,,,,,{63},
LN02153993_3894,"A468,A543",2,,,,{68},,,,,,,,,,,,,,,,,,,,,,,,,{58},
LN04547475_7603,"A468,A543",2,,,,{70},,,,,,,,,,,,,,,,,,,,,,,,,{60},
LN05355987_3925,"A468,A543",2,,,,{66},,,,,,,,,,,,,,,,,,,,,,,,,{56},
LN00229417_2661,"A468,A543",2,,,,{66},,,,,,,,,,,,,,,,,,,,,,,,,{56},
LN04673921_6808,"A468,A543",2,,,,{77},,,,,,,,,,,,,,,,,,,,,,,,,{67},
LN04812242_2192,"A468,A543",2,,,,{67},,,,,,,,,,,,,,,,,,,,,,,,,{57},
LN00169819_3837,"A468,A543",2,,,,{69},,,,,,,,,,,,,,,,,,,,,,,,,{59},
LN00006751_217,"A468,A543",2,,,,{72},,,,,,,,,,,,,,,,,,,,,,,,,{62},
LN06416044_1081,"A468,A543",2,,,,{67},,,,,,,,,,,,,,,,,,,,,,,,,{57},
LN06127563_1269,"A468,A543",2,,,,{64},,,,,,,,,,,,,,,,,,,,,,,,,{54},
LN00216353_4941,"A468,A543",2,,,,{68},,,,,,,,,,,,,,,,,,,,,,,,,{58},
LN00219977_3969,"A468,A543",2,,,,{67},,,,,,,,,,,,,,,,,,,,,,,,,{57},
LN05374606_7047,"A468,A543",2,,,,{63},,,,,,,,,,,,,,,,,,,,,,,,,{53},
LN04611795_6932,"A468,A543",2,,,,{65},,,,,,,,,,,,,,,,,,,,,,,,,{13},
LN00246105_3297,"A468,A543",2,,,,{68},,,,,,,,,,,,,,,,,,,,,,,,,{58},
LN00336976_1470,"A468,A543",2,,,,{66},,,,,,,,,,,,,,,,,,,,,,,,,{56},
LN00232036_4096,"A468,A543",2,,,,{75},,,,,,,,,,,,,,,,,,,,,,,,,{65},
LN02027262_1563,"A468,A543",2,,,,{68},,,,,,,,,,,,,,,,,,,,,,,,,{58},
LN05429756_4736,"A468,A543",2,,,,{71},,,,,,,,,,,,,,,,,,,,,,,,,{61},
LN04952707_153,"A468,A543",2,,,,{69},,,,,,,,,,,,,,,,,,,,,,,,,{59},
LN02168833_1402,"A468,A543",2,,,,{76},,,,,,,,,,,,,,,,,,,,,,,,,{66},
LN00169443_1581,"A468,A543",2,,,,{66},,,,,,,,,,,,,,,,,,,,,,,,,{56},
LN01359010_1923,"A468,A543",2,,,,{72},,,,,,,,,,,,,,,,,,,,,,,,,{62},
LN00001583_2239,"A468,A543",2,,,,{70},,,,,,,,,,,,,,,,,,,,,,,,,{60},
LN03252844_3990,"A468,A543",2,,,,{64},,,,,,,,,,,,,,,,,,,,,,,,,{54},
LN00001082_6793,"A468,A543",2,,,,{70},,,,,,,,,,,,,,,,,,,,,,,,,{60},
LN02151975_5530,"A468,A543",2,,,,{64},,,,,,,,,,,,,,,,,,,,,,,,,{54},
LN00004212_1101,"A468,A543",2,,,,{65},,,,,,,,,,,,,,,,,,,,,,,,,{55},
LN01365171_1771,"A468,A543",2,,,,{70},,,,,,,,,,,,,,,,,,,,,,,,,{60},
LN04705839_254,"A468,A543",2,,,,{67},,,,,,,,,,,,,,,,,,,,,,,,,{57},
LN00169317_5447,"A468,A543",2,,,,{67},,,,,,,,,,,,,,,,,,,,,,,,,{57},
LN01314864_7617,"A468,A543",2,,,,{65},,,,,,,,,,,,,,,,,,,,,,,,,{55},
LN01867694_5199,A543,1,,,,,,,,,,,,,,,,,,,,,,,,,,,,,{57},
LN01363086_670,"A468,A543",2,,,,{80},,,,,,,,,,,,,,,,,,,,,,,,,{70},
LN06117215_1412,"A468,A543",2,,,,{75},,,,,,,,,,,,,,,,,,,,,,,,,{65},
LN04957926_6807,"A468,A543",2,,,,{64},,,,,,,,,,,,,,,,,,,,,,,,,{54},
LN05353186_5577,"A468,A543",2,,,,{67},,,,,,,,,,,,,,,,,,,,,,,,,{57},
LN00001091_2426,"A468,A543",2,,,,{71},,,,,,,,,,,,,,,,,,,,,,,,,{61},
LN00176393_3195,"A468,A543",2,,,,{74},,,,,,,,,,,,,,,,,,,,,,,,,{64},
LN03245967_7411,"A468,A543",2,,,,{65},,,,,,,,,,,,,,,,,,,,,,,,,{55},
LN01796600_5381,"A468,A543",2,,,,{66},,,,,,,,,,,,,,,,,,,,,,,,,{56},
LN00315260_1915,"A468,A543",2,,,,{64},,,,,,,,,,,,,,,,,,,,,,,,,{54},
LN00175697_3933,"A468,A543",2,,,,{75},,,,,,,,,,,,,,,,,,,,,,,,,{65},
LN00159756_1939,"A468,A543",2,,,,{69},,,,,,,,,,,,,,,,,,,,,,,,,{59},
LN05425304_1850,"A468,A543",2,,,,{78},,,,,,,,,,,,,,,,,,,,,,,,,{68},
LN02011545_1944,"A468,A543",2,,,,{63},,,,,,,,,,,,,,,,,,,,,,,,,{53},
LN05448262_439,"A468,A543",2,,,,{71},,,,,,,,,,,,,,,,,,,,,,,,,{61},
LN05428407_7477,"A468,A543",2,,,,{67},,,,,,,,,,,,,,,,,,,,,,,,,{57},
LN01258417_1752,"A468,A543",2,,,,{65},,,,,,,,,,,,,,,,,,,,,,,,,{12},
LN04977922_4690,"A468,A543",2,,,,{71},,,,,,,,,,,,,,,,,,,,,,,,,{61},
LN00130963_3879,"A468,A543",2,,,,{80},,,,,,,,,,,,,,,,,,,,,,,,,{70},
LN01323823_7106,"A468,A543",2,,,,{69},,,,,,,,,,,,,,,,,,,,,,,,,{59},
LN01308339_6997,"A468,A543",2,,,,{71},,,,,,,,,,,,,,,,,,,,,,,,,{61},
LN05375703_1384,"A468,A543",2,,,,{71},,,,,,,,,,,,,,,,,,,,,,,,,{61},
LN02223216_2646,"A468,A543",2,,,,{63},,,,,,,,,,,,,,,,,,,,,,,,,{53},
LN00007045_692,"A468,A543",2,,,,{70},,,,,,,,,,,,,,,,,,,,,,,,,{60},
LN00233507_1060,"A468,A543",2,,,,{68},,,,,,,,,,,,,,,,,,,,,,,,,{58},
LN04630638_1268,A543,1,,,,,,,,,,,,,,,,,,,,,,,,,,,,,{57},
LN06134039_4226,"A468,A543",2,,,,{64},,,,,,,,,,,,,,,,,,,,,,,,,{54},
LN02020563_135,"A468,A543",2,,,,{68},,,,,,,,,,,,,,,,,,,,,,,,,{58},
LN00174732_5005,"A468,A543",2,,,,{67},,,,,,,,,,,,,,,,,,,,,,,,,{57},
LN05447663_1561,"A468,A543",2,,,,{77},,,,,,,,,,,,,,,,,,,,,,,,,{67},
LN06117377_6267,"A468,A543",2,,,,{65},,,,,,,,,,,,,,,,,,,,,,,,,{12},
LN00174920_2732,"A468,A543",2,,,,{70},,,,,,,,,,,,,,,,,,,,,,,,,{60},
LN05458553_5368,"A468,A486,A543",3,,,,{71},,,,,,{13},,,,,,,,,,,,,,,,,,,{61},
LN05420147_786,"A468,A543",2,,,,{67},,,,,,,,,,,,,,,,,,,,,,,,,{57},
LN04737821_2553,"A468,A543",2,,,,{70},,,,,,,,,,,,,,,,,,,,,,,,,{60},
LN01357161_4952,"A468,A543",2,,,,{75},,,,,,,,,,,,,,,,,,,,,,,,,{65},
LN04976964_2341,"A468,A543",2,,,,{67},,,,,,,,,,,,,,,,,,,,,,,,,{57},
LN04948809_2182,"A468,A543",2,,,,{68},,,,,,,,,,,,,,,,,,,,,,,,,{58},
LN06585577_723,"A468,A543",2,,,,{70},,,,,,,,,,,,,,,,,,,,,,,,,{60},
LN05376018_1209,"A468,A543",2,,,,{66},,,,,,,,,,,,,,,,,,,,,,,,,{56},
LN00338988_3000,"A468,A543",2,,,,{67},,,,,,,,,,,,,,,,,,,,,,,,,{57},
LN02178188_3017,"A468,A543",2,,,,{72},,,,,,,,,,,,,,,,,,,,,,,,,{62},
LN03273403_158,"A468,A543",2,,,,{65},,,,,,,,,,,,,,,,,,,,,,,,,{55},
LN01365429_7082,"A468,A543",2,,,,{71},,,,,,,,,,,,,,,,,,,,,,,,,{61},
LN00121738_787,"A468,A543",2,,,,{81},,,,,,,,,,,,,,,,,,,,,,,,,{71},
LN00304804_1363,"A468,A543",2,,,,{79},,,,,,,,,,,,,,,,,,,,,,,,,{69},
LN01533296_7548,"A468,A543",2,,,,{70},,,,,,,,,,,,,,,,,,,,,,,,,{60},
LN00215007_3954,"A468,A543",2,,,,{65},,,,,,,,,,,,,,,,,,,,,,,,,{55},
LN00246134_1802,"A468,A543",2,,,,{69},,,,,,,,,,,,,,,,,,,,,,,,,{59},
LN00220081_5041,"A468,A543",2,,,,{63},,,,,,,,,,,,,,,,,,,,,,,,,{53},
LN01331319_6448,"A468,A543",2,,,,{67},,,,,,,,,,,,,,,,,,,,,,,,,{57},
LN06129504_4926,"A468,A543",2,,,,{70},,,,,,,,,,,,,,,,,,,,,,,,,{60},
LN05619702_5358,"A468,A543",2,,,,{70},,,,,,,,,,,,,,,,,,,,,,,,,{60},
LN00339040_6382,"A468,A543",2,,,,{68},,,,,,,,,,,,,,,,,,,,,,,,,{58},
LN01364008_2042,"A468,A543",2,,,,{68},,,,,,,,,,,,,,,,,,,,,,,,,{58},
LN00337577_7375,A543,1,,,,,,,,,,,,,,,,,,,,,,,,,,,,,{54},
LN00307962_6700,"A468,A543",2,,,,{64},,,,,,,,,,,,,,,,,,,,,,,,,{54},
LN01363692_3930,"A468,A543",2,,,,{65},,,,,,,,,,,,,,,,,,,,,,,,,{55},
LN02123916_7143,"A468,A543",2,,,,{64},,,,,,,,,,,,,,,,,,,,,,,,,{54},
LN01967780_6536,"A468,A543",2,,,,{80},,,,,,,,,,,,,,,,,,,,,,,,,{70},
LN00185746_5002,"A468,A543",2,,,,{73},,,,,,,,,,,,,,,,,,,,,,,,,{63},
LN05458052_5402,"A468,A543",2,,,,{65},,,,,,,,,,,,,,,,,,,,,,,,,{55},
LN01353460_6190,"A468,A543",2,,,,{75},,,,,,,,,,,,,,,,,,,,,,,,,{65},
LN03241323_3542,"A468,A543",2,,,,{64},,,,,,,,,,,,,,,,,,,,,,,,,{54},
LN01311780_3741,"A468,A543",2,,,,{68},,,,,,,,,,,,,,,,,,,,,,,,,{58},
LN00169558_4142,"A468,A543",2,,,,{66},,,,,,,,,,,,,,,,,,,,,,,,,{56},
LN00214759_6813,"A468,A543",2,,,,{70},,,,,,,,,,,,,,,,,,,,,,,,,{60},
LN00168989_4015,"A468,A543",2,,,,{66},,,,,,,,,,,,,,,,,,,,,,,,,{56},
LN00222839_3009,"A468,A543",2,,,,{62},,,,,,,,,,,,,,,,,,,,,,,,,{52},
LN01360968_7132,"A468,A543",2,,,,{66},,,,,,,,,,,,,,,,,,,,,,,,,{56},
LN04666422_3078,"A468,A543",2,,,,{80},,,,,,,,,,,,,,,,,,,,,,,,,{70},
LN00409442_6293,"A468,A543",2,,,,{82},,,,,,,,,,,,,,,,,,,,,,,,,{72},
LN00177512_5666,"A468,A543",2,,,,{64},,,,,,,,,,,,,,,,,,,,,,,,,{54},
LN02026751_6540,"A468,A543",2,,,,{63},,,,,,,,,,,,,,,,,,,,,,,,,{53},
LN05429297_3298,"A468,A543",2,,,,{70},,,,,,,,,,,,,,,,,,,,,,,,,{60},
LN00152069_2482,"A468,A543",2,,,,{64},,,,,,,,,,,,,,,,,,,,,,,,,{54},
LN03242282_215,"A468,A543",2,,,,{75},,,,,,,,,,,,,,,,,,,,,,,,,{65},
LN02026747_947,"A468,A543",2,,,,{67},,,,,,,,,,,,,,,,,,,,,,,,,{57},
LN00826195_6330,"A468,A543",2,,,,{82},,,,,,,,,,,,,,,,,,,,,,,,,{72},
LN00215128_3935,"A468,A543",2,,,,{70},,,,,,,,,,,,,,,,,,,,,,,,,{60},
LN06464552_1194,"A468,A543",2,,,,{67},,,,,,,,,,,,,,,,,,,,,,,,,{57},
LN00246105_3294,"A468,A543",2,,,,{68},,,,,,,,,,,,,,,,,,,,,,,,,{58},
LN00151014_7117,"A468,A543",2,,,,{64},,,,,,,,,,,,,,,,,,,,,,,,,{54},
LN01373186_2571,"A468,A543",2,,,,{70},,,,,,,,,,,,,,,,,,,,,,,,,{60},
LN05457216_5174,"A468,A543",2,,,,{73},,,,,,,,,,,,,,,,,,,,,,,,,{63},
LN02184845_1729,"A468,A543",2,,,,{73},,,,,,,,,,,,,,,,,,,,,,,,,{63},
LN05458755_647,"A468,A543",2,,,,{70},,,,,,,,,,,,,,,,,,,,,,,,,{60},
LN03267926_2886,"A468,A543",2,,,,{67},,,,,,,,,,,,,,,,,,,,,,,,,{57},
LN05438483_2369,"A468,A543",2,,,,{65},,,,,,,,,,,,,,,,,,,,,,,,,{55},
LN00204339_1254,"A468,A543",2,,,,{63},,,,,,,,,,,,,,,,,,,,,,,,,{53},
LN01364553_7054,"A468,A543",2,,,,{64},,,,,,,,,,,,,,,,,,,,,,,,,{54},
LN01373896_161,"A468,A543",2,,,,{73},,,,,,,,,,,,,,,,,,,,,,,,,{63},
LN06464552_1195,"A468,A543",2,,,,{67},,,,,,,,,,,,,,,,,,,,,,,,,{57},
LN02192764_1286,"A468,A543",2,,,,{70},,,,,,,,,,,,,,,,,,,,,,,,,{60},
LN05343133_6477,"A468,A543",2,,,,{63},,,,,,,,,,,,,,,,,,,,,,,,,{53},
LN05429936_6890,"A468,A543",2,,,,{72},,,,,,,,,,,,,,,,,,,,,,,,,{62},
LN05458120_5357,"A468,A543",2,,,,{71},,,,,,,,,,,,,,,,,,,,,,,,,{61},
LN01344000_1265,"A468,A543",2,,,,{66},,,,,,,,,,,,,,,,,,,,,,,,,{56},
LN03242597_1366,"A468,A543",2,,,,{68},,,,,,,,,,,,,,,,,,,,,,,,,{58},
LN00371704_1794,"A468,A543",2,,,,{70},,,,,,,,,,,,,,,,,,,,,,,,,{60},
LN01796673_4971,"A468,A543",2,,,,{70},,,,,,,,,,,,,,,,,,,,,,,,,{60},
LN01353459_5583,A543,1,,,,,,,,,,,,,,,,,,,,,,,,,,,,,{54},
LN00145682_2547,"A468,A543",2,,,,{67},,,,,,,,,,,,,,,,,,,,,,,,,{57},
LN00130963_3878,"A468,A543",2,,,,{80},,,,,,,,,,,,,,,,,,,,,,,,,{70},
LN05362404_2520,"A468,A543",2,,,,{68},,,,,,,,,,,,,,,,,,,,,,,,,{58},
LN06128479_2269,"A468,A543",2,,,,{67},,,,,,,,,,,,,,,,,,,,,,,,,{57},
LN05448335_4663,"A468,A543",2,,,,{64},,,,,,,,,,,,,,,,,,,,,,,,,{54},
LN04948809_2183,"A468,A543",2,,,,{68},,,,,,,,,,,,,,,,,,,,,,,,,{58},
LN00001583_2237,"A468,A543",2,,,,{70},,,,,,,,,,,,,,,,,,,,,,,,,{60},
LN01348279_2987,"A468,A543",2,,,,{80},,,,,,,,,,,,,,,,,,,,,,,,,{70},
LN05459187_4122,"A468,A543",2,,,,{70},,,,,,,,,,,,,,,,,,,,,,,,,{60},
LN00250346_7387,"A468,A543",2,,,,{67},,,,,,,,,,,,,,,,,,,,,,,,,{57},
LN01312152_1540,"A468,A543",2,,,,{75},,,,,,,,,,,,,,,,,,,,,,,,,{65},
LN06129631_5701,"A468,A543",2,,,,{66},,,,,,,,,,,,,,,,,,,,,,,,,{56},
LN02057163_6163,"A468,A543",2,,,,{63},,,,,,,,,,,,,,,,,,,,,,,,,{53},
LN00336924_4201,"A468,A543",2,,,,{67},,,,,,,,,,,,,,,,,,,,,,,,,{57},
LN05457216_5169,"A468,A543",2,,,,{73},,,,,,,,,,,,,,,,,,,,,,,,,{63},
LN01362457_371,"A468,A543",2,,,,{81},,,,,,,,,,,,,,,,,,,,,,,,,{71},
LN05457762_4799,"A468,A543",2,,,,{70},,,,,,,,,,,,,,,,,,,,,,,,,{60},
LN00221456_1747,"A468,A543",2,,,,{64},,,,,,,,,,,,,,,,,,,,,,,,,{54},
LN02163191_237,"A468,A543",2,,,,{73},,,,,,,,,,,,,,,,,,,,,,,,,{63},
LN02020563_133,"A468,A543",2,,,,{68},,,,,,,,,,,,,,,,,,,,,,,,,{58},
LN00246105_3296,"A468,A543",2,,,,{68},,,,,,,,,,,,,,,,,,,,,,,,,{58},
LN04998261_767,"A468,A543",2,,,,{68},,,,,,,,,,,,,,,,,,,,,,,,,{58},
LN00203711_5788,A543,1,,,,,,,,,,,,,,,,,,,,,,,,,,,,,{59},
LN01808080_5039,"A468,A543",2,,,,{65},,,,,,,,,,,,,,,,,,,,,,,,,{55},
LN05420397_6008,"A468,A543",2,,,,{64},,,,,,,,,,,,,,,,,,,,,,,,,{54},
LN02122251_1686,"A468,A543",2,,,,{70},,,,,,,,,,,,,,,,,,,,,,,,,{60},
LN00171268_4977,"A468,A543",2,,,,{66},,,,,,,,,,,,,,,,,,,,,,,,,{56},
LN00002722_2415,"A468,A543",2,,,,{65},,,,,,,,,,,,,,,,,,,,,,,,,{55},
LN00185746_5003,"A468,A543",2,,,,{73},,,,,,,,,,,,,,,,,,,,,,,,,{63},
LN01373251_2727,"A468,A543",2,,,,{71},,,,,,,,,,,,,,,,,,,,,,,,,{61},
LN02184919_7084,"A468,A543",2,,,,{66},,,,,,,,,,,,,,,,,,,,,,,,,{56},
LN06111367_3304,"A468,A543",2,,,,{71},,,,,,,,,,,,,,,,,,,,,,,,,{61},
LN00172718_4575,"A468,A543",2,,,,{70},,,,,,,,,,,,,,,,,,,,,,,,,{60},
LN00172689_4127,"A468,A543",2,,,,{65},,,,,,,,,,,,,,,,,,,,,,,,,{55},
LN00215167_820,"A468,A543",2,,,,{71},,,,,,,,,,,,,,,,,,,,,,,,,{61},
LN00173996_6971,"A468,A543",2,,,,{70},,,,,,,,,,,,,,,,,,,,,,,,,{60},
LN05429265_1652,"A468,A543",2,,,,{67},,,,,,,,,,,,,,,,,,,,,,,,,{57},
LN02132834_1740,"A468,A543",2,,,,{65},,,,,,,,,,,,,,,,,,,,,,,,,{55},
LN00246105_3295,"A468,A543",2,,,,{68},,,,,,,,,,,,,,,,,,,,,,,,,{58},
LN06130513_7280,"A468,A543",2,,,,{68},,,,,,,,,,,,,,,,,,,,,,,,,{58},
LN00188529_971,"A468,A543",2,,,,{63},,,,,,,,,,,,,,,,,,,,,,,,,{53},
LN00118555_6817,"A468,A543",2,,,,{64},,,,,,,,,,,,,,,,,,,,,,,,,{54},
LN05651016_1059,"A468,A543",2,,,,{60},,,,,,,,,,,,,,,,,,,,,,,,,{50},
LN00305093_6171,"A468,A543",2,,,,{68},,,,,,,,,,,,,,,,,,,,,,,,,{58},
LN00126374_1279,"A468,A543",2,,,,{78},,,,,,,,,,,,,,,,,,,,,,,,,{68},
LN01352440_2292,"A468,A543",2,,,,{67},,,,,,,,,,,,,,,,,,,,,,,,,{57},
LN01311292_4193,A543,1,,,,,,,,,,,,,,,,,,,,,,,,,,,,,{67},
LN00229657_1730,A543,1,,,,,,,,,,,,,,,,,,,,,,,,,,,,,{61},
LN02012312_5140,"A468,A543",2,,,,{65},,,,,,,,,,,,,,,,,,,,,,,,,{55},
LN00012313_3064,A543,1,,,,,,,,,,,,,,,,,,,,,,,,,,,,,{71},
LN00237947_5902,"A468,A543",2,,,,{71},,,,,,,,,,,,,,,,,,,,,,,,,{61},
LN03271849_276,"A468,A543",2,,,,{62},,,,,,,,,,,,,,,,,,,,,,,,,{52},
LN01345394_1712,"A468,A543",2,,,,{66},,,,,,,,,,,,,,,,,,,,,,,,,{56},
LN05457644_7221,"A468,A543",2,,,,{66},,,,,,,,,,,,,,,,,,,,,,,,,{56},
LN05339421_3657,"A468,A543",2,,,,{70},,,,,,,,,,,,,,,,,,,,,,,,,{60},
LN00172799_1455,"A468,A543",2,,,,{65},,,,,,,,,,,,,,,,,,,,,,,,,{55},
LN00338372_4777,"A468,A543",2,,,,{70},,,,,,,,,,,,,,,,,,,,,,,,,{60},
LN05374513_6706,"A468,A543",2,,,,{63},,,,,,,,,,,,,,,,,,,,,,,,,{53},
LN00338902_4473,A543,1,,,,,,,,,,,,,,,,,,,,,,,,,,,,,{57},
LN05373433_4678,"A468,A543",2,,,,{63},,,,,,,,,,,,,,,,,,,,,,,,,{12},
LN01034800_7582,"A468,A543",2,,,,{65},,,,,,,,,,,,,,,,,,,,,,,,,{55},
LN04705497_4530,"A468,A543",2,,,,{73},,,,,,,,,,,,,,,,,,,,,,,,,{63},
LN01739752_5843,"A468,A543",2,,,,{67},,,,,,,,,,,,,,,,,,,,,,,,,{57},
LN04731374_6204,"A468,A543",2,,,,{73},,,,,,,,,,,,,,,,,,,,,,,,,{63},
LN06111296_7203,"A468,A543",2,,,,{67},,,,,,,,,,,,,,,,,,,,,,,,,{57},
LN02123902_3887,"A468,A543",2,,,,{68},,,,,,,,,,,,,,,,,,,,,,,,,{58},
LN01365907_6186,"A468,A543",2,,,,{67},,,,,,,,,,,,,,,,,,,,,,,,,{57},
LN04705497_4531,"A468,A543",2,,,,{73},,,,,,,,,,,,,,,,,,,,,,,,,{63},
LN02135902_1222,"A468,A543",2,,,,{66},,,,,,,,,,,,,,,,,,,,,,,,,{56},
LN05459336_1853,"A468,A543",2,,,,{68},,,,,,,,,,,,,,,,,,,,,,,,,{58},
LN00173996_6972,"A468,A543",2,,,,{70},,,,,,,,,,,,,,,,,,,,,,,,,{60},
LN00338372_4776,A543,1,,,,,,,,,,,,,,,,,,,,,,,,,,,,,{60},
LN05457216_5171,A543,1,,,,,,,,,,,,,,,,,,,,,,,,,,,,,{63},
LN04967304_2582,"A468,A543",2,,,,{71},,,,,,,,,,,,,,,,,,,,,,,,,{61},
LN04958585_1238,"A468,A543",2,,,,{71},,,,,,,,,,,,,,,,,,,,,,,,,{61},
LN05373165_1313,"A468,A543",2,,,,{68},,,,,,,,,,,,,,,,,,,,,,,,,{58},
LN05441939_4547,"A468,A543",2,,,,{66},,,,,,,,,,,,,,,,,,,,,,,,,{56},
LN05487697_4960,"A468,A543",2,,,,{68},,,,,,,,,,,,,,,,,,,,,,,,,{58},
LN03253698_2759,A543,1,,,,,,,,,,,,,,,,,,,,,,,,,,,,,{64},
LN02012153_5839,A543,1,,,,,,,,,,,,,,,,,,,,,,,,,,,,,{53},
LN05488336_4801,"A468,A543",2,,,,{70},,,,,,,,,,,,,,,,,,,,,,,,,{60},
LN00169285_1530,"A468,A543",2,,,,{63},,,,,,,,,,,,,,,,,,,,,,,,,{53},
LN05458425_1826,A543,1,,,,,,,,,,,,,,,,,,,,,,,,,,,,,{64},
LN00185746_5000,"A468,A543",2,,,,{73},,,,,,,,,,,,,,,,,,,,,,,,,{63},
LN00124298_2609,A543,1,,,,,,,,,,,,,,,,,,,,,,,,,,,,,{68},
LN03259444_2212,"A468,A543",2,,,,{64},,,,,,,,,,,,,,,,,,,,,,,,,{54},
LN05628849_6017,A543,1,,,,,,,,,,,,,,,,,,,,,,,,,,,,,{57},
LN03245860_7037,"A468,A543",2,,,,{65},,,,,,,,,,,,,,,,,,,,,,,,,{55},
LN02123033_4850,"A468,A543",2,,,,{66},,,,,,,,,,,,,,,,,,,,,,,,,{56},
LN02123575_6447,"A468,A543",2,,,,{66},,,,,,,,,,,,,,,,,,,,,,,,,{56},
LN00171551_5049,"A468,A543",2,,,,{63},,,,,,,,,,,,,,,,,,,,,,,,,{53},
LN05442222_6825,"A468,A543",2,,,,{67},,,,,,,,,,,,,,,,,,,,,,,,,{57},
LN03240381_1548,A543,1,,,,,,,,,,,,,,,,,,,,,,,,,,,,,{63},
LN00006170_2310,"A468,A543",2,,,,{67},,,,,,,,,,,,,,,,,,,,,,,,,{57},
LN04705718_1420,"A468,A543",2,,,,{67},,,,,,,,,,,,,,,,,,,,,,,,,{57},
LN04717277_7577,"A468,A543",2,,,,{73},,,,,,,,,,,,,,,,,,,,,,,,,{63},
LN03247772_4366,"A468,A543",2,,,,{71},,,,,,,,,,,,,,,,,,,,,,,,,{61},
LN05457130_7201,"A468,A543",2,,,,{73},,,,,,,,,,,,,,,,,,,,,,,,,{63},
LN03240574_2270,"A468,A543",2,,,,{84},,,,,,,,,,,,,,,,,,,,,,,,,{74},
LN01278048_5528,A543,1,,,,,,,,,,,,,,,,,,,,,,,,,,,,,{57},
LN02056093_2780,"A468,A543",2,,,,{66},,,,,,,,,,,,,,,,,,,,,,,,,{56},
LN04957248_251,A543,1,,,,,,,,,,,,,,,,,,,,,,,,,,,,,{53},
LN00184774_3855,"A468,A543",2,,,,{73},,,,,,,,,,,,,,,,,,,,,,,,,{63},
LN05376880_726,A543,1,,,,,,,,,,,,,,,,,,,,,,,,,,,,,{60},
LN00006082_4214,A543,1,,,,,,,,,,,,,,,,,,,,,,,,,,,,,{62},
LN05371242_5256,"A468,A543",2,,,,{68},,,,,,,,,,,,,,,,,,,,,,,,,{58},
LN00002413_1719,"A468,A543",2,,,,{71},,,,,,,,,,,,,,,,,,,,,,,,,{61},
LN05375711_5305,A543,1,,,,,,,,,,,,,,,,,,,,,,,,,,,,,{52},
LN02193853_5702,"A468,A543",2,,,,{71},,,,,,,,,,,,,,,,,,,,,,,,,{61},
LN00221053_5763,"A468,A543",2,,,,{64},,,,,,,,,,,,,,,,,,,,,,,,,{54},
LN02041989_5780,"A468,A543",2,,,,{73},,,,,,,,,,,,,,,,,,,,,,,,,{63},
LN01373251_2724,"A468,A543",2,,,,{71},,,,,,,,,,,,,,,,,,,,,,,,,{61},
LN02056217_2686,"A468,A543",2,,,,{65},,,,,,,,,,,,,,,,,,,,,,,,,{55},
LN00001945_7605,A543,1,,,,,,,,,,,,,,,,,,,,,,,,,,,,,{58},
LN02151713_2762,A543,1,,,,,,,,,,,,,,,,,,,,,,,,,,,,,{58},
LN00304779_6910,"A468,A543",2,,,,{69},,,,,,,,,,,,,,,,,,,,,,,,,{59},
LN05369050_87,A543,1,,,,,,,,,,,,,,,,,,,,,,,,,,,,,{69},
LN00001954_1749,A543,1,,,,,,,,,,,,,,,,,,,,,,,,,,,,,{56},
LN05346938_6563,A543,1,,,,,,,,,,,,,,,,,,,,,,,,,,,,,{61},
LN00007898_3254,A543,1,,,,,,,,,,,,,,,,,,,,,,,,,,,,,{54},
LN01349137_393,"A468,A543",2,,,,{84},,,,,,,,,,,,,,,,,,,,,,,,,{74},
LN02123898_2915,"A468,A543",2,,,,{76},,,,,,,,,,,,,,,,,,,,,,,,,{66},
LN04671888_6532,"A468,A543",2,,,,{67},,,,,,,,,,,,,,,,,,,,,,,,,{57},
LN03276121_5377,"A468,A543",2,,,,{77},,,,,,,,,,,,,,,,,,,,,,,,,{67},
LN05614569_3240,"A468,A543",2,,,,{74},,,,,,,,,,,,,,,,,,,,,,,,,{64},
LN02152321_1106,"A468,A543",2,,,,{71},,,,,,,,,,,,,,,,,,,,,,,,,{61},
LN00304348_152,A543,1,,,,,,,,,,,,,,,,,,,,,,,,,,,,,{59},
LN00171186_3758,"A468,A543",2,,,,{65},,,,,,,,,,,,,,,,,,,,,,,,,{55},
LN04630664_1898,"A468,A543",2,,,,{70},,,,,,,,,,,,,,,,,,,,,,,,,{60},
LN04615641_2527,A543,1,,,,,,,,,,,,,,,,,,,,,,,,,,,,,{57},
LN04593557_1370,"A468,A543",2,,,,{67},,,,,,,,,,,,,,,,,,,,,,,,,{57},
LN00184774_3858,"A468,A543",2,,,,{73},,,,,,,,,,,,,,,,,,,,,,,,,{63},
LN04804117_6367,"A468,A543",2,,,,{64},,,,,,,,,,,,,,,,,,,,,,,,,{54},
LN05337869_5803,"A468,A543",2,,,,{68},,,,,,,,,,,,,,,,,,,,,,,,,{58},
LN05459338_5369,"A468,A543",2,,,,{71},,,,,,,,,,,,,,,,,,,,,,,,,{61},
LN00335624_5981,"A468,A543",2,,,,{64},,,,,,,,,,,,,,,,,,,,,,,,,{54},
LN05444389_7139,"A468,A543",2,,,,{69},,,,,,,,,,,,,,,,,,,,,,,,,{1},
LN05682381_6642,"A468,A543",2,,,,{64},,,,,,,,,,,,,,,,,,,,,,,,,{54},
LN04969490_4976,"A468,A543",2,,,,{70},,,,,,,,,,,,,,,,,,,,,,,,,{60},
LN00130823_6347,A543,1,,,,,,,,,,,,,,,,,,,,,,,,,,,,,{71},
LN05627875_795,"A468,A543",2,,,,{73},,,,,,,,,,,,,,,,,,,,,,,,,{62},
LN03296266_2972,"A468,A543",2,,,,{63},,,,,,,,,,,,,,,,,,,,,,,,,{53},
LN05814076_766,"A468,A543",2,,,,{65},,,,,,,,,,,,,,,,,,,,,,,,,{55},
LN01477359_4049,"A468,A543",2,,,,{66},,,,,,,,,,,,,,,,,,,,,,,,,{56},
LN00337593_3689,"A468,A543",2,,,,{65},,,,,,,,,,,,,,,,,,,,,,,,,{55},
LN01867609_4592,A543,1,,,,,,,,,,,,,,,,,,,,,,,,,,,,,{54},
LN04963710_7549,"A468,A543",2,,,,{63},,,,,,,,,,,,,,,,,,,,,,,,,{53},
LN01361715_165,"A468,A543",2,,,,{77},,,,,,,,,,,,,,,,,,,,,,,,,{67},
LN03271846_4299,"A468,A543",2,,,,{67},,,,,,,,,,,,,,,,,,,,,,,,,{57},
LN02176516_2080,"A468,A543",2,,,,{73},,,,,,,,,,,,,,,,,,,,,,,,,{63},
LN04843169_1395,"A468,A543",2,,,,{64},,,,,,,,,,,,,,,,,,,,,,,,,{54},
LN01872111_2352,"A468,A543",2,,,,{70},,,,,,,,,,,,,,,,,,,,,,,,,{60},
LN01364157_2035,"A468,A543",2,,,,{65},,,,,,,,,,,,,,,,,,,,,,,,,{55},
LN01292061_1529,"A468,A543",2,,,,{71},,,,,,,,,,,,,,,,,,,,,,,,,{61},
LN01281576_3998,A543,1,,,,,,,,,,,,,,,,,,,,,,,,,,,,,{58},
LN03265173_5568,"A468,A543",2,,,,{67},,,,,,,,,,,,,,,,,,,,,,,,,{57},
LN02157768_7410,"A468,A543",2,,,,{67},,,,,,,,,,,,,,,,,,,,,,,,,{57},
LN00230371_7017,"A468,A543",2,,,,{72},,,,,,,,,,,,,,,,,,,,,,,,,{62},
LN04735029_2771,"A468,A543",2,,,,{78},,,,,,,,,,,,,,,,,,,,,,,,,{68},
LN01374697_5746,"A468,A543",2,,,,{70},,,,,,,,,,,,,,,,,,,,,,,,,{60},
LN00171371_6821,"A468,A543",2,,,,{68},,,,,,,,,,,,,,,,,,,,,,,,,{58},
LN00215636_1821,A543,1,,,,,,,,,,,,,,,,,,,,,,,,,,,,,{59},
LN00156963_4602,"A468,A543",2,,,,{75},,,,,,,,,,,,,,,,,,,,,,,,,{65},
LN01318704_6306,"A468,A543",2,,,,{64},,,,,,,,,,,,,,,,,,,,,,,,,{54},
LN00002188_6205,"A468,A543",2,,,,{65},,,,,,,,,,,,,,,,,,,,,,,,,{55},
LN05457130_7200,"A468,A543",2,,,,{73},,,,,,,,,,,,,,,,,,,,,,,,,{63},
LN05814336_3414,"A468,A543",2,,,,{71},,,,,,,,,,,,,,,,,,,,,,,,,{61},
LN06469289_190,"A468,A543",2,,,,{83},,,,,,,,,,,,,,,,,,,,,,,,,{73},
LN04669076_5652,"A468,A543",2,,,,{70},,,,,,,,,,,,,,,,,,,,,,,,,{60},
LN05338622_959,"A468,A543",2,,,,{69},,,,,,,,,,,,,,,,,,,,,,,,,{59},
LN01262720_1904,"A468,A543",2,,,,{71},,,,,,,,,,,,,,,,,,,,,,,,,{61},
LN01804234_2772,"A468,A543",2,,,,{77},,,,,,,,,,,,,,,,,,,,,,,,,{67},
LN02154696_147,"A468,A543",2,,,,{68},,,,,,,,,,,,,,,,,,,,,,,,,{1},
LN00171784_6467,"A468,A543",2,,,,{66},,,,,,,,,,,,,,,,,,,,,,,,,{56},
LN00172718_4576,"A468,A543",2,,,,{70},,,,,,,,,,,,,,,,,,,,,,,,,{60},
LN00331165_3216,A543,1,,,,,,,,,,,,,,,,,,,,,,,,,,,,,{53},
LN05376167_1291,"A468,A543",2,,,,{77},,,,,,,,,,,,,,,,,,,,,,,,,{67},
LN04709566_7064,"A468,A543",2,,,,{65},,,,,,,,,,,,,,,,,,,,,,,,,{55},
LN00231429_1929,"A468,A543",2,,,,{70},,,,,,,,,,,,,,,,,,,,,,,,,{60},
LN00169662_7625,"A468,A543",2,,,,{62},,,,,,,,,,,,,,,,,,,,,,,,,{52},
LN05455815_1984,"A468,A543",2,,,,{71},,,,,,,,,,,,,,,,,,,,,,,,,{61},
LN02162176_2560,A543,1,,,,,,,,,,,,,,,,,,,,,,,,,,,,,{57},
LN02169390_2783,"A468,A543",2,,,,{64},,,,,,,,,,,,,,,,,,,,,,,,,{54},
LN01284461_4217,"A468,A543",2,,,,{62},,,,,,,,,,,,,,,,,,,,,,,,,{52},
LN01364582_7311,"A468,A543",2,,,,{72},,,,,,,,,,,,,,,,,,,,,,,,,{62},
LN00215015_4243,"A468,A543",2,,,,{68},,,,,,,,,,,,,,,,,,,,,,,,,{58},
LN05336079_94,"A468,A543",2,,,,{74},,,,,,,,,,,,,,,,,,,,,,,,,{64},
LN01349331_1381,"A468,A543",2,,,,{67},,,,,,,,,,,,,,,,,,,,,,,,,{57},
LN04958212_487,"A468,A543",2,,,,{67},,,,,,,,,,,,,,,,,,,,,,,,,{57},
LN05441279_1888,A543,1,,,,,,,,,,,,,,,,,,,,,,,,,,,,,{61},
LN01244603_5484,"A468,A543",2,,,,{69},,,,,,,,,,,,,,,,,,,,,,,,,{59},
LN00173160_2824,"A468,A543",2,,,,{65},,,,,,,,,,,,,,,,,,,,,,,,,{55},
LN06651811_2211,"A468,A543",2,,,,{72},,,,,,,,,,,,,,,,,,,,,,,,,{62},
LN02020563_132,"A468,A543",2,,,,{68},,,,,,,,,,,,,,,,,,,,,,,,,{58},
LN05458120_5356,"A468,A543",2,,,,{71},,,,,,,,,,,,,,,,,,,,,,,,,{61},
LN01284634_6413,"A468,A543",2,,,,{61},,,,,,,,,,,,,,,,,,,,,,,,,{51},
LN03240381_1549,"A468,A543",2,,,,{73},,,,,,,,,,,,,,,,,,,,,,,,,{63},
LN05425043_3032,"A468,A543",2,,,,{69},,,,,,,,,,,,,,,,,,,,,,,,,{59},
LN05359585_7623,"A468,A543",2,,,,{64},,,,,,,,,,,,,,,,,,,,,,,,,{54},
LN00242962_5425,A543,1,,,,,,,,,,,,,,,,,,,,,,,,,,,,,{59},
LN05442517_6912,"A468,A543",2,,,,{73},,,,,,,,,,,,,,,,,,,,,,,,,{1},
LN01927197_3141,"A468,A543",2,,,,{68},,,,,,,,,,,,,,,,,,,,,,,,,{58},
LN01366118_2631,"A468,A543",2,,,,{78},,,,,,,,,,,,,,,,,,,,,,,,,{68},
LN00170772_5894,"A468,A543",2,,,,{80},,,,,,,,,,,,,,,,,,,,,,,,,{70},
LN04679503_2114,A543,1,,,,,,,,,,,,,,,,,,,,,,,,,,,,,{58},
LN00338126_1314,"A468,A543",2,,,,{68},,,,,,,,,,,,,,,,,,,,,,,,,{58},
LN05440952_227,"A468,A543",2,,,,{72},,,,,,,,,,,,,,,,,,,,,,,,,{62},
LN05444389_7142,"A468,A543",2,,,,{69},,,,,,,,,,,,,,,,,,,,,,,,,{59},
LN05488204_2351,"A468,A543",2,,,,{70},,,,,,,,,,,,,,,,,,,,,,,,,{60},
LN02056547_4073,"A468,A543",2,,,,{70},,,,,,,,,,,,,,,,,,,,,,,,,{59},
LN00002320_573,"A468,A543",2,,,,{68},,,,,,,,,,,,,,,,,,,,,,,,,{58},
LN03264199_7394,"A468,A543",2,,,,{67},,,,,,,,,,,,,,,,,,,,,,,,,{57},
LN04539434_5782,"A468,A543",2,,,,{81},,,,,,,,,,,,,,,,,,,,,,,,,{71},
LN02223381_3988,"A468,A543",2,,,,{73},,,,,,,,,,,,,,,,,,,,,,,,,{63},
LN02176624_6145,A543,1,,,,,,,,,,,,,,,,,,,,,,,,,,,,,{63},
LN02187949_5690,"A468,A543",2,,,,{67},,,,,,,,,,,,,,,,,,,,,,,,,{57},
LN00001875_3729,"A468,A543",2,,,,{66},,,,,,,,,,,,,,,,,,,,,,,,,{56},
LN05526733_5321,"A468,A543",2,,,,{80},,,,,,,,,,,,,,,,,,,,,,,,,{70},
LN01283291_1267,"A468,A543",2,,,,{66},,,,,,,,,,,,,,,,,,,,,,,,,{56},
LN03295290_6040,"A468,A543",2,,,,{70},,,,,,,,,,,,,,,,,,,,,,,,,{60},
LN02009899_5086,"A468,A543",2,,,,{76},,,,,,,,,,,,,,,,,,,,,,,,,{66},
LN03240500_6327,"A468,A543",2,,,,{70},,,,,,,,,,,,,,,,,,,,,,,,,{60},
LN02020563_134,"A468,A543",2,,,,{68},,,,,,,,,,,,,,,,,,,,,,,,,{58},
LN00372291_3956,"A468,A543",2,,,,{70},,,,,,,,,,,,,,,,,,,,,,,,,{60},
LN05455815_1983,"A468,A543",2,,,,{71},,,,,,,,,,,,,,,,,,,,,,,,,{61},
LN00214790_2463,"A468,A543",2,,,,{70},,,,,,,,,,,,,,,,,,,,,,,,,{60},
LN00002355_6794,"A468,A543",2,,,,{65},,,,,,,,,,,,,,,,,,,,,,,,,{55},
LN05448749_951,"A468,A543",2,,,,{73},,,,,,,,,,,,,,,,,,,,,,,,,{63},
LN00393320_7569,"A468,A543",2,,,,{70},,,,,,,,,,,,,,,,,,,,,,,,,{60},
LN02189928_7249,"A468,A543",2,,,,{68},,,,,,,,,,,,,,,,,,,,,,,,,{58},
LN02145485_4086,"A468,A543",2,,,,{80},,,,,,,,,,,,,,,,,,,,,,,,,{70},
LN01250693_1029,A468,1,,,,{67},,,,,,,,,,,,,,,,,,,,,,,,,,
LN01373437_1431,"A468,A543",2,,,,{74},,,,,,,,,,,,,,,,,,,,,,,,,{64},
LN02056547_4071,"A468,A543",2,,,,{70},,,,,,,,,,,,,,,,,,,,,,,,,{59},
LN01796675_1444,"A468,A543",2,,,,{66},,,,,,,,,,,,,,,,,,,,,,,,,{56},
LN00123626_4148,"A468,A543",2,,,,{75},,,,,,,,,,,,,,,,,,,,,,,,,{65},
LN00156330_4258,"A468,A543",2,,,,{64},,,,,,,,,,,,,,,,,,,,,,,,,{54},
LN00143266_7609,"A468,A543",2,,,,{76},,,,,,,,,,,,,,,,,,,,,,,,,{66},
LN00293841_2806,"A468,A543",2,,,,{73},,,,,,,,,,,,,,,,,,,,,,,,,{63},
LN00173493_5283,"A468,A543",2,,,,{67},,,,,,,,,,,,,,,,,,,,,,,,,{57},
LN00384689_330,A543,1,,,,,,,,,,,,,,,,,,,,,,,,,,,,,{62},
LN00001163_1638,"A468,A543",2,,,,{65},,,,,,,,,,,,,,,,,,,,,,,,,{55},
LN05627875_801,"A468,A543",2,,,,{73},,,,,,,,,,,,,,,,,,,,,,,,,{62},
LN01364582_7314,"A468,A543",2,,,,{72},,,,,,,,,,,,,,,,,,,,,,,,,{62},
LN04637083_2867,"A468,A543",2,,,,{70},,,,,,,,,,,,,,,,,,,,,,,,,{60},
LN00183140_6728,"A468,A543",2,,,,{70},,,,,,,,,,,,,,,,,,,,,,,,,{60},
LN04850215_4113,"A468,A543",2,,,,{67},,,,,,,,,,,,,,,,,,,,,,,,,{57},
LN02138254_3485,"A468,A543",2,,,,{73},,,,,,,,,,,,,,,,,,,,,,,,,{63},
LN00157050_7325,A543,1,,,,,,,,,,,,,,,,,,,,,,,,,,,,,{54},
LN04633760_1055,"A468,A543",2,,,,{79},,,,,,,,,,,,,,,,,,,,,,,,,{69},
LN00171075_7058,"A468,A543",2,,,,{68},,,,,,,,,,,,,,,,,,,,,,,,,{58},
LN01324790_2627,"A468,A543",2,,,,{83},,,,,,,,,,,,,,,,,,,,,,,,,{73},
LN04629974_6982,"A468,A543",2,,,,{70},,,,,,,,,,,,,,,,,,,,,,,,,{60},
LN01889337_6435,"A468,A543",2,,,,{71},,,,,,,,,,,,,,,,,,,,,,,,,{61},
LN06112207_1208,"A468,A543",2,,,,{65},,,,,,,,,,,,,,,,,,,,,,,,,{1},
LN00007389_5228,"A468,A543",2,,,,{70},,,,,,,,,,,,,,,,,,,,,,,,,{60},
LN01252507_3507,"A468,A543",2,,,,{73},,,,,,,,,,,,,,,,,,,,,,,,,{63},
LN02154638_1886,"A468,A543",2,,,,{69},,,,,,,,,,,,,,,,,,,,,,,,,{59},
LN02056547_4074,"A468,A543",2,,,,{70},,,,,,,,,,,,,,,,,,,,,,,,,{59},
LN02188462_6707,"A468,A543",2,,,,{70},,,,,,,,,,,,,,,,,,,,,,,,,{60},
LN00158910_4240,A543,1,,,,,,,,,,,,,,,,,,,,,,,,,,,,,{65},
LN00137406_980,A543,1,,,,,,,,,,,,,,,,,,,,,,,,,,,,,{57},
LN01795974_7270,"A468,A543",2,,,,{63},,,,,,,,,,,,,,,,,,,,,,,,,{53},
LN04611804_82,A543,1,,,,,,,,,,,,,,,,,,,,,,,,,,,,,{65},
LN05751465_436,"A468,A543",2,,,,{78},,,,,,,,,,,,,,,,,,,,,,,,,{68},
LN00363610_4586,"A468,A543",2,,,,{78},,,,,,,,,,,,,,,,,,,,,,,,,{68},
LN00224383_2952,"A468,A543",2,,,,{67},,,,,,,,,,,,,,,,,,,,,,,,,{57},
LN00007077_1877,"A468,A543",2,,,,{70},,,,,,,,,,,,,,,,,,,,,,,,,{60},
LN02050511_3687,"A468,A543",2,,,,{70},,,,,,,,,,,,,,,,,,,,,,,,,{59},
LN04834703_2082,"A468,A543",2,,,,{63},,,,,,,,,,,,,,,,,,,,,,,,,{53},
LN00253220_4103,A543,1,,,,,,,,,,,,,,,,,,,,,,,,,,,,,{54},
LN00304872_6432,A543,1,,,,,,,,,,,,,,,,,,,,,,,,,,,,,{58},
LN00001464_6551,"A468,A543",2,,,,{68},,,,,,,,,,,,,,,,,,,,,,,,,{58},
LN01797035_151,A543,1,,,,,,,,,,,,,,,,,,,,,,,,,,,,,{59},
LN01868420_4052,"A468,A543",2,,,,{70},,,,,,,,,,,,,,,,,,,,,,,,,{60},
LN00229500_2323,"A468,A543",2,,,,{68},,,,,,,,,,,,,,,,,,,,,,,,,{58},
LN00159568_5144,"A468,A543",2,,,,{82},,,,,,,,,,,,,,,,,,,,,,,,,{72},
LN01868420_4051,A543,1,,,,,,,,,,,,,,,,,,,,,,,,,,,,,{60},
LN00337095_4032,"A468,A543",2,,,,{69},,,,,,,,,,,,,,,,,,,,,,,,,{59},
LN05441707_4372,A543,1,,,,,,,,,,,,,,,,,,,,,,,,,,,,,{66},
LN00170912_195,A543,1,,,,,,,,,,,,,,,,,,,,,,,,,,,,,{69},
LN05455815_1982,"A468,A543",2,,,,{71},,,,,,,,,,,,,,,,,,,,,,,,,{61},
LN05842408_6866,"A468,A543",2,,,,{70},,,,,,,,,,,,,,,,,,,,,,,,,{59},
LN02177550_5585,"A468,A543",2,,,,{64},,,,,,,,,,,,,,,,,,,,,,,,,{54},
LN05374693_2878,"A468,A543",2,,,,{67},,,,,,,,,,,,,,,,,,,,,,,,,{57},
LN02188176_896,A543,1,,,,,,,,,,,,,,,,,,,,,,,,,,,,,{61},
