mol_id,score,interaction_count,priority_score,cluster_id,substitution_signature,smiles,R1,R2,R3,R4,R5,R6,R7,R8,R9,R10,R11,R12,R17,R19,R21,R22,R23,R24,R27,R29,R30,R32,R33,R35,R36,R38,R39
EN300-6482831_14812,-12.851540098179036,4.0,0.9321633246897326,,R1=[H]OC(C([H])([H])[H])(C([H])([H])[H])C([H])([H])C([H])[H] | R2=[H] | R3=[H] | R5=[H].[H] | R7=[H].[H] | R8=[H].[H] | R10=[H] | R11=[H] | R12=[H] | R17=[H]C([H])[H] | R19=[H] | R21=[H] | R22=[H] | R23=[H]NC([H])([H])[H] | R24=[H] | R27=[H].[H]C([H])[H] | R29=[H].[H] | R30=[H].[H] | R32=[H] | R33=[H].[H] | R35=F | R36=[H] | R38=[H] | R39=[H]C([H])[H],CNc1ccn(-c2ccnc3c2cc([C@H](C)N2CC=C(c4c(C)cc(C(=O)N5CCc6cc(CCC(C)(C)O)ccc6C5)cc4F)CC2)n3C)c(=O)c1,[H]OC(C([H])([H])[H])(C([H])([H])[H])C([H])([H])C([H])[H],[H],[H],,[H].[H],,[H].[H],[H].[H],,[H],[H],[H],[H]C([H])[H],[H],[H],[H],[H]NC([H])([H])[H],[H],[H].[H]C([H])[H],[H].[H],[H].[H],[H],[H].[H],F,[H],[H],[H]C([H])[H]
LN02166309_3369,-12.667725490498627,4.0,0.9232151869054812,,R1=[H]O | R2=[H] | R3=[H] | R5=[H] | R7=[H].[H]O | R8=[H].[H] | R9=[H].[H] | R11=[H] | R12=[H] | R17=[H]C([H])[H] | R19=[H] | R21=[H] | R22=[H] | R23=[H]NC([H])([H])[H] | R24=[H] | R27=[H].[H]C([H])[H] | R29=[H].[H] | R30=[H].[H] | R32=[H] | R33=[H].[H] | R35=F | R36=[H] | R38=[H] | R39=[H]C([H])[H],CNc1ccn(-c2ccnc3c2cc([C@H](C)N2CC=C(c4c(C)cc(C(=O)N5Cc6ccc(O)cc6[C@@H](O)C5)cc4F)CC2)n3C)c(=O)c1,[H]O,[H],[H],,[H],,[H].[H]O,[H].[H],[H].[H],,[H],[H],[H]C([H])[H],[H],[H],[H],[H]NC([H])([H])[H],[H],[H].[H]C([H])[H],[H].[H],[H].[H],[H],[H].[H],F,[H],[H],[H]C([H])[H]
EN300-7440563_16202,-12.045106629157155,4.0,0.8929059561611881,,R1=[H].[H]OC([H])[H] | R2=[H].[H] | R4=[H].[H] | R6=[H] | R7=[H] | R8=[H] | R9=[H] | R11=[H] | R12=[H] | R17=[H]C([H])[H] | R19=[H] | R21=[H] | R22=[H] | R23=[H]NC([H])([H])[H] | R24=[H] | R27=[H].[H]C([H])[H] | R29=[H].[H] | R30=[H].[H] | R32=[H] | R33=[H].[H] | R35=F | R36=[H] | R38=[H] | R39=[H]C([H])[H],CNc1ccn(-c2ccnc3c2cc([C@H](C)N2CC=C(c4c(C)cc(C(=O)N5Cc6ccccc6[C@@H](CO)C5)cc4F)CC2)n3C)c(=O)c1,[H].[H]OC([H])[H],[H].[H],,[H].[H],,[H],[H],[H],[H],,[H],[H],[H]C([H])[H],[H],[H],[H],[H]NC([H])([H])[H],[H],[H].[H]C([H])[H],[H].[H],[H].[H],[H],[H].[H],F,[H],[H],[H]C([H])[H]
EN300-111976_9536,-11.025553618687326,4.0,0.8432738788678842,,R1=[H].[H]C([H])[H] | R3=[H].[H] | R4=[H].[H] | R6=[H] | R7=[H] | R8=[H]O | R9=[H] | R11=[H] | R12=[H] | R17=[H]C([H])[H] | R19=[H] | R21=[H] | R22=[H] | R23=[H]NC([H])([H])[H] | R24=[H] | R27=[H].[H]C([H])[H] | R29=[H].[H] | R30=[H].[H] | R32=[H] | R33=[H].[H] | R35=F | R36=[H] | R38=[H] | R39=[H]C([H])[H],CNc1ccn(-c2ccnc3c2cc([C@H](C)N2CC=C(c4c(C)cc(C(=O)N5CCc6ccc(O)cc6[C@@H]5C)cc4F)CC2)n3C)c(=O)c1,[H].[H]C([H])[H],,[H].[H],[H].[H],,[H],[H],[H]O,[H],,[H],[H],[H]C([H])[H],[H],[H],[H],[H]NC([H])([H])[H],[H],[H].[H]C([H])[H],[H].[H],[H].[H],[H],[H].[H],F,[H],[H],[H]C([H])[H]
LN02166309_3370,-13.479351716017831,3.0,0.7627253400260909,,R1=[H]O | R2=[H] | R3=[H] | R5=[H] | R7=[H].[H]O | R8=[H].[H] | R9=[H].[H] | R11=[H] | R12=[H] | R17=[H]C([H])[H] | R19=[H] | R21=[H] | R22=[H] | R23=[H]NC([H])([H])[H] | R24=[H] | R27=[H].[H]C([H])[H] | R29=[H].[H] | R30=[H].[H] | R32=[H] | R33=[H].[H] | R35=F | R36=[H] | R38=[H] | R39=[H]C([H])[H],CNc1ccn(-c2ccnc3c2cc([C@H](C)N2CC=C(c4c(C)cc(C(=O)N5Cc6ccc(O)cc6[C@H](O)C5)cc4F)CC2)n3C)c(=O)c1,[H]O,[H],[H],,[H],,[H].[H]O,[H].[H],[H].[H],,[H],[H],[H]C([H])[H],[H],[H],[H],[H]NC([H])([H])[H],[H],[H].[H]C([H])[H],[H].[H],[H].[H],[H],[H].[H],F,[H],[H],[H]C([H])[H]
EN300-45749470_24084,-13.07717610293214,3.0,0.7431473377945517,,R1=[H]C([H])[H].[H]C([H])[H] | R3=[H].[H] | R4=[H].[H] | R6=[H] | R7=[H]O | R8=[H] | R9=[H] | R11=[H] | R12=[H] | R17=[H]C([H])[H] | R19=[H] | R21=[H] | R22=[H] | R23=[H]NC([H])([H])[H] | R24=[H] | R27=[H].[H]C([H])[H] | R29=[H].[H] | R30=[H].[H] | R32=[H] | R33=[H].[H] | R35=F | R36=[H] | R38=[H] | R39=[H]C([H])[H],CNc1ccn(-c2ccnc3c2cc([C@H](C)N2CC=C(c4c(C)cc(C(=O)N5CCc6cc(O)ccc6C5(C)C)cc4F)CC2)n3C)c(=O)c1,[H]C([H])[H].[H]C([H])[H],,[H].[H],[H].[H],,[H],[H]O,[H],[H],,[H],[H],[H]C([H])[H],[H],[H],[H],[H]NC([H])([H])[H],[H],[H].[H]C([H])[H],[H].[H],[H].[H],[H],[H].[H],F,[H],[H],[H]C([H])[H]
EN300-8781447_47355,-12.833886407359385,3.0,0.7313039389213857,,R1=[H]O | R2=[H] | R4=[H].[H] | R6=[H].[H] | R7=[H].[H]O | R9=[H] | R10=[H]O | R11=[H] | R12=[H] | R17=[H]C([H])[H] | R19=[H] | R21=[H] | R22=[H] | R23=[H]NC([H])([H])[H] | R24=[H] | R27=[H].[H]C([H])[H] | R29=[H].[H] | R30=[H].[H] | R32=[H] | R33=[H].[H] | R35=F | R36=[H] | R38=[H] | R39=[H]C([H])[H],CNc1ccn(-c2ccnc3c2cc([C@H](C)N2CC=C(c4c(C)cc(C(=O)N5Cc6cc(O)c(O)cc6[C@H](O)C5)cc4F)CC2)n3C)c(=O)c1,[H]O,[H],,[H].[H],,[H].[H],[H].[H]O,,[H],[H]O,[H],[H],[H]C([H])[H],[H],[H],[H],[H]NC([H])([H])[H],[H],[H].[H]C([H])[H],[H].[H],[H].[H],[H],[H].[H],F,[H],[H],[H]C([H])[H]
EN300-46762853_33779,-12.698608679393137,3.0,0.7247185877120461,,R1=[H]O | R2=[H] | R3=F | R4=[H] | R6=[H].[H] | R8=[H].[H] | R9=[H].[H] | R11=[H] | R12=[H] | R17=[H]C([H])[H] | R19=[H] | R21=[H] | R22=[H] | R23=[H]NC([H])([H])[H] | R24=[H] | R27=[H].[H]C([H])[H] | R29=[H].[H] | R30=[H].[H] | R32=[H] | R33=[H].[H] | R35=F | R36=[H] | R38=[H] | R39=[H]C([H])[H],CNc1ccn(-c2ccnc3c2cc([C@H](C)N2CC=C(c4c(C)cc(C(=O)N5CCc6c(O)cc(F)cc6C5)cc4F)CC2)n3C)c(=O)c1,[H]O,[H],F,[H],,[H].[H],,[H].[H],[H].[H],,[H],[H],[H]C([H])[H],[H],[H],[H],[H]NC([H])([H])[H],[H],[H].[H]C([H])[H],[H].[H],[H].[H],[H],[H].[H],F,[H],[H],[H]C([H])[H]
LN03227352_4581,-12.51837269981745,3.0,0.7159446583749018,,R1=[H]OC([H])[H] | R2=[H] | R3=[H] | R5=[H] | R7=[H].[H] | R8=[H].[H] | R9=[H].[H] | R11=[H] | R12=[H] | R17=[H]C([H])[H] | R19=[H] | R21=[H] | R22=[H] | R23=[H]NC([H])([H])[H] | R24=[H] | R27=[H].[H]C([H])[H] | R29=[H].[H] | R30=[H].[H] | R32=[H] | R33=[H].[H] | R35=F | R36=[H] | R38=[H] | R39=[H]C([H])[H],CNc1ccn(-c2ccnc3c2cc([C@H](C)N2CC=C(c4c(C)cc(C(=O)N5CCc6cc(CO)ccc6C5)cc4F)CC2)n3C)c(=O)c1,[H]OC([H])[H],[H],[H],,[H],,[H].[H],[H].[H],[H].[H],,[H],[H],[H]C([H])[H],[H],[H],[H],[H]NC([H])([H])[H],[H],[H].[H]C([H])[H],[H].[H],[H].[H],[H],[H].[H],F,[H],[H],[H]C([H])[H]
EN300-1273343_10229,-12.329223707388689,3.0,0.7067368415024387,,R1=[H].[H]C([H])[H] | R3=[H].[H] | R4=[H].[H] | R6=[H] | R7=[H]O | R8=[H] | R9=[H] | R11=[H] | R12=[H] | R17=[H]C([H])[H] | R19=[H] | R21=[H] | R22=[H] | R23=[H]NC([H])([H])[H] | R24=[H] | R27=[H].[H]C([H])[H] | R29=[H].[H] | R30=[H].[H] | R32=[H] | R33=[H].[H] | R35=F | R36=[H] | R38=[H] | R39=[H]C([H])[H],CNc1ccn(-c2ccnc3c2cc([C@H](C)N2CC=C(c4c(C)cc(C(=O)N5CCc6cc(O)ccc6[C@H]5C)cc4F)CC2)n3C)c(=O)c1,[H].[H]C([H])[H],,[H].[H],[H].[H],,[H],[H]O,[H],[H],,[H],[H],[H]C([H])[H],[H],[H],[H],[H]NC([H])([H])[H],[H],[H].[H]C([H])[H],[H].[H],[H].[H],[H],[H].[H],F,[H],[H],[H]C([H])[H]
EN300-191455_16855,-12.110272752880233,3.0,0.6960782581958201,,R1=[H]C([H])([H])O | R2=[H] | R5=[H] | R6=[H]O | R7=[H].[H] | R8=[H].[H] | R10=[H].[H]C([H])[H] | R11=[H] | R12=[H] | R17=[H]C([H])[H] | R19=[H] | R21=[H] | R22=[H] | R23=[H]NC([H])([H])[H] | R24=[H] | R27=[H].[H]C([H])[H] | R29=[H].[H] | R30=[H].[H] | R32=[H] | R33=[H].[H] | R35=F | R36=[H] | R38=[H] | R39=[H]C([H])[H],CNc1ccn(-c2ccnc3c2cc([C@H](C)N2CC=C(c4c(C)cc(C(=O)N5CCc6cc(O)c(OC)cc6[C@H]5C)cc4F)CC2)n3C)c(=O)c1,[H]C([H])([H])O,[H],,,[H],[H]O,[H].[H],[H].[H],,[H].[H]C([H])[H],[H],[H],[H]C([H])[H],[H],[H],[H],[H]NC([H])([H])[H],[H],[H].[H]C([H])[H],[H].[H],[H].[H],[H],[H].[H],F,[H],[H],[H]C([H])[H]
EN300-22996250_17475,-11.739075347049951,3.0,0.678008282286718,,R1=[H]OC([H])[H] | R2=[H] | R3=[H] | R5=[H].[H] | R6=[H].[H] | R8=[H].[H] | R10=[H] | R11=[H] | R12=[H] | R17=[H]C([H])[H] | R19=[H] | R21=[H] | R22=[H] | R23=[H]NC([H])([H])[H] | R24=[H] | R27=[H].[H]C([H])[H] | R29=[H].[H] | R30=[H].[H] | R32=[H] | R33=[H].[H] | R35=F | R36=[H] | R38=[H] | R39=[H]C([H])[H],CNc1ccn(-c2ccnc3c2cc([C@H](C)N2CC=C(c4c(C)cc(C(=O)N5CCc6ccc(CO)cc6C5)cc4F)CC2)n3C)c(=O)c1,[H]OC([H])[H],[H],[H],,[H].[H],[H].[H],,[H].[H],,[H],[H],[H],[H]C([H])[H],[H],[H],[H],[H]NC([H])([H])[H],[H],[H].[H]C([H])[H],[H].[H],[H].[H],[H],[H].[H],F,[H],[H],[H]C([H])[H]
EN300-1273343_10230,-10.429848590727595,3.0,0.6142748197820966,,R1=[H].[H]C([H])[H] | R3=[H].[H] | R4=[H].[H] | R6=[H] | R7=[H]O | R8=[H] | R9=[H] | R11=[H] | R12=[H] | R17=[H]C([H])[H] | R19=[H] | R21=[H] | R22=[H] | R23=[H]NC([H])([H])[H] | R24=[H] | R27=[H].[H]C([H])[H] | R29=[H].[H] | R30=[H].[H] | R32=[H] | R33=[H].[H] | R35=F | R36=[H] | R38=[H] | R39=[H]C([H])[H],CNc1ccn(-c2ccnc3c2cc([C@H](C)N2CC=C(c4c(C)cc(C(=O)N5CCc6cc(O)ccc6[C@@H]5C)cc4F)CC2)n3C)c(=O)c1,[H].[H]C([H])[H],,[H].[H],[H].[H],,[H],[H]O,[H],[H],,[H],[H],[H]C([H])[H],[H],[H],[H],[H]NC([H])([H])[H],[H],[H].[H]C([H])[H],[H].[H],[H].[H],[H],[H].[H],F,[H],[H],[H]C([H])[H]
EN300-22865908_44934,-13.163087081911975,2.0,0.5473295042001078,,R1=[H].[H]C([H])[H] | R2=[H].[H] | R4=[H].[H] | R6=[H] | R7=[H] | R8=Br | R9=[H] | R11=[H] | R12=[H] | R17=[H]C([H])[H] | R19=[H] | R21=[H] | R22=[H] | R23=[H]NC([H])([H])[H] | R24=[H] | R27=[H].[H]C([H])[H] | R29=[H].[H] | R30=[H].[H] | R32=[H] | R33=[H].[H] | R35=F | R36=[H] | R38=[H] | R39=[H]C([H])[H],CNc1ccn(-c2ccnc3c2cc([C@H](C)N2CC=C(c4c(C)cc(C(=O)N5Cc6ccc(Br)cc6[C@@H](C)C5)cc4F)CC2)n3C)c(=O)c1,[H].[H]C([H])[H],[H].[H],,[H].[H],,[H],[H],Br,[H],,[H],[H],[H]C([H])[H],[H],[H],[H],[H]NC([H])([H])[H],[H],[H].[H]C([H])[H],[H].[H],[H].[H],[H],[H].[H],F,[H],[H],[H]C([H])[H]
EN300-53097402_47218,-13.119100049676026,2.0,0.5451882052569252,,R1=[H]OC([H])([H])C([H])[H] | R2=[H] | R3=[H] | R4=[H] | R6=[H].[H] | R8=[H].[H] | R9=[H].[H] | R11=[H] | R12=[H] | R17=[H]C([H])[H] | R19=[H] | R21=[H] | R22=[H] | R23=[H]NC([H])([H])[H] | R24=[H] | R27=[H].[H]C([H])[H] | R29=[H].[H] | R30=[H].[H] | R32=[H] | R33=[H].[H] | R35=F | R36=[H] | R38=[H] | R39=[H]C([H])[H],CNc1ccn(-c2ccnc3c2cc([C@H](C)N2CC=C(c4c(C)cc(C(=O)N5CCc6c(CCO)cccc6C5)cc4F)CC2)n3C)c(=O)c1,[H]OC([H])([H])C([H])[H],[H],[H],[H],,[H].[H],,[H].[H],[H].[H],,[H],[H],[H]C([H])[H],[H],[H],[H],[H]NC([H])([H])[H],[H],[H].[H]C([H])[H],[H].[H],[H].[H],[H],[H].[H],F,[H],[H],[H]C([H])[H]
EN300-27747388_26455,-13.037564434926102,2.0,0.5412190325980555,,R1=C#N.[H] | R2=[H].[H] | R4=[H].[H] | R6=[H] | R7=[H] | R8=Br | R9=[H] | R11=[H] | R12=[H] | R17=[H]C([H])[H] | R19=[H] | R21=[H] | R22=[H] | R23=[H]NC([H])([H])[H] | R24=[H] | R27=[H].[H]C([H])[H] | R29=[H].[H] | R30=[H].[H] | R32=[H] | R33=[H].[H] | R35=F | R36=[H] | R38=[H] | R39=[H]C([H])[H],CNc1ccn(-c2ccnc3c2cc([C@H](C)N2CC=C(c4c(C)cc(C(=O)N5Cc6ccc(Br)cc6[C@@H](C#N)C5)cc4F)CC2)n3C)c(=O)c1,C#N.[H],[H].[H],,[H].[H],,[H],[H],Br,[H],,[H],[H],[H]C([H])[H],[H],[H],[H],[H]NC([H])([H])[H],[H],[H].[H]C([H])[H],[H].[H],[H].[H],[H],[H].[H],F,[H],[H],[H]C([H])[H]
EN300-34777_4017,-13.001487849479847,2.0,0.5394628160414274,,R1=[H]C([H])([H])O | R2=[H] | R3=[H] | R4=[H]C([H])([H])O | R7=[H].[H] | R9=[H].[H] | R10=[H].[H]O | R11=[H] | R12=[H] | R17=[H]C([H])[H] | R19=[H] | R21=[H] | R22=[H] | R23=[H]NC([H])([H])[H] | R24=[H] | R27=[H].[H]C([H])[H] | R29=[H].[H] | R30=[H].[H] | R32=[H] | R33=[H].[H] | R35=F | R36=[H] | R38=[H] | R39=[H]C([H])[H],CNc1ccn(-c2ccnc3c2cc([C@H](C)N2CC=C(c4c(C)cc(C(=O)N5Cc6c(OC)ccc(OC)c6[C@@H](O)C5)cc4F)CC2)n3C)c(=O)c1,[H]C([H])([H])O,[H],[H],[H]C([H])([H])O,,,[H].[H],,[H].[H],[H].[H]O,[H],[H],[H]C([H])[H],[H],[H],[H],[H]NC([H])([H])[H],[H],[H].[H]C([H])[H],[H].[H],[H].[H],[H],[H].[H],F,[H],[H],[H]C([H])[H]
EN300-46590287_32843,-12.972092298044126,2.0,0.5380318337717909,,R1=[H].[H]C([H])[H] | R2=[H].[H] | R4=[H].[H] | R6=[H] | R7=Br | R8=[H] | R9=F | R11=[H] | R12=[H] | R17=[H]C([H])[H] | R19=[H] | R21=[H] | R22=[H] | R23=[H]NC([H])([H])[H] | R24=[H] | R27=[H].[H]C([H])[H] | R29=[H].[H] | R30=[H].[H] | R32=[H] | R33=[H].[H] | R35=F | R36=[H] | R38=[H] | R39=[H]C([H])[H],CNc1ccn(-c2ccnc3c2cc([C@H](C)N2CC=C(c4c(C)cc(C(=O)N5Cc6cc(Br)cc(F)c6[C@@H](C)C5)cc4F)CC2)n3C)c(=O)c1,[H].[H]C([H])[H],[H].[H],,[H].[H],,[H],Br,[H],F,,[H],[H],[H]C([H])[H],[H],[H],[H],[H]NC([H])([H])[H],[H],[H].[H]C([H])[H],[H].[H],[H].[H],[H],[H].[H],F,[H],[H],[H]C([H])[H]
EN300-175145_4517,-12.94243118123408,2.0,0.5365879237180669,,R1=[H]C(C([H])([H])[H])C([H])([H])[H] | R2=[H] | R3=[H] | R4=[H] | R6=[H].[H] | R8=[H].[H] | R9=[H].[H] | R11=[H] | R12=[H] | R17=[H]C([H])[H] | R19=[H] | R21=[H] | R22=[H] | R23=[H]NC([H])([H])[H] | R24=[H] | R27=[H].[H]C([H])[H] | R29=[H].[H] | R30=[H].[H] | R32=[H] | R33=[H].[H] | R35=F | R36=[H] | R38=[H] | R39=[H]C([H])[H],CNc1ccn(-c2ccnc3c2cc([C@H](C)N2CC=C(c4c(C)cc(C(=O)N5CCc6c(cccc6C(C)C)C5)cc4F)CC2)n3C)c(=O)c1,[H]C(C([H])([H])[H])C([H])([H])[H],[H],[H],[H],,[H].[H],,[H].[H],[H].[H],,[H],[H],[H]C([H])[H],[H],[H],[H],[H]NC([H])([H])[H],[H],[H].[H]C([H])[H],[H].[H],[H].[H],[H],[H].[H],F,[H],[H],[H]C([H])[H]
EN300-27102114_12863,-12.917929496508268,2.0,0.5353951760162409,,R1=Cl | R2=[H] | R3=Br | R5=[H].[H] | R6=[H].[H] | R8=[H].[H] | R10=[H] | R11=[H] | R12=[H] | R17=[H]C([H])[H] | R19=[H] | R21=[H] | R22=[H] | R23=[H]NC([H])([H])[H] | R24=[H] | R27=[H].[H]C([H])[H] | R29=[H].[H] | R30=[H].[H] | R32=[H] | R33=[H].[H] | R35=F | R36=[H] | R38=[H] | R39=[H]C([H])[H],CNc1ccn(-c2ccnc3c2cc([C@H](C)N2CC=C(c4c(C)cc(C(=O)N5CCc6c(Br)cc(Cl)cc6C5)cc4F)CC2)n3C)c(=O)c1,Cl,[H],Br,,[H].[H],[H].[H],,[H].[H],,[H],[H],[H],[H]C([H])[H],[H],[H],[H],[H]NC([H])([H])[H],[H],[H].[H]C([H])[H],[H].[H],[H].[H],[H],[H].[H],F,[H],[H],[H]C([H])[H]
LN05456065_4775,-12.849305555715112,2.0,0.5320545466437205,,R1=Cl | R2=[H]C([H])([H])O | R4=[H] | R6=[H].[H] | R7=[H] | R8=[H].[H] | R9=[H].[H] | R11=[H] | R12=[H] | R17=[H]C([H])[H] | R19=[H] | R21=[H] | R22=[H] | R23=[H]NC([H])([H])[H] | R24=[H] | R27=[H].[H]C([H])[H] | R29=[H].[H] | R30=[H].[H] | R32=[H] | R33=[H].[H] | R35=F | R36=[H] | R38=[H] | R39=[H]C([H])[H],CNc1ccn(-c2ccnc3c2cc([C@H](C)N2CC=C(c4c(C)cc(C(=O)N5CCc6c(ccc(OC)c6Cl)C5)cc4F)CC2)n3C)c(=O)c1,Cl,[H]C([H])([H])O,,[H],,[H].[H],[H],[H].[H],[H].[H],,[H],[H],[H]C([H])[H],[H],[H],[H],[H]NC([H])([H])[H],[H],[H].[H]C([H])[H],[H].[H],[H].[H],[H],[H].[H],F,[H],[H],[H]C([H])[H]
EN300-2009099_19339,-12.82653734133793,2.0,0.5309461846809835,,R1=Cl | R2=[H] | R3=[H] | R5=[H].[H] | R6=[H].[H] | R8=[H].[H] | R10=Br | R11=[H] | R12=[H] | R17=[H]C([H])[H] | R19=[H] | R21=[H] | R22=[H] | R23=[H]NC([H])([H])[H] | R24=[H] | R27=[H].[H]C([H])[H] | R29=[H].[H] | R30=[H].[H] | R32=[H] | R33=[H].[H] | R35=F | R36=[H] | R38=[H] | R39=[H]C([H])[H],CNc1ccn(-c2ccnc3c2cc([C@H](C)N2CC=C(c4c(C)cc(C(=O)N5CCc6ccc(Cl)c(Br)c6C5)cc4F)CC2)n3C)c(=O)c1,Cl,[H],[H],,[H].[H],[H].[H],,[H].[H],,Br,[H],[H],[H]C([H])[H],[H],[H],[H],[H]NC([H])([H])[H],[H],[H].[H]C([H])[H],[H].[H],[H].[H],[H],[H].[H],F,[H],[H],[H]C([H])[H]
EN300-106900_2376,-12.821839680881135,2.0,0.5307175014791341,,R1=F | R2=[H] | R3=Br | R4=[H] | R6=[H].[H] | R8=[H].[H] | R9=[H].[H] | R11=[H] | R12=[H] | R17=[H]C([H])[H] | R19=[H] | R21=[H] | R22=[H] | R23=[H]NC([H])([H])[H] | R24=[H] | R27=[H].[H]C([H])[H] | R29=[H].[H] | R30=[H].[H] | R32=[H] | R33=[H].[H] | R35=F | R36=[H] | R38=[H] | R39=[H]C([H])[H],CNc1ccn(-c2ccnc3c2cc([C@H](C)N2CC=C(c4c(C)cc(C(=O)N5CCc6c(F)cc(Br)cc6C5)cc4F)CC2)n3C)c(=O)c1,F,[H],Br,[H],,[H].[H],,[H].[H],[H].[H],,[H],[H],[H]C([H])[H],[H],[H],[H],[H]NC([H])([H])[H],[H],[H].[H]C([H])[H],[H].[H],[H].[H],[H],[H].[H],F,[H],[H],[H]C([H])[H]
LN05458659_5401,-12.819308544642825,2.0,0.5305942851793148,,R1=Br | R3=[H] | R5=[H].[H] | R6=[H] | R7=[H] | R8=F.F | R10=[H].[H] | R11=[H] | R12=[H] | R17=[H]C([H])[H] | R19=[H] | R21=[H] | R22=[H] | R23=[H]NC([H])([H])[H] | R24=[H] | R27=[H].[H]C([H])[H] | R29=[H].[H] | R30=[H].[H] | R32=[H] | R33=[H].[H] | R35=F | R36=[H] | R38=[H] | R39=[H]C([H])[H],CNc1ccn(-c2ccnc3c2cc([C@H](C)N2CC=C(c4c(C)cc(C(=O)N5Cc6c(Br)cccc6C(F)(F)C5)cc4F)CC2)n3C)c(=O)c1,Br,,[H],,[H].[H],[H],[H],F.F,,[H].[H],[H],[H],[H]C([H])[H],[H],[H],[H],[H]NC([H])([H])[H],[H],[H].[H]C([H])[H],[H].[H],[H].[H],[H],[H].[H],F,[H],[H],[H]C([H])[H]
EN300-26983716_14976,-12.795219107657422,2.0,0.5294216057932173,,R1=[H]C(O)(F)F | R2=[H] | R3=[H] | R5=[H].[H] | R6=[H].[H] | R8=[H].[H] | R10=[H] | R11=[H] | R12=[H] | R17=[H]C([H])[H] | R19=[H] | R21=[H] | R22=[H] | R23=[H]NC([H])([H])[H] | R24=[H] | R27=[H].[H]C([H])[H] | R29=[H].[H] | R30=[H].[H] | R32=[H] | R33=[H].[H] | R35=F | R36=[H] | R38=[H] | R39=[H]C([H])[H],CNc1ccn(-c2ccnc3c2cc([C@H](C)N2CC=C(c4c(C)cc(C(=O)N5CCc6ccc(OC(F)F)cc6C5)cc4F)CC2)n3C)c(=O)c1,[H]C(O)(F)F,[H],[H],,[H].[H],[H].[H],,[H].[H],,[H],[H],[H],[H]C([H])[H],[H],[H],[H],[H]NC([H])([H])[H],[H],[H].[H]C([H])[H],[H].[H],[H].[H],[H],[H].[H],F,[H],[H],[H]C([H])[H]
EN300-154893_42534,-12.793168666453054,2.0,0.5293217898392694,,R1=[H]C([H])[H] | R2=[H] | R3=Br | R5=[H].[H] | R6=[H].[H] | R8=[H].[H] | R10=[H] | R11=[H] | R12=[H] | R17=[H]C([H])[H] | R19=[H] | R21=[H] | R22=[H] | R23=[H]NC([H])([H])[H] | R24=[H] | R27=[H].[H]C([H])[H] | R29=[H].[H] | R30=[H].[H] | R32=[H] | R33=[H].[H] | R35=F | R36=[H] | R38=[H] | R39=[H]C([H])[H],CNc1ccn(-c2ccnc3c2cc([C@H](C)N2CC=C(c4c(C)cc(C(=O)N5CCc6c(Br)cc(C)cc6C5)cc4F)CC2)n3C)c(=O)c1,[H]C([H])[H],[H],Br,,[H].[H],[H].[H],,[H].[H],,[H],[H],[H],[H]C([H])[H],[H],[H],[H],[H]NC([H])([H])[H],[H],[H].[H]C([H])[H],[H].[H],[H].[H],[H],[H].[H],F,[H],[H],[H]C([H])[H]
EN300-1725275_12574,-12.78157569422597,2.0,0.5287574412593278,,R1=[H]C([H])([H])O | R2=[H] | R3=[H] | R5=[H].[H] | R6=[H].[H] | R8=[H].[H] | R10=[H]C([H])([H])O | R11=[H] | R12=[H] | R17=[H]C([H])[H] | R19=[H] | R21=[H] | R22=[H] | R23=[H]NC([H])([H])[H] | R24=[H] | R27=[H].[H]C([H])[H] | R29=[H].[H] | R30=[H].[H] | R32=[H] | R33=[H].[H] | R35=F | R36=[H] | R38=[H] | R39=[H]C([H])[H],CNc1ccn(-c2ccnc3c2cc([C@H](C)N2CC=C(c4c(C)cc(C(=O)N5CCc6ccc(OC)c(OC)c6C5)cc4F)CC2)n3C)c(=O)c1,[H]C([H])([H])O,[H],[H],,[H].[H],[H].[H],,[H].[H],,[H]C([H])([H])O,[H],[H],[H]C([H])[H],[H],[H],[H],[H]NC([H])([H])[H],[H],[H].[H]C([H])[H],[H].[H],[H].[H],[H],[H].[H],F,[H],[H],[H]C([H])[H]
EN300-149019_24161,-12.773951721362664,2.0,0.52838630449003,,R1=[H].[H]C([H])[H] | R3=[H].[H] | R4=[H].[H] | R6=F | R7=[H] | R8=F | R9=[H] | R11=[H] | R12=[H] | R17=[H]C([H])[H] | R19=[H] | R21=[H] | R22=[H] | R23=[H]NC([H])([H])[H] | R24=[H] | R27=[H].[H]C([H])[H] | R29=[H].[H] | R30=[H].[H] | R32=[H] | R33=[H].[H] | R35=F | R36=[H] | R38=[H] | R39=[H]C([H])[H],CNc1ccn(-c2ccnc3c2cc([C@H](C)N2CC=C(c4c(C)cc(C(=O)N5CCc6c(F)cc(F)cc6[C@@H]5C)cc4F)CC2)n3C)c(=O)c1,[H].[H]C([H])[H],,[H].[H],[H].[H],,F,[H],F,[H],,[H],[H],[H]C([H])[H],[H],[H],[H],[H]NC([H])([H])[H],[H],[H].[H]C([H])[H],[H].[H],[H].[H],[H],[H].[H],F,[H],[H],[H]C([H])[H]
EN300-27102116_12864,-12.754902207623555,2.0,0.5274589697378491,,R1=F | R2=[H] | R3=[H] | R5=[H].[H] | R7=[H].[H] | R8=[H].[H] | R10=Br | R11=[H] | R12=[H] | R17=[H]C([H])[H] | R19=[H] | R21=[H] | R22=[H] | R23=[H]NC([H])([H])[H] | R24=[H] | R27=[H].[H]C([H])[H] | R29=[H].[H] | R30=[H].[H] | R32=[H] | R33=[H].[H] | R35=F | R36=[H] | R38=[H] | R39=[H]C([H])[H],CNc1ccn(-c2ccnc3c2cc([C@H](C)N2CC=C(c4c(C)cc(C(=O)N5CCc6c(ccc(F)c6Br)C5)cc4F)CC2)n3C)c(=O)c1,F,[H],[H],,[H].[H],,[H].[H],[H].[H],,Br,[H],[H],[H]C([H])[H],[H],[H],[H],[H]NC([H])([H])[H],[H],[H].[H]C([H])[H],[H].[H],[H].[H],[H],[H].[H],F,[H],[H],[H]C([H])[H]
EN300-111217_3171,-12.752482062205733,2.0,0.5273411564969436,,R1=F | R2=[H] | R3=F | R5=[H].[H] | R6=[H].[H] | R8=[H].[H] | R10=[H] | R11=[H] | R12=[H] | R17=[H]C([H])[H] | R19=[H] | R21=[H] | R22=[H] | R23=[H]NC([H])([H])[H] | R24=[H] | R27=[H].[H]C([H])[H] | R29=[H].[H] | R30=[H].[H] | R32=[H] | R33=[H].[H] | R35=F | R36=[H] | R38=[H] | R39=[H]C([H])[H],CNc1ccn(-c2ccnc3c2cc([C@H](C)N2CC=C(c4c(C)cc(C(=O)N5CCc6c(F)cc(F)cc6C5)cc4F)CC2)n3C)c(=O)c1,F,[H],F,,[H].[H],[H].[H],,[H].[H],,[H],[H],[H],[H]C([H])[H],[H],[H],[H],[H]NC([H])([H])[H],[H],[H].[H]C([H])[H],[H].[H],[H].[H],[H],[H].[H],F,[H],[H],[H]C([H])[H]
EN300-3011776_17024,-12.73666218059826,2.0,0.5265710409868622,,R1=[H]C([H])([H])O | R2=[H] | R3=[H] | R4=F | R6=[H].[H] | R7=[H].[H] | R9=[H].[H] | R11=[H] | R12=[H] | R17=[H]C([H])[H] | R19=[H] | R21=[H] | R22=[H] | R23=[H]NC([H])([H])[H] | R24=[H] | R27=[H].[H]C([H])[H] | R29=[H].[H] | R30=[H].[H] | R32=[H] | R33=[H].[H] | R35=F | R36=[H] | R38=[H] | R39=[H]C([H])[H],CNc1ccn(-c2ccnc3c2cc([C@H](C)N2CC=C(c4c(C)cc(C(=O)N5CCc6c(F)ccc(OC)c6C5)cc4F)CC2)n3C)c(=O)c1,[H]C([H])([H])O,[H],[H],F,,[H].[H],[H].[H],,[H].[H],,[H],[H],[H]C([H])[H],[H],[H],[H],[H]NC([H])([H])[H],[H],[H].[H]C([H])[H],[H].[H],[H].[H],[H],[H].[H],F,[H],[H],[H]C([H])[H]
EN300-45726230_32271,-12.733808631771126,2.0,0.5264321295673537,,R1=[H].[H]C([H])[H] | R2=[H].[H] | R4=[H].[H] | R6=Br | R7=[H] | R8=[H] | R9=F | R11=[H] | R12=[H] | R17=[H]C([H])[H] | R19=[H] | R21=[H] | R22=[H] | R23=[H]NC([H])([H])[H] | R24=[H] | R27=[H].[H]C([H])[H] | R29=[H].[H] | R30=[H].[H] | R32=[H] | R33=[H].[H] | R35=F | R36=[H] | R38=[H] | R39=[H]C([H])[H],CNc1ccn(-c2ccnc3c2cc([C@H](C)N2CC=C(c4c(C)cc(C(=O)N5Cc6c(Br)ccc(F)c6[C@@H](C)C5)cc4F)CC2)n3C)c(=O)c1,[H].[H]C([H])[H],[H].[H],,[H].[H],,Br,[H],[H],F,,[H],[H],[H]C([H])[H],[H],[H],[H],[H]NC([H])([H])[H],[H],[H].[H]C([H])[H],[H].[H],[H].[H],[H],[H].[H],F,[H],[H],[H]C([H])[H]
EN300-1587404_11290,-12.733788743600964,2.0,0.5264311614066122,,R1=F | R2=Cl | R3=[H] | R4=[H] | R6=[H].[H] | R7=[H].[H] | R9=[H].[H] | R11=[H] | R12=[H] | R17=[H]C([H])[H] | R19=[H] | R21=[H] | R22=[H] | R23=[H]NC([H])([H])[H] | R24=[H] | R27=[H].[H]C([H])[H] | R29=[H].[H] | R30=[H].[H] | R32=[H] | R33=[H].[H] | R35=F | R36=[H] | R38=[H] | R39=[H]C([H])[H],CNc1ccn(-c2ccnc3c2cc([C@H](C)N2CC=C(c4c(C)cc(C(=O)N5CCc6ccc(Cl)c(F)c6C5)cc4F)CC2)n3C)c(=O)c1,F,Cl,[H],[H],,[H].[H],[H].[H],,[H].[H],,[H],[H],[H]C([H])[H],[H],[H],[H],[H]NC([H])([H])[H],[H],[H].[H]C([H])[H],[H].[H],[H].[H],[H],[H].[H],F,[H],[H],[H]C([H])[H]
EN300-46241699_33732,-12.72242117835607,2.0,0.5258777856909038,,R1=[H].[H]C([H])[H] | R3=[H].[H] | R4=[H].[H] | R6=Cl | R7=Br | R8=[H] | R9=[H] | R11=[H] | R12=[H] | R17=[H]C([H])[H] | R19=[H] | R21=[H] | R22=[H] | R23=[H]NC([H])([H])[H] | R24=[H] | R27=[H].[H]C([H])[H] | R29=[H].[H] | R30=[H].[H] | R32=[H] | R33=[H].[H] | R35=F | R36=[H] | R38=[H] | R39=[H]C([H])[H],CNc1ccn(-c2ccnc3c2cc([C@H](C)N2CC=C(c4c(C)cc(C(=O)N5CCc6c(ccc(Br)c6Cl)[C@@H]5C)cc4F)CC2)n3C)c(=O)c1,[H].[H]C([H])[H],,[H].[H],[H].[H],,Cl,Br,[H],[H],,[H],[H],[H]C([H])[H],[H],[H],[H],[H]NC([H])([H])[H],[H],[H].[H]C([H])[H],[H].[H],[H].[H],[H],[H].[H],F,[H],[H],[H]C([H])[H]
EN300-388227_9111,-12.717456230674479,2.0,0.5256360908848865,,R1=F | R2=[H] | R4=[H].[H] | R6=[H].[H] | R7=[H].[H] | R9=Br | R10=F | R11=[H] | R12=[H] | R17=[H]C([H])[H] | R19=[H] | R21=[H] | R22=[H] | R23=[H]NC([H])([H])[H] | R24=[H] | R27=[H].[H]C([H])[H] | R29=[H].[H] | R30=[H].[H] | R32=[H] | R33=[H].[H] | R35=F | R36=[H] | R38=[H] | R39=[H]C([H])[H],CNc1ccn(-c2ccnc3c2cc([C@H](C)N2CC=C(c4c(C)cc(C(=O)N5CCc6c(cc(F)c(F)c6Br)C5)cc4F)CC2)n3C)c(=O)c1,F,[H],,[H].[H],,[H].[H],[H].[H],,Br,F,[H],[H],[H]C([H])[H],[H],[H],[H],[H]NC([H])([H])[H],[H],[H].[H]C([H])[H],[H].[H],[H].[H],[H],[H].[H],F,[H],[H],[H]C([H])[H]
EN300-3011993_15408,-12.715870055446349,2.0,0.525558875506466,,R1=F | R2=[H] | R4=[H].[H] | R6=[H].[H] | R7=[H].[H] | R9=F | R10=F | R11=[H] | R12=[H] | R17=[H]C([H])[H] | R19=[H] | R21=[H] | R22=[H] | R23=[H]NC([H])([H])[H] | R24=[H] | R27=[H].[H]C([H])[H] | R29=[H].[H] | R30=[H].[H] | R32=[H] | R33=[H].[H] | R35=F | R36=[H] | R38=[H] | R39=[H]C([H])[H],CNc1ccn(-c2ccnc3c2cc([C@H](C)N2CC=C(c4c(C)cc(C(=O)N5CCc6c(cc(F)c(F)c6F)C5)cc4F)CC2)n3C)c(=O)c1,F,[H],,[H].[H],,[H].[H],[H].[H],,F,F,[H],[H],[H]C([H])[H],[H],[H],[H],[H]NC([H])([H])[H],[H],[H].[H]C([H])[H],[H].[H],[H].[H],[H],[H].[H],F,[H],[H],[H]C([H])[H]
LN00170390_3853,-12.712780297132522,2.0,0.5254084653542965,,R1=FC(F)F | R2=[H] | R3=[H] | R5=[H] | R7=[H].[H] | R8=[H].[H] | R10=[H].[H] | R11=[H] | R12=[H] | R17=[H]C([H])[H] | R19=[H] | R21=[H] | R22=[H] | R23=[H]NC([H])([H])[H] | R24=[H] | R27=[H].[H]C([H])[H] | R29=[H].[H] | R30=[H].[H] | R32=[H] | R33=[H].[H] | R35=F | R36=[H] | R38=[H] | R39=[H]C([H])[H],CNc1ccn(-c2ccnc3c2cc([C@H](C)N2CC=C(c4c(C)cc(C(=O)N5CCc6ccc(C(F)(F)F)cc6C5)cc4F)CC2)n3C)c(=O)c1,FC(F)F,[H],[H],,[H],,[H].[H],[H].[H],,[H].[H],[H],[H],[H]C([H])[H],[H],[H],[H],[H]NC([H])([H])[H],[H],[H].[H]C([H])[H],[H].[H],[H].[H],[H],[H].[H],F,[H],[H],[H]C([H])[H]
EN300-155058_14658,-12.711875527440164,2.0,0.525364420955582,,R1=FC(F)F.[H] | R2=[H].[H] | R4=[H].[H] | R6=[H] | R7=[H] | R8=[H] | R9=[H] | R11=[H] | R12=[H] | R17=[H]C([H])[H] | R19=[H] | R21=[H] | R22=[H] | R23=[H]NC([H])([H])[H] | R24=[H] | R27=[H].[H]C([H])[H] | R29=[H].[H] | R30=[H].[H] | R32=[H] | R33=[H].[H] | R35=F | R36=[H] | R38=[H] | R39=[H]C([H])[H],CNc1ccn(-c2ccnc3c2cc([C@H](C)N2CC=C(c4c(C)cc(C(=O)N5Cc6ccccc6[C@H](C(F)(F)F)C5)cc4F)CC2)n3C)c(=O)c1,FC(F)F.[H],[H].[H],,[H].[H],,[H],[H],[H],[H],,[H],[H],[H]C([H])[H],[H],[H],[H],[H]NC([H])([H])[H],[H],[H].[H]C([H])[H],[H].[H],[H].[H],[H],[H].[H],F,[H],[H],[H]C([H])[H]
EN300-45684236_32166,-12.710412528460493,2.0,0.5252932018255383,,R1=[H].[H]C([H])[H] | R3=[H].[H] | R4=[H].[H] | R6=F | R7=[H] | R8=[H] | R9=Br | R11=[H] | R12=[H] | R17=[H]C([H])[H] | R19=[H] | R21=[H] | R22=[H] | R23=[H]NC([H])([H])[H] | R24=[H] | R27=[H].[H]C([H])[H] | R29=[H].[H] | R30=[H].[H] | R32=[H] | R33=[H].[H] | R35=F | R36=[H] | R38=[H] | R39=[H]C([H])[H],CNc1ccn(-c2ccnc3c2cc([C@H](C)N2CC=C(c4c(C)cc(C(=O)N5CCc6c(F)ccc(Br)c6[C@H]5C)cc4F)CC2)n3C)c(=O)c1,[H].[H]C([H])[H],,[H].[H],[H].[H],,F,[H],[H],Br,,[H],[H],[H]C([H])[H],[H],[H],[H],[H]NC([H])([H])[H],[H],[H].[H]C([H])[H],[H].[H],[H].[H],[H],[H].[H],F,[H],[H],[H]C([H])[H]
EN300-46502663_15140,-12.696361152790159,2.0,0.5246091775951298,,R1=Cl | R2=Br | R3=[H] | R4=[H] | R6=[H].[H] | R8=[H].[H] | R9=[H].[H] | R11=[H] | R12=[H] | R17=[H]C([H])[H] | R19=[H] | R21=[H] | R22=[H] | R23=[H]NC([H])([H])[H] | R24=[H] | R27=[H].[H]C([H])[H] | R29=[H].[H] | R30=[H].[H] | R32=[H] | R33=[H].[H] | R35=F | R36=[H] | R38=[H] | R39=[H]C([H])[H],CNc1ccn(-c2ccnc3c2cc([C@H](C)N2CC=C(c4c(C)cc(C(=O)N5CCc6c(ccc(Br)c6Cl)C5)cc4F)CC2)n3C)c(=O)c1,Cl,Br,[H],[H],,[H].[H],,[H].[H],[H].[H],,[H],[H],[H]C([H])[H],[H],[H],[H],[H]NC([H])([H])[H],[H],[H].[H]C([H])[H],[H].[H],[H].[H],[H],[H].[H],F,[H],[H],[H]C([H])[H]
LN03249292_389,-12.689341369979816,2.0,0.5242674529379052,,R1=F | R3=[H] | R5=[H].[H] | R6=[H] | R7=F | R8=[H].[H] | R10=[H].[H] | R11=[H] | R12=[H] | R17=[H]C([H])[H] | R19=[H] | R21=[H] | R22=[H] | R23=[H]NC([H])([H])[H] | R24=[H] | R27=[H].[H]C([H])[H] | R29=[H].[H] | R30=[H].[H] | R32=[H] | R33=[H].[H] | R35=F | R36=[H] | R38=[H] | R39=[H]C([H])[H],CNc1ccn(-c2ccnc3c2cc([C@H](C)N2CC=C(c4c(C)cc(C(=O)N5CCc6c(F)ccc(F)c6C5)cc4F)CC2)n3C)c(=O)c1,F,,[H],,[H].[H],[H],F,[H].[H],,[H].[H],[H],[H],[H]C([H])[H],[H],[H],[H],[H]NC([H])([H])[H],[H],[H].[H]C([H])[H],[H].[H],[H].[H],[H],[H].[H],F,[H],[H],[H]C([H])[H]
EN300-78197_3311,-12.676462245264236,2.0,0.5236404941561748,,R1=[H].[H]C([H])[H] | R3=[H].[H] | R4=[H].[H] | R6=[H] | R7=[H] | R8=F | R9=[H] | R11=[H] | R12=[H] | R17=[H]C([H])[H] | R19=[H] | R21=[H] | R22=[H] | R23=[H]NC([H])([H])[H] | R24=[H] | R27=[H].[H]C([H])[H] | R29=[H].[H] | R30=[H].[H] | R32=[H] | R33=[H].[H] | R35=F | R36=[H] | R38=[H] | R39=[H]C([H])[H],CNc1ccn(-c2ccnc3c2cc([C@H](C)N2CC=C(c4c(C)cc(C(=O)N5CCc6ccc(F)cc6[C@@H]5C)cc4F)CC2)n3C)c(=O)c1,[H].[H]C([H])[H],,[H].[H],[H].[H],,[H],[H],F,[H],,[H],[H],[H]C([H])[H],[H],[H],[H],[H]NC([H])([H])[H],[H],[H].[H]C([H])[H],[H].[H],[H].[H],[H],[H].[H],F,[H],[H],[H]C([H])[H]
EN300-226788_38273,-12.670910450615127,2.0,0.5233702315035108,,R1=F | R2=[H] | R3=Cl | R5=[H].[H] | R6=[H].[H] | R8=[H].[H] | R10=[H] | R11=[H] | R12=[H] | R17=[H]C([H])[H] | R19=[H] | R21=[H] | R22=[H] | R23=[H]NC([H])([H])[H] | R24=[H] | R27=[H].[H]C([H])[H] | R29=[H].[H] | R30=[H].[H] | R32=[H] | R33=[H].[H] | R35=F | R36=[H] | R38=[H] | R39=[H]C([H])[H],CNc1ccn(-c2ccnc3c2cc([C@H](C)N2CC=C(c4c(C)cc(C(=O)N5CCc6c(Cl)cc(F)cc6C5)cc4F)CC2)n3C)c(=O)c1,F,[H],Cl,,[H].[H],[H].[H],,[H].[H],,[H],[H],[H],[H]C([H])[H],[H],[H],[H],[H]NC([H])([H])[H],[H],[H].[H]C([H])[H],[H].[H],[H].[H],[H],[H].[H],F,[H],[H],[H]C([H])[H]
EN300-1726367_19259,-12.670811125025136,2.0,0.5233653963107263,,R1=Cl | R2=Br | R3=[H] | R4=[H] | R6=[H].[H] | R7=[H].[H] | R9=[H].[H] | R11=[H] | R12=[H] | R17=[H]C([H])[H] | R19=[H] | R21=[H] | R22=[H] | R23=[H]NC([H])([H])[H] | R24=[H] | R27=[H].[H]C([H])[H] | R29=[H].[H] | R30=[H].[H] | R32=[H] | R33=[H].[H] | R35=F | R36=[H] | R38=[H] | R39=[H]C([H])[H],CNc1ccn(-c2ccnc3c2cc([C@H](C)N2CC=C(c4c(C)cc(C(=O)N5CCc6ccc(Br)c(Cl)c6C5)cc4F)CC2)n3C)c(=O)c1,Cl,Br,[H],[H],,[H].[H],[H].[H],,[H].[H],,[H],[H],[H]C([H])[H],[H],[H],[H],[H]NC([H])([H])[H],[H],[H].[H]C([H])[H],[H].[H],[H].[H],[H],[H].[H],F,[H],[H],[H]C([H])[H]
EN300-3022947_10617,-12.651345847500313,2.0,0.5224178220809151,,R1=F | R2=[H] | R3=[H] | R4=Cl | R6=[H].[H] | R7=[H].[H] | R9=[H].[H] | R11=[H] | R12=[H] | R17=[H]C([H])[H] | R19=[H] | R21=[H] | R22=[H] | R23=[H]NC([H])([H])[H] | R24=[H] | R27=[H].[H]C([H])[H] | R29=[H].[H] | R30=[H].[H] | R32=[H] | R33=[H].[H] | R35=F | R36=[H] | R38=[H] | R39=[H]C([H])[H],CNc1ccn(-c2ccnc3c2cc([C@H](C)N2CC=C(c4c(C)cc(C(=O)N5CCc6c(Cl)ccc(F)c6C5)cc4F)CC2)n3C)c(=O)c1,F,[H],[H],Cl,,[H].[H],[H].[H],,[H].[H],,[H],[H],[H]C([H])[H],[H],[H],[H],[H]NC([H])([H])[H],[H],[H].[H]C([H])[H],[H].[H],[H].[H],[H],[H].[H],F,[H],[H],[H]C([H])[H]
EN300-46122171_33109,-12.643267957444966,2.0,0.5220245885173076,,R1=[H].[H]C([H])[H] | R2=[H].[H] | R4=[H].[H] | R6=[H] | R7=[H] | R8=[H] | R9=Br | R11=[H] | R12=[H] | R17=[H]C([H])[H] | R19=[H] | R21=[H] | R22=[H] | R23=[H]NC([H])([H])[H] | R24=[H] | R27=[H].[H]C([H])[H] | R29=[H].[H] | R30=[H].[H] | R32=[H] | R33=[H].[H] | R35=F | R36=[H] | R38=[H] | R39=[H]C([H])[H],CNc1ccn(-c2ccnc3c2cc([C@H](C)N2CC=C(c4c(C)cc(C(=O)N5Cc6cccc(Br)c6[C@H](C)C5)cc4F)CC2)n3C)c(=O)c1,[H].[H]C([H])[H],[H].[H],,[H].[H],,[H],[H],[H],Br,,[H],[H],[H]C([H])[H],[H],[H],[H],[H]NC([H])([H])[H],[H],[H].[H]C([H])[H],[H].[H],[H].[H],[H],[H].[H],F,[H],[H],[H]C([H])[H]
EN300-37419875_13241,-12.628107003622848,2.0,0.5212865497648226,,R1=[H]C([H])([H])O | R2=[H] | R3=F | R5=[H].[H] | R6=[H].[H] | R8=[H].[H] | R10=[H] | R11=[H] | R12=[H] | R17=[H]C([H])[H] | R19=[H] | R21=[H] | R22=[H] | R23=[H]NC([H])([H])[H] | R24=[H] | R27=[H].[H]C([H])[H] | R29=[H].[H] | R30=[H].[H] | R32=[H] | R33=[H].[H] | R35=F | R36=[H] | R38=[H] | R39=[H]C([H])[H],CNc1ccn(-c2ccnc3c2cc([C@H](C)N2CC=C(c4c(C)cc(C(=O)N5CCc6c(F)cc(OC)cc6C5)cc4F)CC2)n3C)c(=O)c1,[H]C([H])([H])O,[H],F,,[H].[H],[H].[H],,[H].[H],,[H],[H],[H],[H]C([H])[H],[H],[H],[H],[H]NC([H])([H])[H],[H],[H].[H]C([H])[H],[H].[H],[H].[H],[H],[H].[H],F,[H],[H],[H]C([H])[H]
EN300-311915_46909,-12.622561885214017,2.0,0.5210166121130856,,R1=Cl | R2=[H] | R3=[H] | R5=[H].[H] | R7=[H].[H] | R8=[H].[H] | R10=Br | R11=[H] | R12=[H] | R17=[H]C([H])[H] | R19=[H] | R21=[H] | R22=[H] | R23=[H]NC([H])([H])[H] | R24=[H] | R27=[H].[H]C([H])[H] | R29=[H].[H] | R30=[H].[H] | R32=[H] | R33=[H].[H] | R35=F | R36=[H] | R38=[H] | R39=[H]C([H])[H],CNc1ccn(-c2ccnc3c2cc([C@H](C)N2CC=C(c4c(C)cc(C(=O)N5CCc6c(ccc(Cl)c6Br)C5)cc4F)CC2)n3C)c(=O)c1,Cl,[H],[H],,[H].[H],,[H].[H],[H].[H],,Br,[H],[H],[H]C([H])[H],[H],[H],[H],[H]NC([H])([H])[H],[H],[H].[H]C([H])[H],[H].[H],[H].[H],[H],[H].[H],F,[H],[H],[H]C([H])[H]
EN300-53246858_48079,-12.618857308672311,2.0,0.5208362724668202,,R1=[H]C([H])([H])O | R2=C#N | R3=[H] | R4=[H] | R6=[H].[H] | R7=[H].[H] | R9=[H].[H] | R11=[H] | R12=[H] | R17=[H]C([H])[H] | R19=[H] | R21=[H] | R22=[H] | R23=[H]NC([H])([H])[H] | R24=[H] | R27=[H].[H]C([H])[H] | R29=[H].[H] | R30=[H].[H] | R32=[H] | R33=[H].[H] | R35=F | R36=[H] | R38=[H] | R39=[H]C([H])[H],CNc1ccn(-c2ccnc3c2cc([C@H](C)N2CC=C(c4c(C)cc(C(=O)N5CCc6ccc(C#N)c(OC)c6C5)cc4F)CC2)n3C)c(=O)c1,[H]C([H])([H])O,C#N,[H],[H],,[H].[H],[H].[H],,[H].[H],,[H],[H],[H]C([H])[H],[H],[H],[H],[H]NC([H])([H])[H],[H],[H].[H]C([H])[H],[H].[H],[H].[H],[H],[H].[H],F,[H],[H],[H]C([H])[H]
EN300-1232620_25280,-12.603450839171819,2.0,0.5200862819541022,,R1=Cl | R2=[H] | R3=[H] | R4=Cl | R6=[H].[H] | R8=[H].[H] | R9=[H].[H] | R11=[H] | R12=[H] | R17=[H]C([H])[H] | R19=[H] | R21=[H] | R22=[H] | R23=[H]NC([H])([H])[H] | R24=[H] | R27=[H].[H]C([H])[H] | R29=[H].[H] | R30=[H].[H] | R32=[H] | R33=[H].[H] | R35=F | R36=[H] | R38=[H] | R39=[H]C([H])[H],CNc1ccn(-c2ccnc3c2cc([C@H](C)N2CC=C(c4c(C)cc(C(=O)N5CCc6c(Cl)ccc(Cl)c6C5)cc4F)CC2)n3C)c(=O)c1,Cl,[H],[H],Cl,,[H].[H],,[H].[H],[H].[H],,[H],[H],[H]C([H])[H],[H],[H],[H],[H]NC([H])([H])[H],[H],[H].[H]C([H])[H],[H].[H],[H].[H],[H],[H].[H],F,[H],[H],[H]C([H])[H]
EN300-43356220_31783,-12.593699320872828,2.0,0.5196115757789721,,R1=[H].[H]C([H])[H] | R3=[H].[H] | R4=[H].[H] | R6=F | R7=Cl | R8=[H] | R9=[H] | R11=[H] | R12=[H] | R17=[H]C([H])[H] | R19=[H] | R21=[H] | R22=[H] | R23=[H]NC([H])([H])[H] | R24=[H] | R27=[H].[H]C([H])[H] | R29=[H].[H] | R30=[H].[H] | R32=[H] | R33=[H].[H] | R35=F | R36=[H] | R38=[H] | R39=[H]C([H])[H],CNc1ccn(-c2ccnc3c2cc([C@H](C)N2CC=C(c4c(C)cc(C(=O)N5CCc6c(ccc(Cl)c6F)[C@@H]5C)cc4F)CC2)n3C)c(=O)c1,[H].[H]C([H])[H],,[H].[H],[H].[H],,F,Cl,[H],[H],,[H],[H],[H]C([H])[H],[H],[H],[H],[H]NC([H])([H])[H],[H],[H].[H]C([H])[H],[H].[H],[H].[H],[H],[H].[H],F,[H],[H],[H]C([H])[H]
LN00226711_5877,-12.584509728744397,2.0,0.519164224300306,,R1=Br | R2=[H] | R3=[H] | R5=[H] | R7=[H].[H] | R8=[H].[H] | R10=[H].[H] | R11=[H] | R12=[H] | R17=[H]C([H])[H] | R19=[H] | R21=[H] | R22=[H] | R23=[H]NC([H])([H])[H] | R24=[H] | R27=[H].[H]C([H])[H] | R29=[H].[H] | R30=[H].[H] | R32=[H] | R33=[H].[H] | R35=F | R36=[H] | R38=[H] | R39=[H]C([H])[H],CNc1ccn(-c2ccnc3c2cc([C@H](C)N2CC=C(c4c(C)cc(C(=O)N5CCc6ccc(Br)cc6C5)cc4F)CC2)n3C)c(=O)c1,Br,[H],[H],,[H],,[H].[H],[H].[H],,[H].[H],[H],[H],[H]C([H])[H],[H],[H],[H],[H]NC([H])([H])[H],[H],[H].[H]C([H])[H],[H].[H],[H].[H],[H],[H].[H],F,[H],[H],[H]C([H])[H]
EN300-1707072_12046,-12.575702688214905,2.0,0.5187354955223059,,R1=[H].[H]C([H])[H] | R2=[H].[H] | R4=[H].[H] | R6=[H] | R7=Br | R8=[H] | R9=[H] | R11=[H] | R12=[H] | R17=[H]C([H])[H] | R19=[H] | R21=[H] | R22=[H] | R23=[H]NC([H])([H])[H] | R24=[H] | R27=[H].[H]C([H])[H] | R29=[H].[H] | R30=[H].[H] | R32=[H] | R33=[H].[H] | R35=F | R36=[H] | R38=[H] | R39=[H]C([H])[H],CNc1ccn(-c2ccnc3c2cc([C@H](C)N2CC=C(c4c(C)cc(C(=O)N5Cc6cc(Br)ccc6[C@H](C)C5)cc4F)CC2)n3C)c(=O)c1,[H].[H]C([H])[H],[H].[H],,[H].[H],,[H],Br,[H],[H],,[H],[H],[H]C([H])[H],[H],[H],[H],[H]NC([H])([H])[H],[H],[H].[H]C([H])[H],[H].[H],[H].[H],[H],[H].[H],F,[H],[H],[H]C([H])[H]
LN00390465_6451,-12.571675057734891,2.0,0.5185394295353095,,R1=FC(F)F | R2=[H] | R3=[H] | R5=[H] | R7=[H].[H] | R8=[H].[H] | R9=[H].[H] | R11=[H] | R12=[H] | R17=[H]C([H])[H] | R19=[H] | R21=[H] | R22=[H] | R23=[H]NC([H])([H])[H] | R24=[H] | R27=[H].[H]C([H])[H] | R29=[H].[H] | R30=[H].[H] | R32=[H] | R33=[H].[H] | R35=F | R36=[H] | R38=[H] | R39=[H]C([H])[H],CNc1ccn(-c2ccnc3c2cc([C@H](C)N2CC=C(c4c(C)cc(C(=O)N5CCc6cc(C(F)(F)F)ccc6C5)cc4F)CC2)n3C)c(=O)c1,FC(F)F,[H],[H],,[H],,[H].[H],[H].[H],[H].[H],,[H],[H],[H]C([H])[H],[H],[H],[H],[H]NC([H])([H])[H],[H],[H].[H]C([H])[H],[H].[H],[H].[H],[H],[H].[H],F,[H],[H],[H]C([H])[H]
EN300-135343_16585,-12.564081509914029,2.0,0.5181697738641426,,R1=F | R2=[H] | R3=[H] | R4=Br | R6=[H].[H] | R7=[H].[H] | R9=[H].[H] | R11=[H] | R12=[H] | R17=[H]C([H])[H] | R19=[H] | R21=[H] | R22=[H] | R23=[H]NC([H])([H])[H] | R24=[H] | R27=[H].[H]C([H])[H] | R29=[H].[H] | R30=[H].[H] | R32=[H] | R33=[H].[H] | R35=F | R36=[H] | R38=[H] | R39=[H]C([H])[H],CNc1ccn(-c2ccnc3c2cc([C@H](C)N2CC=C(c4c(C)cc(C(=O)N5CCc6c(Br)ccc(F)c6C5)cc4F)CC2)n3C)c(=O)c1,F,[H],[H],Br,,[H].[H],[H].[H],,[H].[H],,[H],[H],[H]C([H])[H],[H],[H],[H],[H]NC([H])([H])[H],[H],[H].[H]C([H])[H],[H].[H],[H].[H],[H],[H].[H],F,[H],[H],[H]C([H])[H]
LN00214111_6780,-12.55544650238474,2.0,0.5177494196925391,,R1=F | R2=[H] | R3=[H] | R5=[H] | R7=[H].[H] | R8=[H].[H] | R10=[H].[H] | R11=[H] | R12=[H] | R17=[H]C([H])[H] | R19=[H] | R21=[H] | R22=[H] | R23=[H]NC([H])([H])[H] | R24=[H] | R27=[H].[H]C([H])[H] | R29=[H].[H] | R30=[H].[H] | R32=[H] | R33=[H].[H] | R35=F | R36=[H] | R38=[H] | R39=[H]C([H])[H],CNc1ccn(-c2ccnc3c2cc([C@H](C)N2CC=C(c4c(C)cc(C(=O)N5CCc6ccc(F)cc6C5)cc4F)CC2)n3C)c(=O)c1,F,[H],[H],,[H],,[H].[H],[H].[H],,[H].[H],[H],[H],[H]C([H])[H],[H],[H],[H],[H]NC([H])([H])[H],[H],[H].[H]C([H])[H],[H].[H],[H].[H],[H],[H].[H],F,[H],[H],[H]C([H])[H]
EN300-1273006_10487,-12.555065618382496,2.0,0.5177308781708673,,R1=[H]C([H])([H])O | R2=[H] | R3=[H] | R6=[H] | R7=[H].[H] | R8=[H].[H] | R10=[H].[H]C([H])[H] | R11=[H] | R12=[H] | R17=[H]C([H])[H] | R19=[H] | R21=[H] | R22=[H] | R23=[H]NC([H])([H])[H] | R24=[H] | R27=[H].[H]C([H])[H] | R29=[H].[H] | R30=[H].[H] | R32=[H] | R33=[H].[H] | R35=F | R36=[H] | R38=[H] | R39=[H]C([H])[H],CNc1ccn(-c2ccnc3c2cc([C@H](C)N2CC=C(c4c(C)cc(C(=O)N5CCc6cc(OC)ccc6[C@@H]5C)cc4F)CC2)n3C)c(=O)c1,[H]C([H])([H])O,[H],[H],,,[H],[H].[H],[H].[H],,[H].[H]C([H])[H],[H],[H],[H]C([H])[H],[H],[H],[H],[H]NC([H])([H])[H],[H],[H].[H]C([H])[H],[H].[H],[H].[H],[H],[H].[H],F,[H],[H],[H]C([H])[H]
EN300-1602281_17614,-12.542041671222877,2.0,0.5170968693989328,,R1=[H].[H]C([H])[H] | R3=[H].[H] | R4=[H].[H] | R6=Cl | R7=Cl | R8=[H] | R9=[H] | R11=[H] | R12=[H] | R17=[H]C([H])[H] | R19=[H] | R21=[H] | R22=[H] | R23=[H]NC([H])([H])[H] | R24=[H] | R27=[H].[H]C([H])[H] | R29=[H].[H] | R30=[H].[H] | R32=[H] | R33=[H].[H] | R35=F | R36=[H] | R38=[H] | R39=[H]C([H])[H],CNc1ccn(-c2ccnc3c2cc([C@H](C)N2CC=C(c4c(C)cc(C(=O)N5CCc6c(ccc(Cl)c6Cl)[C@@H]5C)cc4F)CC2)n3C)c(=O)c1,[H].[H]C([H])[H],,[H].[H],[H].[H],,Cl,Cl,[H],[H],,[H],[H],[H]C([H])[H],[H],[H],[H],[H]NC([H])([H])[H],[H],[H].[H]C([H])[H],[H].[H],[H].[H],[H],[H].[H],F,[H],[H],[H]C([H])[H]
EN300-46590287_32844,-12.54146873499678,2.0,0.5170689787304087,,R1=[H].[H]C([H])[H] | R2=[H].[H] | R4=[H].[H] | R6=[H] | R7=Br | R8=[H] | R9=F | R11=[H] | R12=[H] | R17=[H]C([H])[H] | R19=[H] | R21=[H] | R22=[H] | R23=[H]NC([H])([H])[H] | R24=[H] | R27=[H].[H]C([H])[H] | R29=[H].[H] | R30=[H].[H] | R32=[H] | R33=[H].[H] | R35=F | R36=[H] | R38=[H] | R39=[H]C([H])[H],CNc1ccn(-c2ccnc3c2cc([C@H](C)N2CC=C(c4c(C)cc(C(=O)N5Cc6cc(Br)cc(F)c6[C@H](C)C5)cc4F)CC2)n3C)c(=O)c1,[H].[H]C([H])[H],[H].[H],,[H].[H],,[H],Br,[H],F,,[H],[H],[H]C([H])[H],[H],[H],[H],[H]NC([H])([H])[H],[H],[H].[H]C([H])[H],[H].[H],[H].[H],[H],[H].[H],F,[H],[H],[H]C([H])[H]
EN300-1719426_42546,-12.538610853138145,2.0,0.5169298563779205,,R1=[H].[H]C([H])[H] | R2=[H].[H] | R4=[H].[H] | R6=Cl | R7=[H] | R8=[H] | R9=[H] | R11=[H] | R12=[H] | R17=[H]C([H])[H] | R19=[H] | R21=[H] | R22=[H] | R23=[H]NC([H])([H])[H] | R24=[H] | R27=[H].[H]C([H])[H] | R29=[H].[H] | R30=[H].[H] | R32=[H] | R33=[H].[H] | R35=F | R36=[H] | R38=[H] | R39=[H]C([H])[H],CNc1ccn(-c2ccnc3c2cc([C@H](C)N2CC=C(c4c(C)cc(C(=O)N5Cc6c(Cl)cccc6[C@@H](C)C5)cc4F)CC2)n3C)c(=O)c1,[H].[H]C([H])[H],[H].[H],,[H].[H],,Cl,[H],[H],[H],,[H],[H],[H]C([H])[H],[H],[H],[H],[H]NC([H])([H])[H],[H],[H].[H]C([H])[H],[H].[H],[H].[H],[H],[H].[H],F,[H],[H],[H]C([H])[H]
EN300-22865908_44935,-12.52276601462359,2.0,0.5161585259598074,,R1=[H].[H]C([H])[H] | R2=[H].[H] | R4=[H].[H] | R6=[H] | R7=[H] | R8=Br | R9=[H] | R11=[H] | R12=[H] | R17=[H]C([H])[H] | R19=[H] | R21=[H] | R22=[H] | R23=[H]NC([H])([H])[H] | R24=[H] | R27=[H].[H]C([H])[H] | R29=[H].[H] | R30=[H].[H] | R32=[H] | R33=[H].[H] | R35=F | R36=[H] | R38=[H] | R39=[H]C([H])[H],CNc1ccn(-c2ccnc3c2cc([C@H](C)N2CC=C(c4c(C)cc(C(=O)N5Cc6ccc(Br)cc6[C@H](C)C5)cc4F)CC2)n3C)c(=O)c1,[H].[H]C([H])[H],[H].[H],,[H].[H],,[H],[H],Br,[H],,[H],[H],[H]C([H])[H],[H],[H],[H],[H]NC([H])([H])[H],[H],[H].[H]C([H])[H],[H].[H],[H].[H],[H],[H].[H],F,[H],[H],[H]C([H])[H]
EN300-28312687_27677,-12.52199047872562,2.0,0.5161207726922121,,R1=F.F | R2=[H].[H] | R4=[H].[H] | R6=[H] | R7=[H] | R8=Br | R9=[H] | R11=[H] | R12=[H] | R17=[H]C([H])[H] | R19=[H] | R21=[H] | R22=[H] | R23=[H]NC([H])([H])[H] | R24=[H] | R27=[H].[H]C([H])[H] | R29=[H].[H] | R30=[H].[H] | R32=[H] | R33=[H].[H] | R35=F | R36=[H] | R38=[H] | R39=[H]C([H])[H],CNc1ccn(-c2ccnc3c2cc([C@H](C)N2CC=C(c4c(C)cc(C(=O)N5Cc6ccc(Br)cc6C(F)(F)C5)cc4F)CC2)n3C)c(=O)c1,F.F,[H].[H],,[H].[H],,[H],[H],Br,[H],,[H],[H],[H]C([H])[H],[H],[H],[H],[H]NC([H])([H])[H],[H],[H].[H]C([H])[H],[H].[H],[H].[H],[H],[H].[H],F,[H],[H],[H]C([H])[H]
EN300-1602305_23388,-12.513574049964072,2.0,0.515711058985777,,R1=F | R2=[H] | R4=[H].[H] | R5=[H].[H] | R7=[H].[H] | R9=F | R10=F | R11=[H] | R12=[H] | R17=[H]C([H])[H] | R19=[H] | R21=[H] | R22=[H] | R23=[H]NC([H])([H])[H] | R24=[H] | R27=[H].[H]C([H])[H] | R29=[H].[H] | R30=[H].[H] | R32=[H] | R33=[H].[H] | R35=F | R36=[H] | R38=[H] | R39=[H]C([H])[H],CNc1ccn(-c2ccnc3c2cc([C@H](C)N2CC=C(c4c(C)cc(C(=O)N5CCc6cc(F)c(F)c(F)c6C5)cc4F)CC2)n3C)c(=O)c1,F,[H],,[H].[H],[H].[H],,[H].[H],,F,F,[H],[H],[H]C([H])[H],[H],[H],[H],[H]NC([H])([H])[H],[H],[H].[H]C([H])[H],[H].[H],[H].[H],[H],[H].[H],F,[H],[H],[H]C([H])[H]
EN300-27152590_24996,-12.512664914118643,2.0,0.515666802041717,,R1=[H].[H]C([H])[H] | R3=[H].[H] | R4=[H].[H] | R6=F | R7=[H] | R8=[H] | R9=[H] | R11=[H] | R12=[H] | R17=[H]C([H])[H] | R19=[H] | R21=[H] | R22=[H] | R23=[H]NC([H])([H])[H] | R24=[H] | R27=[H].[H]C([H])[H] | R29=[H].[H] | R30=[H].[H] | R32=[H] | R33=[H].[H] | R35=F | R36=[H] | R38=[H] | R39=[H]C([H])[H],CNc1ccn(-c2ccnc3c2cc([C@H](C)N2CC=C(c4c(C)cc(C(=O)N5CCc6c(F)cccc6[C@@H]5C)cc4F)CC2)n3C)c(=O)c1,[H].[H]C([H])[H],,[H].[H],[H].[H],,F,[H],[H],[H],,[H],[H],[H]C([H])[H],[H],[H],[H],[H]NC([H])([H])[H],[H],[H].[H]C([H])[H],[H].[H],[H].[H],[H],[H].[H],F,[H],[H],[H]C([H])[H]
EN300-7460464_17512,-12.509417088447693,2.0,0.5155086971338991,,R1=[H]O | R2=[H] | R3=[H] | R4=F | R6=[H].[H] | R7=[H].[H] | R9=[H].[H] | R11=[H] | R12=[H] | R17=[H]C([H])[H] | R19=[H] | R21=[H] | R22=[H] | R23=[H]NC([H])([H])[H] | R24=[H] | R27=[H].[H]C([H])[H] | R29=[H].[H] | R30=[H].[H] | R32=[H] | R33=[H].[H] | R35=F | R36=[H] | R38=[H] | R39=[H]C([H])[H],CNc1ccn(-c2ccnc3c2cc([C@H](C)N2CC=C(c4c(C)cc(C(=O)N5CCc6c(F)ccc(O)c6C5)cc4F)CC2)n3C)c(=O)c1,[H]O,[H],[H],F,,[H].[H],[H].[H],,[H].[H],,[H],[H],[H]C([H])[H],[H],[H],[H],[H]NC([H])([H])[H],[H],[H].[H]C([H])[H],[H].[H],[H].[H],[H],[H].[H],F,[H],[H],[H]C([H])[H]
LN00230189_2137,-12.501227747475225,2.0,0.515110038113767,,R1=[H]O | R2=[H] | R3=[H] | R5=[H] | R7=[H].[H] | R8=[H].[H] | R10=[H].[H] | R11=[H] | R12=[H] | R17=[H]C([H])[H] | R19=[H] | R21=[H] | R22=[H] | R23=[H]NC([H])([H])[H] | R24=[H] | R27=[H].[H]C([H])[H] | R29=[H].[H] | R30=[H].[H] | R32=[H] | R33=[H].[H] | R35=F | R36=[H] | R38=[H] | R39=[H]C([H])[H],CNc1ccn(-c2ccnc3c2cc([C@H](C)N2CC=C(c4c(C)cc(C(=O)N5CCc6ccc(O)cc6C5)cc4F)CC2)n3C)c(=O)c1,[H]O,[H],[H],,[H],,[H].[H],[H].[H],,[H].[H],[H],[H],[H]C([H])[H],[H],[H],[H],[H]NC([H])([H])[H],[H],[H].[H]C([H])[H],[H].[H],[H].[H],[H],[H].[H],F,[H],[H],[H]C([H])[H]
EN300-51691933_36821,-12.497071456972034,2.0,0.514907708926967,,R1=[H]C([H])[H] | R2=[H] | R3=[H] | R5=[H].[H] | R7=[H].[H] | R8=[H].[H] | R10=[H]C([H])[H] | R11=[H] | R12=[H] | R17=[H]C([H])[H] | R19=[H] | R21=[H] | R22=[H] | R23=[H]NC([H])([H])[H] | R24=[H] | R27=[H].[H]C([H])[H] | R29=[H].[H] | R30=[H].[H] | R32=[H] | R33=[H].[H] | R35=F | R36=[H] | R38=[H] | R39=[H]C([H])[H],CNc1ccn(-c2ccnc3c2cc([C@H](C)N2CC=C(c4c(C)cc(C(=O)N5CCc6c(ccc(C)c6C)C5)cc4F)CC2)n3C)c(=O)c1,[H]C([H])[H],[H],[H],,[H].[H],,[H].[H],[H].[H],,[H]C([H])[H],[H],[H],[H]C([H])[H],[H],[H],[H],[H]NC([H])([H])[H],[H],[H].[H]C([H])[H],[H].[H],[H].[H],[H],[H].[H],F,[H],[H],[H]C([H])[H]
EN300-40804_19145,-12.490405726392995,2.0,0.5145832196145743,,R1=[H]C([H])([H])O | R2=[H] | R3=[H] | R4=Br | R6=[H].[H] | R7=[H].[H] | R9=[H].[H] | R11=[H] | R12=[H] | R17=[H]C([H])[H] | R19=[H] | R21=[H] | R22=[H] | R23=[H]NC([H])([H])[H] | R24=[H] | R27=[H].[H]C([H])[H] | R29=[H].[H] | R30=[H].[H] | R32=[H] | R33=[H].[H] | R35=F | R36=[H] | R38=[H] | R39=[H]C([H])[H],CNc1ccn(-c2ccnc3c2cc([C@H](C)N2CC=C(c4c(C)cc(C(=O)N5CCc6c(Br)ccc(OC)c6C5)cc4F)CC2)n3C)c(=O)c1,[H]C([H])([H])O,[H],[H],Br,,[H].[H],[H].[H],,[H].[H],,[H],[H],[H]C([H])[H],[H],[H],[H],[H]NC([H])([H])[H],[H],[H].[H]C([H])[H],[H].[H],[H].[H],[H],[H].[H],F,[H],[H],[H]C([H])[H]
EN300-7473228_12614,-12.477861746095511,2.0,0.5139725757409386,,R1=[H]C([H])[H] | R2=Br | R3=[H] | R4=[H] | R6=[H].[H] | R8=[H].[H] | R9=[H].[H] | R11=[H] | R12=[H] | R17=[H]C([H])[H] | R19=[H] | R21=[H] | R22=[H] | R23=[H]NC([H])([H])[H] | R24=[H] | R27=[H].[H]C([H])[H] | R29=[H].[H] | R30=[H].[H] | R32=[H] | R33=[H].[H] | R35=F | R36=[H] | R38=[H] | R39=[H]C([H])[H],CNc1ccn(-c2ccnc3c2cc([C@H](C)N2CC=C(c4c(C)cc(C(=O)N5CCc6c(ccc(Br)c6C)C5)cc4F)CC2)n3C)c(=O)c1,[H]C([H])[H],Br,[H],[H],,[H].[H],,[H].[H],[H].[H],,[H],[H],[H]C([H])[H],[H],[H],[H],[H]NC([H])([H])[H],[H],[H].[H]C([H])[H],[H].[H],[H].[H],[H],[H].[H],F,[H],[H],[H]C([H])[H]
EN300-1707072_12045,-12.477754549082457,2.0,0.5139673573654515,,R1=[H].[H]C([H])[H] | R2=[H].[H] | R4=[H].[H] | R6=[H] | R7=Br | R8=[H] | R9=[H] | R11=[H] | R12=[H] | R17=[H]C([H])[H] | R19=[H] | R21=[H] | R22=[H] | R23=[H]NC([H])([H])[H] | R24=[H] | R27=[H].[H]C([H])[H] | R29=[H].[H] | R30=[H].[H] | R32=[H] | R33=[H].[H] | R35=F | R36=[H] | R38=[H] | R39=[H]C([H])[H],CNc1ccn(-c2ccnc3c2cc([C@H](C)N2CC=C(c4c(C)cc(C(=O)N5Cc6cc(Br)ccc6[C@@H](C)C5)cc4F)CC2)n3C)c(=O)c1,[H].[H]C([H])[H],[H].[H],,[H].[H],,[H],Br,[H],[H],,[H],[H],[H]C([H])[H],[H],[H],[H],[H]NC([H])([H])[H],[H],[H].[H]C([H])[H],[H].[H],[H].[H],[H],[H].[H],F,[H],[H],[H]C([H])[H]
EN300-44825890_30936,-12.472972119603325,2.0,0.5137345475879112,,R1=[H].[H]C([H])[H] | R3=[H].[H] | R4=[H].[H] | R6=Cl | R7=[H] | R8=Br | R9=[H] | R11=[H] | R12=[H] | R17=[H]C([H])[H] | R19=[H] | R21=[H] | R22=[H] | R23=[H]NC([H])([H])[H] | R24=[H] | R27=[H].[H]C([H])[H] | R29=[H].[H] | R30=[H].[H] | R32=[H] | R33=[H].[H] | R35=F | R36=[H] | R38=[H] | R39=[H]C([H])[H],CNc1ccn(-c2ccnc3c2cc([C@H](C)N2CC=C(c4c(C)cc(C(=O)N5CCc6c(Cl)cc(Br)cc6[C@@H]5C)cc4F)CC2)n3C)c(=O)c1,[H].[H]C([H])[H],,[H].[H],[H].[H],,Cl,[H],Br,[H],,[H],[H],[H]C([H])[H],[H],[H],[H],[H]NC([H])([H])[H],[H],[H].[H]C([H])[H],[H].[H],[H].[H],[H],[H].[H],F,[H],[H],[H]C([H])[H]
EN300-46668794_33480,-12.466738604494738,2.0,0.513431098624982,,R1=[H].[H]C([H])[H] | R2=[H].[H] | R4=[H].[H] | R6=[H] | R7=Br | R8=[H] | R9=Cl | R11=[H] | R12=[H] | R17=[H]C([H])[H] | R19=[H] | R21=[H] | R22=[H] | R23=[H]NC([H])([H])[H] | R24=[H] | R27=[H].[H]C([H])[H] | R29=[H].[H] | R30=[H].[H] | R32=[H] | R33=[H].[H] | R35=F | R36=[H] | R38=[H] | R39=[H]C([H])[H],CNc1ccn(-c2ccnc3c2cc([C@H](C)N2CC=C(c4c(C)cc(C(=O)N5Cc6cc(Br)cc(Cl)c6[C@H](C)C5)cc4F)CC2)n3C)c(=O)c1,[H].[H]C([H])[H],[H].[H],,[H].[H],,[H],Br,[H],Cl,,[H],[H],[H]C([H])[H],[H],[H],[H],[H]NC([H])([H])[H],[H],[H].[H]C([H])[H],[H].[H],[H].[H],[H],[H].[H],F,[H],[H],[H]C([H])[H]
LN05089848_9,-12.4632455276026,2.0,0.5132610548307686,,R1=FC(F)F | R3=[H] | R5=[H].[H] | R6=[H] | R7=[H] | R8=[H].[H] | R9=[H].[H] | R11=[H] | R12=[H] | R17=[H]C([H])[H] | R19=[H] | R21=[H] | R22=[H] | R23=[H]NC([H])([H])[H] | R24=[H] | R27=[H].[H]C([H])[H] | R29=[H].[H] | R30=[H].[H] | R32=[H] | R33=[H].[H] | R35=F | R36=[H] | R38=[H] | R39=[H]C([H])[H],CNc1ccn(-c2ccnc3c2cc([C@H](C)N2CC=C(c4c(C)cc(C(=O)N5CCc6c(cccc6C(F)(F)F)C5)cc4F)CC2)n3C)c(=O)c1,FC(F)F,,[H],,[H].[H],[H],[H],[H].[H],[H].[H],,[H],[H],[H]C([H])[H],[H],[H],[H],[H]NC([H])([H])[H],[H],[H].[H]C([H])[H],[H].[H],[H].[H],[H],[H].[H],F,[H],[H],[H]C([H])[H]
LN02190435_1087,-12.462025780023385,2.0,0.5132016772353829,,R1=Br | R2=[H] | R3=[H] | R5=[H] | R7=[H].[H] | R8=[H]C([H])[H].[H]C([H])[H] | R9=[H].[H] | R11=[H] | R12=[H] | R17=[H]C([H])[H] | R19=[H] | R21=[H] | R22=[H] | R23=[H]NC([H])([H])[H] | R24=[H] | R27=[H].[H]C([H])[H] | R29=[H].[H] | R30=[H].[H] | R32=[H] | R33=[H].[H] | R35=F | R36=[H] | R38=[H] | R39=[H]C([H])[H],CNc1ccn(-c2ccnc3c2cc([C@H](C)N2CC=C(c4c(C)cc(C(=O)N5CCc6cc(Br)ccc6C5(C)C)cc4F)CC2)n3C)c(=O)c1,Br,[H],[H],,[H],,[H].[H],[H]C([H])[H].[H]C([H])[H],[H].[H],,[H],[H],[H]C([H])[H],[H],[H],[H],[H]NC([H])([H])[H],[H],[H].[H]C([H])[H],[H].[H],[H].[H],[H],[H].[H],F,[H],[H],[H]C([H])[H]
EN300-8322195_27833,-12.454114400264514,2.0,0.5128165494316721,,R1=[H].[H]C([H])[H] | R3=[H].[H] | R4=[H].[H] | R6=F | R7=[H] | R8=Cl | R9=[H] | R11=[H] | R12=[H] | R17=[H]C([H])[H] | R19=[H] | R21=[H] | R22=[H] | R23=[H]NC([H])([H])[H] | R24=[H] | R27=[H].[H]C([H])[H] | R29=[H].[H] | R30=[H].[H] | R32=[H] | R33=[H].[H] | R35=F | R36=[H] | R38=[H] | R39=[H]C([H])[H],CNc1ccn(-c2ccnc3c2cc([C@H](C)N2CC=C(c4c(C)cc(C(=O)N5CCc6c(F)cc(Cl)cc6[C@H]5C)cc4F)CC2)n3C)c(=O)c1,[H].[H]C([H])[H],,[H].[H],[H].[H],,F,[H],Cl,[H],,[H],[H],[H]C([H])[H],[H],[H],[H],[H]NC([H])([H])[H],[H],[H].[H]C([H])[H],[H].[H],[H].[H],[H],[H].[H],F,[H],[H],[H]C([H])[H]
EN300-105291_3159,-12.447715765303757,2.0,0.5125050623959979,,R1=[H].[H]C([H])[H] | R3=[H].[H] | R4=[H].[H] | R6=Cl | R7=[H] | R8=Cl | R9=[H] | R11=[H] | R12=[H] | R17=[H]C([H])[H] | R19=[H] | R21=[H] | R22=[H] | R23=[H]NC([H])([H])[H] | R24=[H] | R27=[H].[H]C([H])[H] | R29=[H].[H] | R30=[H].[H] | R32=[H] | R33=[H].[H] | R35=F | R36=[H] | R38=[H] | R39=[H]C([H])[H],CNc1ccn(-c2ccnc3c2cc([C@H](C)N2CC=C(c4c(C)cc(C(=O)N5CCc6c(Cl)cc(Cl)cc6[C@@H]5C)cc4F)CC2)n3C)c(=O)c1,[H].[H]C([H])[H],,[H].[H],[H].[H],,Cl,[H],Cl,[H],,[H],[H],[H]C([H])[H],[H],[H],[H],[H]NC([H])([H])[H],[H],[H].[H]C([H])[H],[H].[H],[H].[H],[H],[H].[H],F,[H],[H],[H]C([H])[H]
EN300-6479248_19308,-12.435149745764383,2.0,0.5118933456469492,,R1=Cl | R2=[H] | R4=[H].[H] | R6=[H].[H] | R7=[H].[H] | R9=[H] | R10=Br | R11=[H] | R12=[H] | R17=[H]C([H])[H] | R19=[H] | R21=[H] | R22=[H] | R23=[H]NC([H])([H])[H] | R24=[H] | R27=[H].[H]C([H])[H] | R29=[H].[H] | R30=[H].[H] | R32=[H] | R33=[H].[H] | R35=F | R36=[H] | R38=[H] | R39=[H]C([H])[H],CNc1ccn(-c2ccnc3c2cc([C@H](C)N2CC=C(c4c(C)cc(C(=O)N5CCc6cc(Br)c(Cl)cc6C5)cc4F)CC2)n3C)c(=O)c1,Cl,[H],,[H].[H],,[H].[H],[H].[H],,[H],Br,[H],[H],[H]C([H])[H],[H],[H],[H],[H]NC([H])([H])[H],[H],[H].[H]C([H])[H],[H].[H],[H].[H],[H],[H].[H],F,[H],[H],[H]C([H])[H]
LN02039042_6665,-12.432967783254854,2.0,0.5117871272053264,,R2=[H].[H] | R3=[H].[H] | R5=[H].[H] | R7=[H] | R8=[H] | R9=[H] | R10=[H]C([H])[H] | R11=[H] | R12=[H] | R17=[H]C([H])[H] | R19=[H] | R21=[H] | R22=[H] | R23=[H]NC([H])([H])[H] | R24=[H] | R27=[H].[H]C([H])[H] | R29=[H].[H] | R30=[H].[H] | R32=[H] | R33=[H].[H] | R35=F | R36=[H] | R38=[H] | R39=[H]C([H])[H],CNc1ccn(-c2ccnc3c2cc([C@H](C)N2CC=C(c4c(C)cc(C(=O)N5CCc6cc(C)ccc6C5)cc4F)CC2)n3C)c(=O)c1,,[H].[H],[H].[H],,[H].[H],,[H],[H],[H],[H]C([H])[H],[H],[H],[H]C([H])[H],[H],[H],[H],[H]NC([H])([H])[H],[H],[H].[H]C([H])[H],[H].[H],[H].[H],[H],[H].[H],F,[H],[H],[H]C([H])[H]
EN300-6249947_18003,-12.431749749826755,2.0,0.5117278330552151,,R1=[H]C([H])([H])O | R2=[H] | R3=Br | R5=[H].[H] | R6=[H].[H] | R8=[H].[H] | R10=[H] | R11=[H] | R12=[H] | R17=[H]C([H])[H] | R19=[H] | R21=[H] | R22=[H] | R23=[H]NC([H])([H])[H] | R24=[H] | R27=[H].[H]C([H])[H] | R29=[H].[H] | R30=[H].[H] | R32=[H] | R33=[H].[H] | R35=F | R36=[H] | R38=[H] | R39=[H]C([H])[H],CNc1ccn(-c2ccnc3c2cc([C@H](C)N2CC=C(c4c(C)cc(C(=O)N5CCc6c(Br)cc(OC)cc6C5)cc4F)CC2)n3C)c(=O)c1,[H]C([H])([H])O,[H],Br,,[H].[H],[H].[H],,[H].[H],,[H],[H],[H],[H]C([H])[H],[H],[H],[H],[H]NC([H])([H])[H],[H],[H].[H]C([H])[H],[H].[H],[H].[H],[H],[H].[H],F,[H],[H],[H]C([H])[H]
EN300-7549596_19684,-12.430299095980908,2.0,0.5116572148891525,,R1=[H]C([H])[H].[H]C([H])[H] | R2=[H].[H] | R4=[H].[H] | R6=Br | R7=[H] | R8=[H] | R9=[H] | R11=[H] | R12=[H] | R17=[H]C([H])[H] | R19=[H] | R21=[H] | R22=[H] | R23=[H]NC([H])([H])[H] | R24=[H] | R27=[H].[H]C([H])[H] | R29=[H].[H] | R30=[H].[H] | R32=[H] | R33=[H].[H] | R35=F | R36=[H] | R38=[H] | R39=[H]C([H])[H],CNc1ccn(-c2ccnc3c2cc([C@H](C)N2CC=C(c4c(C)cc(C(=O)N5Cc6c(Br)cccc6C(C)(C)C5)cc4F)CC2)n3C)c(=O)c1,[H]C([H])[H].[H]C([H])[H],[H].[H],,[H].[H],,Br,[H],[H],[H],,[H],[H],[H]C([H])[H],[H],[H],[H],[H]NC([H])([H])[H],[H],[H].[H]C([H])[H],[H].[H],[H].[H],[H],[H].[H],F,[H],[H],[H]C([H])[H]
LN00171060_1694,-12.429641954455782,2.0,0.5116252250871189,,R1=FC(F)F | R2=[H] | R3=[H] | R4=C#N | R7=[H].[H] | R8=[H].[H] | R10=[H].[H] | R11=[H] | R12=[H] | R17=[H]C([H])[H] | R19=[H] | R21=[H] | R22=[H] | R23=[H]NC([H])([H])[H] | R24=[H] | R27=[H].[H]C([H])[H] | R29=[H].[H] | R30=[H].[H] | R32=[H] | R33=[H].[H] | R35=F | R36=[H] | R38=[H] | R39=[H]C([H])[H],CNc1ccn(-c2ccnc3c2cc([C@H](C)N2CC=C(c4c(C)cc(C(=O)N5CCc6c(C#N)cc(C(F)(F)F)cc6C5)cc4F)CC2)n3C)c(=O)c1,FC(F)F,[H],[H],C#N,,,[H].[H],[H].[H],,[H].[H],[H],[H],[H]C([H])[H],[H],[H],[H],[H]NC([H])([H])[H],[H],[H].[H]C([H])[H],[H].[H],[H].[H],[H],[H].[H],F,[H],[H],[H]C([H])[H]
EN300-52053202_37358,-12.428627058929221,2.0,0.5115758197372238,,R1=[H]C([H])([H])O | R2=[H] | R3=[H] | R5=[H].[H] | R7=[H].[H]C([H])[H] | R8=[H].[H]C([H])[H] | R10=[H] | R11=[H] | R12=[H] | R17=[H]C([H])[H] | R19=[H] | R21=[H] | R22=[H] | R23=[H]NC([H])([H])[H] | R24=[H] | R27=[H].[H]C([H])[H] | R29=[H].[H] | R30=[H].[H] | R32=[H] | R33=[H].[H] | R35=F | R36=[H] | R38=[H] | R39=[H]C([H])[H],CNc1ccn(-c2ccnc3c2cc([C@H](C)N2CC=C(c4c(C)cc(C(=O)N5Cc6ccc(OC)cc6[C@@H](C)[C@H]5C)cc4F)CC2)n3C)c(=O)c1,[H]C([H])([H])O,[H],[H],,[H].[H],,[H].[H]C([H])[H],[H].[H]C([H])[H],,[H],[H],[H],[H]C([H])[H],[H],[H],[H],[H]NC([H])([H])[H],[H],[H].[H]C([H])[H],[H].[H],[H].[H],[H],[H].[H],F,[H],[H],[H]C([H])[H]
LN05341287_7389,-12.421733674774663,2.0,0.511240248195913,,R1=Br | R2=[H] | R3=[H] | R5=[H]C([H])[H] | R7=[H].[H] | R8=[H].[H] | R10=[H].[H] | R11=[H] | R12=[H] | R17=[H]C([H])[H] | R19=[H] | R21=[H] | R22=[H] | R23=[H]NC([H])([H])[H] | R24=[H] | R27=[H].[H]C([H])[H] | R29=[H].[H] | R30=[H].[H] | R32=[H] | R33=[H].[H] | R35=F | R36=[H] | R38=[H] | R39=[H]C([H])[H],CNc1ccn(-c2ccnc3c2cc([C@H](C)N2CC=C(c4c(C)cc(C(=O)N5CCc6c(C)cc(Br)cc6C5)cc4F)CC2)n3C)c(=O)c1,Br,[H],[H],,[H]C([H])[H],,[H].[H],[H].[H],,[H].[H],[H],[H],[H]C([H])[H],[H],[H],[H],[H]NC([H])([H])[H],[H],[H].[H]C([H])[H],[H].[H],[H].[H],[H],[H].[H],F,[H],[H],[H]C([H])[H]
LN01361134_3222,-12.411856982201666,2.0,0.5107594485080583,,R1=Cl | R3=[H] | R5=[H].[H] | R6=Cl | R7=[H] | R8=[H].[H] | R9=[H].[H] | R11=[H] | R12=[H] | R17=[H]C([H])[H] | R19=[H] | R21=[H] | R22=[H] | R23=[H]NC([H])([H])[H] | R24=[H] | R27=[H].[H]C([H])[H] | R29=[H].[H] | R30=[H].[H] | R32=[H] | R33=[H].[H] | R35=F | R36=[H] | R38=[H] | R39=[H]C([H])[H],CNc1ccn(-c2ccnc3c2cc([C@H](C)N2CC=C(c4c(C)cc(C(=O)N5CCc6c(Cl)cc(Cl)cc6C5)cc4F)CC2)n3C)c(=O)c1,Cl,,[H],,[H].[H],Cl,[H],[H].[H],[H].[H],,[H],[H],[H]C([H])[H],[H],[H],[H],[H]NC([H])([H])[H],[H],[H].[H]C([H])[H],[H].[H],[H].[H],[H],[H].[H],F,[H],[H],[H]C([H])[H]
LN01096145_3143,-12.406760173851524,2.0,0.5105113346940774,,R1=[H]C([H])([H])O | R3=[H] | R5=[H].[H] | R6=[H] | R7=[H] | R8=[H].[H] | R10=[H].[H] | R11=[H] | R12=[H] | R17=[H]C([H])[H] | R19=[H] | R21=[H] | R22=[H] | R23=[H]NC([H])([H])[H] | R24=[H] | R27=[H].[H]C([H])[H] | R29=[H].[H] | R30=[H].[H] | R32=[H] | R33=[H].[H] | R35=F | R36=[H] | R38=[H] | R39=[H]C([H])[H],CNc1ccn(-c2ccnc3c2cc([C@H](C)N2CC=C(c4c(C)cc(C(=O)N5CCc6cccc(OC)c6C5)cc4F)CC2)n3C)c(=O)c1,[H]C([H])([H])O,,[H],,[H].[H],[H],[H],[H].[H],,[H].[H],[H],[H],[H]C([H])[H],[H],[H],[H],[H]NC([H])([H])[H],[H],[H].[H]C([H])[H],[H].[H],[H].[H],[H],[H].[H],F,[H],[H],[H]C([H])[H]
EN300-123734_3473,-12.396920653838064,2.0,0.5100323445750525,,R1=F | R2=[H] | R3=[H] | R4=[H] | R6=[H].[H] | R7=[H].[H] | R9=[H].[H] | R11=[H] | R12=[H] | R17=[H]C([H])[H] | R19=[H] | R21=[H] | R22=[H] | R23=[H]NC([H])([H])[H] | R24=[H] | R27=[H].[H]C([H])[H] | R29=[H].[H] | R30=[H].[H] | R32=[H] | R33=[H].[H] | R35=F | R36=[H] | R38=[H] | R39=[H]C([H])[H],CNc1ccn(-c2ccnc3c2cc([C@H](C)N2CC=C(c4c(C)cc(C(=O)N5CCc6cccc(F)c6C5)cc4F)CC2)n3C)c(=O)c1,F,[H],[H],[H],,[H].[H],[H].[H],,[H].[H],,[H],[H],[H]C([H])[H],[H],[H],[H],[H]NC([H])([H])[H],[H],[H].[H]C([H])[H],[H].[H],[H].[H],[H],[H].[H],F,[H],[H],[H]C([H])[H]
EN300-7543103_17686,-12.390573766474555,2.0,0.5097233766244283,,R1=[H]O | R2=[H] | R3=[H] | R4=F | R6=[H].[H] | R8=[H].[H] | R9=[H].[H] | R11=[H] | R12=[H] | R17=[H]C([H])[H] | R19=[H] | R21=[H] | R22=[H] | R23=[H]NC([H])([H])[H] | R24=[H] | R27=[H].[H]C([H])[H] | R29=[H].[H] | R30=[H].[H] | R32=[H] | R33=[H].[H] | R35=F | R36=[H] | R38=[H] | R39=[H]C([H])[H],CNc1ccn(-c2ccnc3c2cc([C@H](C)N2CC=C(c4c(C)cc(C(=O)N5CCc6c(O)ccc(F)c6C5)cc4F)CC2)n3C)c(=O)c1,[H]O,[H],[H],F,,[H].[H],,[H].[H],[H].[H],,[H],[H],[H]C([H])[H],[H],[H],[H],[H]NC([H])([H])[H],[H],[H].[H]C([H])[H],[H].[H],[H].[H],[H],[H].[H],F,[H],[H],[H]C([H])[H]
EN300-37430778_13232,-12.38481450028284,2.0,0.5094430142088947,,R1=[H]C([H])([H])O | R2=[H] | R3=F | R4=[H] | R6=[H].[H] | R8=[H].[H] | R9=[H].[H] | R11=[H] | R12=[H] | R17=[H]C([H])[H] | R19=[H] | R21=[H] | R22=[H] | R23=[H]NC([H])([H])[H] | R24=[H] | R27=[H].[H]C([H])[H] | R29=[H].[H] | R30=[H].[H] | R32=[H] | R33=[H].[H] | R35=F | R36=[H] | R38=[H] | R39=[H]C([H])[H],CNc1ccn(-c2ccnc3c2cc([C@H](C)N2CC=C(c4c(C)cc(C(=O)N5CCc6c(cc(F)cc6OC)C5)cc4F)CC2)n3C)c(=O)c1,[H]C([H])([H])O,[H],F,[H],,[H].[H],,[H].[H],[H].[H],,[H],[H],[H]C([H])[H],[H],[H],[H],[H]NC([H])([H])[H],[H],[H].[H]C([H])[H],[H].[H],[H].[H],[H],[H].[H],F,[H],[H],[H]C([H])[H]
LN01277019_1490,-12.382532681228039,2.0,0.509331934727461,,R1=Cl | R2=[H] | R3=[H] | R5=[H] | R7=[H].[H] | R8=[H].[H] | R10=[H].[H] | R11=[H] | R12=[H] | R17=[H]C([H])[H] | R19=[H] | R21=[H] | R22=[H] | R23=[H]NC([H])([H])[H] | R24=[H] | R27=[H].[H]C([H])[H] | R29=[H].[H] | R30=[H].[H] | R32=[H] | R33=[H].[H] | R35=F | R36=[H] | R38=[H] | R39=[H]C([H])[H],CNc1ccn(-c2ccnc3c2cc([C@H](C)N2CC=C(c4c(C)cc(C(=O)N5CCc6ccc(Cl)cc6C5)cc4F)CC2)n3C)c(=O)c1,Cl,[H],[H],,[H],,[H].[H],[H].[H],,[H].[H],[H],[H],[H]C([H])[H],[H],[H],[H],[H]NC([H])([H])[H],[H],[H].[H]C([H])[H],[H].[H],[H].[H],[H],[H].[H],F,[H],[H],[H]C([H])[H]
LN01533296_7547,-12.382114283871713,2.0,0.5093115670470018,,R1=Cl | R2=[H] | R3=[H] | R5=[H] | R7=[H].[H]C([H])[H] | R8=[H].[H] | R9=[H].[H] | R11=[H] | R12=[H] | R17=[H]C([H])[H] | R19=[H] | R21=[H] | R22=[H] | R23=[H]NC([H])([H])[H] | R24=[H] | R27=[H].[H]C([H])[H] | R29=[H].[H] | R30=[H].[H] | R32=[H] | R33=[H].[H] | R35=F | R36=[H] | R38=[H] | R39=[H]C([H])[H],CNc1ccn(-c2ccnc3c2cc([C@H](C)N2CC=C(c4c(C)cc(C(=O)N5Cc6ccc(Cl)cc6[C@@H](C)C5)cc4F)CC2)n3C)c(=O)c1,Cl,[H],[H],,[H],,[H].[H]C([H])[H],[H].[H],[H].[H],,[H],[H],[H]C([H])[H],[H],[H],[H],[H]NC([H])([H])[H],[H],[H].[H]C([H])[H],[H].[H],[H].[H],[H],[H].[H],F,[H],[H],[H]C([H])[H]
LN00335358_2448,-12.356025140744087,2.0,0.5080415415015623,,R1=F | R3=[H] | R5=[H].[H] | R6=[H] | R7=[H] | R8=[H].[H] | R9=[H].[H] | R11=[H] | R12=[H] | R17=[H]C([H])[H] | R19=[H] | R21=[H] | R22=[H] | R23=[H]NC([H])([H])[H] | R24=[H] | R27=[H].[H]C([H])[H] | R29=[H].[H] | R30=[H].[H] | R32=[H] | R33=[H].[H] | R35=F | R36=[H] | R38=[H] | R39=[H]C([H])[H],CNc1ccn(-c2ccnc3c2cc([C@H](C)N2CC=C(c4c(C)cc(C(=O)N5CCc6c(F)cccc6C5)cc4F)CC2)n3C)c(=O)c1,F,,[H],,[H].[H],[H],[H],[H].[H],[H].[H],,[H],[H],[H]C([H])[H],[H],[H],[H],[H]NC([H])([H])[H],[H],[H].[H]C([H])[H],[H].[H],[H].[H],[H],[H].[H],F,[H],[H],[H]C([H])[H]
LN01275680_4892,-12.354682914088956,2.0,0.507976201596321,,R1=F | R2=[H] | R3=[H] | R5=[H] | R7=[H].[H] | R8=[H].[H] | R9=[H].[H] | R11=[H] | R12=[H] | R17=[H]C([H])[H] | R19=[H] | R21=[H] | R22=[H] | R23=[H]NC([H])([H])[H] | R24=[H] | R27=[H].[H]C([H])[H] | R29=[H].[H] | R30=[H].[H] | R32=[H] | R33=[H].[H] | R35=F | R36=[H] | R38=[H] | R39=[H]C([H])[H],CNc1ccn(-c2ccnc3c2cc([C@H](C)N2CC=C(c4c(C)cc(C(=O)N5CCc6cc(F)ccc6C5)cc4F)CC2)n3C)c(=O)c1,F,[H],[H],,[H],,[H].[H],[H].[H],[H].[H],,[H],[H],[H]C([H])[H],[H],[H],[H],[H]NC([H])([H])[H],[H],[H].[H]C([H])[H],[H].[H],[H].[H],[H],[H].[H],F,[H],[H],[H]C([H])[H]
LN01359009_3194,-12.343940392192605,2.0,0.507453253135957,,R1=[H]C([H])([H])C=O | R2=[H] | R3=[H] | R5=[H] | R7=[H].[H] | R8=[H].[H] | R10=[H].[H] | R11=[H] | R12=[H] | R17=[H]C([H])[H] | R19=[H] | R21=[H] | R22=[H] | R23=[H]NC([H])([H])[H] | R24=[H] | R27=[H].[H]C([H])[H] | R29=[H].[H] | R30=[H].[H] | R32=[H] | R33=[H].[H] | R35=F | R36=[H] | R38=[H] | R39=[H]C([H])[H],CNc1ccn(-c2ccnc3c2cc([C@H](C)N2CC=C(c4c(C)cc(C(=O)N5CCc6ccc(C(C)=O)cc6C5)cc4F)CC2)n3C)c(=O)c1,[H]C([H])([H])C=O,[H],[H],,[H],,[H].[H],[H].[H],,[H].[H],[H],[H],[H]C([H])[H],[H],[H],[H],[H]NC([H])([H])[H],[H],[H].[H]C([H])[H],[H].[H],[H].[H],[H],[H].[H],F,[H],[H],[H]C([H])[H]
EN300-305270_7956,-12.31765260150232,2.0,0.5061735573810406,,R1=Br | R2=[H] | R4=[H].[H] | R5=[H].[H] | R7=[H].[H] | R9=[H] | R10=Br | R11=[H] | R12=[H] | R17=[H]C([H])[H] | R19=[H] | R21=[H] | R22=[H] | R23=[H]NC([H])([H])[H] | R24=[H] | R27=[H].[H]C([H])[H] | R29=[H].[H] | R30=[H].[H] | R32=[H] | R33=[H].[H] | R35=F | R36=[H] | R38=[H] | R39=[H]C([H])[H],CNc1ccn(-c2ccnc3c2cc([C@H](C)N2CC=C(c4c(C)cc(C(=O)N5CCc6cc(Br)c(Br)cc6C5)cc4F)CC2)n3C)c(=O)c1,Br,[H],,[H].[H],[H].[H],,[H].[H],,[H],Br,[H],[H],[H]C([H])[H],[H],[H],[H],[H]NC([H])([H])[H],[H],[H].[H]C([H])[H],[H].[H],[H].[H],[H],[H].[H],F,[H],[H],[H]C([H])[H]
EN300-1256175_47792,-12.310963085197443,2.0,0.505847910173991,,R1=[H]C([H])[H] | R2=[H] | R3=[H] | R5=[H].[H] | R6=[H].[H] | R8=[H].[H]C([H])[H] | R10=[H] | R11=[H] | R12=[H] | R17=[H]C([H])[H] | R19=[H] | R21=[H] | R22=[H] | R23=[H]NC([H])([H])[H] | R24=[H] | R27=[H].[H]C([H])[H] | R29=[H].[H] | R30=[H].[H] | R32=[H] | R33=[H].[H] | R35=F | R36=[H] | R38=[H] | R39=[H]C([H])[H],CNc1ccn(-c2ccnc3c2cc([C@H](C)N2CC=C(c4c(C)cc(C(=O)N5CCc6ccc(C)cc6[C@H]5C)cc4F)CC2)n3C)c(=O)c1,[H]C([H])[H],[H],[H],,[H].[H],[H].[H],,[H].[H]C([H])[H],,[H],[H],[H],[H]C([H])[H],[H],[H],[H],[H]NC([H])([H])[H],[H],[H].[H]C([H])[H],[H].[H],[H].[H],[H],[H].[H],F,[H],[H],[H]C([H])[H]
EN300-366757_8903,-12.30977153949032,2.0,0.5057899054522874,,R1=[H].[H]C([H])[H] | R2=[H].[H] | R4=[H].[H] | R6=[H] | R7=[H] | R8=[H] | R9=[H] | R11=[H] | R12=[H] | R17=[H]C([H])[H] | R19=[H] | R21=[H] | R22=[H] | R23=[H]NC([H])([H])[H] | R24=[H] | R27=[H].[H]C([H])[H] | R29=[H].[H] | R30=[H].[H] | R32=[H] | R33=[H].[H] | R35=F | R36=[H] | R38=[H] | R39=[H]C([H])[H],CNc1ccn(-c2ccnc3c2cc([C@H](C)N2CC=C(c4c(C)cc(C(=O)N5Cc6ccccc6[C@H](C)C5)cc4F)CC2)n3C)c(=O)c1,[H].[H]C([H])[H],[H].[H],,[H].[H],,[H],[H],[H],[H],,[H],[H],[H]C([H])[H],[H],[H],[H],[H]NC([H])([H])[H],[H],[H].[H]C([H])[H],[H].[H],[H].[H],[H],[H].[H],F,[H],[H],[H]C([H])[H]
LN05488204_2350,-12.304178196510627,2.0,0.5055176202172429,,R1=Br | R2=[H] | R3=[H] | R5=[H] | R7=[H].[H] | R8=FC(F)F.[H] | R9=[H].[H] | R11=[H] | R12=[H] | R17=[H]C([H])[H] | R19=[H] | R21=[H] | R22=[H] | R23=[H]NC([H])([H])[H] | R24=[H] | R27=[H].[H]C([H])[H] | R29=[H].[H] | R30=[H].[H] | R32=[H] | R33=[H].[H] | R35=F | R36=[H] | R38=[H] | R39=[H]C([H])[H],CNc1ccn(-c2ccnc3c2cc([C@H](C)N2CC=C(c4c(C)cc(C(=O)N5CCc6cc(Br)ccc6[C@@H]5C(F)(F)F)cc4F)CC2)n3C)c(=O)c1,Br,[H],[H],,[H],,[H].[H],FC(F)F.[H],[H].[H],,[H],[H],[H]C([H])[H],[H],[H],[H],[H]NC([H])([H])[H],[H],[H].[H]C([H])[H],[H].[H],[H].[H],[H],[H].[H],F,[H],[H],[H]C([H])[H]
EN300-45610201_31869,-12.300982879210268,2.0,0.5053620714290981,,R1=C#N | R2=[H] | R3=[H] | R4=F | R6=[H].[H] | R7=[H].[H] | R9=[H].[H] | R11=[H] | R12=[H] | R17=[H]C([H])[H] | R19=[H] | R21=[H] | R22=[H] | R23=[H]NC([H])([H])[H] | R24=[H] | R27=[H].[H]C([H])[H] | R29=[H].[H] | R30=[H].[H] | R32=[H] | R33=[H].[H] | R35=F | R36=[H] | R38=[H] | R39=[H]C([H])[H],CNc1ccn(-c2ccnc3c2cc([C@H](C)N2CC=C(c4c(C)cc(C(=O)N5CCc6c(F)ccc(C#N)c6C5)cc4F)CC2)n3C)c(=O)c1,C#N,[H],[H],F,,[H].[H],[H].[H],,[H].[H],,[H],[H],[H]C([H])[H],[H],[H],[H],[H]NC([H])([H])[H],[H],[H].[H]C([H])[H],[H].[H],[H].[H],[H],[H].[H],F,[H],[H],[H]C([H])[H]
EN300-52427648_41611,-12.297779874963966,2.0,0.5052061484386398,,R1=[H]C([H])[H] | R2=[H] | R3=F | R6=[H] | R7=[H].[H] | R8=[H].[H] | R10=[H].[H]C([H])[H] | R11=[H] | R12=[H] | R17=[H]C([H])[H] | R19=[H] | R21=[H] | R22=[H] | R23=[H]NC([H])([H])[H] | R24=[H] | R27=[H].[H]C([H])[H] | R29=[H].[H] | R30=[H].[H] | R32=[H] | R33=[H].[H] | R35=F | R36=[H] | R38=[H] | R39=[H]C([H])[H],CNc1ccn(-c2ccnc3c2cc([C@H](C)N2CC=C(c4c(C)cc(C(=O)N5CCc6cc(C)cc(F)c6[C@H]5C)cc4F)CC2)n3C)c(=O)c1,[H]C([H])[H],[H],F,,,[H],[H].[H],[H].[H],,[H].[H]C([H])[H],[H],[H],[H]C([H])[H],[H],[H],[H],[H]NC([H])([H])[H],[H],[H].[H]C([H])[H],[H].[H],[H].[H],[H],[H].[H],F,[H],[H],[H]C([H])[H]
LN04964007_5309,-12.296235065657747,2.0,0.505130946762903,,R1=Cl | R2=[O-] | R4=Cl | R6=[H].[H] | R7=[H] | R8=[H].[H] | R9=[H].[H] | R11=[H] | R12=[H] | R17=[H]C([H])[H] | R19=[H] | R21=[H] | R22=[H] | R23=[H]NC([H])([H])[H] | R24=[H] | R27=[H].[H]C([H])[H] | R29=[H].[H] | R30=[H].[H] | R32=[H] | R33=[H].[H] | R35=F | R36=[H] | R38=[H] | R39=[H]C([H])[H],CNc1ccn(-c2ccnc3c2cc([C@H](C)N2CC=C(c4c(C)cc(C(=O)N5CCc6c(cc(Cl)c([O-])c6Cl)C5)cc4F)CC2)n3C)c(=O)c1,Cl,[O-],,Cl,,[H].[H],[H],[H].[H],[H].[H],,[H],[H],[H]C([H])[H],[H],[H],[H],[H]NC([H])([H])[H],[H],[H].[H]C([H])[H],[H].[H],[H].[H],[H],[H].[H],F,[H],[H],[H]C([H])[H]
EN300-183382_31571,-12.291894099055904,2.0,0.5049196275007384,,R1=[H].[H]C([H])C([H])([H])[H] | R2=[H].[H] | R4=Br | R5=[H] | R6=[H] | R7=[H] | R9=[H].[H] | R11=[H] | R12=[H] | R17=[H]C([H])[H] | R19=[H] | R21=[H] | R22=[H] | R23=[H]NC([H])([H])[H] | R24=[H] | R27=[H].[H]C([H])[H] | R29=[H].[H] | R30=[H].[H] | R32=[H] | R33=[H].[H] | R35=F | R36=[H] | R38=[H] | R39=[H]C([H])[H],CC[C@H]1Cc2c(Br)cccc2CN1C(=O)c1cc(C)c(C2=CCN([C@@H](C)c3cc4c(-n5ccc(NC)cc5=O)ccnc4n3C)CC2)c(F)c1,[H].[H]C([H])C([H])([H])[H],[H].[H],,Br,[H],[H],[H],,[H].[H],,[H],[H],[H]C([H])[H],[H],[H],[H],[H]NC([H])([H])[H],[H],[H].[H]C([H])[H],[H].[H],[H].[H],[H],[H].[H],F,[H],[H],[H]C([H])[H]
EN300-7866938_45815,-12.29169354993737,2.0,0.50490986472308,,R1=I | R2=[H] | R3=[H] | R4=[H] | R6=[H].[H] | R8=[H].[H] | R9=[H].[H] | R11=[H] | R12=[H] | R17=[H]C([H])[H] | R19=[H] | R21=[H] | R22=[H] | R23=[H]NC([H])([H])[H] | R24=[H] | R27=[H].[H]C([H])[H] | R29=[H].[H] | R30=[H].[H] | R32=[H] | R33=[H].[H] | R35=F | R36=[H] | R38=[H] | R39=[H]C([H])[H],CNc1ccn(-c2ccnc3c2cc([C@H](C)N2CC=C(c4c(C)cc(C(=O)N5CCc6c(I)cccc6C5)cc4F)CC2)n3C)c(=O)c1,I,[H],[H],[H],,[H].[H],,[H].[H],[H].[H],,[H],[H],[H]C([H])[H],[H],[H],[H],[H]NC([H])([H])[H],[H],[H].[H]C([H])[H],[H].[H],[H].[H],[H],[H].[H],F,[H],[H],[H]C([H])[H]
EN300-19057332_31180,-12.286727450127373,2.0,0.5046681138311842,,R1=[H].[H]C([H])[H] | R3=[H].[H] | R4=[H].[H] | R6=F | R7=[H] | R8=Br | R9=[H] | R11=[H] | R12=[H] | R17=[H]C([H])[H] | R19=[H] | R21=[H] | R22=[H] | R23=[H]NC([H])([H])[H] | R24=[H] | R27=[H].[H]C([H])[H] | R29=[H].[H] | R30=[H].[H] | R32=[H] | R33=[H].[H] | R35=F | R36=[H] | R38=[H] | R39=[H]C([H])[H],CNc1ccn(-c2ccnc3c2cc([C@H](C)N2CC=C(c4c(C)cc(C(=O)N5CCc6c(F)cc(Br)cc6[C@@H]5C)cc4F)CC2)n3C)c(=O)c1,[H].[H]C([H])[H],,[H].[H],[H].[H],,F,[H],Br,[H],,[H],[H],[H]C([H])[H],[H],[H],[H],[H]NC([H])([H])[H],[H],[H].[H]C([H])[H],[H].[H],[H].[H],[H],[H].[H],F,[H],[H],[H]C([H])[H]
LN00007438_1554,-12.282347434983343,2.0,0.5044548936769186,,R1=Br | R3=[H] | R5=[H].[H] | R6=[H] | R7=[H] | R8=[H].[H] | R10=[H].[H] | R11=[H] | R12=[H] | R17=[H]C([H])[H] | R19=[H] | R21=[H] | R22=[H] | R23=[H]NC([H])([H])[H] | R24=[H] | R27=[H].[H]C([H])[H] | R29=[H].[H] | R30=[H].[H] | R32=[H] | R33=[H].[H] | R35=F | R36=[H] | R38=[H] | R39=[H]C([H])[H],CNc1ccn(-c2ccnc3c2cc([C@H](C)N2CC=C(c4c(C)cc(C(=O)N5CCc6cccc(Br)c6C5)cc4F)CC2)n3C)c(=O)c1,Br,,[H],,[H].[H],[H],[H],[H].[H],,[H].[H],[H],[H],[H]C([H])[H],[H],[H],[H],[H]NC([H])([H])[H],[H],[H].[H]C([H])[H],[H].[H],[H].[H],[H],[H].[H],F,[H],[H],[H]C([H])[H]
LN00002081_1773,-12.281585720044099,2.0,0.5044178132168035,,R2=[H].[H] | R3=[H].[H] | R5=[H].[H] | R7=[H] | R8=[H] | R9=[H]C([H])[H] | R10=[H] | R11=[H] | R12=[H] | R17=[H]C([H])[H] | R19=[H] | R21=[H] | R22=[H] | R23=[H]NC([H])([H])[H] | R24=[H] | R27=[H].[H]C([H])[H] | R29=[H].[H] | R30=[H].[H] | R32=[H] | R33=[H].[H] | R35=F | R36=[H] | R38=[H] | R39=[H]C([H])[H],CNc1ccn(-c2ccnc3c2cc([C@H](C)N2CC=C(c4c(C)cc(C(=O)N5CCc6ccc(C)cc6C5)cc4F)CC2)n3C)c(=O)c1,,[H].[H],[H].[H],,[H].[H],,[H],[H],[H]C([H])[H],[H],[H],[H],[H]C([H])[H],[H],[H],[H],[H]NC([H])([H])[H],[H],[H].[H]C([H])[H],[H].[H],[H].[H],[H],[H].[H],F,[H],[H],[H]C([H])[H]
LN05360614_3289,-12.277693241129814,2.0,0.5042283264394094,,R1=Br | R2=[H] | R3=[H] | R5=[H]C([H])[H] | R7=[H].[H] | R8=[H].[H] | R9=[H].[H] | R11=[H] | R12=[H] | R17=[H]C([H])[H] | R19=[H] | R21=[H] | R22=[H] | R23=[H]NC([H])([H])[H] | R24=[H] | R27=[H].[H]C([H])[H] | R29=[H].[H] | R30=[H].[H] | R32=[H] | R33=[H].[H] | R35=F | R36=[H] | R38=[H] | R39=[H]C([H])[H],CNc1ccn(-c2ccnc3c2cc([C@H](C)N2CC=C(c4c(C)cc(C(=O)N5CCc6cc(Br)cc(C)c6C5)cc4F)CC2)n3C)c(=O)c1,Br,[H],[H],,[H]C([H])[H],,[H].[H],[H].[H],[H].[H],,[H],[H],[H]C([H])[H],[H],[H],[H],[H]NC([H])([H])[H],[H],[H].[H]C([H])[H],[H].[H],[H].[H],[H],[H].[H],F,[H],[H],[H]C([H])[H]
EN300-3040616_23298,-12.26734889483617,2.0,0.5037247612598428,,R1=[H]C([H])OC([H])([H])[H] | R2=[H] | R3=[H] | R5=[H].[H] | R7=[H].[H] | R8=[H].[H] | R10=[H] | R11=[H] | R12=[H] | R17=[H]C([H])[H] | R19=[H] | R21=[H] | R22=[H] | R23=[H]NC([H])([H])[H] | R24=[H] | R27=[H].[H]C([H])[H] | R29=[H].[H] | R30=[H].[H] | R32=[H] | R33=[H].[H] | R35=F | R36=[H] | R38=[H] | R39=[H]C([H])[H],CNc1ccn(-c2ccnc3c2cc([C@H](C)N2CC=C(c4c(C)cc(C(=O)N5CCc6cc(COC)ccc6C5)cc4F)CC2)n3C)c(=O)c1,[H]C([H])OC([H])([H])[H],[H],[H],,[H].[H],,[H].[H],[H].[H],,[H],[H],[H],[H]C([H])[H],[H],[H],[H],[H]NC([H])([H])[H],[H],[H].[H]C([H])[H],[H].[H],[H].[H],[H],[H].[H],F,[H],[H],[H]C([H])[H]
LN00233507_1061,-12.265798245188497,2.0,0.5036492752749281,,R1=[H].[H]O | R3=[H].[H] | R5=[H] | R7=[H] | R8=[H].[H] | R9=[H] | R10=[H] | R11=[H] | R12=[H] | R17=[H]C([H])[H] | R19=[H] | R21=[H] | R22=[H] | R23=[H]NC([H])([H])[H] | R24=[H] | R27=[H].[H]C([H])[H] | R29=[H].[H] | R30=[H].[H] | R32=[H] | R33=[H].[H] | R35=F | R36=[H] | R38=[H] | R39=[H]C([H])[H],CNc1ccn(-c2ccnc3c2cc([C@H](C)N2CC=C(c4c(C)cc(C(=O)N5Cc6ccccc6[C@H](O)C5)cc4F)CC2)n3C)c(=O)c1,[H].[H]O,,[H].[H],,[H],,[H],[H].[H],[H],[H],[H],[H],[H]C([H])[H],[H],[H],[H],[H]NC([H])([H])[H],[H],[H].[H]C([H])[H],[H].[H],[H].[H],[H],[H].[H],F,[H],[H],[H]C([H])[H]
EN300-80921_1620,-12.263850410935811,2.0,0.5035544542512136,,R1=[H]C([H])C([H])([H])[H] | R2=[H] | R3=[H] | R5=[H].[H] | R6=[H].[H] | R8=[H].[H] | R10=[H] | R11=[H] | R12=[H] | R17=[H]C([H])[H] | R19=[H] | R21=[H] | R22=[H] | R23=[H]NC([H])([H])[H] | R24=[H] | R27=[H].[H]C([H])[H] | R29=[H].[H] | R30=[H].[H] | R32=[H] | R33=[H].[H] | R35=F | R36=[H] | R38=[H] | R39=[H]C([H])[H],CCc1ccc2c(c1)CN(C(=O)c1cc(C)c(C3=CCN([C@@H](C)c4cc5c(-n6ccc(NC)cc6=O)ccnc5n4C)CC3)c(F)c1)CC2,[H]C([H])C([H])([H])[H],[H],[H],,[H].[H],[H].[H],,[H].[H],,[H],[H],[H],[H]C([H])[H],[H],[H],[H],[H]NC([H])([H])[H],[H],[H].[H]C([H])[H],[H].[H],[H].[H],[H],[H].[H],F,[H],[H],[H]C([H])[H]
EN300-52973784_46155,-12.259265718223503,2.0,0.5033312703453975,,R1=[H]C([H])([H])O | R2=[H] | R3=[H] | R5=[H].[H] | R6=[H].[H] | R8=[H].[H] | R10=F | R11=[H] | R12=[H] | R17=[H]C([H])[H] | R19=[H] | R21=[H] | R22=[H] | R23=[H]NC([H])([H])[H] | R24=[H] | R27=[H].[H]C([H])[H] | R29=[H].[H] | R30=[H].[H] | R32=[H] | R33=[H].[H] | R35=F | R36=[H] | R38=[H] | R39=[H]C([H])[H],CNc1ccn(-c2ccnc3c2cc([C@H](C)N2CC=C(c4c(C)cc(C(=O)N5CCc6ccc(OC)c(F)c6C5)cc4F)CC2)n3C)c(=O)c1,[H]C([H])([H])O,[H],[H],,[H].[H],[H].[H],,[H].[H],,F,[H],[H],[H]C([H])[H],[H],[H],[H],[H]NC([H])([H])[H],[H],[H].[H]C([H])[H],[H].[H],[H].[H],[H],[H].[H],F,[H],[H],[H]C([H])[H]
EN300-3149803_40328,-12.252831203609034,2.0,0.5030180366798491,,R1=Br | R2=[H] | R3=Br | R5=[H].[H] | R7=[H].[H] | R8=[H].[H] | R10=[H] | R11=[H] | R12=[H] | R17=[H]C([H])[H] | R19=[H] | R21=[H] | R22=[H] | R23=[H]NC([H])([H])[H] | R24=[H] | R27=[H].[H]C([H])[H] | R29=[H].[H] | R30=[H].[H] | R32=[H] | R33=[H].[H] | R35=F | R36=[H] | R38=[H] | R39=[H]C([H])[H],CNc1ccn(-c2ccnc3c2cc([C@H](C)N2CC=C(c4c(C)cc(C(=O)N5CCc6cc(Br)cc(Br)c6C5)cc4F)CC2)n3C)c(=O)c1,Br,[H],Br,,[H].[H],,[H].[H],[H].[H],,[H],[H],[H],[H]C([H])[H],[H],[H],[H],[H]NC([H])([H])[H],[H],[H].[H]C([H])[H],[H].[H],[H].[H],[H],[H].[H],F,[H],[H],[H]C([H])[H]
EN300-47325125_34265,-12.242366157528798,2.0,0.5025085958066444,,R1=[H].[H]C([H])[H] | R2=[H].[H] | R4=F | R5=Br | R6=[H] | R7=[H] | R9=[H].[H] | R11=[H] | R12=[H] | R17=[H]C([H])[H] | R19=[H] | R21=[H] | R22=[H] | R23=[H]NC([H])([H])[H] | R24=[H] | R27=[H].[H]C([H])[H] | R29=[H].[H] | R30=[H].[H] | R32=[H] | R33=[H].[H] | R35=F | R36=[H] | R38=[H] | R39=[H]C([H])[H],CNc1ccn(-c2ccnc3c2cc([C@H](C)N2CC=C(c4c(C)cc(C(=O)N5Cc6ccc(Br)c(F)c6C[C@H]5C)cc4F)CC2)n3C)c(=O)c1,[H].[H]C([H])[H],[H].[H],,F,Br,[H],[H],,[H].[H],,[H],[H],[H]C([H])[H],[H],[H],[H],[H]NC([H])([H])[H],[H],[H].[H]C([H])[H],[H].[H],[H].[H],[H],[H].[H],F,[H],[H],[H]C([H])[H]
EN300-46674111_33645,-12.230276785178598,2.0,0.5019200823534439,,R1=F | R2=[H] | R3=[H] | R5=[H].[H] | R7=[H].[H] | R8=[H].[H] | R10=Cl | R11=[H] | R12=[H] | R17=[H]C([H])[H] | R19=[H] | R21=[H] | R22=[H] | R23=[H]NC([H])([H])[H] | R24=[H] | R27=[H].[H]C([H])[H] | R29=[H].[H] | R30=[H].[H] | R32=[H] | R33=[H].[H] | R35=F | R36=[H] | R38=[H] | R39=[H]C([H])[H],CNc1ccn(-c2ccnc3c2cc([C@H](C)N2CC=C(c4c(C)cc(C(=O)N5CCc6c(ccc(F)c6Cl)C5)cc4F)CC2)n3C)c(=O)c1,F,[H],[H],,[H].[H],,[H].[H],[H].[H],,Cl,[H],[H],[H]C([H])[H],[H],[H],[H],[H]NC([H])([H])[H],[H],[H].[H]C([H])[H],[H].[H],[H].[H],[H],[H].[H],F,[H],[H],[H]C([H])[H]
EN300-3009194_15493,-12.225579968133175,2.0,0.501691440209056,,R1=[H]C([H])[H] | R2=[H] | R3=[H] | R4=F | R6=[H].[H] | R8=[H].[H] | R9=[H].[H] | R11=[H] | R12=[H] | R17=[H]C([H])[H] | R19=[H] | R21=[H] | R22=[H] | R23=[H]NC([H])([H])[H] | R24=[H] | R27=[H].[H]C([H])[H] | R29=[H].[H] | R30=[H].[H] | R32=[H] | R33=[H].[H] | R35=F | R36=[H] | R38=[H] | R39=[H]C([H])[H],CNc1ccn(-c2ccnc3c2cc([C@H](C)N2CC=C(c4c(C)cc(C(=O)N5CCc6c(C)ccc(F)c6C5)cc4F)CC2)n3C)c(=O)c1,[H]C([H])[H],[H],[H],F,,[H].[H],,[H].[H],[H].[H],,[H],[H],[H]C([H])[H],[H],[H],[H],[H]NC([H])([H])[H],[H],[H].[H]C([H])[H],[H].[H],[H].[H],[H],[H].[H],F,[H],[H],[H]C([H])[H]
EN300-45722354_34901,-12.211837359994494,2.0,0.5010224468537852,,R1=[H]C([H])[H] | R2=[H] | R3=[H] | R4=[H]O | R6=[H].[H] | R7=[H].[H] | R9=[H].[H] | R11=[H] | R12=[H] | R17=[H]C([H])[H] | R19=[H] | R21=[H] | R22=[H] | R23=[H]NC([H])([H])[H] | R24=[H] | R27=[H].[H]C([H])[H] | R29=[H].[H] | R30=[H].[H] | R32=[H] | R33=[H].[H] | R35=F | R36=[H] | R38=[H] | R39=[H]C([H])[H],CNc1ccn(-c2ccnc3c2cc([C@H](C)N2CC=C(c4c(C)cc(C(=O)N5CCc6c(O)ccc(C)c6C5)cc4F)CC2)n3C)c(=O)c1,[H]C([H])[H],[H],[H],[H]O,,[H].[H],[H].[H],,[H].[H],,[H],[H],[H]C([H])[H],[H],[H],[H],[H]NC([H])([H])[H],[H],[H].[H]C([H])[H],[H].[H],[H].[H],[H],[H].[H],F,[H],[H],[H]C([H])[H]
EN300-332258_8455,-12.203738072120368,2.0,0.500628171639391,,R1=[H]C([H])[H] | R2=[H] | R3=Br | R5=[H].[H] | R7=[H].[H] | R8=[H].[H] | R10=[H] | R11=[H] | R12=[H] | R17=[H]C([H])[H] | R19=[H] | R21=[H] | R22=[H] | R23=[H]NC([H])([H])[H] | R24=[H] | R27=[H].[H]C([H])[H] | R29=[H].[H] | R30=[H].[H] | R32=[H] | R33=[H].[H] | R35=F | R36=[H] | R38=[H] | R39=[H]C([H])[H],CNc1ccn(-c2ccnc3c2cc([C@H](C)N2CC=C(c4c(C)cc(C(=O)N5CCc6cc(C)cc(Br)c6C5)cc4F)CC2)n3C)c(=O)c1,[H]C([H])[H],[H],Br,,[H].[H],,[H].[H],[H].[H],,[H],[H],[H],[H]C([H])[H],[H],[H],[H],[H]NC([H])([H])[H],[H],[H].[H]C([H])[H],[H].[H],[H].[H],[H],[H].[H],F,[H],[H],[H]C([H])[H]
EN300-374421_22838,-12.197278201825183,2.0,0.5003137036534178,,R1=F | R2=[H] | R4=[H].[H] | R5=[H].[H] | R7=[H].[H] | R9=[H] | R10=F | R11=[H] | R12=[H] | R17=[H]C([H])[H] | R19=[H] | R21=[H] | R22=[H] | R23=[H]NC([H])([H])[H] | R24=[H] | R27=[H].[H]C([H])[H] | R29=[H].[H] | R30=[H].[H] | R32=[H] | R33=[H].[H] | R35=F | R36=[H] | R38=[H] | R39=[H]C([H])[H],CNc1ccn(-c2ccnc3c2cc([C@H](C)N2CC=C(c4c(C)cc(C(=O)N5CCc6cc(F)c(F)cc6C5)cc4F)CC2)n3C)c(=O)c1,F,[H],,[H].[H],[H].[H],,[H].[H],,[H],F,[H],[H],[H]C([H])[H],[H],[H],[H],[H]NC([H])([H])[H],[H],[H].[H]C([H])[H],[H].[H],[H].[H],[H],[H].[H],F,[H],[H],[H]C([H])[H]
LN00236914_5673,-12.195864613407855,2.0,0.5002448898410222,,R1=[H].[H]OC([H])[H] | R3=[H].[H] | R4=[H].[H] | R7=[H] | R8=[H] | R9=[H] | R10=[H] | R11=[H] | R12=[H] | R17=[H]C([H])[H] | R19=[H] | R21=[H] | R22=[H] | R23=[H]NC([H])([H])[H] | R24=[H] | R27=[H].[H]C([H])[H] | R29=[H].[H] | R30=[H].[H] | R32=[H] | R33=[H].[H] | R35=F | R36=[H] | R38=[H] | R39=[H]C([H])[H],CNc1ccn(-c2ccnc3c2cc([C@H](C)N2CC=C(c4c(C)cc(C(=O)N5Cc6ccccc6C[C@@H]5CO)cc4F)CC2)n3C)c(=O)c1,[H].[H]OC([H])[H],,[H].[H],[H].[H],,,[H],[H],[H],[H],[H],[H],[H]C([H])[H],[H],[H],[H],[H]NC([H])([H])[H],[H],[H].[H]C([H])[H],[H].[H],[H].[H],[H],[H].[H],F,[H],[H],[H]C([H])[H]
EN300-2009506_14596,-12.194128374089823,2.0,0.5001603693078599,,R1=[H].[H]C([H])[H] | R3=[H].[H] | R4=[H].[H] | R6=[H] | R7=Cl | R8=[H] | R9=[H] | R11=[H] | R12=[H] | R17=[H]C([H])[H] | R19=[H] | R21=[H] | R22=[H] | R23=[H]NC([H])([H])[H] | R24=[H] | R27=[H].[H]C([H])[H] | R29=[H].[H] | R30=[H].[H] | R32=[H] | R33=[H].[H] | R35=F | R36=[H] | R38=[H] | R39=[H]C([H])[H],CNc1ccn(-c2ccnc3c2cc([C@H](C)N2CC=C(c4c(C)cc(C(=O)N5CCc6cc(Cl)ccc6[C@@H]5C)cc4F)CC2)n3C)c(=O)c1,[H].[H]C([H])[H],,[H].[H],[H].[H],,[H],Cl,[H],[H],,[H],[H],[H]C([H])[H],[H],[H],[H],[H]NC([H])([H])[H],[H],[H].[H]C([H])[H],[H].[H],[H].[H],[H],[H].[H],F,[H],[H],[H]C([H])[H]
EN300-45618543_33484,-12.185610685580178,2.0,0.49974572625337443,,R1=FC(F)F.[H] | R3=[H].[H] | R4=[H].[H] | R6=Br | R7=[H] | R8=[H] | R9=[H] | R11=[H] | R12=[H] | R17=[H]C([H])[H] | R19=[H] | R21=[H] | R22=[H] | R23=[H]NC([H])([H])[H] | R24=[H] | R27=[H].[H]C([H])[H] | R29=[H].[H] | R30=[H].[H] | R32=[H] | R33=[H].[H] | R35=F | R36=[H] | R38=[H] | R39=[H]C([H])[H],CNc1ccn(-c2ccnc3c2cc([C@H](C)N2CC=C(c4c(C)cc(C(=O)N5CCc6c(Br)cccc6[C@H]5C(F)(F)F)cc4F)CC2)n3C)c(=O)c1,FC(F)F.[H],,[H].[H],[H].[H],,Br,[H],[H],[H],,[H],[H],[H]C([H])[H],[H],[H],[H],[H]NC([H])([H])[H],[H],[H].[H]C([H])[H],[H].[H],[H].[H],[H],[H].[H],F,[H],[H],[H]C([H])[H]
EN300-27118140_24602,-12.18338170788198,2.0,0.4996372191014501,,R1=[H]O | R2=[H] | R4=[H].[H] | R6=[H].[H] | R7=[H].[H] | R9=[H] | R10=Cl | R11=[H] | R12=[H] | R17=[H]C([H])[H] | R19=[H] | R21=[H] | R22=[H] | R23=[H]NC([H])([H])[H] | R24=[H] | R27=[H].[H]C([H])[H] | R29=[H].[H] | R30=[H].[H] | R32=[H] | R33=[H].[H] | R35=F | R36=[H] | R38=[H] | R39=[H]C([H])[H],CNc1ccn(-c2ccnc3c2cc([C@H](C)N2CC=C(c4c(C)cc(C(=O)N5CCc6cc(Cl)c(O)cc6C5)cc4F)CC2)n3C)c(=O)c1,[H]O,[H],,[H].[H],,[H].[H],[H].[H],,[H],Cl,[H],[H],[H]C([H])[H],[H],[H],[H],[H]NC([H])([H])[H],[H],[H].[H]C([H])[H],[H].[H],[H].[H],[H],[H].[H],F,[H],[H],[H]C([H])[H]
EN300-81939_4159,-12.182489165452706,2.0,0.4995937699287417,,R1=[H].[H]C([H])[H] | R3=[H].[H] | R4=[H].[H] | R6=[H] | R7=F | R8=[H] | R9=[H] | R11=[H] | R12=[H] | R17=[H]C([H])[H] | R19=[H] | R21=[H] | R22=[H] | R23=[H]NC([H])([H])[H] | R24=[H] | R27=[H].[H]C([H])[H] | R29=[H].[H] | R30=[H].[H] | R32=[H] | R33=[H].[H] | R35=F | R36=[H] | R38=[H] | R39=[H]C([H])[H],CNc1ccn(-c2ccnc3c2cc([C@H](C)N2CC=C(c4c(C)cc(C(=O)N5CCc6cc(F)ccc6[C@H]5C)cc4F)CC2)n3C)c(=O)c1,[H].[H]C([H])[H],,[H].[H],[H].[H],,[H],F,[H],[H],,[H],[H],[H]C([H])[H],[H],[H],[H],[H]NC([H])([H])[H],[H],[H].[H]C([H])[H],[H].[H],[H].[H],[H],[H].[H],F,[H],[H],[H]C([H])[H]
EN300-3015900_38949,-12.182256541550002,2.0,0.4995824457431419,,R1=[H].[H]C([H])[H] | R2=[H].[H] | R4=[H] | R5=[H] | R6=[H] | R7=Br | R9=[H].[H] | R11=[H] | R12=[H] | R17=[H]C([H])[H] | R19=[H] | R21=[H] | R22=[H] | R23=[H]NC([H])([H])[H] | R24=[H] | R27=[H].[H]C([H])[H] | R29=[H].[H] | R30=[H].[H] | R32=[H] | R33=[H].[H] | R35=F | R36=[H] | R38=[H] | R39=[H]C([H])[H],CNc1ccn(-c2ccnc3c2cc([C@H](C)N2CC=C(c4c(C)cc(C(=O)N5Cc6c(Br)cccc6C[C@H]5C)cc4F)CC2)n3C)c(=O)c1,[H].[H]C([H])[H],[H].[H],,[H],[H],[H],Br,,[H].[H],,[H],[H],[H]C([H])[H],[H],[H],[H],[H]NC([H])([H])[H],[H],[H].[H]C([H])[H],[H].[H],[H].[H],[H],[H].[H],F,[H],[H],[H]C([H])[H]
EN300-223698_40250,-12.175775119261084,2.0,0.49926692860110944,,R1=[H]C([H])[H] | R2=[H] | R3=[H] | R5=[H].[H] | R6=[H]C([H])[H].[H]C([H])[H] | R8=[H].[H] | R10=[H] | R11=[H] | R12=[H] | R17=[H]C([H])[H] | R19=[H] | R21=[H] | R22=[H] | R23=[H]NC([H])([H])[H] | R24=[H] | R27=[H].[H]C([H])[H] | R29=[H].[H] | R30=[H].[H] | R32=[H] | R33=[H].[H] | R35=F | R36=[H] | R38=[H] | R39=[H]C([H])[H],CNc1ccn(-c2ccnc3c2cc([C@H](C)N2CC=C(c4c(C)cc(C(=O)N5Cc6cc(C)ccc6CC5(C)C)cc4F)CC2)n3C)c(=O)c1,[H]C([H])[H],[H],[H],,[H].[H],[H]C([H])[H].[H]C([H])[H],,[H].[H],,[H],[H],[H],[H]C([H])[H],[H],[H],[H],[H]NC([H])([H])[H],[H],[H].[H]C([H])[H],[H].[H],[H].[H],[H],[H].[H],F,[H],[H],[H]C([H])[H]
EN300-299523_29093,-12.161659521128184,2.0,0.4985797780063106,,R1=[H]C(C([H])([H])[H])C([H])([H])[H] | R2=[H] | R3=[H] | R5=[H].[H] | R6=[H].[H] | R8=[H].[H] | R10=[H] | R11=[H] | R12=[H] | R17=[H]C([H])[H] | R19=[H] | R21=[H] | R22=[H] | R23=[H]NC([H])([H])[H] | R24=[H] | R27=[H].[H]C([H])[H] | R29=[H].[H] | R30=[H].[H] | R32=[H] | R33=[H].[H] | R35=F | R36=[H] | R38=[H] | R39=[H]C([H])[H],CNc1ccn(-c2ccnc3c2cc([C@H](C)N2CC=C(c4c(C)cc(C(=O)N5CCc6ccc(C(C)C)cc6C5)cc4F)CC2)n3C)c(=O)c1,[H]C(C([H])([H])[H])C([H])([H])[H],[H],[H],,[H].[H],[H].[H],,[H].[H],,[H],[H],[H],[H]C([H])[H],[H],[H],[H],[H]NC([H])([H])[H],[H],[H].[H]C([H])[H],[H].[H],[H].[H],[H],[H].[H],F,[H],[H],[H]C([H])[H]
LN00006479_40,-12.16084939625671,2.0,0.49854034093945354,,R1=F.F | R3=[H].[H] | R5=[H] | R7=[H] | R8=[H].[H] | R9=[H] | R10=[H] | R11=[H] | R12=[H] | R17=[H]C([H])[H] | R19=[H] | R21=[H] | R22=[H] | R23=[H]NC([H])([H])[H] | R24=[H] | R27=[H].[H]C([H])[H] | R29=[H].[H] | R30=[H].[H] | R32=[H] | R33=[H].[H] | R35=F | R36=[H] | R38=[H] | R39=[H]C([H])[H],CNc1ccn(-c2ccnc3c2cc([C@H](C)N2CC=C(c4c(C)cc(C(=O)N5Cc6ccccc6C(F)(F)C5)cc4F)CC2)n3C)c(=O)c1,F.F,,[H].[H],,[H],,[H],[H].[H],[H],[H],[H],[H],[H]C([H])[H],[H],[H],[H],[H]NC([H])([H])[H],[H],[H].[H]C([H])[H],[H].[H],[H].[H],[H],[H].[H],F,[H],[H],[H]C([H])[H]
EN300-2948078_41431,-12.154371859164184,2.0,0.49822501292968346,,R1=I | R2=[H] | R3=[H] | R5=[H].[H] | R6=[H].[H] | R8=[H].[H] | R10=[H] | R11=[H] | R12=[H] | R17=[H]C([H])[H] | R19=[H] | R21=[H] | R22=[H] | R23=[H]NC([H])([H])[H] | R24=[H] | R27=[H].[H]C([H])[H] | R29=[H].[H] | R30=[H].[H] | R32=[H] | R33=[H].[H] | R35=F | R36=[H] | R38=[H] | R39=[H]C([H])[H],CNc1ccn(-c2ccnc3c2cc([C@H](C)N2CC=C(c4c(C)cc(C(=O)N5CCc6ccc(I)cc6C5)cc4F)CC2)n3C)c(=O)c1,I,[H],[H],,[H].[H],[H].[H],,[H].[H],,[H],[H],[H],[H]C([H])[H],[H],[H],[H],[H]NC([H])([H])[H],[H],[H].[H]C([H])[H],[H].[H],[H].[H],[H],[H].[H],F,[H],[H],[H]C([H])[H]
EN300-24126246_31411,-12.14989682182596,2.0,0.49800716707294,,R1=F | R2=Cl | R3=[H] | R4=[H] | R6=[H].[H] | R8=[H].[H] | R9=[H].[H] | R11=[H] | R12=[H] | R17=[H]C([H])[H] | R19=[H] | R21=[H] | R22=[H] | R23=[H]NC([H])([H])[H] | R24=[H] | R27=[H].[H]C([H])[H] | R29=[H].[H] | R30=[H].[H] | R32=[H] | R33=[H].[H] | R35=F | R36=[H] | R38=[H] | R39=[H]C([H])[H],CNc1ccn(-c2ccnc3c2cc([C@H](C)N2CC=C(c4c(C)cc(C(=O)N5CCc6c(ccc(Cl)c6F)C5)cc4F)CC2)n3C)c(=O)c1,F,Cl,[H],[H],,[H].[H],,[H].[H],[H].[H],,[H],[H],[H]C([H])[H],[H],[H],[H],[H]NC([H])([H])[H],[H],[H].[H]C([H])[H],[H].[H],[H].[H],[H],[H].[H],F,[H],[H],[H]C([H])[H]
EN300-8810016_20498,-12.148934655079639,2.0,0.4979603285723109,,R1=[H].[H]C([H])[H] | R3=[H].[H] | R4=[H].[H] | R6=[H] | R7=F | R8=F | R9=[H] | R11=[H] | R12=[H] | R17=[H]C([H])[H] | R19=[H] | R21=[H] | R22=[H] | R23=[H]NC([H])([H])[H] | R24=[H] | R27=[H].[H]C([H])[H] | R29=[H].[H] | R30=[H].[H] | R32=[H] | R33=[H].[H] | R35=F | R36=[H] | R38=[H] | R39=[H]C([H])[H],CNc1ccn(-c2ccnc3c2cc([C@H](C)N2CC=C(c4c(C)cc(C(=O)N5CCc6cc(F)c(F)cc6[C@@H]5C)cc4F)CC2)n3C)c(=O)c1,[H].[H]C([H])[H],,[H].[H],[H].[H],,[H],F,F,[H],,[H],[H],[H]C([H])[H],[H],[H],[H],[H]NC([H])([H])[H],[H],[H].[H]C([H])[H],[H].[H],[H].[H],[H],[H].[H],F,[H],[H],[H]C([H])[H]
EN300-154995_9884,-12.139890207636475,2.0,0.49752004277062656,,R1=[H]C([H])[H] | R2=[H] | R3=[H]C([H])[H] | R5=[H].[H] | R7=[H].[H] | R8=[H].[H] | R10=[H] | R11=[H] | R12=[H] | R17=[H]C([H])[H] | R19=[H] | R21=[H] | R22=[H] | R23=[H]NC([H])([H])[H] | R24=[H] | R27=[H].[H]C([H])[H] | R29=[H].[H] | R30=[H].[H] | R32=[H] | R33=[H].[H] | R35=F | R36=[H] | R38=[H] | R39=[H]C([H])[H],CNc1ccn(-c2ccnc3c2cc([C@H](C)N2CC=C(c4c(C)cc(C(=O)N5CCc6cc(C)cc(C)c6C5)cc4F)CC2)n3C)c(=O)c1,[H]C([H])[H],[H],[H]C([H])[H],,[H].[H],,[H].[H],[H].[H],,[H],[H],[H],[H]C([H])[H],[H],[H],[H],[H]NC([H])([H])[H],[H],[H].[H]C([H])[H],[H].[H],[H].[H],[H],[H].[H],F,[H],[H],[H]C([H])[H]
EN300-6488234_15272,-12.13166291666891,2.0,0.4971195363359209,,R1=[H]O | R2=[H] | R4=[H].[H] | R6=[H].[H] | R7=[H].[H] | R9=[H] | R10=F | R11=[H] | R12=[H] | R17=[H]C([H])[H] | R19=[H] | R21=[H] | R22=[H] | R23=[H]NC([H])([H])[H] | R24=[H] | R27=[H].[H]C([H])[H] | R29=[H].[H] | R30=[H].[H] | R32=[H] | R33=[H].[H] | R35=F | R36=[H] | R38=[H] | R39=[H]C([H])[H],CNc1ccn(-c2ccnc3c2cc([C@H](C)N2CC=C(c4c(C)cc(C(=O)N5CCc6cc(F)c(O)cc6C5)cc4F)CC2)n3C)c(=O)c1,[H]O,[H],,[H].[H],,[H].[H],[H].[H],,[H],F,[H],[H],[H]C([H])[H],[H],[H],[H],[H]NC([H])([H])[H],[H],[H].[H]C([H])[H],[H].[H],[H].[H],[H],[H].[H],F,[H],[H],[H]C([H])[H]
EN300-1233876_23429,-12.130865283315215,2.0,0.49708070735904986,,R1=[H]C([H])C([H])([H])[H] | R2=[H] | R3=[H] | R4=[H] | R6=[H].[H] | R8=[H].[H] | R9=[H].[H] | R11=[H] | R12=[H] | R17=[H]C([H])[H] | R19=[H] | R21=[H] | R22=[H] | R23=[H]NC([H])([H])[H] | R24=[H] | R27=[H].[H]C([H])[H] | R29=[H].[H] | R30=[H].[H] | R32=[H] | R33=[H].[H] | R35=F | R36=[H] | R38=[H] | R39=[H]C([H])[H],CCc1cccc2c1CCN(C(=O)c1cc(C)c(C3=CCN([C@@H](C)c4cc5c(-n6ccc(NC)cc6=O)ccnc5n4C)CC3)c(F)c1)C2,[H]C([H])C([H])([H])[H],[H],[H],[H],,[H].[H],,[H].[H],[H].[H],,[H],[H],[H]C([H])[H],[H],[H],[H],[H]NC([H])([H])[H],[H],[H].[H]C([H])[H],[H].[H],[H].[H],[H],[H].[H],F,[H],[H],[H]C([H])[H]
LN00233180_3781,-12.129679526483505,2.0,0.49702298444114545,,R1=Cl | R3=[H] | R5=[H].[H] | R6=[H] | R7=[H] | R8=[H].[H] | R9=[H].[H] | R11=[H] | R12=[H] | R17=[H]C([H])[H] | R19=[H] | R21=[H] | R22=[H] | R23=[H]NC([H])([H])[H] | R24=[H] | R27=[H].[H]C([H])[H] | R29=[H].[H] | R30=[H].[H] | R32=[H] | R33=[H].[H] | R35=F | R36=[H] | R38=[H] | R39=[H]C([H])[H],CNc1ccn(-c2ccnc3c2cc([C@H](C)N2CC=C(c4c(C)cc(C(=O)N5CCc6c(Cl)cccc6C5)cc4F)CC2)n3C)c(=O)c1,Cl,,[H],,[H].[H],[H],[H],[H].[H],[H].[H],,[H],[H],[H]C([H])[H],[H],[H],[H],[H]NC([H])([H])[H],[H],[H].[H]C([H])[H],[H].[H],[H].[H],[H],[H].[H],F,[H],[H],[H]C([H])[H]
EN300-45826821_32933,-12.12336880791678,2.0,0.4967157771959473,,R1=[H]C([H])([H])O | R2=[H] | R3=[H] | R4=Cl | R6=[H].[H] | R8=[H].[H] | R9=[H].[H] | R11=[H] | R12=[H] | R17=[H]C([H])[H] | R19=[H] | R21=[H] | R22=[H] | R23=[H]NC([H])([H])[H] | R24=[H] | R27=[H].[H]C([H])[H] | R29=[H].[H] | R30=[H].[H] | R32=[H] | R33=[H].[H] | R35=F | R36=[H] | R38=[H] | R39=[H]C([H])[H],CNc1ccn(-c2ccnc3c2cc([C@H](C)N2CC=C(c4c(C)cc(C(=O)N5CCc6c(OC)ccc(Cl)c6C5)cc4F)CC2)n3C)c(=O)c1,[H]C([H])([H])O,[H],[H],Cl,,[H].[H],,[H].[H],[H].[H],,[H],[H],[H]C([H])[H],[H],[H],[H],[H]NC([H])([H])[H],[H],[H].[H]C([H])[H],[H].[H],[H].[H],[H],[H].[H],F,[H],[H],[H]C([H])[H]
EN300-46583717_32946,-12.11692646416297,2.0,0.49640216240607793,,R1=[H].[H]C([H])[H] | R2=[H].[H] | R4=[H].[H] | R6=[H] | R7=[H] | R8=Cl | R9=F | R11=[H] | R12=[H] | R17=[H]C([H])[H] | R19=[H] | R21=[H] | R22=[H] | R23=[H]NC([H])([H])[H] | R24=[H] | R27=[H].[H]C([H])[H] | R29=[H].[H] | R30=[H].[H] | R32=[H] | R33=[H].[H] | R35=F | R36=[H] | R38=[H] | R39=[H]C([H])[H],CNc1ccn(-c2ccnc3c2cc([C@H](C)N2CC=C(c4c(C)cc(C(=O)N5Cc6ccc(Cl)c(F)c6[C@H](C)C5)cc4F)CC2)n3C)c(=O)c1,[H].[H]C([H])[H],[H].[H],,[H].[H],,[H],[H],Cl,F,,[H],[H],[H]C([H])[H],[H],[H],[H],[H]NC([H])([H])[H],[H],[H].[H]C([H])[H],[H].[H],[H].[H],[H],[H].[H],F,[H],[H],[H]C([H])[H]
EN300-136794_18996,-12.11604211610926,2.0,0.49635911213747475,,R1=Cl | R2=[H] | R3=[H] | R4=Br | R6=[H].[H] | R7=[H].[H] | R9=[H].[H] | R11=[H] | R12=[H] | R17=[H]C([H])[H] | R19=[H] | R21=[H] | R22=[H] | R23=[H]NC([H])([H])[H] | R24=[H] | R27=[H].[H]C([H])[H] | R29=[H].[H] | R30=[H].[H] | R32=[H] | R33=[H].[H] | R35=F | R36=[H] | R38=[H] | R39=[H]C([H])[H],CNc1ccn(-c2ccnc3c2cc([C@H](C)N2CC=C(c4c(C)cc(C(=O)N5CCc6c(Br)ccc(Cl)c6C5)cc4F)CC2)n3C)c(=O)c1,Cl,[H],[H],Br,,[H].[H],[H].[H],,[H].[H],,[H],[H],[H]C([H])[H],[H],[H],[H],[H]NC([H])([H])[H],[H],[H].[H]C([H])[H],[H].[H],[H].[H],[H],[H].[H],F,[H],[H],[H]C([H])[H]
EN300-45726230_32272,-12.113946962317758,2.0,0.49625711956440266,,R1=[H].[H]C([H])[H] | R2=[H].[H] | R4=[H].[H] | R6=Br | R7=[H] | R8=[H] | R9=F | R11=[H] | R12=[H] | R17=[H]C([H])[H] | R19=[H] | R21=[H] | R22=[H] | R23=[H]NC([H])([H])[H] | R24=[H] | R27=[H].[H]C([H])[H] | R29=[H].[H] | R30=[H].[H] | R32=[H] | R33=[H].[H] | R35=F | R36=[H] | R38=[H] | R39=[H]C([H])[H],CNc1ccn(-c2ccnc3c2cc([C@H](C)N2CC=C(c4c(C)cc(C(=O)N5Cc6c(Br)ccc(F)c6[C@H](C)C5)cc4F)CC2)n3C)c(=O)c1,[H].[H]C([H])[H],[H].[H],,[H].[H],,Br,[H],[H],F,,[H],[H],[H]C([H])[H],[H],[H],[H],[H]NC([H])([H])[H],[H],[H].[H]C([H])[H],[H].[H],[H].[H],[H],[H].[H],F,[H],[H],[H]C([H])[H]
EN300-33060735_37929,-12.105474318928675,2.0,0.4958446693168459,,R1=[H]OC([H])[H] | R2=[H] | R3=[H] | R4=[H] | R6=[H].[H] | R8=[H].[H] | R9=[H].[H] | R11=[H] | R12=[H] | R17=[H]C([H])[H] | R19=[H] | R21=[H] | R22=[H] | R23=[H]NC([H])([H])[H] | R24=[H] | R27=[H].[H]C([H])[H] | R29=[H].[H] | R30=[H].[H] | R32=[H] | R33=[H].[H] | R35=F | R36=[H] | R38=[H] | R39=[H]C([H])[H],CNc1ccn(-c2ccnc3c2cc([C@H](C)N2CC=C(c4c(C)cc(C(=O)N5CCc6c(CO)cccc6C5)cc4F)CC2)n3C)c(=O)c1,[H]OC([H])[H],[H],[H],[H],,[H].[H],,[H].[H],[H].[H],,[H],[H],[H]C([H])[H],[H],[H],[H],[H]NC([H])([H])[H],[H],[H].[H]C([H])[H],[H].[H],[H].[H],[H],[H].[H],F,[H],[H],[H]C([H])[H]
LN02153993_3894,-12.103639123580178,2.0,0.4957553315811425,,R1=[H]O | R3=[H] | R5=[H].[H] | R6=[H] | R7=[H] | R8=[H].[H] | R9=[H].[H] | R11=[H] | R12=[H] | R17=[H]C([H])[H] | R19=[H] | R21=[H] | R22=[H] | R23=[H]NC([H])([H])[H] | R24=[H] | R27=[H].[H]C([H])[H] | R29=[H].[H] | R30=[H].[H] | R32=[H] | R33=[H].[H] | R35=F | R36=[H] | R38=[H] | R39=[H]C([H])[H],CNc1ccn(-c2ccnc3c2cc([C@H](C)N2CC=C(c4c(C)cc(C(=O)N5CCc6c(O)cccc6C5)cc4F)CC2)n3C)c(=O)c1,[H]O,,[H],,[H].[H],[H],[H],[H].[H],[H].[H],,[H],[H],[H]C([H])[H],[H],[H],[H],[H]NC([H])([H])[H],[H],[H].[H]C([H])[H],[H].[H],[H].[H],[H],[H].[H],F,[H],[H],[H]C([H])[H]
EN300-1689125_11500,-12.099797692821607,2.0,0.49556832983982213,,R1=[H]C([H])[H] | R2=[H] | R4=[H].[H] | R6=[H].[H] | R7=[H].[H] | R9=[H] | R10=[H]O | R11=[H] | R12=[H] | R17=[H]C([H])[H] | R19=[H] | R21=[H] | R22=[H] | R23=[H]NC([H])([H])[H] | R24=[H] | R27=[H].[H]C([H])[H] | R29=[H].[H] | R30=[H].[H] | R32=[H] | R33=[H].[H] | R35=F | R36=[H] | R38=[H] | R39=[H]C([H])[H],CNc1ccn(-c2ccnc3c2cc([C@H](C)N2CC=C(c4c(C)cc(C(=O)N5CCc6cc(O)c(C)cc6C5)cc4F)CC2)n3C)c(=O)c1,[H]C([H])[H],[H],,[H].[H],,[H].[H],[H].[H],,[H],[H]O,[H],[H],[H]C([H])[H],[H],[H],[H],[H]NC([H])([H])[H],[H],[H].[H]C([H])[H],[H].[H],[H].[H],[H],[H].[H],F,[H],[H],[H]C([H])[H]
EN300-6478919_19297,-12.098988780413443,2.0,0.49552895179596057,,R1=F | R2=[H] | R3=Br | R5=[H].[H] | R6=[H].[H] | R8=[H].[H] | R10=[H] | R11=[H] | R12=[H] | R17=[H]C([H])[H] | R19=[H] | R21=[H] | R22=[H] | R23=[H]NC([H])([H])[H] | R24=[H] | R27=[H].[H]C([H])[H] | R29=[H].[H] | R30=[H].[H] | R32=[H] | R33=[H].[H] | R35=F | R36=[H] | R38=[H] | R39=[H]C([H])[H],CNc1ccn(-c2ccnc3c2cc([C@H](C)N2CC=C(c4c(C)cc(C(=O)N5CCc6c(Br)cc(F)cc6C5)cc4F)CC2)n3C)c(=O)c1,F,[H],Br,,[H].[H],[H].[H],,[H].[H],,[H],[H],[H],[H]C([H])[H],[H],[H],[H],[H]NC([H])([H])[H],[H],[H].[H]C([H])[H],[H].[H],[H].[H],[H],[H].[H],F,[H],[H],[H]C([H])[H]
LN04547475_7603,-12.089599668525572,2.0,0.4950718876490757,,R1=Br | R3=[H] | R5=[H].[H] | R6=[H] | R7=[H] | R8=[H].[H]C([H])[H] | R9=[H].[H] | R11=[H] | R12=[H] | R17=[H]C([H])[H] | R19=[H] | R21=[H] | R22=[H] | R23=[H]NC([H])([H])[H] | R24=[H] | R27=[H].[H]C([H])[H] | R29=[H].[H] | R30=[H].[H] | R32=[H] | R33=[H].[H] | R35=F | R36=[H] | R38=[H] | R39=[H]C([H])[H],CNc1ccn(-c2ccnc3c2cc([C@H](C)N2CC=C(c4c(C)cc(C(=O)N5CCc6c(Br)cccc6[C@@H]5C)cc4F)CC2)n3C)c(=O)c1,Br,,[H],,[H].[H],[H],[H],[H].[H]C([H])[H],[H].[H],,[H],[H],[H]C([H])[H],[H],[H],[H],[H]NC([H])([H])[H],[H],[H].[H]C([H])[H],[H].[H],[H].[H],[H],[H].[H],F,[H],[H],[H]C([H])[H]
EN300-7465180_45776,-12.078080660122508,2.0,0.49451113964526205,,R1=[H]O | R2=[H] | R4=[H].[H] | R5=[H].[H] | R7=[H].[H] | R9=[H] | R10=[H]O | R11=[H] | R12=[H] | R17=[H]C([H])[H] | R19=[H] | R21=[H] | R22=[H] | R23=[H]NC([H])([H])[H] | R24=[H] | R27=[H].[H]C([H])[H] | R29=[H].[H] | R30=[H].[H] | R32=[H] | R33=[H].[H] | R35=F | R36=[H] | R38=[H] | R39=[H]C([H])[H],CNc1ccn(-c2ccnc3c2cc([C@H](C)N2CC=C(c4c(C)cc(C(=O)N5CCc6cc(O)c(O)cc6C5)cc4F)CC2)n3C)c(=O)c1,[H]O,[H],,[H].[H],[H].[H],,[H].[H],,[H],[H]O,[H],[H],[H]C([H])[H],[H],[H],[H],[H]NC([H])([H])[H],[H],[H].[H]C([H])[H],[H].[H],[H].[H],[H],[H].[H],F,[H],[H],[H]C([H])[H]
EN300-6490239_14796,-12.058749755377514,2.0,0.4935701067135748,,R1=[H]O | R2=[H] | R4=[H].[H] | R5=[H].[H] | R7=[H].[H] | R9=[H] | R10=Br | R11=[H] | R12=[H] | R17=[H]C([H])[H] | R19=[H] | R21=[H] | R22=[H] | R23=[H]NC([H])([H])[H] | R24=[H] | R27=[H].[H]C([H])[H] | R29=[H].[H] | R30=[H].[H] | R32=[H] | R33=[H].[H] | R35=F | R36=[H] | R38=[H] | R39=[H]C([H])[H],CNc1ccn(-c2ccnc3c2cc([C@H](C)N2CC=C(c4c(C)cc(C(=O)N5CCc6cc(O)c(Br)cc6C5)cc4F)CC2)n3C)c(=O)c1,[H]O,[H],,[H].[H],[H].[H],,[H].[H],,[H],Br,[H],[H],[H]C([H])[H],[H],[H],[H],[H]NC([H])([H])[H],[H],[H].[H]C([H])[H],[H].[H],[H].[H],[H],[H].[H],F,[H],[H],[H]C([H])[H]
EN300-1245029_10433,-12.05582588165162,2.0,0.493427771861665,,R1=[H]C([H])[H] | R2=[H] | R3=[H] | R4=[H] | R6=[H].[H] | R7=[H].[H] | R9=[H].[H]C([H])[H] | R11=[H] | R12=[H] | R17=[H]C([H])[H] | R19=[H] | R21=[H] | R22=[H] | R23=[H]NC([H])([H])[H] | R24=[H] | R27=[H].[H]C([H])[H] | R29=[H].[H] | R30=[H].[H] | R32=[H] | R33=[H].[H] | R35=F | R36=[H] | R38=[H] | R39=[H]C([H])[H],CNc1ccn(-c2ccnc3c2cc([C@H](C)N2CC=C(c4c(C)cc(C(=O)N5CCc6cccc(C)c6[C@H]5C)cc4F)CC2)n3C)c(=O)c1,[H]C([H])[H],[H],[H],[H],,[H].[H],[H].[H],,[H].[H]C([H])[H],,[H],[H],[H]C([H])[H],[H],[H],[H],[H]NC([H])([H])[H],[H],[H].[H]C([H])[H],[H].[H],[H].[H],[H],[H].[H],F,[H],[H],[H]C([H])[H]
EN300-37339048_17418,-12.031365915715824,2.0,0.4922370550402242,,R1=[H]C([H])([H])O | R2=[H] | R3=Br | R4=[H] | R6=[H].[H] | R8=[H].[H] | R9=[H].[H] | R11=[H] | R12=[H] | R17=[H]C([H])[H] | R19=[H] | R21=[H] | R22=[H] | R23=[H]NC([H])([H])[H] | R24=[H] | R27=[H].[H]C([H])[H] | R29=[H].[H] | R30=[H].[H] | R32=[H] | R33=[H].[H] | R35=F | R36=[H] | R38=[H] | R39=[H]C([H])[H],CNc1ccn(-c2ccnc3c2cc([C@H](C)N2CC=C(c4c(C)cc(C(=O)N5CCc6c(cc(Br)cc6OC)C5)cc4F)CC2)n3C)c(=O)c1,[H]C([H])([H])O,[H],Br,[H],,[H].[H],,[H].[H],[H].[H],,[H],[H],[H]C([H])[H],[H],[H],[H],[H]NC([H])([H])[H],[H],[H].[H]C([H])[H],[H].[H],[H].[H],[H],[H].[H],F,[H],[H],[H]C([H])[H]
LN04812242_2192,-12.030807629642558,2.0,0.4922098775445417,,R1=Br | R3=[H] | R5=[H].[H] | R6=[H] | R7=F | R8=[H].[H] | R10=[H].[H] | R11=[H] | R12=[H] | R17=[H]C([H])[H] | R19=[H] | R21=[H] | R22=[H] | R23=[H]NC([H])([H])[H] | R24=[H] | R27=[H].[H]C([H])[H] | R29=[H].[H] | R30=[H].[H] | R32=[H] | R33=[H].[H] | R35=F | R36=[H] | R38=[H] | R39=[H]C([H])[H],CNc1ccn(-c2ccnc3c2cc([C@H](C)N2CC=C(c4c(C)cc(C(=O)N5CCc6c(F)ccc(Br)c6C5)cc4F)CC2)n3C)c(=O)c1,Br,,[H],,[H].[H],[H],F,[H].[H],,[H].[H],[H],[H],[H]C([H])[H],[H],[H],[H],[H]NC([H])([H])[H],[H],[H].[H]C([H])[H],[H].[H],[H].[H],[H],[H].[H],F,[H],[H],[H]C([H])[H]
EN300-46122171_33108,-12.030612986796417,2.0,0.4922004022855948,,R1=[H].[H]C([H])[H] | R2=[H].[H] | R4=[H].[H] | R6=[H] | R7=[H] | R8=[H] | R9=Br | R11=[H] | R12=[H] | R17=[H]C([H])[H] | R19=[H] | R21=[H] | R22=[H] | R23=[H]NC([H])([H])[H] | R24=[H] | R27=[H].[H]C([H])[H] | R29=[H].[H] | R30=[H].[H] | R32=[H] | R33=[H].[H] | R35=F | R36=[H] | R38=[H] | R39=[H]C([H])[H],CNc1ccn(-c2ccnc3c2cc([C@H](C)N2CC=C(c4c(C)cc(C(=O)N5Cc6cccc(Br)c6[C@@H](C)C5)cc4F)CC2)n3C)c(=O)c1,[H].[H]C([H])[H],[H].[H],,[H].[H],,[H],[H],[H],Br,,[H],[H],[H]C([H])[H],[H],[H],[H],[H]NC([H])([H])[H],[H],[H].[H]C([H])[H],[H].[H],[H].[H],[H],[H].[H],F,[H],[H],[H]C([H])[H]
EN300-26571534_34753,-12.03013822841197,2.0,0.4921772909371994,,R1=[H]O | R2=[H] | R3=[H] | R5=[H].[H] | R7=[H].[H] | R8=[H].[H] | R10=Br | R11=[H] | R12=[H] | R17=[H]C([H])[H] | R19=[H] | R21=[H] | R22=[H] | R23=[H]NC([H])([H])[H] | R24=[H] | R27=[H].[H]C([H])[H] | R29=[H].[H] | R30=[H].[H] | R32=[H] | R33=[H].[H] | R35=F | R36=[H] | R38=[H] | R39=[H]C([H])[H],CNc1ccn(-c2ccnc3c2cc([C@H](C)N2CC=C(c4c(C)cc(C(=O)N5CCc6c(ccc(O)c6Br)C5)cc4F)CC2)n3C)c(=O)c1,[H]O,[H],[H],,[H].[H],,[H].[H],[H].[H],,Br,[H],[H],[H]C([H])[H],[H],[H],[H],[H]NC([H])([H])[H],[H],[H].[H]C([H])[H],[H].[H],[H].[H],[H],[H].[H],F,[H],[H],[H]C([H])[H]
EN300-330724_38402,-12.017234236152373,2.0,0.49154912159765196,,R1=[H]C([H])([H])O | R2=[H] | R3=[H] | R4=F | R6=[H].[H] | R8=[H].[H] | R9=[H].[H] | R11=[H] | R12=[H] | R17=[H]C([H])[H] | R19=[H] | R21=[H] | R22=[H] | R23=[H]NC([H])([H])[H] | R24=[H] | R27=[H].[H]C([H])[H] | R29=[H].[H] | R30=[H].[H] | R32=[H] | R33=[H].[H] | R35=F | R36=[H] | R38=[H] | R39=[H]C([H])[H],CNc1ccn(-c2ccnc3c2cc([C@H](C)N2CC=C(c4c(C)cc(C(=O)N5CCc6c(OC)ccc(F)c6C5)cc4F)CC2)n3C)c(=O)c1,[H]C([H])([H])O,[H],[H],F,,[H].[H],,[H].[H],[H].[H],,[H],[H],[H]C([H])[H],[H],[H],[H],[H]NC([H])([H])[H],[H],[H].[H]C([H])[H],[H].[H],[H].[H],[H],[H].[H],F,[H],[H],[H]C([H])[H]
EN300-119145_39320,-12.012988510824727,2.0,0.49134243870283045,,R1=[H]C([H])[H].[H]C([H])[H] | R2=[H].[H] | R4=[H].[H] | R6=[H] | R7=[H] | R8=[H] | R9=[H] | R11=[H] | R12=[H] | R17=[H]C([H])[H] | R19=[H] | R21=[H] | R22=[H] | R23=[H]NC([H])([H])[H] | R24=[H] | R27=[H].[H]C([H])[H] | R29=[H].[H] | R30=[H].[H] | R32=[H] | R33=[H].[H] | R35=F | R36=[H] | R38=[H] | R39=[H]C([H])[H],CNc1ccn(-c2ccnc3c2cc([C@H](C)N2CC=C(c4c(C)cc(C(=O)N5Cc6ccccc6C(C)(C)C5)cc4F)CC2)n3C)c(=O)c1,[H]C([H])[H].[H]C([H])[H],[H].[H],,[H].[H],,[H],[H],[H],[H],,[H],[H],[H]C([H])[H],[H],[H],[H],[H]NC([H])([H])[H],[H],[H].[H]C([H])[H],[H].[H],[H].[H],[H],[H].[H],F,[H],[H],[H]C([H])[H]
LN00216353_4941,-12.009948287929111,2.0,0.49119443994632195,,R1=[H]O | R2=[H] | R3=[H] | R5=[H] | R7=[H].[H] | R8=[H].[H] | R9=[H].[H] | R11=[H] | R12=[H] | R17=[H]C([H])[H] | R19=[H] | R21=[H] | R22=[H] | R23=[H]NC([H])([H])[H] | R24=[H] | R27=[H].[H]C([H])[H] | R29=[H].[H] | R30=[H].[H] | R32=[H] | R33=[H].[H] | R35=F | R36=[H] | R38=[H] | R39=[H]C([H])[H],CNc1ccn(-c2ccnc3c2cc([C@H](C)N2CC=C(c4c(C)cc(C(=O)N5CCc6cc(O)ccc6C5)cc4F)CC2)n3C)c(=O)c1,[H]O,[H],[H],,[H],,[H].[H],[H].[H],[H].[H],,[H],[H],[H]C([H])[H],[H],[H],[H],[H]NC([H])([H])[H],[H],[H].[H]C([H])[H],[H].[H],[H].[H],[H],[H].[H],F,[H],[H],[H]C([H])[H]
LN00219977_3969,-12.006130212514227,2.0,0.49100857514855545,,R1=Cl | R2=[H] | R3=[H] | R5=[H] | R7=[H].[H] | R8=[H].[H] | R9=[H].[H] | R11=[H] | R12=[H] | R17=[H]C([H])[H] | R19=[H] | R21=[H] | R22=[H] | R23=[H]NC([H])([H])[H] | R24=[H] | R27=[H].[H]C([H])[H] | R29=[H].[H] | R30=[H].[H] | R32=[H] | R33=[H].[H] | R35=F | R36=[H] | R38=[H] | R39=[H]C([H])[H],CNc1ccn(-c2ccnc3c2cc([C@H](C)N2CC=C(c4c(C)cc(C(=O)N5CCc6cc(Cl)ccc6C5)cc4F)CC2)n3C)c(=O)c1,Cl,[H],[H],,[H],,[H].[H],[H].[H],[H].[H],,[H],[H],[H]C([H])[H],[H],[H],[H],[H]NC([H])([H])[H],[H],[H].[H]C([H])[H],[H].[H],[H].[H],[H],[H].[H],F,[H],[H],[H]C([H])[H]
EN300-45618546_32199,-11.993404562973085,2.0,0.49038908757395405,,R1=FC(F)F.[H]C([H])[H] | R3=[H].[H] | R4=[H].[H] | R6=[H] | R7=[H] | R8=Cl | R9=[H] | R11=[H] | R12=[H] | R17=[H]C([H])[H] | R19=[H] | R21=[H] | R22=[H] | R23=[H]NC([H])([H])[H] | R24=[H] | R27=[H].[H]C([H])[H] | R29=[H].[H] | R30=[H].[H] | R32=[H] | R33=[H].[H] | R35=F | R36=[H] | R38=[H] | R39=[H]C([H])[H],CNc1ccn(-c2ccnc3c2cc([C@H](C)N2CC=C(c4c(C)cc(C(=O)N5CCc6ccc(Cl)cc6[C@@]5(C)C(F)(F)F)cc4F)CC2)n3C)c(=O)c1,FC(F)F.[H]C([H])[H],,[H].[H],[H].[H],,[H],[H],Cl,[H],,[H],[H],[H]C([H])[H],[H],[H],[H],[H]NC([H])([H])[H],[H],[H].[H]C([H])[H],[H].[H],[H].[H],[H],[H].[H],F,[H],[H],[H]C([H])[H]
EN300-26862301_17972,-11.99137158338327,2.0,0.49029012165545716,,R1=[H]C([H])([H])O | R2=[H] | R3=Br | R4=[H] | R6=[H].[H] | R7=[H].[H] | R9=[H].[H] | R11=[H] | R12=[H] | R17=[H]C([H])[H] | R19=[H] | R21=[H] | R22=[H] | R23=[H]NC([H])([H])[H] | R24=[H] | R27=[H].[H]C([H])[H] | R29=[H].[H] | R30=[H].[H] | R32=[H] | R33=[H].[H] | R35=F | R36=[H] | R38=[H] | R39=[H]C([H])[H],CNc1ccn(-c2ccnc3c2cc([C@H](C)N2CC=C(c4c(C)cc(C(=O)N5CCc6cc(Br)cc(OC)c6C5)cc4F)CC2)n3C)c(=O)c1,[H]C([H])([H])O,[H],Br,[H],,[H].[H],[H].[H],,[H].[H],,[H],[H],[H]C([H])[H],[H],[H],[H],[H]NC([H])([H])[H],[H],[H].[H]C([H])[H],[H].[H],[H].[H],[H],[H].[H],F,[H],[H],[H]C([H])[H]
EN300-28253098_27412,-11.980458947260816,2.0,0.4897588919950654,,R1=[H].[H]C(F)F | R2=[H].[H] | R4=[H] | R5=Br | R6=[H] | R7=[H] | R9=[H].[H] | R11=[H] | R12=[H] | R17=[H]C([H])[H] | R19=[H] | R21=[H] | R22=[H] | R23=[H]NC([H])([H])[H] | R24=[H] | R27=[H].[H]C([H])[H] | R29=[H].[H] | R30=[H].[H] | R32=[H] | R33=[H].[H] | R35=F | R36=[H] | R38=[H] | R39=[H]C([H])[H],CNc1ccn(-c2ccnc3c2cc([C@H](C)N2CC=C(c4c(C)cc(C(=O)N5Cc6ccc(Br)cc6C[C@@H]5C(F)F)cc4F)CC2)n3C)c(=O)c1,[H].[H]C(F)F,[H].[H],,[H],Br,[H],[H],,[H].[H],,[H],[H],[H]C([H])[H],[H],[H],[H],[H]NC([H])([H])[H],[H],[H].[H]C([H])[H],[H].[H],[H].[H],[H],[H].[H],F,[H],[H],[H]C([H])[H]
EN300-46583717_32945,-11.980415654433155,2.0,0.48975678449016213,,R1=[H].[H]C([H])[H] | R2=[H].[H] | R4=[H].[H] | R6=[H] | R7=[H] | R8=Cl | R9=F | R11=[H] | R12=[H] | R17=[H]C([H])[H] | R19=[H] | R21=[H] | R22=[H] | R23=[H]NC([H])([H])[H] | R24=[H] | R27=[H].[H]C([H])[H] | R29=[H].[H] | R30=[H].[H] | R32=[H] | R33=[H].[H] | R35=F | R36=[H] | R38=[H] | R39=[H]C([H])[H],CNc1ccn(-c2ccnc3c2cc([C@H](C)N2CC=C(c4c(C)cc(C(=O)N5Cc6ccc(Cl)c(F)c6[C@@H](C)C5)cc4F)CC2)n3C)c(=O)c1,[H].[H]C([H])[H],[H].[H],,[H].[H],,[H],[H],Cl,F,,[H],[H],[H]C([H])[H],[H],[H],[H],[H]NC([H])([H])[H],[H],[H].[H]C([H])[H],[H].[H],[H].[H],[H],[H].[H],F,[H],[H],[H]C([H])[H]
EN300-150299_18919,-11.979274125651198,2.0,0.48970121460398963,,R1=F | R2=[H] | R3=Br | R4=[H] | R6=[H].[H] | R7=[H].[H] | R9=[H].[H] | R11=[H] | R12=[H] | R17=[H]C([H])[H] | R19=[H] | R21=[H] | R22=[H] | R23=[H]NC([H])([H])[H] | R24=[H] | R27=[H].[H]C([H])[H] | R29=[H].[H] | R30=[H].[H] | R32=[H] | R33=[H].[H] | R35=F | R36=[H] | R38=[H] | R39=[H]C([H])[H],CNc1ccn(-c2ccnc3c2cc([C@H](C)N2CC=C(c4c(C)cc(C(=O)N5CCc6cc(Br)cc(F)c6C5)cc4F)CC2)n3C)c(=O)c1,F,[H],Br,[H],,[H].[H],[H].[H],,[H].[H],,[H],[H],[H]C([H])[H],[H],[H],[H],[H]NC([H])([H])[H],[H],[H].[H]C([H])[H],[H].[H],[H].[H],[H],[H].[H],F,[H],[H],[H]C([H])[H]
EN300-125761_6427,-11.977726172090133,2.0,0.489625859865197,,R1=[H]C([H])[H].[H]C([H])[H] | R3=[H].[H] | R4=[H].[H] | R6=[H] | R7=[H] | R8=[H] | R9=[H] | R11=[H] | R12=[H] | R17=[H]C([H])[H] | R19=[H] | R21=[H] | R22=[H] | R23=[H]NC([H])([H])[H] | R24=[H] | R27=[H].[H]C([H])[H] | R29=[H].[H] | R30=[H].[H] | R32=[H] | R33=[H].[H] | R35=F | R36=[H] | R38=[H] | R39=[H]C([H])[H],CNc1ccn(-c2ccnc3c2cc([C@H](C)N2CC=C(c4c(C)cc(C(=O)N5CCc6ccccc6C5(C)C)cc4F)CC2)n3C)c(=O)c1,[H]C([H])[H].[H]C([H])[H],,[H].[H],[H].[H],,[H],[H],[H],[H],,[H],[H],[H]C([H])[H],[H],[H],[H],[H]NC([H])([H])[H],[H],[H].[H]C([H])[H],[H].[H],[H].[H],[H],[H].[H],F,[H],[H],[H]C([H])[H]
EN300-37459197_19430,-11.968104136188696,2.0,0.48915745692324597,,R1=[H].[H]C([H])[H] | R3=[H].[H] | R4=[H].[H] | R6=[H] | R7=Br | R8=[H] | R9=[H] | R11=[H] | R12=[H] | R17=[H]C([H])[H] | R19=[H] | R21=[H] | R22=[H] | R23=[H]NC([H])([H])[H] | R24=[H] | R27=[H].[H]C([H])[H] | R29=[H].[H] | R30=[H].[H] | R32=[H] | R33=[H].[H] | R35=F | R36=[H] | R38=[H] | R39=[H]C([H])[H],CNc1ccn(-c2ccnc3c2cc([C@H](C)N2CC=C(c4c(C)cc(C(=O)N5CCc6cc(Br)ccc6[C@H]5C)cc4F)CC2)n3C)c(=O)c1,[H].[H]C([H])[H],,[H].[H],[H].[H],,[H],Br,[H],[H],,[H],[H],[H]C([H])[H],[H],[H],[H],[H]NC([H])([H])[H],[H],[H].[H]C([H])[H],[H].[H],[H].[H],[H],[H].[H],F,[H],[H],[H]C([H])[H]
EN300-45637252_32207,-11.96403827587288,2.0,0.48895952989896574,,R1=[H]C([H])([H])O | R2=[H] | R3=[H] | R4=[H]C([H])[H] | R6=[H].[H] | R8=[H].[H] | R9=[H].[H] | R11=[H] | R12=[H] | R17=[H]C([H])[H] | R19=[H] | R21=[H] | R22=[H] | R23=[H]NC([H])([H])[H] | R24=[H] | R27=[H].[H]C([H])[H] | R29=[H].[H] | R30=[H].[H] | R32=[H] | R33=[H].[H] | R35=F | R36=[H] | R38=[H] | R39=[H]C([H])[H],CNc1ccn(-c2ccnc3c2cc([C@H](C)N2CC=C(c4c(C)cc(C(=O)N5CCc6c(OC)ccc(C)c6C5)cc4F)CC2)n3C)c(=O)c1,[H]C([H])([H])O,[H],[H],[H]C([H])[H],,[H].[H],,[H].[H],[H].[H],,[H],[H],[H]C([H])[H],[H],[H],[H],[H]NC([H])([H])[H],[H],[H].[H]C([H])[H],[H].[H],[H].[H],[H],[H].[H],F,[H],[H],[H]C([H])[H]
EN300-384104_19121,-11.953864008868614,2.0,0.48846424421869905,,R1=F | R2=[H] | R4=[H].[H] | R6=[H].[H] | R7=[H].[H] | R9=[H] | R10=Br | R11=[H] | R12=[H] | R17=[H]C([H])[H] | R19=[H] | R21=[H] | R22=[H] | R23=[H]NC([H])([H])[H] | R24=[H] | R27=[H].[H]C([H])[H] | R29=[H].[H] | R30=[H].[H] | R32=[H] | R33=[H].[H] | R35=F | R36=[H] | R38=[H] | R39=[H]C([H])[H],CNc1ccn(-c2ccnc3c2cc([C@H](C)N2CC=C(c4c(C)cc(C(=O)N5CCc6cc(Br)c(F)cc6C5)cc4F)CC2)n3C)c(=O)c1,F,[H],,[H].[H],,[H].[H],[H].[H],,[H],Br,[H],[H],[H]C([H])[H],[H],[H],[H],[H]NC([H])([H])[H],[H],[H].[H]C([H])[H],[H].[H],[H].[H],[H],[H].[H],F,[H],[H],[H]C([H])[H]
EN300-3015900_38950,-11.950825173027633,2.0,0.4883163129843322,,R1=[H].[H]C([H])[H] | R2=[H].[H] | R4=[H] | R5=[H] | R6=[H] | R7=Br | R9=[H].[H] | R11=[H] | R12=[H] | R17=[H]C([H])[H] | R19=[H] | R21=[H] | R22=[H] | R23=[H]NC([H])([H])[H] | R24=[H] | R27=[H].[H]C([H])[H] | R29=[H].[H] | R30=[H].[H] | R32=[H] | R33=[H].[H] | R35=F | R36=[H] | R38=[H] | R39=[H]C([H])[H],CNc1ccn(-c2ccnc3c2cc([C@H](C)N2CC=C(c4c(C)cc(C(=O)N5Cc6c(Br)cccc6C[C@@H]5C)cc4F)CC2)n3C)c(=O)c1,[H].[H]C([H])[H],[H].[H],,[H],[H],[H],Br,,[H].[H],,[H],[H],[H]C([H])[H],[H],[H],[H],[H]NC([H])([H])[H],[H],[H].[H]C([H])[H],[H].[H],[H].[H],[H],[H].[H],F,[H],[H],[H]C([H])[H]
EN300-43394515_31573,-11.94044129852082,2.0,0.48781082356217,,R1=[H]O | R2=[H] | R4=[H].[H] | R6=[H].[H] | R7=[H].[H] | R9=[H] | R10=Br | R11=[H] | R12=[H] | R17=[H]C([H])[H] | R19=[H] | R21=[H] | R22=[H] | R23=[H]NC([H])([H])[H] | R24=[H] | R27=[H].[H]C([H])[H] | R29=[H].[H] | R30=[H].[H] | R32=[H] | R33=[H].[H] | R35=F | R36=[H] | R38=[H] | R39=[H]C([H])[H],CNc1ccn(-c2ccnc3c2cc([C@H](C)N2CC=C(c4c(C)cc(C(=O)N5CCc6cc(Br)c(O)cc6C5)cc4F)CC2)n3C)c(=O)c1,[H]O,[H],,[H].[H],,[H].[H],[H].[H],,[H],Br,[H],[H],[H]C([H])[H],[H],[H],[H],[H]NC([H])([H])[H],[H],[H].[H]C([H])[H],[H].[H],[H].[H],[H],[H].[H],F,[H],[H],[H]C([H])[H]
LN05429756_4736,-11.935832227128353,2.0,0.4875864528965429,,R1=OC(F)(F)F | R2=[H] | R3=[H] | R5=[H] | R7=[H].[H] | R8=[H].[H] | R10=[H].[H] | R11=[H] | R12=[H] | R17=[H]C([H])[H] | R19=[H] | R21=[H] | R22=[H] | R23=[H]NC([H])([H])[H] | R24=[H] | R27=[H].[H]C([H])[H] | R29=[H].[H] | R30=[H].[H] | R32=[H] | R33=[H].[H] | R35=F | R36=[H] | R38=[H] | R39=[H]C([H])[H],CNc1ccn(-c2ccnc3c2cc([C@H](C)N2CC=C(c4c(C)cc(C(=O)N5CCc6ccc(OC(F)(F)F)cc6C5)cc4F)CC2)n3C)c(=O)c1,OC(F)(F)F,[H],[H],,[H],,[H].[H],[H].[H],,[H].[H],[H],[H],[H]C([H])[H],[H],[H],[H],[H]NC([H])([H])[H],[H],[H].[H]C([H])[H],[H].[H],[H].[H],[H],[H].[H],F,[H],[H],[H]C([H])[H]
LN01359010_1923,-11.932136459943921,2.0,0.4874065420918352,,R1=[H]C([H])([H])C=O | R2=[H] | R3=[H] | R5=[H] | R7=[H].[H] | R8=[H].[H] | R9=[H].[H] | R11=[H] | R12=[H] | R17=[H]C([H])[H] | R19=[H] | R21=[H] | R22=[H] | R23=[H]NC([H])([H])[H] | R24=[H] | R27=[H].[H]C([H])[H] | R29=[H].[H] | R30=[H].[H] | R32=[H] | R33=[H].[H] | R35=F | R36=[H] | R38=[H] | R39=[H]C([H])[H],CNc1ccn(-c2ccnc3c2cc([C@H](C)N2CC=C(c4c(C)cc(C(=O)N5CCc6cc(C(C)=O)ccc6C5)cc4F)CC2)n3C)c(=O)c1,[H]C([H])([H])C=O,[H],[H],,[H],,[H].[H],[H].[H],[H].[H],,[H],[H],[H]C([H])[H],[H],[H],[H],[H]NC([H])([H])[H],[H],[H].[H]C([H])[H],[H].[H],[H].[H],[H],[H].[H],F,[H],[H],[H]C([H])[H]
EN300-8113790_29102,-11.916830344173292,2.0,0.4866614368219895,,R1=[H]C([H])[H].[H]C([H])[H] | R2=[H].[H] | R4=[H] | R5=[H] | R6=[H] | R7=[H] | R9=[H].[H] | R11=[H] | R12=[H] | R17=[H]C([H])[H] | R19=[H] | R21=[H] | R22=[H] | R23=[H]NC([H])([H])[H] | R24=[H] | R27=[H].[H]C([H])[H] | R29=[H].[H] | R30=[H].[H] | R32=[H] | R33=[H].[H] | R35=F | R36=[H] | R38=[H] | R39=[H]C([H])[H],CNc1ccn(-c2ccnc3c2cc([C@H](C)N2CC=C(c4c(C)cc(C(=O)N5Cc6ccccc6CC5(C)C)cc4F)CC2)n3C)c(=O)c1,[H]C([H])[H].[H]C([H])[H],[H].[H],,[H],[H],[H],[H],,[H].[H],,[H],[H],[H]C([H])[H],[H],[H],[H],[H]NC([H])([H])[H],[H],[H].[H]C([H])[H],[H].[H],[H].[H],[H],[H].[H],F,[H],[H],[H]C([H])[H]
LN00001082_6793,-11.916378024426452,2.0,0.48663941779168307,,R2=[H].[H] | R3=[H].[H] | R5=[H].[H] | R7=[H] | R8=[H]C([H])[H] | R9=[H] | R10=[H] | R11=[H] | R12=[H] | R17=[H]C([H])[H] | R19=[H] | R21=[H] | R22=[H] | R23=[H]NC([H])([H])[H] | R24=[H] | R27=[H].[H]C([H])[H] | R29=[H].[H] | R30=[H].[H] | R32=[H] | R33=[H].[H] | R35=F | R36=[H] | R38=[H] | R39=[H]C([H])[H],CNc1ccn(-c2ccnc3c2cc([C@H](C)N2CC=C(c4c(C)cc(C(=O)N5CCc6c(C)cccc6C5)cc4F)CC2)n3C)c(=O)c1,,[H].[H],[H].[H],,[H].[H],,[H],[H]C([H])[H],[H],[H],[H],[H],[H]C([H])[H],[H],[H],[H],[H]NC([H])([H])[H],[H],[H].[H]C([H])[H],[H].[H],[H].[H],[H],[H].[H],F,[H],[H],[H]C([H])[H]
LN04705839_254,-11.907836131134076,2.0,0.4862235964427539,,R1=F | R2=F | R4=[H] | R6=[H].[H] | R7=[H] | R8=[H].[H] | R9=[H].[H] | R11=[H] | R12=[H] | R17=[H]C([H])[H] | R19=[H] | R21=[H] | R22=[H] | R23=[H]NC([H])([H])[H] | R24=[H] | R27=[H].[H]C([H])[H] | R29=[H].[H] | R30=[H].[H] | R32=[H] | R33=[H].[H] | R35=F | R36=[H] | R38=[H] | R39=[H]C([H])[H],CNc1ccn(-c2ccnc3c2cc([C@H](C)N2CC=C(c4c(C)cc(C(=O)N5CCc6c(ccc(F)c6F)C5)cc4F)CC2)n3C)c(=O)c1,F,F,,[H],,[H].[H],[H],[H].[H],[H].[H],,[H],[H],[H]C([H])[H],[H],[H],[H],[H]NC([H])([H])[H],[H],[H].[H]C([H])[H],[H].[H],[H].[H],[H],[H].[H],F,[H],[H],[H]C([H])[H]
EN300-46897083_34510,-11.900495751983495,2.0,0.485866265081243,,R1=[H]C([H])[H] | R2=[H] | R3=[H] | R4=Br | R6=[H].[H] | R7=[H].[H] | R9=[H].[H] | R11=[H] | R12=[H] | R17=[H]C([H])[H] | R19=[H] | R21=[H] | R22=[H] | R23=[H]NC([H])([H])[H] | R24=[H] | R27=[H].[H]C([H])[H] | R29=[H].[H] | R30=[H].[H] | R32=[H] | R33=[H].[H] | R35=F | R36=[H] | R38=[H] | R39=[H]C([H])[H],CNc1ccn(-c2ccnc3c2cc([C@H](C)N2CC=C(c4c(C)cc(C(=O)N5CCc6c(Br)ccc(C)c6C5)cc4F)CC2)n3C)c(=O)c1,[H]C([H])[H],[H],[H],Br,,[H].[H],[H].[H],,[H].[H],,[H],[H],[H]C([H])[H],[H],[H],[H],[H]NC([H])([H])[H],[H],[H].[H]C([H])[H],[H].[H],[H].[H],[H],[H].[H],F,[H],[H],[H]C([H])[H]
EN300-197781_5046,-11.894819303176403,2.0,0.48558993423522323,,R1=[H]C([H])([H])O | R2=[H] | R3=[H] | R5=[H].[H] | R6=[H].[H] | R8=[H].[H]C([H])[H] | R10=[H] | R11=[H] | R12=[H] | R17=[H]C([H])[H] | R19=[H] | R21=[H] | R22=[H] | R23=[H]NC([H])([H])[H] | R24=[H] | R27=[H].[H]C([H])[H] | R29=[H].[H] | R30=[H].[H] | R32=[H] | R33=[H].[H] | R35=F | R36=[H] | R38=[H] | R39=[H]C([H])[H],CNc1ccn(-c2ccnc3c2cc([C@H](C)N2CC=C(c4c(C)cc(C(=O)N5CCc6ccc(OC)cc6[C@@H]5C)cc4F)CC2)n3C)c(=O)c1,[H]C([H])([H])O,[H],[H],,[H].[H],[H].[H],,[H].[H]C([H])[H],,[H],[H],[H],[H]C([H])[H],[H],[H],[H],[H]NC([H])([H])[H],[H],[H].[H]C([H])[H],[H].[H],[H].[H],[H],[H].[H],F,[H],[H],[H]C([H])[H]
EN300-27106540_13347,-11.891606362689776,2.0,0.48543352754627866,,R1=[H]C([H])([H])O | R2=[H] | R4=[H].[H] | R6=[H].[H] | R7=[H].[H] | R9=[H] | R10=F | R11=[H] | R12=[H] | R17=[H]C([H])[H] | R19=[H] | R21=[H] | R22=[H] | R23=[H]NC([H])([H])[H] | R24=[H] | R27=[H].[H]C([H])[H] | R29=[H].[H] | R30=[H].[H] | R32=[H] | R33=[H].[H] | R35=F | R36=[H] | R38=[H] | R39=[H]C([H])[H],CNc1ccn(-c2ccnc3c2cc([C@H](C)N2CC=C(c4c(C)cc(C(=O)N5CCc6cc(F)c(OC)cc6C5)cc4F)CC2)n3C)c(=O)c1,[H]C([H])([H])O,[H],,[H].[H],,[H].[H],[H].[H],,[H],F,[H],[H],[H]C([H])[H],[H],[H],[H],[H]NC([H])([H])[H],[H],[H].[H]C([H])[H],[H].[H],[H].[H],[H],[H].[H],F,[H],[H],[H]C([H])[H]
EN300-24807121_22903,-11.891258391299429,2.0,0.48541658821819644,,R1=[H]C([H])([H])O | R2=[H] | R3=[H] | R4=Cl | R6=[H].[H] | R7=[H].[H] | R9=[H].[H] | R11=[H] | R12=[H] | R17=[H]C([H])[H] | R19=[H] | R21=[H] | R22=[H] | R23=[H]NC([H])([H])[H] | R24=[H] | R27=[H].[H]C([H])[H] | R29=[H].[H] | R30=[H].[H] | R32=[H] | R33=[H].[H] | R35=F | R36=[H] | R38=[H] | R39=[H]C([H])[H],CNc1ccn(-c2ccnc3c2cc([C@H](C)N2CC=C(c4c(C)cc(C(=O)N5CCc6c(Cl)ccc(OC)c6C5)cc4F)CC2)n3C)c(=O)c1,[H]C([H])([H])O,[H],[H],Cl,,[H].[H],[H].[H],,[H].[H],,[H],[H],[H]C([H])[H],[H],[H],[H],[H]NC([H])([H])[H],[H],[H].[H]C([H])[H],[H].[H],[H].[H],[H],[H].[H],F,[H],[H],[H]C([H])[H]
EN300-1721502_18152,-11.886253779761454,2.0,0.48517296256644027,,R1=[H].[H]C([H])[H] | R2=[H].[H] | R4=[H] | R5=Br | R6=[H] | R7=[H] | R9=[H].[H] | R11=[H] | R12=[H] | R17=[H]C([H])[H] | R19=[H] | R21=[H] | R22=[H] | R23=[H]NC([H])([H])[H] | R24=[H] | R27=[H].[H]C([H])[H] | R29=[H].[H] | R30=[H].[H] | R32=[H] | R33=[H].[H] | R35=F | R36=[H] | R38=[H] | R39=[H]C([H])[H],CNc1ccn(-c2ccnc3c2cc([C@H](C)N2CC=C(c4c(C)cc(C(=O)N5Cc6ccc(Br)cc6C[C@H]5C)cc4F)CC2)n3C)c(=O)c1,[H].[H]C([H])[H],[H].[H],,[H],Br,[H],[H],,[H].[H],,[H],[H],[H]C([H])[H],[H],[H],[H],[H]NC([H])([H])[H],[H],[H].[H]C([H])[H],[H].[H],[H].[H],[H],[H].[H],F,[H],[H],[H]C([H])[H]
EN300-1605842_37341,-11.8806910603651,2.0,0.4849021680945437,,R1=[H].[H]C([H])([H])NC([H])([H])[H] | R2=[H].[H] | R4=[H].[H] | R6=[H] | R7=[H] | R8=[H] | R9=[H] | R11=[H] | R12=[H] | R17=[H]C([H])[H] | R19=[H] | R21=[H] | R22=[H] | R23=[H]NC([H])([H])[H] | R24=[H] | R27=[H].[H]C([H])[H] | R29=[H].[H] | R30=[H].[H] | R32=[H] | R33=[H].[H] | R35=F | R36=[H] | R38=[H] | R39=[H]C([H])[H],CNc1ccn(-c2ccnc3c2cc([C@H](C)N2CC=C(c4c(C)cc(C(=O)N5Cc6ccccc6[C@H](N(C)C)C5)cc4F)CC2)n3C)c(=O)c1,[H].[H]C([H])([H])NC([H])([H])[H],[H].[H],,[H].[H],,[H],[H],[H],[H],,[H],[H],[H]C([H])[H],[H],[H],[H],[H]NC([H])([H])[H],[H],[H].[H]C([H])[H],[H].[H],[H].[H],[H],[H].[H],F,[H],[H],[H]C([H])[H]
EN300-313798_8144,-11.879451900370887,2.0,0.48484184549828824,,R1=F | R2=[H] | R3=[H] | R5=[H].[H] | R6=[H].[H] | R8=[H].[H] | R10=Br | R11=[H] | R12=[H] | R17=[H]C([H])[H] | R19=[H] | R21=[H] | R22=[H] | R23=[H]NC([H])([H])[H] | R24=[H] | R27=[H].[H]C([H])[H] | R29=[H].[H] | R30=[H].[H] | R32=[H] | R33=[H].[H] | R35=F | R36=[H] | R38=[H] | R39=[H]C([H])[H],CNc1ccn(-c2ccnc3c2cc([C@H](C)N2CC=C(c4c(C)cc(C(=O)N5CCc6ccc(F)c(Br)c6C5)cc4F)CC2)n3C)c(=O)c1,F,[H],[H],,[H].[H],[H].[H],,[H].[H],,Br,[H],[H],[H]C([H])[H],[H],[H],[H],[H]NC([H])([H])[H],[H],[H].[H]C([H])[H],[H].[H],[H].[H],[H],[H].[H],F,[H],[H],[H]C([H])[H]
EN300-1587536_11297,-11.872334906556102,2.0,0.48449538858679464,,R1=[H]C([H])[H] | R2=[H] | R3=F | R5=[H].[H] | R7=[H].[H] | R8=[H].[H] | R10=[H] | R11=[H] | R12=[H] | R17=[H]C([H])[H] | R19=[H] | R21=[H] | R22=[H] | R23=[H]NC([H])([H])[H] | R24=[H] | R27=[H].[H]C([H])[H] | R29=[H].[H] | R30=[H].[H] | R32=[H] | R33=[H].[H] | R35=F | R36=[H] | R38=[H] | R39=[H]C([H])[H],CNc1ccn(-c2ccnc3c2cc([C@H](C)N2CC=C(c4c(C)cc(C(=O)N5CCc6cc(C)cc(F)c6C5)cc4F)CC2)n3C)c(=O)c1,[H]C([H])[H],[H],F,,[H].[H],,[H].[H],[H].[H],,[H],[H],[H],[H]C([H])[H],[H],[H],[H],[H]NC([H])([H])[H],[H],[H].[H]C([H])[H],[H].[H],[H].[H],[H],[H].[H],F,[H],[H],[H]C([H])[H]
EN300-46668797_33481,-11.872062725925765,2.0,0.4844821387705085,,R1=[H].[H]C([H])[H] | R2=[H].[H] | R4=[H].[H] | R6=Br | R7=[H] | R8=[H] | R9=Cl | R11=[H] | R12=[H] | R17=[H]C([H])[H] | R19=[H] | R21=[H] | R22=[H] | R23=[H]NC([H])([H])[H] | R24=[H] | R27=[H].[H]C([H])[H] | R29=[H].[H] | R30=[H].[H] | R32=[H] | R33=[H].[H] | R35=F | R36=[H] | R38=[H] | R39=[H]C([H])[H],CNc1ccn(-c2ccnc3c2cc([C@H](C)N2CC=C(c4c(C)cc(C(=O)N5Cc6c(Br)ccc(Cl)c6[C@@H](C)C5)cc4F)CC2)n3C)c(=O)c1,[H].[H]C([H])[H],[H].[H],,[H].[H],,Br,[H],[H],Cl,,[H],[H],[H]C([H])[H],[H],[H],[H],[H]NC([H])([H])[H],[H],[H].[H]C([H])[H],[H].[H],[H].[H],[H],[H].[H],F,[H],[H],[H]C([H])[H]
EN300-27146272_25464,-11.870596925723317,2.0,0.4844107832762897,,R1=F | R2=[H] | R3=Br | R4=Cl | R6=[H].[H] | R7=[H].[H] | R9=[H].[H] | R11=[H] | R12=[H] | R17=[H]C([H])[H] | R19=[H] | R21=[H] | R22=[H] | R23=[H]NC([H])([H])[H] | R24=[H] | R27=[H].[H]C([H])[H] | R29=[H].[H] | R30=[H].[H] | R32=[H] | R33=[H].[H] | R35=F | R36=[H] | R38=[H] | R39=[H]C([H])[H],CNc1ccn(-c2ccnc3c2cc([C@H](C)N2CC=C(c4c(C)cc(C(=O)N5CCc6c(Cl)c(Br)cc(F)c6C5)cc4F)CC2)n3C)c(=O)c1,F,[H],Br,Cl,,[H].[H],[H].[H],,[H].[H],,[H],[H],[H]C([H])[H],[H],[H],[H],[H]NC([H])([H])[H],[H],[H].[H]C([H])[H],[H].[H],[H].[H],[H],[H].[H],F,[H],[H],[H]C([H])[H]
LN00001091_2426,-11.858834895486801,2.0,0.4838382049131932,,R1=[H]C([H])([H])O | R2=[H] | R3=[H] | R5=[H] | R7=[H].[H] | R8=[H].[H] | R10=[H].[H] | R11=[H] | R12=[H] | R17=[H]C([H])[H] | R19=[H] | R21=[H] | R22=[H] | R23=[H]NC([H])([H])[H] | R24=[H] | R27=[H].[H]C([H])[H] | R29=[H].[H] | R30=[H].[H] | R32=[H] | R33=[H].[H] | R35=F | R36=[H] | R38=[H] | R39=[H]C([H])[H],CNc1ccn(-c2ccnc3c2cc([C@H](C)N2CC=C(c4c(C)cc(C(=O)N5CCc6ccc(OC)cc6C5)cc4F)CC2)n3C)c(=O)c1,[H]C([H])([H])O,[H],[H],,[H],,[H].[H],[H].[H],,[H].[H],[H],[H],[H]C([H])[H],[H],[H],[H],[H]NC([H])([H])[H],[H],[H].[H]C([H])[H],[H].[H],[H].[H],[H],[H].[H],F,[H],[H],[H]C([H])[H]
EN300-8322043_32677,-11.858821023846199,2.0,0.48383752963850757,,R1=[H].[H]C([H])[H] | R3=[H].[H] | R4=[H].[H] | R6=[H] | R7=[H] | R8=Cl | R9=F | R11=[H] | R12=[H] | R17=[H]C([H])[H] | R19=[H] | R21=[H] | R22=[H] | R23=[H]NC([H])([H])[H] | R24=[H] | R27=[H].[H]C([H])[H] | R29=[H].[H] | R30=[H].[H] | R32=[H] | R33=[H].[H] | R35=F | R36=[H] | R38=[H] | R39=[H]C([H])[H],CNc1ccn(-c2ccnc3c2cc([C@H](C)N2CC=C(c4c(C)cc(C(=O)N5CCc6ccc(Cl)c(F)c6[C@H]5C)cc4F)CC2)n3C)c(=O)c1,[H].[H]C([H])[H],,[H].[H],[H].[H],,[H],[H],Cl,F,,[H],[H],[H]C([H])[H],[H],[H],[H],[H]NC([H])([H])[H],[H],[H].[H]C([H])[H],[H].[H],[H].[H],[H],[H].[H],F,[H],[H],[H]C([H])[H]
EN300-45232453_32018,-11.84188514632235,2.0,0.4830130871880789,,R1=FC(F)F.[H] | R3=[H].[H] | R4=[H].[H] | R6=[H] | R7=[H] | R8=Cl | R9=[H] | R11=[H] | R12=[H] | R17=[H]C([H])[H] | R19=[H] | R21=[H] | R22=[H] | R23=[H]NC([H])([H])[H] | R24=[H] | R27=[H].[H]C([H])[H] | R29=[H].[H] | R30=[H].[H] | R32=[H] | R33=[H].[H] | R35=F | R36=[H] | R38=[H] | R39=[H]C([H])[H],CNc1ccn(-c2ccnc3c2cc([C@H](C)N2CC=C(c4c(C)cc(C(=O)N5CCc6ccc(Cl)cc6[C@@H]5C(F)(F)F)cc4F)CC2)n3C)c(=O)c1,FC(F)F.[H],,[H].[H],[H].[H],,[H],[H],Cl,[H],,[H],[H],[H]C([H])[H],[H],[H],[H],[H]NC([H])([H])[H],[H],[H].[H]C([H])[H],[H].[H],[H].[H],[H],[H].[H],F,[H],[H],[H]C([H])[H]
EN300-3073682_25506,-11.84070629315585,2.0,0.48295570034220014,,R1=[H]C([H])[H] | R2=[H] | R3=[H]C([H])[H] | R6=[H] | R7=[H].[H] | R8=[H].[H] | R10=[H].[H]C([H])[H] | R11=[H] | R12=[H] | R17=[H]C([H])[H] | R19=[H] | R21=[H] | R22=[H] | R23=[H]NC([H])([H])[H] | R24=[H] | R27=[H].[H]C([H])[H] | R29=[H].[H] | R30=[H].[H] | R32=[H] | R33=[H].[H] | R35=F | R36=[H] | R38=[H] | R39=[H]C([H])[H],CNc1ccn(-c2ccnc3c2cc([C@H](C)N2CC=C(c4c(C)cc(C(=O)N5CCc6cc(C)cc(C)c6[C@H]5C)cc4F)CC2)n3C)c(=O)c1,[H]C([H])[H],[H],[H]C([H])[H],,,[H],[H].[H],[H].[H],,[H].[H]C([H])[H],[H],[H],[H]C([H])[H],[H],[H],[H],[H]NC([H])([H])[H],[H],[H].[H]C([H])[H],[H].[H],[H].[H],[H],[H].[H],F,[H],[H],[H]C([H])[H]
EN300-64757_1040,-11.831451462544472,2.0,0.4825051730390355,,R1=Cl | R2=[H] | R3=[H] | R5=[H].[H] | R7=[H].[H] | R8=[H].[H] | R10=Cl | R11=[H] | R12=[H] | R17=[H]C([H])[H] | R19=[H] | R21=[H] | R22=[H] | R23=[H]NC([H])([H])[H] | R24=[H] | R27=[H].[H]C([H])[H] | R29=[H].[H] | R30=[H].[H] | R32=[H] | R33=[H].[H] | R35=F | R36=[H] | R38=[H] | R39=[H]C([H])[H],CNc1ccn(-c2ccnc3c2cc([C@H](C)N2CC=C(c4c(C)cc(C(=O)N5CCc6c(ccc(Cl)c6Cl)C5)cc4F)CC2)n3C)c(=O)c1,Cl,[H],[H],,[H].[H],,[H].[H],[H].[H],,Cl,[H],[H],[H]C([H])[H],[H],[H],[H],[H]NC([H])([H])[H],[H],[H].[H]C([H])[H],[H].[H],[H].[H],[H],[H].[H],F,[H],[H],[H]C([H])[H]
EN300-30048326_32445,-11.830006178591866,2.0,0.4824348162806229,,R1=[H].[H]C([H])[N+]([H])([H])[H] | R4=[H].[H] | R5=[H] | R7=[H].[H] | R8=[H] | R9=[H] | R10=[H]C([H])[H] | R11=[H] | R12=[H] | R17=[H]C([H])[H] | R19=[H] | R21=[H] | R22=[H] | R23=[H]NC([H])([H])[H] | R24=[H] | R27=[H].[H]C([H])[H] | R29=[H].[H] | R30=[H].[H] | R32=[H] | R33=[H].[H] | R35=F | R36=[H] | R38=[H] | R39=[H]C([H])[H],CNc1ccn(-c2ccnc3c2cc([C@H](C)N2CC=C(c4c(C)cc(C(=O)N5CCc6cc(C)ccc6[C@@H]5C[NH3+])cc4F)CC2)n3C)c(=O)c1,[H].[H]C([H])[N+]([H])([H])[H],,,[H].[H],[H],,[H].[H],[H],[H],[H]C([H])[H],[H],[H],[H]C([H])[H],[H],[H],[H],[H]NC([H])([H])[H],[H],[H].[H]C([H])[H],[H].[H],[H].[H],[H],[H].[H],F,[H],[H],[H]C([H])[H]
EN300-1662911_42606,-11.82081840861969,2.0,0.48198755350494626,,R1=[H]C([H])C([H])([H])[H] | R2=[H] | R3=[H] | R5=[H].[H] | R7=[H].[H] | R8=[H].[H] | R10=[H] | R11=[H] | R12=[H] | R17=[H]C([H])[H] | R19=[H] | R21=[H] | R22=[H] | R23=[H]NC([H])([H])[H] | R24=[H] | R27=[H].[H]C([H])[H] | R29=[H].[H] | R30=[H].[H] | R32=[H] | R33=[H].[H] | R35=F | R36=[H] | R38=[H] | R39=[H]C([H])[H],CCc1ccc2c(c1)CCN(C(=O)c1cc(C)c(C3=CCN([C@@H](C)c4cc5c(-n6ccc(NC)cc6=O)ccnc5n4C)CC3)c(F)c1)C2,[H]C([H])C([H])([H])[H],[H],[H],,[H].[H],,[H].[H],[H].[H],,[H],[H],[H],[H]C([H])[H],[H],[H],[H],[H]NC([H])([H])[H],[H],[H].[H]C([H])[H],[H].[H],[H].[H],[H],[H].[H],F,[H],[H],[H]C([H])[H]
LN00175697_3933,-11.8096606943386,2.0,0.48144439338288403,,R1=[H]C([H])([H])O | R2=[H]C([H])([H])O | R3=[H] | R4=[H] | R7=[H].[H] | R8=[H].[H] | R10=[H].[H] | R11=[H] | R12=[H] | R17=[H]C([H])[H] | R19=[H] | R21=[H] | R22=[H] | R23=[H]NC([H])([H])[H] | R24=[H] | R27=[H].[H]C([H])[H] | R29=[H].[H] | R30=[H].[H] | R32=[H] | R33=[H].[H] | R35=F | R36=[H] | R38=[H] | R39=[H]C([H])[H],CNc1ccn(-c2ccnc3c2cc([C@H](C)N2CC=C(c4c(C)cc(C(=O)N5CCc6cc(OC)c(OC)cc6C5)cc4F)CC2)n3C)c(=O)c1,[H]C([H])([H])O,[H]C([H])([H])O,[H],[H],,,[H].[H],[H].[H],,[H].[H],[H],[H],[H]C([H])[H],[H],[H],[H],[H]NC([H])([H])[H],[H],[H].[H]C([H])[H],[H].[H],[H].[H],[H],[H].[H],F,[H],[H],[H]C([H])[H]
EN300-22000691_46195,-11.809370405940928,2.0,0.4814302620762795,,R1=[H]C([H])[H].[H]C([H])[H] | R2=[H].[H] | R4=[H].[H] | R6=[H] | R7=[H] | R8=[H]O | R9=[H] | R11=[H] | R12=[H] | R17=[H]C([H])[H] | R19=[H] | R21=[H] | R22=[H] | R23=[H]NC([H])([H])[H] | R24=[H] | R27=[H].[H]C([H])[H] | R29=[H].[H] | R30=[H].[H] | R32=[H] | R33=[H].[H] | R35=F | R36=[H] | R38=[H] | R39=[H]C([H])[H],CNc1ccn(-c2ccnc3c2cc([C@H](C)N2CC=C(c4c(C)cc(C(=O)N5Cc6ccc(O)cc6C(C)(C)C5)cc4F)CC2)n3C)c(=O)c1,[H]C([H])[H].[H]C([H])[H],[H].[H],,[H].[H],,[H],[H],[H]O,[H],,[H],[H],[H]C([H])[H],[H],[H],[H],[H]NC([H])([H])[H],[H],[H].[H]C([H])[H],[H].[H],[H].[H],[H],[H].[H],F,[H],[H],[H]C([H])[H]
LN05448262_439,-11.797501866142676,2.0,0.48085249880298586,,R1=Br | R2=[H]C([H])([H])O | R3=[H] | R4=[H] | R7=[H].[H] | R8=[H].[H] | R10=[H].[H] | R11=[H] | R12=[H] | R17=[H]C([H])[H] | R19=[H] | R21=[H] | R22=[H] | R23=[H]NC([H])([H])[H] | R24=[H] | R27=[H].[H]C([H])[H] | R29=[H].[H] | R30=[H].[H] | R32=[H] | R33=[H].[H] | R35=F | R36=[H] | R38=[H] | R39=[H]C([H])[H],CNc1ccn(-c2ccnc3c2cc([C@H](C)N2CC=C(c4c(C)cc(C(=O)N5CCc6cc(OC)c(Br)cc6C5)cc4F)CC2)n3C)c(=O)c1,Br,[H]C([H])([H])O,[H],[H],,,[H].[H],[H].[H],,[H].[H],[H],[H],[H]C([H])[H],[H],[H],[H],[H]NC([H])([H])[H],[H],[H].[H]C([H])[H],[H].[H],[H].[H],[H],[H].[H],F,[H],[H],[H]C([H])[H]
LN05428407_7477,-11.797294235391693,2.0,0.4808423912898153,,R1=F | R3=[H] | R5=[H].[H] | R6=F | R7=[H] | R8=[H].[H] | R10=[H].[H] | R11=[H] | R12=[H] | R17=[H]C([H])[H] | R19=[H] | R21=[H] | R22=[H] | R23=[H]NC([H])([H])[H] | R24=[H] | R27=[H].[H]C([H])[H] | R29=[H].[H] | R30=[H].[H] | R32=[H] | R33=[H].[H] | R35=F | R36=[H] | R38=[H] | R39=[H]C([H])[H],CNc1ccn(-c2ccnc3c2cc([C@H](C)N2CC=C(c4c(C)cc(C(=O)N5CCc6cc(F)cc(F)c6C5)cc4F)CC2)n3C)c(=O)c1,F,,[H],,[H].[H],F,[H],[H].[H],,[H].[H],[H],[H],[H]C([H])[H],[H],[H],[H],[H]NC([H])([H])[H],[H],[H].[H]C([H])[H],[H].[H],[H].[H],[H],[H].[H],F,[H],[H],[H]C([H])[H]
LN04977922_4690,-11.795661670486798,2.0,0.480762917651158,,R1=F | R2=[H]C([H])([H])O | R3=[H] | R4=[H] | R7=[H].[H] | R8=[H].[H] | R10=[H].[H] | R11=[H] | R12=[H] | R17=[H]C([H])[H] | R19=[H] | R21=[H] | R22=[H] | R23=[H]NC([H])([H])[H] | R24=[H] | R27=[H].[H]C([H])[H] | R29=[H].[H] | R30=[H].[H] | R32=[H] | R33=[H].[H] | R35=F | R36=[H] | R38=[H] | R39=[H]C([H])[H],CNc1ccn(-c2ccnc3c2cc([C@H](C)N2CC=C(c4c(C)cc(C(=O)N5CCc6cc(OC)c(F)cc6C5)cc4F)CC2)n3C)c(=O)c1,F,[H]C([H])([H])O,[H],[H],,,[H].[H],[H].[H],,[H].[H],[H],[H],[H]C([H])[H],[H],[H],[H],[H]NC([H])([H])[H],[H],[H].[H]C([H])[H],[H].[H],[H].[H],[H],[H].[H],F,[H],[H],[H]C([H])[H]
EN300-1726292_11919,-11.793471851139836,2.0,0.4806563167368645,,R1=Cl | R2=[H] | R3=Br | R4=[H] | R6=[H].[H] | R8=[H].[H] | R9=[H].[H] | R11=[H] | R12=[H] | R17=[H]C([H])[H] | R19=[H] | R21=[H] | R22=[H] | R23=[H]NC([H])([H])[H] | R24=[H] | R27=[H].[H]C([H])[H] | R29=[H].[H] | R30=[H].[H] | R32=[H] | R33=[H].[H] | R35=F | R36=[H] | R38=[H] | R39=[H]C([H])[H],CNc1ccn(-c2ccnc3c2cc([C@H](C)N2CC=C(c4c(C)cc(C(=O)N5CCc6c(Cl)cc(Br)cc6C5)cc4F)CC2)n3C)c(=O)c1,Cl,[H],Br,[H],,[H].[H],,[H].[H],[H].[H],,[H],[H],[H]C([H])[H],[H],[H],[H],[H]NC([H])([H])[H],[H],[H].[H]C([H])[H],[H].[H],[H].[H],[H],[H].[H],F,[H],[H],[H]C([H])[H]
EN300-45749608_32398,-11.792700563911216,2.0,0.48061877029547984,,R1=F | R2=[H] | R3=[H] | R4=[H] | R7=[H].[H] | R8=[H].[H] | R10=FC(F)F.[H] | R11=[H] | R12=[H] | R17=[H]C([H])[H] | R19=[H] | R21=[H] | R22=[H] | R23=[H]NC([H])([H])[H] | R24=[H] | R27=[H].[H]C([H])[H] | R29=[H].[H] | R30=[H].[H] | R32=[H] | R33=[H].[H] | R35=F | R36=[H] | R38=[H] | R39=[H]C([H])[H],CNc1ccn(-c2ccnc3c2cc([C@H](C)N2CC=C(c4c(C)cc(C(=O)N5CCc6c(F)cccc6[C@@H]5C(F)(F)F)cc4F)CC2)n3C)c(=O)c1,F,[H],[H],[H],,,[H].[H],[H].[H],,FC(F)F.[H],[H],[H],[H]C([H])[H],[H],[H],[H],[H]NC([H])([H])[H],[H],[H].[H]C([H])[H],[H].[H],[H].[H],[H],[H].[H],F,[H],[H],[H]C([H])[H]
EN300-19057332_31179,-11.789927403956796,2.0,0.4804837722249615,,R1=[H].[H]C([H])[H] | R3=[H].[H] | R4=[H].[H] | R6=F | R7=[H] | R8=Br | R9=[H] | R11=[H] | R12=[H] | R17=[H]C([H])[H] | R19=[H] | R21=[H] | R22=[H] | R23=[H]NC([H])([H])[H] | R24=[H] | R27=[H].[H]C([H])[H] | R29=[H].[H] | R30=[H].[H] | R32=[H] | R33=[H].[H] | R35=F | R36=[H] | R38=[H] | R39=[H]C([H])[H],CNc1ccn(-c2ccnc3c2cc([C@H](C)N2CC=C(c4c(C)cc(C(=O)N5CCc6c(F)cc(Br)cc6[C@H]5C)cc4F)CC2)n3C)c(=O)c1,[H].[H]C([H])[H],,[H].[H],[H].[H],,F,[H],Br,[H],,[H],[H],[H]C([H])[H],[H],[H],[H],[H]NC([H])([H])[H],[H],[H].[H]C([H])[H],[H].[H],[H].[H],[H],[H].[H],F,[H],[H],[H]C([H])[H]
LN05375703_1384,-11.783200521203511,2.0,0.48015630601052695,,R1=Br | R2=[H]C([H])([H])O | R3=[H] | R4=[H] | R7=[H].[H] | R8=[H].[H] | R9=[H].[H] | R11=[H] | R12=[H] | R17=[H]C([H])[H] | R19=[H] | R21=[H] | R22=[H] | R23=[H]NC([H])([H])[H] | R24=[H] | R27=[H].[H]C([H])[H] | R29=[H].[H] | R30=[H].[H] | R32=[H] | R33=[H].[H] | R35=F | R36=[H] | R38=[H] | R39=[H]C([H])[H],CNc1ccn(-c2ccnc3c2cc([C@H](C)N2CC=C(c4c(C)cc(C(=O)N5CCc6cc(Br)c(OC)cc6C5)cc4F)CC2)n3C)c(=O)c1,Br,[H]C([H])([H])O,[H],[H],,,[H].[H],[H].[H],[H].[H],,[H],[H],[H]C([H])[H],[H],[H],[H],[H]NC([H])([H])[H],[H],[H].[H]C([H])[H],[H].[H],[H].[H],[H],[H].[H],F,[H],[H],[H]C([H])[H]
EN300-1689124_11499,-11.777906494720508,2.0,0.4798985915720435,,R1=[H]C([H])([H])O | R2=[H] | R4=[H].[H] | R5=[H].[H] | R7=[H].[H] | R9=[H] | R10=[H]C([H])[H] | R11=[H] | R12=[H] | R17=[H]C([H])[H] | R19=[H] | R21=[H] | R22=[H] | R23=[H]NC([H])([H])[H] | R24=[H] | R27=[H].[H]C([H])[H] | R29=[H].[H] | R30=[H].[H] | R32=[H] | R33=[H].[H] | R35=F | R36=[H] | R38=[H] | R39=[H]C([H])[H],CNc1ccn(-c2ccnc3c2cc([C@H](C)N2CC=C(c4c(C)cc(C(=O)N5CCc6cc(OC)c(C)cc6C5)cc4F)CC2)n3C)c(=O)c1,[H]C([H])([H])O,[H],,[H].[H],[H].[H],,[H].[H],,[H],[H]C([H])[H],[H],[H],[H]C([H])[H],[H],[H],[H],[H]NC([H])([H])[H],[H],[H].[H]C([H])[H],[H].[H],[H].[H],[H],[H].[H],F,[H],[H],[H]C([H])[H]
EN300-225711_23864,-11.775668441641704,2.0,0.479789642628484,,R1=F | R2=[H] | R3=Cl | R4=[H] | R6=[H].[H] | R8=[H].[H] | R9=[H].[H] | R11=[H] | R12=[H] | R17=[H]C([H])[H] | R19=[H] | R21=[H] | R22=[H] | R23=[H]NC([H])([H])[H] | R24=[H] | R27=[H].[H]C([H])[H] | R29=[H].[H] | R30=[H].[H] | R32=[H] | R33=[H].[H] | R35=F | R36=[H] | R38=[H] | R39=[H]C([H])[H],CNc1ccn(-c2ccnc3c2cc([C@H](C)N2CC=C(c4c(C)cc(C(=O)N5CCc6c(F)cc(Cl)cc6C5)cc4F)CC2)n3C)c(=O)c1,F,[H],Cl,[H],,[H].[H],,[H].[H],[H].[H],,[H],[H],[H]C([H])[H],[H],[H],[H],[H]NC([H])([H])[H],[H],[H].[H]C([H])[H],[H].[H],[H].[H],[H],[H].[H],F,[H],[H],[H]C([H])[H]
LN00233507_1060,-11.774309709155798,2.0,0.4797234992155678,,R1=[H].[H]O | R3=[H].[H] | R5=[H] | R7=[H] | R8=[H].[H] | R9=[H] | R10=[H] | R11=[H] | R12=[H] | R17=[H]C([H])[H] | R19=[H] | R21=[H] | R22=[H] | R23=[H]NC([H])([H])[H] | R24=[H] | R27=[H].[H]C([H])[H] | R29=[H].[H] | R30=[H].[H] | R32=[H] | R33=[H].[H] | R35=F | R36=[H] | R38=[H] | R39=[H]C([H])[H],CNc1ccn(-c2ccnc3c2cc([C@H](C)N2CC=C(c4c(C)cc(C(=O)N5Cc6ccccc6[C@@H](O)C5)cc4F)CC2)n3C)c(=O)c1,[H].[H]O,,[H].[H],,[H],,[H],[H].[H],[H],[H],[H],[H],[H]C([H])[H],[H],[H],[H],[H]NC([H])([H])[H],[H],[H].[H]C([H])[H],[H].[H],[H].[H],[H],[H].[H],F,[H],[H],[H]C([H])[H]
EN300-30048326_32446,-11.7741616554109,2.0,0.47971629192488763,,R1=[H].[H]C([H])[N+]([H])([H])[H] | R4=[H].[H] | R5=[H] | R7=[H].[H] | R8=[H] | R9=[H] | R10=[H]C([H])[H] | R11=[H] | R12=[H] | R17=[H]C([H])[H] | R19=[H] | R21=[H] | R22=[H] | R23=[H]NC([H])([H])[H] | R24=[H] | R27=[H].[H]C([H])[H] | R29=[H].[H] | R30=[H].[H] | R32=[H] | R33=[H].[H] | R35=F | R36=[H] | R38=[H] | R39=[H]C([H])[H],CNc1ccn(-c2ccnc3c2cc([C@H](C)N2CC=C(c4c(C)cc(C(=O)N5CCc6cc(C)ccc6[C@H]5C[NH3+])cc4F)CC2)n3C)c(=O)c1,[H].[H]C([H])[N+]([H])([H])[H],,,[H].[H],[H],,[H].[H],[H],[H],[H]C([H])[H],[H],[H],[H]C([H])[H],[H],[H],[H],[H]NC([H])([H])[H],[H],[H].[H]C([H])[H],[H].[H],[H].[H],[H],[H].[H],F,[H],[H],[H]C([H])[H]
LN04630638_1268,-11.771853645530266,2.0,0.4796039374679707,,R1=Cl | R2=Cl | R4=[H] | R6=[H].[H] | R7=[H] | R8=[H].[H] | R10=[H].[H] | R11=[H] | R12=[H] | R17=[H]C([H])[H] | R19=[H] | R21=[H] | R22=[H] | R23=[H]NC([H])([H])[H] | R24=[H] | R27=[H].[H]C([H])[H] | R29=[H].[H] | R30=[H].[H] | R32=[H] | R33=[H].[H] | R35=F | R36=[H] | R38=[H] | R39=[H]C([H])[H],CNc1ccn(-c2ccnc3c2cc([C@H](C)N2CC=C(c4c(C)cc(C(=O)N5CCc6ccc(Cl)c(Cl)c6C5)cc4F)CC2)n3C)c(=O)c1,Cl,Cl,,[H],,[H].[H],[H],[H].[H],,[H].[H],[H],[H],[H]C([H])[H],[H],[H],[H],[H]NC([H])([H])[H],[H],[H].[H]C([H])[H],[H].[H],[H].[H],[H],[H].[H],F,[H],[H],[H]C([H])[H]
LN00174732_5005,-11.757906713186937,2.0,0.4789249975629729,,R2=[H].[H] | R3=[H].[H] | R5=[H].[H] | R7=[H] | R8=[H] | R9=[H] | R10=[H] | R11=[H] | R12=[H] | R17=[H]C([H])[H] | R19=[H] | R21=[H] | R22=[H] | R23=[H]NC([H])([H])[H] | R24=[H] | R27=[H].[H]C([H])[H] | R29=[H].[H] | R30=[H].[H] | R32=[H] | R33=[H].[H] | R35=F | R36=[H] | R38=[H] | R39=[H]C([H])[H],CNc1ccn(-c2ccnc3c2cc([C@H](C)N2CC=C(c4c(C)cc(C(=O)N5CCc6ccccc6C5)cc4F)CC2)n3C)c(=O)c1,,[H].[H],[H].[H],,[H].[H],,[H],[H],[H],[H],[H],[H],[H]C([H])[H],[H],[H],[H],[H]NC([H])([H])[H],[H],[H].[H]C([H])[H],[H].[H],[H].[H],[H],[H].[H],F,[H],[H],[H]C([H])[H]
EN300-37160592_14575,-11.756800439203264,2.0,0.4788711438885672,,R1=[H].[H]C([H])[H] | R3=[H].[H] | R4=[H].[H] | R6=Cl | R7=[H] | R8=[H] | R9=[H] | R11=[H] | R12=[H] | R17=[H]C([H])[H] | R19=[H] | R21=[H] | R22=[H] | R23=[H]NC([H])([H])[H] | R24=[H] | R27=[H].[H]C([H])[H] | R29=[H].[H] | R30=[H].[H] | R32=[H] | R33=[H].[H] | R35=F | R36=[H] | R38=[H] | R39=[H]C([H])[H],CNc1ccn(-c2ccnc3c2cc([C@H](C)N2CC=C(c4c(C)cc(C(=O)N5CCc6c(Cl)cccc6[C@@H]5C)cc4F)CC2)n3C)c(=O)c1,[H].[H]C([H])[H],,[H].[H],[H].[H],,Cl,[H],[H],[H],,[H],[H],[H]C([H])[H],[H],[H],[H],[H]NC([H])([H])[H],[H],[H].[H]C([H])[H],[H].[H],[H].[H],[H],[H].[H],F,[H],[H],[H]C([H])[H]
EN300-28247672_34400,-11.754948549313868,2.0,0.47878099345873637,,R1=[H]O | R2=[H] | R3=[H] | R5=[H].[H] | R6=[H].[H] | R8=[H].[H] | R10=Br | R11=[H] | R12=[H] | R17=[H]C([H])[H] | R19=[H] | R21=[H] | R22=[H] | R23=[H]NC([H])([H])[H] | R24=[H] | R27=[H].[H]C([H])[H] | R29=[H].[H] | R30=[H].[H] | R32=[H] | R33=[H].[H] | R35=F | R36=[H] | R38=[H] | R39=[H]C([H])[H],CNc1ccn(-c2ccnc3c2cc([C@H](C)N2CC=C(c4c(C)cc(C(=O)N5CCc6ccc(O)c(Br)c6C5)cc4F)CC2)n3C)c(=O)c1,[H]O,[H],[H],,[H].[H],[H].[H],,[H].[H],,Br,[H],[H],[H]C([H])[H],[H],[H],[H],[H]NC([H])([H])[H],[H],[H].[H]C([H])[H],[H].[H],[H].[H],[H],[H].[H],F,[H],[H],[H]C([H])[H]
EN300-1587238_42702,-11.754833410447189,2.0,0.47877538847197076,,R1=[H].[H]C([H])[H] | R2=[H].[H] | R4=[H] | R5=[H] | R6=F | R7=Br | R9=[H].[H] | R11=[H] | R12=[H] | R17=[H]C([H])[H] | R19=[H] | R21=[H] | R22=[H] | R23=[H]NC([H])([H])[H] | R24=[H] | R27=[H].[H]C([H])[H] | R29=[H].[H] | R30=[H].[H] | R32=[H] | R33=[H].[H] | R35=F | R36=[H] | R38=[H] | R39=[H]C([H])[H],CNc1ccn(-c2ccnc3c2cc([C@H](C)N2CC=C(c4c(C)cc(C(=O)N5Cc6c(ccc(F)c6Br)C[C@@H]5C)cc4F)CC2)n3C)c(=O)c1,[H].[H]C([H])[H],[H].[H],,[H],[H],F,Br,,[H].[H],,[H],[H],[H]C([H])[H],[H],[H],[H],[H]NC([H])([H])[H],[H],[H].[H]C([H])[H],[H].[H],[H].[H],[H],[H].[H],F,[H],[H],[H]C([H])[H]
EN300-8109584_39514,-11.742337911729571,2.0,0.47816710469290036,,R1=[H]C#C | R2=[H] | R3=[H] | R5=[H].[H] | R6=[H].[H] | R8=[H].[H] | R10=[H] | R11=[H] | R12=[H] | R17=[H]C([H])[H] | R19=[H] | R21=[H] | R22=[H] | R23=[H]NC([H])([H])[H] | R24=[H] | R27=[H].[H]C([H])[H] | R29=[H].[H] | R30=[H].[H] | R32=[H] | R33=[H].[H] | R35=F | R36=[H] | R38=[H] | R39=[H]C([H])[H],C#Cc1ccc2c(c1)CN(C(=O)c1cc(C)c(C3=CCN([C@@H](C)c4cc5c(-n6ccc(NC)cc6=O)ccnc5n4C)CC3)c(F)c1)CC2,[H]C#C,[H],[H],,[H].[H],[H].[H],,[H].[H],,[H],[H],[H],[H]C([H])[H],[H],[H],[H],[H]NC([H])([H])[H],[H],[H].[H]C([H])[H],[H].[H],[H].[H],[H],[H].[H],F,[H],[H],[H]C([H])[H]
EN300-1666781_39421,-11.74095028617517,2.0,0.4780995547587008,,R1=[H]C([H])C([H])([H])[H] | R2=[H] | R3=[H] | R4=[H] | R6=[H].[H] | R7=[H].[H] | R9=[H].[H] | R11=[H] | R12=[H] | R17=[H]C([H])[H] | R19=[H] | R21=[H] | R22=[H] | R23=[H]NC([H])([H])[H] | R24=[H] | R27=[H].[H]C([H])[H] | R29=[H].[H] | R30=[H].[H] | R32=[H] | R33=[H].[H] | R35=F | R36=[H] | R38=[H] | R39=[H]C([H])[H],CCc1cccc2c1CN(C(=O)c1cc(C)c(C3=CCN([C@@H](C)c4cc5c(-n6ccc(NC)cc6=O)ccnc5n4C)CC3)c(F)c1)CC2,[H]C([H])C([H])([H])[H],[H],[H],[H],,[H].[H],[H].[H],,[H].[H],,[H],[H],[H]C([H])[H],[H],[H],[H],[H]NC([H])([H])[H],[H],[H].[H]C([H])[H],[H].[H],[H].[H],[H],[H].[H],F,[H],[H],[H]C([H])[H]
LN04976964_2341,-11.716015316424231,2.0,0.4768857146412414,,R1=Br | R3=[H] | R5=[H].[H] | R6=[H] | R7=Cl | R8=[H].[H] | R10=[H].[H] | R11=[H] | R12=[H] | R17=[H]C([H])[H] | R19=[H] | R21=[H] | R22=[H] | R23=[H]NC([H])([H])[H] | R24=[H] | R27=[H].[H]C([H])[H] | R29=[H].[H] | R30=[H].[H] | R32=[H] | R33=[H].[H] | R35=F | R36=[H] | R38=[H] | R39=[H]C([H])[H],CNc1ccn(-c2ccnc3c2cc([C@H](C)N2CC=C(c4c(C)cc(C(=O)N5CCc6c(Cl)ccc(Br)c6C5)cc4F)CC2)n3C)c(=O)c1,Br,,[H],,[H].[H],[H],Cl,[H].[H],,[H].[H],[H],[H],[H]C([H])[H],[H],[H],[H],[H]NC([H])([H])[H],[H],[H].[H]C([H])[H],[H].[H],[H].[H],[H],[H].[H],F,[H],[H],[H]C([H])[H]
EN300-7542950_17734,-11.714708465301376,2.0,0.47682209682512555,,R1=[H]C([H])[H] | R2=[H] | R3=[H] | R5=[H].[H] | R6=[H].[H] | R8=[H].[H] | R10=Br | R11=[H] | R12=[H] | R17=[H]C([H])[H] | R19=[H] | R21=[H] | R22=[H] | R23=[H]NC([H])([H])[H] | R24=[H] | R27=[H].[H]C([H])[H] | R29=[H].[H] | R30=[H].[H] | R32=[H] | R33=[H].[H] | R35=F | R36=[H] | R38=[H] | R39=[H]C([H])[H],CNc1ccn(-c2ccnc3c2cc([C@H](C)N2CC=C(c4c(C)cc(C(=O)N5CCc6ccc(C)c(Br)c6C5)cc4F)CC2)n3C)c(=O)c1,[H]C([H])[H],[H],[H],,[H].[H],[H].[H],,[H].[H],,Br,[H],[H],[H]C([H])[H],[H],[H],[H],[H]NC([H])([H])[H],[H],[H].[H]C([H])[H],[H].[H],[H].[H],[H],[H].[H],F,[H],[H],[H]C([H])[H]
EN300-3015905_17911,-11.713790335210199,2.0,0.47677740203909424,,R1=[H]C([H])[H] | R2=[H] | R3=[H] | R5=[H].[H] | R7=[H].[H]C([H])[H] | R8=[H].[H] | R10=[H] | R11=[H] | R12=[H] | R17=[H]C([H])[H] | R19=[H] | R21=[H] | R22=[H] | R23=[H]NC([H])([H])[H] | R24=[H] | R27=[H].[H]C([H])[H] | R29=[H].[H] | R30=[H].[H] | R32=[H] | R33=[H].[H] | R35=F | R36=[H] | R38=[H] | R39=[H]C([H])[H],CNc1ccn(-c2ccnc3c2cc([C@H](C)N2CC=C(c4c(C)cc(C(=O)N5Cc6ccc(C)cc6C[C@H]5C)cc4F)CC2)n3C)c(=O)c1,[H]C([H])[H],[H],[H],,[H].[H],,[H].[H]C([H])[H],[H].[H],,[H],[H],[H],[H]C([H])[H],[H],[H],[H],[H]NC([H])([H])[H],[H],[H].[H]C([H])[H],[H].[H],[H].[H],[H],[H].[H],F,[H],[H],[H]C([H])[H]
LN06585577_723,-11.71342725204914,2.0,0.4767597270665047,,R1=Br | R2=[H] | R3=[H] | R5=[H] | R7=[H].[H]C([H])[H] | R8=[H].[H] | R10=[H].[H] | R11=[H] | R12=[H] | R17=[H]C([H])[H] | R19=[H] | R21=[H] | R22=[H] | R23=[H]NC([H])([H])[H] | R24=[H] | R27=[H].[H]C([H])[H] | R29=[H].[H] | R30=[H].[H] | R32=[H] | R33=[H].[H] | R35=F | R36=[H] | R38=[H] | R39=[H]C([H])[H],CNc1ccn(-c2ccnc3c2cc([C@H](C)N2CC=C(c4c(C)cc(C(=O)N5CCc6ccc(Br)cc6[C@H]5C)cc4F)CC2)n3C)c(=O)c1,Br,[H],[H],,[H],,[H].[H]C([H])[H],[H].[H],,[H].[H],[H],[H],[H]C([H])[H],[H],[H],[H],[H]NC([H])([H])[H],[H],[H].[H]C([H])[H],[H].[H],[H].[H],[H],[H].[H],F,[H],[H],[H]C([H])[H]
EN300-46668797_33482,-11.705971126515403,2.0,0.47639676114418505,,R1=[H].[H]C([H])[H] | R2=[H].[H] | R4=[H].[H] | R6=Br | R7=[H] | R8=[H] | R9=Cl | R11=[H] | R12=[H] | R17=[H]C([H])[H] | R19=[H] | R21=[H] | R22=[H] | R23=[H]NC([H])([H])[H] | R24=[H] | R27=[H].[H]C([H])[H] | R29=[H].[H] | R30=[H].[H] | R32=[H] | R33=[H].[H] | R35=F | R36=[H] | R38=[H] | R39=[H]C([H])[H],CNc1ccn(-c2ccnc3c2cc([C@H](C)N2CC=C(c4c(C)cc(C(=O)N5Cc6c(Br)ccc(Cl)c6[C@H](C)C5)cc4F)CC2)n3C)c(=O)c1,[H].[H]C([H])[H],[H].[H],,[H].[H],,Br,[H],[H],Cl,,[H],[H],[H]C([H])[H],[H],[H],[H],[H]NC([H])([H])[H],[H],[H].[H]C([H])[H],[H].[H],[H].[H],[H],[H].[H],F,[H],[H],[H]C([H])[H]
EN300-1245050_24483,-11.696019206006,2.0,0.4759122993429179,,R1=[H]C([H])[H] | R2=[H] | R3=[H] | R6=[H] | R7=[H].[H] | R8=[H].[H] | R10=[H].[H]C([H])[H] | R11=[H] | R12=[H] | R17=[H]C([H])[H] | R19=[H] | R21=[H] | R22=[H] | R23=[H]NC([H])([H])[H] | R24=[H] | R27=[H].[H]C([H])[H] | R29=[H].[H] | R30=[H].[H] | R32=[H] | R33=[H].[H] | R35=F | R36=[H] | R38=[H] | R39=[H]C([H])[H],CNc1ccn(-c2ccnc3c2cc([C@H](C)N2CC=C(c4c(C)cc(C(=O)N5CCc6cc(C)ccc6[C@H]5C)cc4F)CC2)n3C)c(=O)c1,[H]C([H])[H],[H],[H],,,[H],[H].[H],[H].[H],,[H].[H]C([H])[H],[H],[H],[H]C([H])[H],[H],[H],[H],[H]NC([H])([H])[H],[H],[H].[H]C([H])[H],[H].[H],[H].[H],[H],[H].[H],F,[H],[H],[H]C([H])[H]
LN00338988_3000,-11.693659420208887,2.0,0.4757974244223643,,R1=Cl | R3=[H] | R5=[H].[H] | R6=[H] | R7=[H] | R8=[H].[H] | R10=[H].[H] | R11=[H] | R12=[H] | R17=[H]C([H])[H] | R19=[H] | R21=[H] | R22=[H] | R23=[H]NC([H])([H])[H] | R24=[H] | R27=[H].[H]C([H])[H] | R29=[H].[H] | R30=[H].[H] | R32=[H] | R33=[H].[H] | R35=F | R36=[H] | R38=[H] | R39=[H]C([H])[H],CNc1ccn(-c2ccnc3c2cc([C@H](C)N2CC=C(c4c(C)cc(C(=O)N5CCc6cccc(Cl)c6C5)cc4F)CC2)n3C)c(=O)c1,Cl,,[H],,[H].[H],[H],[H],[H].[H],,[H].[H],[H],[H],[H]C([H])[H],[H],[H],[H],[H]NC([H])([H])[H],[H],[H].[H]C([H])[H],[H].[H],[H].[H],[H],[H].[H],F,[H],[H],[H]C([H])[H]
LN01365429_7082,-11.688637541200157,2.0,0.4755529581861222,,R1=[H]C([H])([H])O | R3=[H] | R5=[H].[H] | R6=[H] | R7=[H] | R8=[H].[H] | R9=[H].[H] | R11=[H] | R12=[H] | R17=[H]C([H])[H] | R19=[H] | R21=[H] | R22=[H] | R23=[H]NC([H])([H])[H] | R24=[H] | R27=[H].[H]C([H])[H] | R29=[H].[H] | R30=[H].[H] | R32=[H] | R33=[H].[H] | R35=F | R36=[H] | R38=[H] | R39=[H]C([H])[H],CNc1ccn(-c2ccnc3c2cc([C@H](C)N2CC=C(c4c(C)cc(C(=O)N5CCc6c(cccc6OC)C5)cc4F)CC2)n3C)c(=O)c1,[H]C([H])([H])O,,[H],,[H].[H],[H],[H],[H].[H],[H].[H],,[H],[H],[H]C([H])[H],[H],[H],[H],[H]NC([H])([H])[H],[H],[H].[H]C([H])[H],[H].[H],[H].[H],[H],[H].[H],F,[H],[H],[H]C([H])[H]
EN300-8810016_20497,-11.684294296190892,2.0,0.47534152801055507,,R1=[H].[H]C([H])[H] | R3=[H].[H] | R4=[H].[H] | R6=[H] | R7=F | R8=F | R9=[H] | R11=[H] | R12=[H] | R17=[H]C([H])[H] | R19=[H] | R21=[H] | R22=[H] | R23=[H]NC([H])([H])[H] | R24=[H] | R27=[H].[H]C([H])[H] | R29=[H].[H] | R30=[H].[H] | R32=[H] | R33=[H].[H] | R35=F | R36=[H] | R38=[H] | R39=[H]C([H])[H],CNc1ccn(-c2ccnc3c2cc([C@H](C)N2CC=C(c4c(C)cc(C(=O)N5CCc6cc(F)c(F)cc6[C@H]5C)cc4F)CC2)n3C)c(=O)c1,[H].[H]C([H])[H],,[H].[H],[H].[H],,[H],F,F,[H],,[H],[H],[H]C([H])[H],[H],[H],[H],[H]NC([H])([H])[H],[H],[H].[H]C([H])[H],[H].[H],[H].[H],[H],[H].[H],F,[H],[H],[H]C([H])[H]
LN01533296_7548,-11.682697292404333,2.0,0.4752637854953957,,R1=Cl | R2=[H] | R3=[H] | R5=[H] | R7=[H].[H]C([H])[H] | R8=[H].[H] | R9=[H].[H] | R11=[H] | R12=[H] | R17=[H]C([H])[H] | R19=[H] | R21=[H] | R22=[H] | R23=[H]NC([H])([H])[H] | R24=[H] | R27=[H].[H]C([H])[H] | R29=[H].[H] | R30=[H].[H] | R32=[H] | R33=[H].[H] | R35=F | R36=[H] | R38=[H] | R39=[H]C([H])[H],CNc1ccn(-c2ccnc3c2cc([C@H](C)N2CC=C(c4c(C)cc(C(=O)N5Cc6ccc(Cl)cc6[C@H](C)C5)cc4F)CC2)n3C)c(=O)c1,Cl,[H],[H],,[H],,[H].[H]C([H])[H],[H].[H],[H].[H],,[H],[H],[H]C([H])[H],[H],[H],[H],[H]NC([H])([H])[H],[H],[H].[H]C([H])[H],[H].[H],[H].[H],[H],[H].[H],F,[H],[H],[H]C([H])[H]
EN300-52302962_37903,-11.681217772147567,2.0,0.47519176210574676,,R1=[H]C([H])[H] | R2=[H] | R3=Br | R4=[H] | R6=[H].[H] | R7=[H].[H] | R9=[H].[H]C([H])[H] | R11=[H] | R12=[H] | R17=[H]C([H])[H] | R19=[H] | R21=[H] | R22=[H] | R23=[H]NC([H])([H])[H] | R24=[H] | R27=[H].[H]C([H])[H] | R29=[H].[H] | R30=[H].[H] | R32=[H] | R33=[H].[H] | R35=F | R36=[H] | R38=[H] | R39=[H]C([H])[H],CNc1ccn(-c2ccnc3c2cc([C@H](C)N2CC=C(c4c(C)cc(C(=O)N5CCc6cc(Br)cc(C)c6[C@H]5C)cc4F)CC2)n3C)c(=O)c1,[H]C([H])[H],[H],Br,[H],,[H].[H],[H].[H],,[H].[H]C([H])[H],,[H],[H],[H]C([H])[H],[H],[H],[H],[H]NC([H])([H])[H],[H],[H].[H]C([H])[H],[H].[H],[H].[H],[H],[H].[H],F,[H],[H],[H]C([H])[H]
EN300-45604330_32223,-11.679294291953163,2.0,0.4750981266432446,,R1=[H].[H]C([H])[H] | R2=[H].[H] | R4=F | R5=[H] | R6=[H] | R7=[H] | R9=[H].[H] | R11=[H] | R12=[H] | R17=[H]C([H])[H] | R19=[H] | R21=[H] | R22=[H] | R23=[H]NC([H])([H])[H] | R24=[H] | R27=[H].[H]C([H])[H] | R29=[H].[H] | R30=[H].[H] | R32=[H] | R33=[H].[H] | R35=F | R36=[H] | R38=[H] | R39=[H]C([H])[H],CNc1ccn(-c2ccnc3c2cc([C@H](C)N2CC=C(c4c(C)cc(C(=O)N5Cc6cccc(F)c6C[C@@H]5C)cc4F)CC2)n3C)c(=O)c1,[H].[H]C([H])[H],[H].[H],,F,[H],[H],[H],,[H].[H],,[H],[H],[H]C([H])[H],[H],[H],[H],[H]NC([H])([H])[H],[H],[H].[H]C([H])[H],[H].[H],[H].[H],[H],[H].[H],F,[H],[H],[H]C([H])[H]
EN300-3435995_14414,-11.677421892645992,2.0,0.4750069778101941,,R1=[H].[H]C([H])[H] | R2=[H].[H] | R4=Br | R5=[H] | R6=[H] | R7=Br | R9=[H].[H] | R11=[H] | R12=[H] | R17=[H]C([H])[H] | R19=[H] | R21=[H] | R22=[H] | R23=[H]NC([H])([H])[H] | R24=[H] | R27=[H].[H]C([H])[H] | R29=[H].[H] | R30=[H].[H] | R32=[H] | R33=[H].[H] | R35=F | R36=[H] | R38=[H] | R39=[H]C([H])[H],CNc1ccn(-c2ccnc3c2cc([C@H](C)N2CC=C(c4c(C)cc(C(=O)N5Cc6c(Br)ccc(Br)c6C[C@H]5C)cc4F)CC2)n3C)c(=O)c1,[H].[H]C([H])[H],[H].[H],,Br,[H],[H],Br,,[H].[H],,[H],[H],[H]C([H])[H],[H],[H],[H],[H]NC([H])([H])[H],[H],[H].[H]C([H])[H],[H].[H],[H].[H],[H],[H].[H],F,[H],[H],[H]C([H])[H]
EN300-1587512_11296,-11.67272009432449,2.0,0.47477809317613007,,R1=Cl | R2=[H] | R3=Br | R4=[H] | R6=[H].[H] | R7=[H].[H] | R9=[H].[H] | R11=[H] | R12=[H] | R17=[H]C([H])[H] | R19=[H] | R21=[H] | R22=[H] | R23=[H]NC([H])([H])[H] | R24=[H] | R27=[H].[H]C([H])[H] | R29=[H].[H] | R30=[H].[H] | R32=[H] | R33=[H].[H] | R35=F | R36=[H] | R38=[H] | R39=[H]C([H])[H],CNc1ccn(-c2ccnc3c2cc([C@H](C)N2CC=C(c4c(C)cc(C(=O)N5CCc6cc(Br)cc(Cl)c6C5)cc4F)CC2)n3C)c(=O)c1,Cl,[H],Br,[H],,[H].[H],[H].[H],,[H].[H],,[H],[H],[H]C([H])[H],[H],[H],[H],[H]NC([H])([H])[H],[H],[H].[H]C([H])[H],[H].[H],[H].[H],[H],[H].[H],F,[H],[H],[H]C([H])[H]
LN01331319_6448,-11.668726049665006,2.0,0.47458366215467573,,R1=Br | R2=F | R3=[H] | R5=[H] | R7=[H].[H] | R8=[H].[H] | R9=[H].[H] | R11=[H] | R12=[H] | R17=[H]C([H])[H] | R19=[H] | R21=[H] | R22=[H] | R23=[H]NC([H])([H])[H] | R24=[H] | R27=[H].[H]C([H])[H] | R29=[H].[H] | R30=[H].[H] | R32=[H] | R33=[H].[H] | R35=F | R36=[H] | R38=[H] | R39=[H]C([H])[H],CNc1ccn(-c2ccnc3c2cc([C@H](C)N2CC=C(c4c(C)cc(C(=O)N5CCc6c(ccc(Br)c6F)C5)cc4F)CC2)n3C)c(=O)c1,Br,F,[H],,[H],,[H].[H],[H].[H],[H].[H],,[H],[H],[H]C([H])[H],[H],[H],[H],[H]NC([H])([H])[H],[H],[H].[H]C([H])[H],[H].[H],[H].[H],[H],[H].[H],F,[H],[H],[H]C([H])[H]
EN300-1448677_45729,-11.668380840684565,2.0,0.4745668573013492,,R1=[H].[H]C([H])[H] | R2=[H].[H] | R4=[H] | R5=[H] | R6=F | R7=[H] | R9=[H].[H] | R11=[H] | R12=[H] | R17=[H]C([H])[H] | R19=[H] | R21=[H] | R22=[H] | R23=[H]NC([H])([H])[H] | R24=[H] | R27=[H].[H]C([H])[H] | R29=[H].[H] | R30=[H].[H] | R32=[H] | R33=[H].[H] | R35=F | R36=[H] | R38=[H] | R39=[H]C([H])[H],CNc1ccn(-c2ccnc3c2cc([C@H](C)N2CC=C(c4c(C)cc(C(=O)N5Cc6cc(F)ccc6C[C@H]5C)cc4F)CC2)n3C)c(=O)c1,[H].[H]C([H])[H],[H].[H],,[H],[H],F,[H],,[H].[H],,[H],[H],[H]C([H])[H],[H],[H],[H],[H]NC([H])([H])[H],[H],[H].[H]C([H])[H],[H].[H],[H].[H],[H],[H].[H],F,[H],[H],[H]C([H])[H]
EN300-52427648_41612,-11.656134905138858,2.0,0.4739707223154369,,R1=[H]C([H])[H] | R2=[H] | R3=F | R6=[H] | R7=[H].[H] | R8=[H].[H] | R10=[H].[H]C([H])[H] | R11=[H] | R12=[H] | R17=[H]C([H])[H] | R19=[H] | R21=[H] | R22=[H] | R23=[H]NC([H])([H])[H] | R24=[H] | R27=[H].[H]C([H])[H] | R29=[H].[H] | R30=[H].[H] | R32=[H] | R33=[H].[H] | R35=F | R36=[H] | R38=[H] | R39=[H]C([H])[H],CNc1ccn(-c2ccnc3c2cc([C@H](C)N2CC=C(c4c(C)cc(C(=O)N5CCc6cc(C)cc(F)c6[C@@H]5C)cc4F)CC2)n3C)c(=O)c1,[H]C([H])[H],[H],F,,,[H],[H].[H],[H].[H],,[H].[H]C([H])[H],[H],[H],[H]C([H])[H],[H],[H],[H],[H]NC([H])([H])[H],[H],[H].[H]C([H])[H],[H].[H],[H].[H],[H],[H].[H],F,[H],[H],[H]C([H])[H]
LN06129504_4926,-11.654253572468015,2.0,0.4738791386041685,,R2=[H].[H]C([H])[H] | R3=[H].[H] | R5=[H].[H] | R7=[H] | R8=[H] | R9=[H] | R10=[H] | R11=[H] | R12=[H] | R17=[H]C([H])[H] | R19=[H] | R21=[H] | R22=[H] | R23=[H]NC([H])([H])[H] | R24=[H] | R27=[H].[H]C([H])[H] | R29=[H].[H] | R30=[H].[H] | R32=[H] | R33=[H].[H] | R35=F | R36=[H] | R38=[H] | R39=[H]C([H])[H],CNc1ccn(-c2ccnc3c2cc([C@H](C)N2CC=C(c4c(C)cc(C(=O)N5CCc6ccccc6[C@H]5C)cc4F)CC2)n3C)c(=O)c1,,[H].[H]C([H])[H],[H].[H],,[H].[H],,[H],[H],[H],[H],[H],[H],[H]C([H])[H],[H],[H],[H],[H]NC([H])([H])[H],[H],[H].[H]C([H])[H],[H].[H],[H].[H],[H],[H].[H],F,[H],[H],[H]C([H])[H]
EN300-28220566_27296,-11.638409608453694,2.0,0.47310785075692974,,R1=[H].[H]C(F)F | R3=[H].[H] | R4=[H].[H] | R6=[H] | R7=Br | R8=[H] | R9=[H] | R11=[H] | R12=[H] | R17=[H]C([H])[H] | R19=[H] | R21=[H] | R22=[H] | R23=[H]NC([H])([H])[H] | R24=[H] | R27=[H].[H]C([H])[H] | R29=[H].[H] | R30=[H].[H] | R32=[H] | R33=[H].[H] | R35=F | R36=[H] | R38=[H] | R39=[H]C([H])[H],CNc1ccn(-c2ccnc3c2cc([C@H](C)N2CC=C(c4c(C)cc(C(=O)N5CCc6cc(Br)ccc6[C@H]5C(F)F)cc4F)CC2)n3C)c(=O)c1,[H].[H]C(F)F,,[H].[H],[H].[H],,[H],Br,[H],[H],,[H],[H],[H]C([H])[H],[H],[H],[H],[H]NC([H])([H])[H],[H],[H].[H]C([H])[H],[H].[H],[H].[H],[H],[H].[H],F,[H],[H],[H]C([H])[H]
EN300-1253965_23693,-11.636100753792462,2.0,0.47299545517589714,,R1=[H].[H]C([H])[H] | R2=[H].[H] | R4=Br | R5=[H] | R6=[H] | R7=[H] | R9=[H].[H] | R11=[H] | R12=[H] | R17=[H]C([H])[H] | R19=[H] | R21=[H] | R22=[H] | R23=[H]NC([H])([H])[H] | R24=[H] | R27=[H].[H]C([H])[H] | R29=[H].[H] | R30=[H].[H] | R32=[H] | R33=[H].[H] | R35=F | R36=[H] | R38=[H] | R39=[H]C([H])[H],CNc1ccn(-c2ccnc3c2cc([C@H](C)N2CC=C(c4c(C)cc(C(=O)N5Cc6cccc(Br)c6C[C@H]5C)cc4F)CC2)n3C)c(=O)c1,[H].[H]C([H])[H],[H].[H],,Br,[H],[H],[H],,[H].[H],,[H],[H],[H]C([H])[H],[H],[H],[H],[H]NC([H])([H])[H],[H],[H].[H]C([H])[H],[H].[H],[H].[H],[H],[H].[H],F,[H],[H],[H]C([H])[H]
EN300-26682710_17938,-11.624273748611149,2.0,0.47241971381740044,,R1=[H].[H]C([H])[H] | R2=[H].[H] | R4=Cl | R5=Br | R6=[H] | R7=F | R9=[H].[H] | R11=[H] | R12=[H] | R17=[H]C([H])[H] | R19=[H] | R21=[H] | R22=[H] | R23=[H]NC([H])([H])[H] | R24=[H] | R27=[H].[H]C([H])[H] | R29=[H].[H] | R30=[H].[H] | R32=[H] | R33=[H].[H] | R35=F | R36=[H] | R38=[H] | R39=[H]C([H])[H],CNc1ccn(-c2ccnc3c2cc([C@H](C)N2CC=C(c4c(C)cc(C(=O)N5Cc6c(F)cc(Br)c(Cl)c6C[C@H]5C)cc4F)CC2)n3C)c(=O)c1,[H].[H]C([H])[H],[H].[H],,Cl,Br,[H],F,,[H].[H],,[H],[H],[H]C([H])[H],[H],[H],[H],[H]NC([H])([H])[H],[H],[H].[H]C([H])[H],[H].[H],[H].[H],[H],[H].[H],F,[H],[H],[H]C([H])[H]
EN300-124393_3416,-11.612171056509215,2.0,0.47183055195559254,,R1=[H].[H]C([H])[H] | R2=[H].[H] | R4=[H] | R5=F | R6=[H] | R7=[H] | R9=[H].[H]C([H])[H] | R11=[H] | R12=[H] | R17=[H]C([H])[H] | R19=[H] | R21=[H] | R22=[H] | R23=[H]NC([H])([H])[H] | R24=[H] | R27=[H].[H]C([H])[H] | R29=[H].[H] | R30=[H].[H] | R32=[H] | R33=[H].[H] | R35=F | R36=[H] | R38=[H] | R39=[H]C([H])[H],CNc1ccn(-c2ccnc3c2cc([C@H](C)N2CC=C(c4c(C)cc(C(=O)N5[C@H](C)c6ccc(F)cc6C[C@@H]5C)cc4F)CC2)n3C)c(=O)c1,[H].[H]C([H])[H],[H].[H],,[H],F,[H],[H],,[H].[H]C([H])[H],,[H],[H],[H]C([H])[H],[H],[H],[H],[H]NC([H])([H])[H],[H],[H].[H]C([H])[H],[H].[H],[H].[H],[H],[H].[H],F,[H],[H],[H]C([H])[H]
LN01311780_3741,-11.610798783654978,2.0,0.471763749394402,,R1=[H]O | R3=[H] | R5=[H].[H] | R6=[H] | R7=[H] | R8=[H].[H] | R10=[H].[H] | R11=[H] | R12=[H] | R17=[H]C([H])[H] | R19=[H] | R21=[H] | R22=[H] | R23=[H]NC([H])([H])[H] | R24=[H] | R27=[H].[H]C([H])[H] | R29=[H].[H] | R30=[H].[H] | R32=[H] | R33=[H].[H] | R35=F | R36=[H] | R38=[H] | R39=[H]C([H])[H],CNc1ccn(-c2ccnc3c2cc([C@H](C)N2CC=C(c4c(C)cc(C(=O)N5CCc6cccc(O)c6C5)cc4F)CC2)n3C)c(=O)c1,[H]O,,[H],,[H].[H],[H],[H],[H].[H],,[H].[H],[H],[H],[H]C([H])[H],[H],[H],[H],[H]NC([H])([H])[H],[H],[H].[H]C([H])[H],[H].[H],[H].[H],[H],[H].[H],F,[H],[H],[H]C([H])[H]
EN300-156535_22561,-11.601970753367114,2.0,0.4713339988300904,,R1=[H]C([H])([H])NC([H])([H])[H] | R2=[H] | R3=[H] | R5=[H].[H] | R6=[H].[H] | R8=[H].[H] | R10=[H] | R11=[H] | R12=[H] | R17=[H]C([H])[H] | R19=[H] | R21=[H] | R22=[H] | R23=[H]NC([H])([H])[H] | R24=[H] | R27=[H].[H]C([H])[H] | R29=[H].[H] | R30=[H].[H] | R32=[H] | R33=[H].[H] | R35=F | R36=[H] | R38=[H] | R39=[H]C([H])[H],CNc1ccn(-c2ccnc3c2cc([C@H](C)N2CC=C(c4c(C)cc(C(=O)N5CCc6ccc(N(C)C)cc6C5)cc4F)CC2)n3C)c(=O)c1,[H]C([H])([H])NC([H])([H])[H],[H],[H],,[H].[H],[H].[H],,[H].[H],,[H],[H],[H],[H]C([H])[H],[H],[H],[H],[H]NC([H])([H])[H],[H],[H].[H]C([H])[H],[H].[H],[H].[H],[H],[H].[H],F,[H],[H],[H]C([H])[H]
EN300-27735579_39897,-11.574233570407038,2.0,0.46998374632292694,,R1=[H]C([H])([H])O | R2=[H] | R3=[H] | R5=[H].[H] | R6=[H].[H] | R8=[H].[H] | R10=Br | R11=[H] | R12=[H] | R17=[H]C([H])[H] | R19=[H] | R21=[H] | R22=[H] | R23=[H]NC([H])([H])[H] | R24=[H] | R27=[H].[H]C([H])[H] | R29=[H].[H] | R30=[H].[H] | R32=[H] | R33=[H].[H] | R35=F | R36=[H] | R38=[H] | R39=[H]C([H])[H],CNc1ccn(-c2ccnc3c2cc([C@H](C)N2CC=C(c4c(C)cc(C(=O)N5CCc6ccc(OC)c(Br)c6C5)cc4F)CC2)n3C)c(=O)c1,[H]C([H])([H])O,[H],[H],,[H].[H],[H].[H],,[H].[H],,Br,[H],[H],[H]C([H])[H],[H],[H],[H],[H]NC([H])([H])[H],[H],[H].[H]C([H])[H],[H].[H],[H].[H],[H],[H].[H],F,[H],[H],[H]C([H])[H]
EN300-1250801_26253,-11.573471746151316,2.0,0.4699466605412602,,R1=[H].[H]C([H])C([H])([H])[H] | R2=[H].[H] | R4=[H].[H] | R6=[H] | R7=[H] | R8=[H] | R9=[H] | R11=[H] | R12=[H] | R17=[H]C([H])[H] | R19=[H] | R21=[H] | R22=[H] | R23=[H]NC([H])([H])[H] | R24=[H] | R27=[H].[H]C([H])[H] | R29=[H].[H] | R30=[H].[H] | R32=[H] | R33=[H].[H] | R35=F | R36=[H] | R38=[H] | R39=[H]C([H])[H],CC[C@@H]1CN(C(=O)c2cc(C)c(C3=CCN([C@@H](C)c4cc5c(-n6ccc(NC)cc6=O)ccnc5n4C)CC3)c(F)c2)Cc2ccccc21,[H].[H]C([H])C([H])([H])[H],[H].[H],,[H].[H],,[H],[H],[H],[H],,[H],[H],[H]C([H])[H],[H],[H],[H],[H]NC([H])([H])[H],[H],[H].[H]C([H])[H],[H].[H],[H].[H],[H],[H].[H],F,[H],[H],[H]C([H])[H]
EN300-1698695_38967,-11.571371289604144,2.0,0.4698444098288108,,R1=[H].[H]C([H])[H] | R2=[H].[H] | R4=[H] | R5=F | R6=[H] | R7=[H] | R9=[H].[H] | R11=[H] | R12=[H] | R17=[H]C([H])[H] | R19=[H] | R21=[H] | R22=[H] | R23=[H]NC([H])([H])[H] | R24=[H] | R27=[H].[H]C([H])[H] | R29=[H].[H] | R30=[H].[H] | R32=[H] | R33=[H].[H] | R35=F | R36=[H] | R38=[H] | R39=[H]C([H])[H],CNc1ccn(-c2ccnc3c2cc([C@H](C)N2CC=C(c4c(C)cc(C(=O)N5Cc6ccc(F)cc6C[C@H]5C)cc4F)CC2)n3C)c(=O)c1,[H].[H]C([H])[H],[H].[H],,[H],F,[H],[H],,[H].[H],,[H],[H],[H]C([H])[H],[H],[H],[H],[H]NC([H])([H])[H],[H],[H].[H]C([H])[H],[H].[H],[H].[H],[H],[H].[H],F,[H],[H],[H]C([H])[H]
EN300-225088_21934,-11.56843879416483,2.0,0.46970165526988983,,R1=[H]C([H])([H])O | R2=[H] | R4=[H].[H] | R5=[H].[H] | R7=[H].[H] | R9=[H] | R10=Cl | R11=[H] | R12=[H] | R17=[H]C([H])[H] | R19=[H] | R21=[H] | R22=[H] | R23=[H]NC([H])([H])[H] | R24=[H] | R27=[H].[H]C([H])[H] | R29=[H].[H] | R30=[H].[H] | R32=[H] | R33=[H].[H] | R35=F | R36=[H] | R38=[H] | R39=[H]C([H])[H],CNc1ccn(-c2ccnc3c2cc([C@H](C)N2CC=C(c4c(C)cc(C(=O)N5CCc6cc(OC)c(Cl)cc6C5)cc4F)CC2)n3C)c(=O)c1,[H]C([H])([H])O,[H],,[H].[H],[H].[H],,[H].[H],,[H],Cl,[H],[H],[H]C([H])[H],[H],[H],[H],[H]NC([H])([H])[H],[H],[H].[H]C([H])[H],[H].[H],[H].[H],[H],[H].[H],F,[H],[H],[H]C([H])[H]
EN300-123456_10922,-11.564258311957717,2.0,0.46949814842532545,,R1=[H].[H]C([H])[H] | R2=[H].[H] | R4=[H] | R5=[H] | R6=Br | R7=[H] | R9=[H].[H] | R11=[H] | R12=[H] | R17=[H]C([H])[H] | R19=[H] | R21=[H] | R22=[H] | R23=[H]NC([H])([H])[H] | R24=[H] | R27=[H].[H]C([H])[H] | R29=[H].[H] | R30=[H].[H] | R32=[H] | R33=[H].[H] | R35=F | R36=[H] | R38=[H] | R39=[H]C([H])[H],CNc1ccn(-c2ccnc3c2cc([C@H](C)N2CC=C(c4c(C)cc(C(=O)N5Cc6cc(Br)ccc6C[C@@H]5C)cc4F)CC2)n3C)c(=O)c1,[H].[H]C([H])[H],[H].[H],,[H],[H],Br,[H],,[H].[H],,[H],[H],[H]C([H])[H],[H],[H],[H],[H]NC([H])([H])[H],[H],[H].[H]C([H])[H],[H].[H],[H].[H],[H],[H].[H],F,[H],[H],[H]C([H])[H]
EN300-8097500_19493,-11.56159127537924,2.0,0.46936831646539035,,R1=[H].[H]C([H])[H] | R2=[H].[H] | R4=[H] | R5=Br | R6=[H] | R7=F | R9=[H].[H] | R11=[H] | R12=[H] | R17=[H]C([H])[H] | R19=[H] | R21=[H] | R22=[H] | R23=[H]NC([H])([H])[H] | R24=[H] | R27=[H].[H]C([H])[H] | R29=[H].[H] | R30=[H].[H] | R32=[H] | R33=[H].[H] | R35=F | R36=[H] | R38=[H] | R39=[H]C([H])[H],CNc1ccn(-c2ccnc3c2cc([C@H](C)N2CC=C(c4c(C)cc(C(=O)N5Cc6c(F)cc(Br)cc6C[C@H]5C)cc4F)CC2)n3C)c(=O)c1,[H].[H]C([H])[H],[H].[H],,[H],Br,[H],F,,[H].[H],,[H],[H],[H]C([H])[H],[H],[H],[H],[H]NC([H])([H])[H],[H],[H].[H]C([H])[H],[H].[H],[H].[H],[H],[H].[H],F,[H],[H],[H]C([H])[H]
EN300-36596283_14422,-11.55767637901133,2.0,0.4691777384011484,,R1=[H]C([H])([H])O | R2=[H] | R3=[H] | R5=[H].[H] | R7=[H].[H]C([H])[H] | R8=[H].[H] | R10=[H] | R11=[H] | R12=[H] | R17=[H]C([H])[H] | R19=[H] | R21=[H] | R22=[H] | R23=[H]NC([H])([H])[H] | R24=[H] | R27=[H].[H]C([H])[H] | R29=[H].[H] | R30=[H].[H] | R32=[H] | R33=[H].[H] | R35=F | R36=[H] | R38=[H] | R39=[H]C([H])[H],CNc1ccn(-c2ccnc3c2cc([C@H](C)N2CC=C(c4c(C)cc(C(=O)N5Cc6ccc(OC)cc6C[C@@H]5C)cc4F)CC2)n3C)c(=O)c1,[H]C([H])([H])O,[H],[H],,[H].[H],,[H].[H]C([H])[H],[H].[H],,[H],[H],[H],[H]C([H])[H],[H],[H],[H],[H]NC([H])([H])[H],[H],[H].[H]C([H])[H],[H].[H],[H].[H],[H],[H].[H],F,[H],[H],[H]C([H])[H]
EN300-27657_22002,-11.548378854787924,2.0,0.4687251327630366,,R1=[H].[H]C([H])[H] | R3=[H].[H] | R4=[H].[H] | R6=[H] | R7=[H]O | R8=[H]O | R9=[H] | R11=[H] | R12=[H] | R17=[H]C([H])[H] | R19=[H] | R21=[H] | R22=[H] | R23=[H]NC([H])([H])[H] | R24=[H] | R27=[H].[H]C([H])[H] | R29=[H].[H] | R30=[H].[H] | R32=[H] | R33=[H].[H] | R35=F | R36=[H] | R38=[H] | R39=[H]C([H])[H],CNc1ccn(-c2ccnc3c2cc([C@H](C)N2CC=C(c4c(C)cc(C(=O)N5CCc6cc(O)c(O)cc6[C@H]5C)cc4F)CC2)n3C)c(=O)c1,[H].[H]C([H])[H],,[H].[H],[H].[H],,[H],[H]O,[H]O,[H],,[H],[H],[H]C([H])[H],[H],[H],[H],[H]NC([H])([H])[H],[H],[H].[H]C([H])[H],[H].[H],[H].[H],[H],[H].[H],F,[H],[H],[H]C([H])[H]
EN300-102037_2487,-11.541630617315601,2.0,0.46839662699592055,,R1=[H].[H]C([H])[H] | R3=[H].[H] | R4=[H].[H] | R6=[H] | R7=Cl | R8=[H] | R9=Cl | R11=[H] | R12=[H] | R17=[H]C([H])[H] | R19=[H] | R21=[H] | R22=[H] | R23=[H]NC([H])([H])[H] | R24=[H] | R27=[H].[H]C([H])[H] | R29=[H].[H] | R30=[H].[H] | R32=[H] | R33=[H].[H] | R35=F | R36=[H] | R38=[H] | R39=[H]C([H])[H],CNc1ccn(-c2ccnc3c2cc([C@H](C)N2CC=C(c4c(C)cc(C(=O)N5CCc6cc(Cl)cc(Cl)c6[C@H]5C)cc4F)CC2)n3C)c(=O)c1,[H].[H]C([H])[H],,[H].[H],[H].[H],,[H],Cl,[H],Cl,,[H],[H],[H]C([H])[H],[H],[H],[H],[H]NC([H])([H])[H],[H],[H].[H]C([H])[H],[H].[H],[H].[H],[H],[H].[H],F,[H],[H],[H]C([H])[H]
EN300-111662_10874,-11.53217164019539,2.0,0.46793616179330244,,R1=F | R2=[H] | R3=[H] | R5=[H].[H] | R6=[H].[H] | R8=[H].[H] | R10=F | R11=[H] | R12=[H] | R17=[H]C([H])[H] | R19=[H] | R21=[H] | R22=[H] | R23=[H]NC([H])([H])[H] | R24=[H] | R27=[H].[H]C([H])[H] | R29=[H].[H] | R30=[H].[H] | R32=[H] | R33=[H].[H] | R35=F | R36=[H] | R38=[H] | R39=[H]C([H])[H],CNc1ccn(-c2ccnc3c2cc([C@H](C)N2CC=C(c4c(C)cc(C(=O)N5CCc6ccc(F)c(F)c6C5)cc4F)CC2)n3C)c(=O)c1,F,[H],[H],,[H].[H],[H].[H],,[H].[H],,F,[H],[H],[H]C([H])[H],[H],[H],[H],[H]NC([H])([H])[H],[H],[H].[H]C([H])[H],[H].[H],[H].[H],[H],[H].[H],F,[H],[H],[H]C([H])[H]
EN300-46067502_33106,-11.528044619400276,2.0,0.4677352574626883,,R1=[H].[H]C([H])[H] | R2=[H].[H] | R4=[H].[H] | R6=[H] | R7=F | R8=[H] | R9=Br | R11=[H] | R12=[H] | R17=[H]C([H])[H] | R19=[H] | R21=[H] | R22=[H] | R23=[H]NC([H])([H])[H] | R24=[H] | R27=[H].[H]C([H])[H] | R29=[H].[H] | R30=[H].[H] | R32=[H] | R33=[H].[H] | R35=F | R36=[H] | R38=[H] | R39=[H]C([H])[H],CNc1ccn(-c2ccnc3c2cc([C@H](C)N2CC=C(c4c(C)cc(C(=O)N5Cc6cc(F)cc(Br)c6[C@@H](C)C5)cc4F)CC2)n3C)c(=O)c1,[H].[H]C([H])[H],[H].[H],,[H].[H],,[H],F,[H],Br,,[H],[H],[H]C([H])[H],[H],[H],[H],[H]NC([H])([H])[H],[H],[H].[H]C([H])[H],[H].[H],[H].[H],[H],[H].[H],F,[H],[H],[H]C([H])[H]
EN300-102833_1966,-11.485511907460904,2.0,0.465664755169241,,R1=Cl | R2=[H] | R3=Cl | R5=[H].[H] | R7=[H].[H] | R8=[H].[H] | R10=[H] | R11=[H] | R12=[H] | R17=[H]C([H])[H] | R19=[H] | R21=[H] | R22=[H] | R23=[H]NC([H])([H])[H] | R24=[H] | R27=[H].[H]C([H])[H] | R29=[H].[H] | R30=[H].[H] | R32=[H] | R33=[H].[H] | R35=F | R36=[H] | R38=[H] | R39=[H]C([H])[H],CNc1ccn(-c2ccnc3c2cc([C@H](C)N2CC=C(c4c(C)cc(C(=O)N5CCc6cc(Cl)cc(Cl)c6C5)cc4F)CC2)n3C)c(=O)c1,Cl,[H],Cl,,[H].[H],,[H].[H],[H].[H],,[H],[H],[H],[H]C([H])[H],[H],[H],[H],[H]NC([H])([H])[H],[H],[H].[H]C([H])[H],[H].[H],[H].[H],[H],[H].[H],F,[H],[H],[H]C([H])[H]
LN05458755_647,-11.45997496837149,2.0,0.46442161104460544,,R1=Br | R2=[H]C([H])[H] | R3=[H] | R4=[H] | R7=[H].[H] | R8=[H].[H] | R9=[H].[H] | R11=[H] | R12=[H] | R17=[H]C([H])[H] | R19=[H] | R21=[H] | R22=[H] | R23=[H]NC([H])([H])[H] | R24=[H] | R27=[H].[H]C([H])[H] | R29=[H].[H] | R30=[H].[H] | R32=[H] | R33=[H].[H] | R35=F | R36=[H] | R38=[H] | R39=[H]C([H])[H],CNc1ccn(-c2ccnc3c2cc([C@H](C)N2CC=C(c4c(C)cc(C(=O)N5CCc6cc(Br)c(C)cc6C5)cc4F)CC2)n3C)c(=O)c1,Br,[H]C([H])[H],[H],[H],,,[H].[H],[H].[H],[H].[H],,[H],[H],[H]C([H])[H],[H],[H],[H],[H]NC([H])([H])[H],[H],[H].[H]C([H])[H],[H].[H],[H].[H],[H],[H].[H],F,[H],[H],[H]C([H])[H]
EN300-179527_28541,-11.458591877587093,2.0,0.4643542818640627,,R1=[H]C([H])[H] | R2=[H] | R3=[H] | R4=[H] | R6=[H].[H] | R7=[H].[H] | R9=[H].[H] | R11=[H] | R12=[H] | R17=[H]C([H])[H] | R19=[H] | R21=[H] | R22=[H] | R23=[H]NC([H])([H])[H] | R24=[H] | R27=[H].[H]C([H])[H] | R29=[H].[H] | R30=[H].[H] | R32=[H] | R33=[H].[H] | R35=F | R36=[H] | R38=[H] | R39=[H]C([H])[H],CNc1ccn(-c2ccnc3c2cc([C@H](C)N2CC=C(c4c(C)cc(C(=O)N5CCc6cccc(C)c6C5)cc4F)CC2)n3C)c(=O)c1,[H]C([H])[H],[H],[H],[H],,[H].[H],[H].[H],,[H].[H],,[H],[H],[H]C([H])[H],[H],[H],[H],[H]NC([H])([H])[H],[H],[H].[H]C([H])[H],[H].[H],[H].[H],[H],[H].[H],F,[H],[H],[H]C([H])[H]
EN300-7435002_15921,-11.457205903371646,2.0,0.46428681231742686,,R1=[H]C([H])([H])C([H])([H])O | R2=[H] | R3=[H] | R5=[H].[H] | R7=[H].[H] | R8=[H].[H] | R10=[H] | R11=[H] | R12=[H] | R17=[H]C([H])[H] | R19=[H] | R21=[H] | R22=[H] | R23=[H]NC([H])([H])[H] | R24=[H] | R27=[H].[H]C([H])[H] | R29=[H].[H] | R30=[H].[H] | R32=[H] | R33=[H].[H] | R35=F | R36=[H] | R38=[H] | R39=[H]C([H])[H],CCOc1ccc2c(c1)CCN(C(=O)c1cc(C)c(C3=CCN([C@@H](C)c4cc5c(-n6ccc(NC)cc6=O)ccnc5n4C)CC3)c(F)c1)C2,[H]C([H])([H])C([H])([H])O,[H],[H],,[H].[H],,[H].[H],[H].[H],,[H],[H],[H],[H]C([H])[H],[H],[H],[H],[H]NC([H])([H])[H],[H],[H].[H]C([H])[H],[H].[H],[H].[H],[H],[H].[H],F,[H],[H],[H]C([H])[H]
EN300-36124_673,-11.456777395464142,2.0,0.4642659524529885,,R1=OC(F)(F)F | R2=[H] | R3=[H] | R5=[H].[H] | R7=[H].[H] | R8=[H].[H] | R10=[H] | R11=[H] | R12=[H] | R17=[H]C([H])[H] | R19=[H] | R21=[H] | R22=[H] | R23=[H]NC([H])([H])[H] | R24=[H] | R27=[H].[H]C([H])[H] | R29=[H].[H] | R30=[H].[H] | R32=[H] | R33=[H].[H] | R35=F | R36=[H] | R38=[H] | R39=[H]C([H])[H],CNc1ccn(-c2ccnc3c2cc([C@H](C)N2CC=C(c4c(C)cc(C(=O)N5CCc6cc(OC(F)(F)F)ccc6C5)cc4F)CC2)n3C)c(=O)c1,OC(F)(F)F,[H],[H],,[H].[H],,[H].[H],[H].[H],,[H],[H],[H],[H]C([H])[H],[H],[H],[H],[H]NC([H])([H])[H],[H],[H].[H]C([H])[H],[H].[H],[H].[H],[H],[H].[H],F,[H],[H],[H]C([H])[H]
EN300-8667826_42789,-11.451455559205284,2.0,0.46400688422815906,,R1=[H]C([H])[H].[H]C([H])[H] | R2=[H].[H] | R4=[H].[H] | R6=[H] | R7=F | R8=[H] | R9=[H] | R11=[H] | R12=[H] | R17=[H]C([H])[H] | R19=[H] | R21=[H] | R22=[H] | R23=[H]NC([H])([H])[H] | R24=[H] | R27=[H].[H]C([H])[H] | R29=[H].[H] | R30=[H].[H] | R32=[H] | R33=[H].[H] | R35=F | R36=[H] | R38=[H] | R39=[H]C([H])[H],CNc1ccn(-c2ccnc3c2cc([C@H](C)N2CC=C(c4c(C)cc(C(=O)N5Cc6cc(F)ccc6C(C)(C)C5)cc4F)CC2)n3C)c(=O)c1,[H]C([H])[H].[H]C([H])[H],[H].[H],,[H].[H],,[H],F,[H],[H],,[H],[H],[H]C([H])[H],[H],[H],[H],[H]NC([H])([H])[H],[H],[H].[H]C([H])[H],[H].[H],[H].[H],[H],[H].[H],F,[H],[H],[H]C([H])[H]
EN300-45409829_31965,-11.443124517462625,2.0,0.4636013271816306,,R1=FC(F)F.[H] | R3=[H].[H] | R4=[H].[H] | R6=[H] | R7=[H] | R8=Br | R9=[H] | R11=[H] | R12=[H] | R17=[H]C([H])[H] | R19=[H] | R21=[H] | R22=[H] | R23=[H]NC([H])([H])[H] | R24=[H] | R27=[H].[H]C([H])[H] | R29=[H].[H] | R30=[H].[H] | R32=[H] | R33=[H].[H] | R35=F | R36=[H] | R38=[H] | R39=[H]C([H])[H],CNc1ccn(-c2ccnc3c2cc([C@H](C)N2CC=C(c4c(C)cc(C(=O)N5CCc6ccc(Br)cc6[C@H]5C(F)(F)F)cc4F)CC2)n3C)c(=O)c1,FC(F)F.[H],,[H].[H],[H].[H],,[H],[H],Br,[H],,[H],[H],[H]C([H])[H],[H],[H],[H],[H]NC([H])([H])[H],[H],[H].[H]C([H])[H],[H].[H],[H].[H],[H],[H].[H],F,[H],[H],[H]C([H])[H]
EN300-1723898_12579,-11.436401623332433,2.0,0.4632740551342942,,R1=[H]C([H])([H])C([H])(C([H])([H])[H])C([H])([H])O | R2=[H] | R3=[H] | R5=[H].[H] | R7=[H].[H] | R8=[H].[H] | R10=[H] | R11=[H] | R12=[H] | R17=[H]C([H])[H] | R19=[H] | R21=[H] | R22=[H] | R23=[H]NC([H])([H])[H] | R24=[H] | R27=[H].[H]C([H])[H] | R29=[H].[H] | R30=[H].[H] | R32=[H] | R33=[H].[H] | R35=F | R36=[H] | R38=[H] | R39=[H]C([H])[H],CNc1ccn(-c2ccnc3c2cc([C@H](C)N2CC=C(c4c(C)cc(C(=O)N5CCc6cc(OCC(C)C)ccc6C5)cc4F)CC2)n3C)c(=O)c1,[H]C([H])([H])C([H])(C([H])([H])[H])C([H])([H])O,[H],[H],,[H].[H],,[H].[H],[H].[H],,[H],[H],[H],[H]C([H])[H],[H],[H],[H],[H]NC([H])([H])[H],[H],[H].[H]C([H])[H],[H].[H],[H].[H],[H],[H].[H],F,[H],[H],[H]C([H])[H]
LN00371704_1794,-11.405151468182185,2.0,0.46175279032518923,,R1=FC(F)F | R3=[H] | R5=[H].[H] | R6=[H] | R7=[H] | R8=[H].[H] | R10=[H].[H] | R11=[H] | R12=[H] | R17=[H]C([H])[H] | R19=[H] | R21=[H] | R22=[H] | R23=[H]NC([H])([H])[H] | R24=[H] | R27=[H].[H]C([H])[H] | R29=[H].[H] | R30=[H].[H] | R32=[H] | R33=[H].[H] | R35=F | R36=[H] | R38=[H] | R39=[H]C([H])[H],CNc1ccn(-c2ccnc3c2cc([C@H](C)N2CC=C(c4c(C)cc(C(=O)N5CCc6cccc(C(F)(F)F)c6C5)cc4F)CC2)n3C)c(=O)c1,FC(F)F,,[H],,[H].[H],[H],[H],[H].[H],,[H].[H],[H],[H],[H]C([H])[H],[H],[H],[H],[H]NC([H])([H])[H],[H],[H].[H]C([H])[H],[H].[H],[H].[H],[H],[H].[H],F,[H],[H],[H]C([H])[H]
EN300-706247_19078,-11.400499413144242,2.0,0.4615263272057193,,R1=F | R2=[H] | R4=[H].[H] | R5=[H].[H] | R7=[H].[H] | R9=[H] | R10=Br | R11=[H] | R12=[H] | R17=[H]C([H])[H] | R19=[H] | R21=[H] | R22=[H] | R23=[H]NC([H])([H])[H] | R24=[H] | R27=[H].[H]C([H])[H] | R29=[H].[H] | R30=[H].[H] | R32=[H] | R33=[H].[H] | R35=F | R36=[H] | R38=[H] | R39=[H]C([H])[H],CNc1ccn(-c2ccnc3c2cc([C@H](C)N2CC=C(c4c(C)cc(C(=O)N5CCc6cc(F)c(Br)cc6C5)cc4F)CC2)n3C)c(=O)c1,F,[H],,[H].[H],[H].[H],,[H].[H],,[H],Br,[H],[H],[H]C([H])[H],[H],[H],[H],[H]NC([H])([H])[H],[H],[H].[H]C([H])[H],[H].[H],[H].[H],[H],[H].[H],F,[H],[H],[H]C([H])[H]
EN300-373379_29325,-11.369515182376677,2.0,0.4600180076573118,,R1=[H]C([H])([H])O | R2=[H] | R4=[H].[H] | R5=[H].[H] | R7=[H]C([H])[H].[H]C([H])[H] | R9=[H] | R10=[H]C([H])([H])O | R11=[H] | R12=[H] | R17=[H]C([H])[H] | R19=[H] | R21=[H] | R22=[H] | R23=[H]NC([H])([H])[H] | R24=[H] | R27=[H].[H]C([H])[H] | R29=[H].[H] | R30=[H].[H] | R32=[H] | R33=[H].[H] | R35=F | R36=[H] | R38=[H] | R39=[H]C([H])[H],CNc1ccn(-c2ccnc3c2cc([C@H](C)N2CC=C(c4c(C)cc(C(=O)N5CCc6cc(OC)c(OC)cc6C5(C)C)cc4F)CC2)n3C)c(=O)c1,[H]C([H])([H])O,[H],,[H].[H],[H].[H],,[H]C([H])[H].[H]C([H])[H],,[H],[H]C([H])([H])O,[H],[H],[H]C([H])[H],[H],[H],[H],[H]NC([H])([H])[H],[H],[H].[H]C([H])[H],[H].[H],[H].[H],[H],[H].[H],F,[H],[H],[H]C([H])[H]
EN300-27717776_31650,-11.369147622731914,2.0,0.46000011476845626,,R1=[H].[H]C([H])[H] | R3=[H].[H] | R4=[H].[H] | R6=[H] | R7=[H] | R8=Cl | R9=[H] | R11=[H] | R12=[H] | R17=[H]C([H])[H] | R19=[H] | R21=[H] | R22=[H] | R23=[H]NC([H])([H])[H] | R24=[H] | R27=[H].[H]C([H])[H] | R29=[H].[H] | R30=[H].[H] | R32=[H] | R33=[H].[H] | R35=F | R36=[H] | R38=[H] | R39=[H]C([H])[H],CNc1ccn(-c2ccnc3c2cc([C@H](C)N2CC=C(c4c(C)cc(C(=O)N5CCc6ccc(Cl)cc6[C@H]5C)cc4F)CC2)n3C)c(=O)c1,[H].[H]C([H])[H],,[H].[H],[H].[H],,[H],[H],Cl,[H],,[H],[H],[H]C([H])[H],[H],[H],[H],[H]NC([H])([H])[H],[H],[H].[H]C([H])[H],[H].[H],[H].[H],[H],[H].[H],F,[H],[H],[H]C([H])[H]
LN06128479_2269,-11.358559141335583,2.0,0.45948466503540186,,R1=Br | R2=[H] | R3=[H] | R5=[H] | R7=[H].[H] | R8=[H].[H] | R9=[H].[H] | R11=[H] | R12=[H] | R17=[H]C([H])[H] | R19=[H] | R21=[H] | R22=[H] | R23=[H]NC([H])([H])[H] | R24=[H] | R27=[H].[H]C([H])[H] | R29=[H].[H] | R30=[H].[H] | R32=[H] | R33=[H].[H] | R35=F | R36=[H] | R38=[H] | R39=[H]C([H])[H],CNc1ccn(-c2ccnc3c2cc([C@H](C)N2CC=C(c4c(C)cc(C(=O)N5CCc6cc(Br)ccc6C5)cc4F)CC2)n3C)c(=O)c1,Br,[H],[H],,[H],,[H].[H],[H].[H],[H].[H],,[H],[H],[H]C([H])[H],[H],[H],[H],[H]NC([H])([H])[H],[H],[H].[H]C([H])[H],[H].[H],[H].[H],[H],[H].[H],F,[H],[H],[H]C([H])[H]
EN300-19351452_17778,-11.303866264790914,2.0,0.45682220310533783,,R1=[H]C([H])([H])O | R2=[H] | R3=Br | R5=[H].[H] | R7=[H].[H] | R8=[H].[H] | R10=[H] | R11=[H] | R12=[H] | R17=[H]C([H])[H] | R19=[H] | R21=[H] | R22=[H] | R23=[H]NC([H])([H])[H] | R24=[H] | R27=[H].[H]C([H])[H] | R29=[H].[H] | R30=[H].[H] | R32=[H] | R33=[H].[H] | R35=F | R36=[H] | R38=[H] | R39=[H]C([H])[H],CNc1ccn(-c2ccnc3c2cc([C@H](C)N2CC=C(c4c(C)cc(C(=O)N5CCc6cc(OC)cc(Br)c6C5)cc4F)CC2)n3C)c(=O)c1,[H]C([H])([H])O,[H],Br,,[H].[H],,[H].[H],[H].[H],,[H],[H],[H],[H]C([H])[H],[H],[H],[H],[H]NC([H])([H])[H],[H],[H].[H]C([H])[H],[H].[H],[H].[H],[H],[H].[H],F,[H],[H],[H]C([H])[H]
EN300-1695746_11415,-11.302206292077354,2.0,0.45674139524819046,,R1=[H]C([H])([H])O | R2=[H] | R3=[H] | R5=[H].[H] | R6=[H].[H]C([H])[H] | R8=[H].[H] | R10=[H] | R11=[H] | R12=[H] | R17=[H]C([H])[H] | R19=[H] | R21=[H] | R22=[H] | R23=[H]NC([H])([H])[H] | R24=[H] | R27=[H].[H]C([H])[H] | R29=[H].[H] | R30=[H].[H] | R32=[H] | R33=[H].[H] | R35=F | R36=[H] | R38=[H] | R39=[H]C([H])[H],CNc1ccn(-c2ccnc3c2cc([C@H](C)N2CC=C(c4c(C)cc(C(=O)N5Cc6cc(OC)ccc6C[C@@H]5C)cc4F)CC2)n3C)c(=O)c1,[H]C([H])([H])O,[H],[H],,[H].[H],[H].[H]C([H])[H],,[H].[H],,[H],[H],[H],[H]C([H])[H],[H],[H],[H],[H]NC([H])([H])[H],[H],[H].[H]C([H])[H],[H].[H],[H].[H],[H],[H].[H],F,[H],[H],[H]C([H])[H]
EN300-52302964_38103,-11.298311976134173,2.0,0.45655181904380315,,R1=[H]C([H])[H] | R2=[H] | R3=F | R4=[H] | R6=[H].[H] | R7=[H].[H] | R9=[H].[H]C([H])[H] | R11=[H] | R12=[H] | R17=[H]C([H])[H] | R19=[H] | R21=[H] | R22=[H] | R23=[H]NC([H])([H])[H] | R24=[H] | R27=[H].[H]C([H])[H] | R29=[H].[H] | R30=[H].[H] | R32=[H] | R33=[H].[H] | R35=F | R36=[H] | R38=[H] | R39=[H]C([H])[H],CNc1ccn(-c2ccnc3c2cc([C@H](C)N2CC=C(c4c(C)cc(C(=O)N5CCc6cc(F)cc(C)c6[C@H]5C)cc4F)CC2)n3C)c(=O)c1,[H]C([H])[H],[H],F,[H],,[H].[H],[H].[H],,[H].[H]C([H])[H],,[H],[H],[H]C([H])[H],[H],[H],[H],[H]NC([H])([H])[H],[H],[H].[H]C([H])[H],[H].[H],[H].[H],[H],[H].[H],F,[H],[H],[H]C([H])[H]
EN300-7549000_18380,-11.295532713789928,2.0,0.4564165239075313,,R1=[H]OC([H])[H] | R2=[H] | R3=[H] | R4=[H] | R6=[H].[H] | R7=[H].[H] | R9=[H].[H] | R11=[H] | R12=[H] | R17=[H]C([H])[H] | R19=[H] | R21=[H] | R22=[H] | R23=[H]NC([H])([H])[H] | R24=[H] | R27=[H].[H]C([H])[H] | R29=[H].[H] | R30=[H].[H] | R32=[H] | R33=[H].[H] | R35=F | R36=[H] | R38=[H] | R39=[H]C([H])[H],CNc1ccn(-c2ccnc3c2cc([C@H](C)N2CC=C(c4c(C)cc(C(=O)N5CCc6cccc(CO)c6C5)cc4F)CC2)n3C)c(=O)c1,[H]OC([H])[H],[H],[H],[H],,[H].[H],[H].[H],,[H].[H],,[H],[H],[H]C([H])[H],[H],[H],[H],[H]NC([H])([H])[H],[H],[H].[H]C([H])[H],[H].[H],[H].[H],[H],[H].[H],F,[H],[H],[H]C([H])[H]
EN300-136771_21892,-11.294132667400175,2.0,0.45634836932418266,,R1=[H].[H]C([H])C([H])([H])[H] | R2=[H].[H] | R4=[H] | R5=[H] | R6=[H] | R7=[H] | R9=[H].[H] | R11=[H] | R12=[H] | R17=[H]C([H])[H] | R19=[H] | R21=[H] | R22=[H] | R23=[H]NC([H])([H])[H] | R24=[H] | R27=[H].[H]C([H])[H] | R29=[H].[H] | R30=[H].[H] | R32=[H] | R33=[H].[H] | R35=F | R36=[H] | R38=[H] | R39=[H]C([H])[H],CC[C@H]1Cc2ccccc2CN1C(=O)c1cc(C)c(C2=CCN([C@@H](C)c3cc4c(-n5ccc(NC)cc5=O)ccnc4n3C)CC2)c(F)c1,[H].[H]C([H])C([H])([H])[H],[H].[H],,[H],[H],[H],[H],,[H].[H],,[H],[H],[H]C([H])[H],[H],[H],[H],[H]NC([H])([H])[H],[H],[H].[H]C([H])[H],[H].[H],[H].[H],[H],[H].[H],F,[H],[H],[H]C([H])[H]
EN300-1587538_11298,-11.286557596276097,2.0,0.4559796131029056,,R1=[H]C([H])[H] | R2=[H] | R3=[H] | R5=[H].[H] | R6=[H].[H] | R8=[H].[H] | R10=F | R11=[H] | R12=[H] | R17=[H]C([H])[H] | R19=[H] | R21=[H] | R22=[H] | R23=[H]NC([H])([H])[H] | R24=[H] | R27=[H].[H]C([H])[H] | R29=[H].[H] | R30=[H].[H] | R32=[H] | R33=[H].[H] | R35=F | R36=[H] | R38=[H] | R39=[H]C([H])[H],CNc1ccn(-c2ccnc3c2cc([C@H](C)N2CC=C(c4c(C)cc(C(=O)N5CCc6ccc(C)c(F)c6C5)cc4F)CC2)n3C)c(=O)c1,[H]C([H])[H],[H],[H],,[H].[H],[H].[H],,[H].[H],,F,[H],[H],[H]C([H])[H],[H],[H],[H],[H]NC([H])([H])[H],[H],[H].[H]C([H])[H],[H].[H],[H].[H],[H],[H].[H],F,[H],[H],[H]C([H])[H]
LN02163191_237,-11.266431014659707,2.0,0.4549998464363598,,R1=Br | R2=[H] | R3=[H] | R5=[H] | R7=[H]C([H])[H].[H]C([H])[H] | R8=[H].[H] | R9=[H].[H] | R11=[H] | R12=[H] | R17=[H]C([H])[H] | R19=[H] | R21=[H] | R22=[H] | R23=[H]NC([H])([H])[H] | R24=[H] | R27=[H].[H]C([H])[H] | R29=[H].[H] | R30=[H].[H] | R32=[H] | R33=[H].[H] | R35=F | R36=[H] | R38=[H] | R39=[H]C([H])[H],CNc1ccn(-c2ccnc3c2cc([C@H](C)N2CC=C(c4c(C)cc(C(=O)N5Cc6ccc(Br)cc6C(C)(C)C5)cc4F)CC2)n3C)c(=O)c1,Br,[H],[H],,[H],,[H]C([H])[H].[H]C([H])[H],[H].[H],[H].[H],,[H],[H],[H]C([H])[H],[H],[H],[H],[H]NC([H])([H])[H],[H],[H].[H]C([H])[H],[H].[H],[H].[H],[H],[H].[H],F,[H],[H],[H]C([H])[H]
EN300-46297732_14982,-11.194943530675694,2.0,0.4515198191163843,,R1=[H]C([H])([H])O | R2=Cl | R3=[H] | R4=[H] | R6=[H].[H] | R7=[H].[H] | R9=[H].[H] | R11=[H] | R12=[H] | R17=[H]C([H])[H] | R19=[H] | R21=[H] | R22=[H] | R23=[H]NC([H])([H])[H] | R24=[H] | R27=[H].[H]C([H])[H] | R29=[H].[H] | R30=[H].[H] | R32=[H] | R33=[H].[H] | R35=F | R36=[H] | R38=[H] | R39=[H]C([H])[H],CNc1ccn(-c2ccnc3c2cc([C@H](C)N2CC=C(c4c(C)cc(C(=O)N5CCc6ccc(Cl)c(OC)c6C5)cc4F)CC2)n3C)c(=O)c1,[H]C([H])([H])O,Cl,[H],[H],,[H].[H],[H].[H],,[H].[H],,[H],[H],[H]C([H])[H],[H],[H],[H],[H]NC([H])([H])[H],[H],[H].[H]C([H])[H],[H].[H],[H].[H],[H],[H].[H],F,[H],[H],[H]C([H])[H]
EN300-124393_3415,-11.172389840553866,2.0,0.450421900244211,,R1=[H].[H]C([H])[H] | R2=[H].[H] | R4=[H] | R5=F | R6=[H] | R7=[H] | R9=[H].[H]C([H])[H] | R11=[H] | R12=[H] | R17=[H]C([H])[H] | R19=[H] | R21=[H] | R22=[H] | R23=[H]NC([H])([H])[H] | R24=[H] | R27=[H].[H]C([H])[H] | R29=[H].[H] | R30=[H].[H] | R32=[H] | R33=[H].[H] | R35=F | R36=[H] | R38=[H] | R39=[H]C([H])[H],CNc1ccn(-c2ccnc3c2cc([C@H](C)N2CC=C(c4c(C)cc(C(=O)N5[C@H](C)Cc6cc(F)ccc6[C@H]5C)cc4F)CC2)n3C)c(=O)c1,[H].[H]C([H])[H],[H].[H],,[H],F,[H],[H],,[H].[H]C([H])[H],,[H],[H],[H]C([H])[H],[H],[H],[H],[H]NC([H])([H])[H],[H],[H].[H]C([H])[H],[H].[H],[H].[H],[H],[H].[H],F,[H],[H],[H]C([H])[H]
EN300-3015905_17912,-11.171212740561355,2.0,0.4503645987432491,,R1=[H]C([H])[H] | R2=[H] | R3=[H] | R5=[H].[H] | R7=[H].[H]C([H])[H] | R8=[H].[H] | R10=[H] | R11=[H] | R12=[H] | R17=[H]C([H])[H] | R19=[H] | R21=[H] | R22=[H] | R23=[H]NC([H])([H])[H] | R24=[H] | R27=[H].[H]C([H])[H] | R29=[H].[H] | R30=[H].[H] | R32=[H] | R33=[H].[H] | R35=F | R36=[H] | R38=[H] | R39=[H]C([H])[H],CNc1ccn(-c2ccnc3c2cc([C@H](C)N2CC=C(c4c(C)cc(C(=O)N5Cc6ccc(C)cc6C[C@@H]5C)cc4F)CC2)n3C)c(=O)c1,[H]C([H])[H],[H],[H],,[H].[H],,[H].[H]C([H])[H],[H].[H],,[H],[H],[H],[H]C([H])[H],[H],[H],[H],[H]NC([H])([H])[H],[H],[H].[H]C([H])[H],[H].[H],[H].[H],[H],[H].[H],F,[H],[H],[H]C([H])[H]
EN300-322232_8926,-11.124751133784143,2.0,0.4481028369367933,,R1=[H]C([H])C#N | R2=[H] | R3=[H] | R4=[H] | R6=[H].[H] | R8=[H].[H] | R9=[H].[H] | R11=[H] | R12=[H] | R17=[H]C([H])[H] | R19=[H] | R21=[H] | R22=[H] | R23=[H]NC([H])([H])[H] | R24=[H] | R27=[H].[H]C([H])[H] | R29=[H].[H] | R30=[H].[H] | R32=[H] | R33=[H].[H] | R35=F | R36=[H] | R38=[H] | R39=[H]C([H])[H],CNc1ccn(-c2ccnc3c2cc([C@H](C)N2CC=C(c4c(C)cc(C(=O)N5CCc6c(CC#N)cccc6C5)cc4F)CC2)n3C)c(=O)c1,[H]C([H])C#N,[H],[H],[H],,[H].[H],,[H].[H],[H].[H],,[H],[H],[H]C([H])[H],[H],[H],[H],[H]NC([H])([H])[H],[H],[H].[H]C([H])[H],[H].[H],[H].[H],[H],[H].[H],F,[H],[H],[H]C([H])[H]
EN300-1718970_25502,-11.107131337379851,2.0,0.44724510115645644,,R1=[H]C([H])([H])C(C([H])([H])[H])(C([H])([H])[H])C([H])([H])O | R2=[H] | R3=[H] | R5=[H].[H] | R7=[H].[H] | R8=[H].[H] | R10=[H] | R11=[H] | R12=[H] | R17=[H]C([H])[H] | R19=[H] | R21=[H] | R22=[H] | R23=[H]NC([H])([H])[H] | R24=[H] | R27=[H].[H]C([H])[H] | R29=[H].[H] | R30=[H].[H] | R32=[H] | R33=[H].[H] | R35=F | R36=[H] | R38=[H] | R39=[H]C([H])[H],CNc1ccn(-c2ccnc3c2cc([C@H](C)N2CC=C(c4c(C)cc(C(=O)N5CCc6cc(OCC(C)(C)C)ccc6C5)cc4F)CC2)n3C)c(=O)c1,[H]C([H])([H])C(C([H])([H])[H])(C([H])([H])[H])C([H])([H])O,[H],[H],,[H].[H],,[H].[H],[H].[H],,[H],[H],[H],[H]C([H])[H],[H],[H],[H],[H]NC([H])([H])[H],[H],[H].[H]C([H])[H],[H].[H],[H].[H],[H],[H].[H],F,[H],[H],[H]C([H])[H]
EN300-45604345_32225,-11.102634235992053,2.0,0.4470261812166564,,R1=[H].[H]C([H])[H] | R2=[H].[H] | R4=[H] | R5=F | R6=F | R7=[H] | R9=[H].[H] | R11=[H] | R12=[H] | R17=[H]C([H])[H] | R19=[H] | R21=[H] | R22=[H] | R23=[H]NC([H])([H])[H] | R24=[H] | R27=[H].[H]C([H])[H] | R29=[H].[H] | R30=[H].[H] | R32=[H] | R33=[H].[H] | R35=F | R36=[H] | R38=[H] | R39=[H]C([H])[H],CNc1ccn(-c2ccnc3c2cc([C@H](C)N2CC=C(c4c(C)cc(C(=O)N5Cc6cc(F)c(F)cc6C[C@H]5C)cc4F)CC2)n3C)c(=O)c1,[H].[H]C([H])[H],[H].[H],,[H],F,F,[H],,[H].[H],,[H],[H],[H]C([H])[H],[H],[H],[H],[H]NC([H])([H])[H],[H],[H].[H]C([H])[H],[H].[H],[H].[H],[H],[H].[H],F,[H],[H],[H]C([H])[H]
LN00126374_1279,-11.073561991167997,2.0,0.44561093758794856,,R1=[H]C([H])([H])O | R2=[H]C([H])([H])O | R3=[H] | R4=[H] | R7=[H].[H]C([H])[H] | R8=[H].[H] | R10=[H].[H] | R11=[H] | R12=[H] | R17=[H]C([H])[H] | R19=[H] | R21=[H] | R22=[H] | R23=[H]NC([H])([H])[H] | R24=[H] | R27=[H].[H]C([H])[H] | R29=[H].[H] | R30=[H].[H] | R32=[H] | R33=[H].[H] | R35=F | R36=[H] | R38=[H] | R39=[H]C([H])[H],CNc1ccn(-c2ccnc3c2cc([C@H](C)N2CC=C(c4c(C)cc(C(=O)N5CCc6cc(OC)c(OC)cc6[C@H]5C)cc4F)CC2)n3C)c(=O)c1,[H]C([H])([H])O,[H]C([H])([H])O,[H],[H],,,[H].[H]C([H])[H],[H].[H],,[H].[H],[H],[H],[H]C([H])[H],[H],[H],[H],[H]NC([H])([H])[H],[H],[H].[H]C([H])[H],[H].[H],[H].[H],[H],[H].[H],F,[H],[H],[H]C([H])[H]
LN00237947_5902,-11.062298954473876,2.0,0.4450626503463637,,R1=[H].[H]OC([H])[H] | R3=[H].[H] | R4=[H].[H] | R7=[H] | R8=[H] | R9=[H] | R10=[H] | R11=[H] | R12=[H] | R17=[H]C([H])[H] | R19=[H] | R21=[H] | R22=[H] | R23=[H]NC([H])([H])[H] | R24=[H] | R27=[H].[H]C([H])[H] | R29=[H].[H] | R30=[H].[H] | R32=[H] | R33=[H].[H] | R35=F | R36=[H] | R38=[H] | R39=[H]C([H])[H],CNc1ccn(-c2ccnc3c2cc([C@H](C)N2CC=C(c4c(C)cc(C(=O)N5Cc6ccccc6C[C@H]5CO)cc4F)CC2)n3C)c(=O)c1,[H].[H]OC([H])[H],,[H].[H],[H].[H],,,[H],[H],[H],[H],[H],[H],[H]C([H])[H],[H],[H],[H],[H]NC([H])([H])[H],[H],[H].[H]C([H])[H],[H].[H],[H].[H],[H],[H].[H],F,[H],[H],[H]C([H])[H]
EN300-46241699_33731,-11.05564539728673,2.0,0.44473875363751514,,R1=[H].[H]C([H])[H] | R3=[H].[H] | R4=[H].[H] | R6=Cl | R7=Br | R8=[H] | R9=[H] | R11=[H] | R12=[H] | R17=[H]C([H])[H] | R19=[H] | R21=[H] | R22=[H] | R23=[H]NC([H])([H])[H] | R24=[H] | R27=[H].[H]C([H])[H] | R29=[H].[H] | R30=[H].[H] | R32=[H] | R33=[H].[H] | R35=F | R36=[H] | R38=[H] | R39=[H]C([H])[H],CNc1ccn(-c2ccnc3c2cc([C@H](C)N2CC=C(c4c(C)cc(C(=O)N5CCc6c(ccc(Br)c6Cl)[C@H]5C)cc4F)CC2)n3C)c(=O)c1,[H].[H]C([H])[H],,[H].[H],[H].[H],,Cl,Br,[H],[H],,[H],[H],[H]C([H])[H],[H],[H],[H],[H]NC([H])([H])[H],[H],[H].[H]C([H])[H],[H].[H],[H].[H],[H],[H].[H],F,[H],[H],[H]C([H])[H]
EN300-1587537_11359,-11.047706325351795,2.0,0.4443522777722434,,R1=F | R2=[H] | R3=Cl | R4=[H] | R6=[H].[H] | R7=[H].[H] | R9=[H].[H] | R11=[H] | R12=[H] | R17=[H]C([H])[H] | R19=[H] | R21=[H] | R22=[H] | R23=[H]NC([H])([H])[H] | R24=[H] | R27=[H].[H]C([H])[H] | R29=[H].[H] | R30=[H].[H] | R32=[H] | R33=[H].[H] | R35=F | R36=[H] | R38=[H] | R39=[H]C([H])[H],CNc1ccn(-c2ccnc3c2cc([C@H](C)N2CC=C(c4c(C)cc(C(=O)N5CCc6cc(Cl)cc(F)c6C5)cc4F)CC2)n3C)c(=O)c1,F,[H],Cl,[H],,[H].[H],[H].[H],,[H].[H],,[H],[H],[H]C([H])[H],[H],[H],[H],[H]NC([H])([H])[H],[H],[H].[H]C([H])[H],[H].[H],[H].[H],[H],[H].[H],F,[H],[H],[H]C([H])[H]
LN00338372_4777,-11.01926856645277,2.0,0.4429679210656957,,R2=[H].[H]C([H])[H] | R3=[H].[H] | R4=[H].[H] | R7=[H] | R8=[H] | R9=[H] | R10=[H] | R11=[H] | R12=[H] | R17=[H]C([H])[H] | R19=[H] | R21=[H] | R22=[H] | R23=[H]NC([H])([H])[H] | R24=[H] | R27=[H].[H]C([H])[H] | R29=[H].[H] | R30=[H].[H] | R32=[H] | R33=[H].[H] | R35=F | R36=[H] | R38=[H] | R39=[H]C([H])[H],CNc1ccn(-c2ccnc3c2cc([C@H](C)N2CC=C(c4c(C)cc(C(=O)N5Cc6ccccc6C[C@H]5C)cc4F)CC2)n3C)c(=O)c1,,[H].[H]C([H])[H],[H].[H],[H].[H],,,[H],[H],[H],[H],[H],[H],[H]C([H])[H],[H],[H],[H],[H]NC([H])([H])[H],[H],[H].[H]C([H])[H],[H].[H],[H].[H],[H],[H].[H],F,[H],[H],[H]C([H])[H]
EN300-28315963_27505,-10.991251430274499,2.0,0.4416040403708644,,R1=[H]C([H])([H])O | R2=[H] | R3=[H] | R5=[H].[H] | R6=[H].[H] | R8=[H].[H]C(F)F | R10=[H] | R11=[H] | R12=[H] | R17=[H]C([H])[H] | R19=[H] | R21=[H] | R22=[H] | R23=[H]NC([H])([H])[H] | R24=[H] | R27=[H].[H]C([H])[H] | R29=[H].[H] | R30=[H].[H] | R32=[H] | R33=[H].[H] | R35=F | R36=[H] | R38=[H] | R39=[H]C([H])[H],CNc1ccn(-c2ccnc3c2cc([C@H](C)N2CC=C(c4c(C)cc(C(=O)N5CCc6ccc(OC)cc6[C@H]5C(F)F)cc4F)CC2)n3C)c(=O)c1,[H]C([H])([H])O,[H],[H],,[H].[H],[H].[H],,[H].[H]C(F)F,,[H],[H],[H],[H]C([H])[H],[H],[H],[H],[H]NC([H])([H])[H],[H],[H].[H]C([H])[H],[H].[H],[H].[H],[H],[H].[H],F,[H],[H],[H]C([H])[H]
EN300-36596283_14421,-10.985332512062719,2.0,0.44131590605792226,,R1=[H]C([H])([H])O | R2=[H] | R3=[H] | R5=[H].[H] | R7=[H].[H]C([H])[H] | R8=[H].[H] | R10=[H] | R11=[H] | R12=[H] | R17=[H]C([H])[H] | R19=[H] | R21=[H] | R22=[H] | R23=[H]NC([H])([H])[H] | R24=[H] | R27=[H].[H]C([H])[H] | R29=[H].[H] | R30=[H].[H] | R32=[H] | R33=[H].[H] | R35=F | R36=[H] | R38=[H] | R39=[H]C([H])[H],CNc1ccn(-c2ccnc3c2cc([C@H](C)N2CC=C(c4c(C)cc(C(=O)N5Cc6ccc(OC)cc6C[C@H]5C)cc4F)CC2)n3C)c(=O)c1,[H]C([H])([H])O,[H],[H],,[H].[H],,[H].[H]C([H])[H],[H].[H],,[H],[H],[H],[H]C([H])[H],[H],[H],[H],[H]NC([H])([H])[H],[H],[H].[H]C([H])[H],[H].[H],[H].[H],[H],[H].[H],F,[H],[H],[H]C([H])[H]
EN300-46981635_18880,-10.957575988008616,2.0,0.4399647120218104,,R1=[H].[H]C([H])[H] | R3=[H].[H] | R4=[H].[H] | R6=F | R7=Br | R8=[H] | R9=[H] | R11=[H] | R12=[H] | R17=[H]C([H])[H] | R19=[H] | R21=[H] | R22=[H] | R23=[H]NC([H])([H])[H] | R24=[H] | R27=[H].[H]C([H])[H] | R29=[H].[H] | R30=[H].[H] | R32=[H] | R33=[H].[H] | R35=F | R36=[H] | R38=[H] | R39=[H]C([H])[H],CNc1ccn(-c2ccnc3c2cc([C@H](C)N2CC=C(c4c(C)cc(C(=O)N5CCc6c(ccc(Br)c6F)[C@@H]5C)cc4F)CC2)n3C)c(=O)c1,[H].[H]C([H])[H],,[H].[H],[H].[H],,F,Br,[H],[H],,[H],[H],[H]C([H])[H],[H],[H],[H],[H]NC([H])([H])[H],[H],[H].[H]C([H])[H],[H].[H],[H].[H],[H],[H].[H],F,[H],[H],[H]C([H])[H]
EN300-37459197_19431,-10.94849713799528,2.0,0.43952275149502185,,R1=[H].[H]C([H])[H] | R3=[H].[H] | R4=[H].[H] | R6=[H] | R7=Br | R8=[H] | R9=[H] | R11=[H] | R12=[H] | R17=[H]C([H])[H] | R19=[H] | R21=[H] | R22=[H] | R23=[H]NC([H])([H])[H] | R24=[H] | R27=[H].[H]C([H])[H] | R29=[H].[H] | R30=[H].[H] | R32=[H] | R33=[H].[H] | R35=F | R36=[H] | R38=[H] | R39=[H]C([H])[H],CNc1ccn(-c2ccnc3c2cc([C@H](C)N2CC=C(c4c(C)cc(C(=O)N5CCc6cc(Br)ccc6[C@@H]5C)cc4F)CC2)n3C)c(=O)c1,[H].[H]C([H])[H],,[H].[H],[H].[H],,[H],Br,[H],[H],,[H],[H],[H]C([H])[H],[H],[H],[H],[H]NC([H])([H])[H],[H],[H].[H]C([H])[H],[H].[H],[H].[H],[H],[H].[H],F,[H],[H],[H]C([H])[H]
EN300-8781447_47354,-10.931265965574074,2.0,0.43868393402042133,,R1=[H]O | R2=[H] | R4=[H].[H] | R6=[H].[H] | R7=[H].[H]O | R9=[H] | R10=[H]O | R11=[H] | R12=[H] | R17=[H]C([H])[H] | R19=[H] | R21=[H] | R22=[H] | R23=[H]NC([H])([H])[H] | R24=[H] | R27=[H].[H]C([H])[H] | R29=[H].[H] | R30=[H].[H] | R32=[H] | R33=[H].[H] | R35=F | R36=[H] | R38=[H] | R39=[H]C([H])[H],CNc1ccn(-c2ccnc3c2cc([C@H](C)N2CC=C(c4c(C)cc(C(=O)N5Cc6cc(O)c(O)cc6[C@@H](O)C5)cc4F)CC2)n3C)c(=O)c1,[H]O,[H],,[H].[H],,[H].[H],[H].[H]O,,[H],[H]O,[H],[H],[H]C([H])[H],[H],[H],[H],[H]NC([H])([H])[H],[H],[H].[H]C([H])[H],[H].[H],[H].[H],[H],[H].[H],F,[H],[H],[H]C([H])[H]
EN300-45604330_32222,-10.91423465380296,2.0,0.43785484580867584,,R1=[H].[H]C([H])[H] | R2=[H].[H] | R4=F | R5=[H] | R6=[H] | R7=[H] | R9=[H].[H] | R11=[H] | R12=[H] | R17=[H]C([H])[H] | R19=[H] | R21=[H] | R22=[H] | R23=[H]NC([H])([H])[H] | R24=[H] | R27=[H].[H]C([H])[H] | R29=[H].[H] | R30=[H].[H] | R32=[H] | R33=[H].[H] | R35=F | R36=[H] | R38=[H] | R39=[H]C([H])[H],CNc1ccn(-c2ccnc3c2cc([C@H](C)N2CC=C(c4c(C)cc(C(=O)N5Cc6cccc(F)c6C[C@H]5C)cc4F)CC2)n3C)c(=O)c1,[H].[H]C([H])[H],[H].[H],,F,[H],[H],[H],,[H].[H],,[H],[H],[H]C([H])[H],[H],[H],[H],[H]NC([H])([H])[H],[H],[H].[H]C([H])[H],[H].[H],[H].[H],[H],[H].[H],F,[H],[H],[H]C([H])[H]
LN00338372_4776,-10.899742492645691,2.0,0.4371493640384114,,R2=[H].[H]C([H])[H] | R3=[H].[H] | R4=[H].[H] | R7=[H] | R8=[H] | R9=[H] | R10=[H] | R11=[H] | R12=[H] | R17=[H]C([H])[H] | R19=[H] | R21=[H] | R22=[H] | R23=[H]NC([H])([H])[H] | R24=[H] | R27=[H].[H]C([H])[H] | R29=[H].[H] | R30=[H].[H] | R32=[H] | R33=[H].[H] | R35=F | R36=[H] | R38=[H] | R39=[H]C([H])[H],CNc1ccn(-c2ccnc3c2cc([C@H](C)N2CC=C(c4c(C)cc(C(=O)N5Cc6ccccc6C[C@@H]5C)cc4F)CC2)n3C)c(=O)c1,,[H].[H]C([H])[H],[H].[H],[H].[H],,,[H],[H],[H],[H],[H],[H],[H]C([H])[H],[H],[H],[H],[H]NC([H])([H])[H],[H],[H].[H]C([H])[H],[H].[H],[H].[H],[H],[H].[H],F,[H],[H],[H]C([H])[H]
EN300-45232453_32019,-10.880151727590613,2.0,0.4361956810464888,,R1=FC(F)F.[H] | R3=[H].[H] | R4=[H].[H] | R6=[H] | R7=[H] | R8=Cl | R9=[H] | R11=[H] | R12=[H] | R17=[H]C([H])[H] | R19=[H] | R21=[H] | R22=[H] | R23=[H]NC([H])([H])[H] | R24=[H] | R27=[H].[H]C([H])[H] | R29=[H].[H] | R30=[H].[H] | R32=[H] | R33=[H].[H] | R35=F | R36=[H] | R38=[H] | R39=[H]C([H])[H],CNc1ccn(-c2ccnc3c2cc([C@H](C)N2CC=C(c4c(C)cc(C(=O)N5CCc6ccc(Cl)cc6[C@H]5C(F)(F)F)cc4F)CC2)n3C)c(=O)c1,FC(F)F.[H],,[H].[H],[H].[H],,[H],[H],Cl,[H],,[H],[H],[H]C([H])[H],[H],[H],[H],[H]NC([H])([H])[H],[H],[H].[H]C([H])[H],[H].[H],[H].[H],[H],[H].[H],F,[H],[H],[H]C([H])[H]
EN300-28253098_27413,-10.880140928995962,2.0,0.4361951553683937,,R1=[H].[H]C(F)F | R2=[H].[H] | R4=[H] | R5=Br | R6=[H] | R7=[H] | R9=[H].[H] | R11=[H] | R12=[H] | R17=[H]C([H])[H] | R19=[H] | R21=[H] | R22=[H] | R23=[H]NC([H])([H])[H] | R24=[H] | R27=[H].[H]C([H])[H] | R29=[H].[H] | R30=[H].[H] | R32=[H] | R33=[H].[H] | R35=F | R36=[H] | R38=[H] | R39=[H]C([H])[H],CNc1ccn(-c2ccnc3c2cc([C@H](C)N2CC=C(c4c(C)cc(C(=O)N5Cc6ccc(Br)cc6C[C@H]5C(F)F)cc4F)CC2)n3C)c(=O)c1,[H].[H]C(F)F,[H].[H],,[H],Br,[H],[H],,[H].[H],,[H],[H],[H]C([H])[H],[H],[H],[H],[H]NC([H])([H])[H],[H],[H].[H]C([H])[H],[H].[H],[H].[H],[H],[H].[H],F,[H],[H],[H]C([H])[H]
EN300-7425772_42587,-10.864690753412823,2.0,0.43544303723342387,,R1=[H]C([H])([H])S | R2=[H] | R3=[H] | R4=[H] | R6=[H].[H] | R7=[H].[H] | R9=[H].[H] | R11=[H] | R12=[H] | R17=[H]C([H])[H] | R19=[H] | R21=[H] | R22=[H] | R23=[H]NC([H])([H])[H] | R24=[H] | R27=[H].[H]C([H])[H] | R29=[H].[H] | R30=[H].[H] | R32=[H] | R33=[H].[H] | R35=F | R36=[H] | R38=[H] | R39=[H]C([H])[H],CNc1ccn(-c2ccnc3c2cc([C@H](C)N2CC=C(c4c(C)cc(C(=O)N5CCc6cccc(SC)c6C5)cc4F)CC2)n3C)c(=O)c1,[H]C([H])([H])S,[H],[H],[H],,[H].[H],[H].[H],,[H].[H],,[H],[H],[H]C([H])[H],[H],[H],[H],[H]NC([H])([H])[H],[H],[H].[H]C([H])[H],[H].[H],[H].[H],[H],[H].[H],F,[H],[H],[H]C([H])[H]
EN300-46668794_33479,-10.862452405800095,2.0,0.43533407395188445,,R1=[H].[H]C([H])[H] | R2=[H].[H] | R4=[H].[H] | R6=[H] | R7=Br | R8=[H] | R9=Cl | R11=[H] | R12=[H] | R17=[H]C([H])[H] | R19=[H] | R21=[H] | R22=[H] | R23=[H]NC([H])([H])[H] | R24=[H] | R27=[H].[H]C([H])[H] | R29=[H].[H] | R30=[H].[H] | R32=[H] | R33=[H].[H] | R35=F | R36=[H] | R38=[H] | R39=[H]C([H])[H],CNc1ccn(-c2ccnc3c2cc([C@H](C)N2CC=C(c4c(C)cc(C(=O)N5Cc6cc(Br)cc(Cl)c6[C@@H](C)C5)cc4F)CC2)n3C)c(=O)c1,[H].[H]C([H])[H],[H].[H],,[H].[H],,[H],Br,[H],Cl,,[H],[H],[H]C([H])[H],[H],[H],[H],[H]NC([H])([H])[H],[H],[H].[H]C([H])[H],[H].[H],[H].[H],[H],[H].[H],F,[H],[H],[H]C([H])[H]
EN300-59761_28303,-10.833600714070716,2.0,0.43392956689903855,,R1=[H]C([H])([H])C([H])([H])O | R2=[H] | R3=[H] | R5=[H].[H] | R6=[H].[H] | R8=[H].[H] | R10=[H] | R11=[H] | R12=[H] | R17=[H]C([H])[H] | R19=[H] | R21=[H] | R22=[H] | R23=[H]NC([H])([H])[H] | R24=[H] | R27=[H].[H]C([H])[H] | R29=[H].[H] | R30=[H].[H] | R32=[H] | R33=[H].[H] | R35=F | R36=[H] | R38=[H] | R39=[H]C([H])[H],CCOc1ccc2c(c1)CN(C(=O)c1cc(C)c(C3=CCN([C@@H](C)c4cc5c(-n6ccc(NC)cc6=O)ccnc5n4C)CC3)c(F)c1)CC2,[H]C([H])([H])C([H])([H])O,[H],[H],,[H].[H],[H].[H],,[H].[H],,[H],[H],[H],[H]C([H])[H],[H],[H],[H],[H]NC([H])([H])[H],[H],[H].[H]C([H])[H],[H].[H],[H].[H],[H],[H].[H],F,[H],[H],[H]C([H])[H]
EN300-130125_17201,-10.763860875836205,2.0,0.43053461537995796,,R1=[H]C([H])([H])C(C([H])([H])[H])C([H])([H])[H] | R2=[H] | R3=[H] | R5=[H].[H] | R6=[H].[H] | R8=[H].[H] | R10=[H] | R11=[H] | R12=[H] | R17=[H]C([H])[H] | R19=[H] | R21=[H] | R22=[H] | R23=[H]NC([H])([H])[H] | R24=[H] | R27=[H].[H]C([H])[H] | R29=[H].[H] | R30=[H].[H] | R32=[H] | R33=[H].[H] | R35=F | R36=[H] | R38=[H] | R39=[H]C([H])[H],CNc1ccn(-c2ccnc3c2cc([C@H](C)N2CC=C(c4c(C)cc(C(=O)N5CCc6ccc(C(C)(C)C)cc6C5)cc4F)CC2)n3C)c(=O)c1,[H]C([H])([H])C(C([H])([H])[H])C([H])([H])[H],[H],[H],,[H].[H],[H].[H],,[H].[H],,[H],[H],[H],[H]C([H])[H],[H],[H],[H],[H]NC([H])([H])[H],[H],[H].[H]C([H])[H],[H].[H],[H].[H],[H],[H].[H],F,[H],[H],[H]C([H])[H]
EN300-6487141_38843,-10.717346602278681,2.0,0.4282702897424071,,R1=[H]C([H])([H])C([H])([H])C([H])([H])O | R2=[H] | R3=[H] | R6=[H] | R7=[H].[H] | R8=[H].[H]C([H])[H] | R10=[H].[H]C([H])[H] | R11=[H] | R12=[H] | R17=[H]C([H])[H] | R19=[H] | R21=[H] | R22=[H] | R23=[H]NC([H])([H])[H] | R24=[H] | R27=[H].[H]C([H])[H] | R29=[H].[H] | R30=[H].[H] | R32=[H] | R33=[H].[H] | R35=F | R36=[H] | R38=[H] | R39=[H]C([H])[H],CCCOc1ccc2c(c1)C[C@@H](C)N(C(=O)c1cc(C)c(C3=CCN([C@@H](C)c4cc5c(-n6ccc(NC)cc6=O)ccnc5n4C)CC3)c(F)c1)[C@@H]2C,[H]C([H])([H])C([H])([H])C([H])([H])O,[H],[H],,,[H],[H].[H],[H].[H]C([H])[H],,[H].[H]C([H])[H],[H],[H],[H]C([H])[H],[H],[H],[H],[H]NC([H])([H])[H],[H],[H].[H]C([H])[H],[H].[H],[H].[H],[H],[H].[H],F,[H],[H],[H]C([H])[H]
EN300-78197_3310,-10.681319621076051,2.0,0.42651648793187713,,R1=[H].[H]C([H])[H] | R3=[H].[H] | R4=[H].[H] | R6=[H] | R7=[H] | R8=F | R9=[H] | R11=[H] | R12=[H] | R17=[H]C([H])[H] | R19=[H] | R21=[H] | R22=[H] | R23=[H]NC([H])([H])[H] | R24=[H] | R27=[H].[H]C([H])[H] | R29=[H].[H] | R30=[H].[H] | R32=[H] | R33=[H].[H] | R35=F | R36=[H] | R38=[H] | R39=[H]C([H])[H],CNc1ccn(-c2ccnc3c2cc([C@H](C)N2CC=C(c4c(C)cc(C(=O)N5CCc6ccc(F)cc6[C@H]5C)cc4F)CC2)n3C)c(=O)c1,[H].[H]C([H])[H],,[H].[H],[H].[H],,[H],[H],F,[H],,[H],[H],[H]C([H])[H],[H],[H],[H],[H]NC([H])([H])[H],[H],[H].[H]C([H])[H],[H].[H],[H].[H],[H],[H].[H],F,[H],[H],[H]C([H])[H]
EN300-2771881_23238,-10.628465136769291,2.0,0.42394351936283536,,R1=[H]C([H])([H])O | R2=[H] | R3=[H]C([H])([H])O | R5=[H].[H] | R6=[H].[H] | R8=[H].[H] | R10=[H] | R11=[H] | R12=[H] | R17=[H]C([H])[H] | R19=[H] | R21=[H] | R22=[H] | R23=[H]NC([H])([H])[H] | R24=[H] | R27=[H].[H]C([H])[H] | R29=[H].[H] | R30=[H].[H] | R32=[H] | R33=[H].[H] | R35=F | R36=[H] | R38=[H] | R39=[H]C([H])[H],CNc1ccn(-c2ccnc3c2cc([C@H](C)N2CC=C(c4c(C)cc(C(=O)N5CCc6c(cc(OC)cc6OC)C5)cc4F)CC2)n3C)c(=O)c1,[H]C([H])([H])O,[H],[H]C([H])([H])O,,[H].[H],[H].[H],,[H].[H],,[H],[H],[H],[H]C([H])[H],[H],[H],[H],[H]NC([H])([H])[H],[H],[H].[H]C([H])[H],[H].[H],[H].[H],[H],[H].[H],F,[H],[H],[H]C([H])[H]
EN300-8322043_32678,-10.605515367748785,2.0,0.4228263192779036,,R1=[H].[H]C([H])[H] | R3=[H].[H] | R4=[H].[H] | R6=[H] | R7=[H] | R8=Cl | R9=F | R11=[H] | R12=[H] | R17=[H]C([H])[H] | R19=[H] | R21=[H] | R22=[H] | R23=[H]NC([H])([H])[H] | R24=[H] | R27=[H].[H]C([H])[H] | R29=[H].[H] | R30=[H].[H] | R32=[H] | R33=[H].[H] | R35=F | R36=[H] | R38=[H] | R39=[H]C([H])[H],CNc1ccn(-c2ccnc3c2cc([C@H](C)N2CC=C(c4c(C)cc(C(=O)N5CCc6ccc(Cl)c(F)c6[C@@H]5C)cc4F)CC2)n3C)c(=O)c1,[H].[H]C([H])[H],,[H].[H],[H].[H],,[H],[H],Cl,F,,[H],[H],[H]C([H])[H],[H],[H],[H],[H]NC([H])([H])[H],[H],[H].[H]C([H])[H],[H].[H],[H].[H],[H],[H].[H],F,[H],[H],[H]C([H])[H]
EN300-45749608_32399,-10.588602793501725,2.0,0.42200301123640016,,R1=F | R2=[H] | R3=[H] | R4=[H] | R7=[H].[H] | R8=[H].[H] | R10=FC(F)F.[H] | R11=[H] | R12=[H] | R17=[H]C([H])[H] | R19=[H] | R21=[H] | R22=[H] | R23=[H]NC([H])([H])[H] | R24=[H] | R27=[H].[H]C([H])[H] | R29=[H].[H] | R30=[H].[H] | R32=[H] | R33=[H].[H] | R35=F | R36=[H] | R38=[H] | R39=[H]C([H])[H],CNc1ccn(-c2ccnc3c2cc([C@H](C)N2CC=C(c4c(C)cc(C(=O)N5CCc6c(F)cccc6[C@H]5C(F)(F)F)cc4F)CC2)n3C)c(=O)c1,F,[H],[H],[H],,,[H].[H],[H].[H],,FC(F)F.[H],[H],[H],[H]C([H])[H],[H],[H],[H],[H]NC([H])([H])[H],[H],[H].[H]C([H])[H],[H].[H],[H].[H],[H],[H].[H],F,[H],[H],[H]C([H])[H]
EN300-123456_10921,-10.58578041746702,2.0,0.42186561731566563,,R1=[H].[H]C([H])[H] | R2=[H].[H] | R4=[H] | R5=[H] | R6=Br | R7=[H] | R9=[H].[H] | R11=[H] | R12=[H] | R17=[H]C([H])[H] | R19=[H] | R21=[H] | R22=[H] | R23=[H]NC([H])([H])[H] | R24=[H] | R27=[H].[H]C([H])[H] | R29=[H].[H] | R30=[H].[H] | R32=[H] | R33=[H].[H] | R35=F | R36=[H] | R38=[H] | R39=[H]C([H])[H],CNc1ccn(-c2ccnc3c2cc([C@H](C)N2CC=C(c4c(C)cc(C(=O)N5Cc6cc(Br)ccc6C[C@H]5C)cc4F)CC2)n3C)c(=O)c1,[H].[H]C([H])[H],[H].[H],,[H],[H],Br,[H],,[H].[H],,[H],[H],[H]C([H])[H],[H],[H],[H],[H]NC([H])([H])[H],[H],[H].[H]C([H])[H],[H].[H],[H].[H],[H],[H].[H],F,[H],[H],[H]C([H])[H]
EN300-52302964_38104,-10.552065450747673,2.0,0.4202243649070393,,R1=[H]C([H])[H] | R2=[H] | R3=F | R4=[H] | R6=[H].[H] | R7=[H].[H] | R9=[H].[H]C([H])[H] | R11=[H] | R12=[H] | R17=[H]C([H])[H] | R19=[H] | R21=[H] | R22=[H] | R23=[H]NC([H])([H])[H] | R24=[H] | R27=[H].[H]C([H])[H] | R29=[H].[H] | R30=[H].[H] | R32=[H] | R33=[H].[H] | R35=F | R36=[H] | R38=[H] | R39=[H]C([H])[H],CNc1ccn(-c2ccnc3c2cc([C@H](C)N2CC=C(c4c(C)cc(C(=O)N5CCc6cc(F)cc(C)c6[C@@H]5C)cc4F)CC2)n3C)c(=O)c1,[H]C([H])[H],[H],F,[H],,[H].[H],[H].[H],,[H].[H]C([H])[H],,[H],[H],[H]C([H])[H],[H],[H],[H],[H]NC([H])([H])[H],[H],[H].[H]C([H])[H],[H].[H],[H].[H],[H],[H].[H],F,[H],[H],[H]C([H])[H]
EN300-45485650_32820,-10.546245740326652,2.0,0.41994106005238774,,R1=[H].[H]C([H])[H] | R3=[H].[H] | R4=[H].[H] | R6=F | R7=[H] | R8=[H] | R9=Cl | R11=[H] | R12=[H] | R17=[H]C([H])[H] | R19=[H] | R21=[H] | R22=[H] | R23=[H]NC([H])([H])[H] | R24=[H] | R27=[H].[H]C([H])[H] | R29=[H].[H] | R30=[H].[H] | R32=[H] | R33=[H].[H] | R35=F | R36=[H] | R38=[H] | R39=[H]C([H])[H],CNc1ccn(-c2ccnc3c2cc([C@H](C)N2CC=C(c4c(C)cc(C(=O)N5CCc6c(F)ccc(Cl)c6[C@H]5C)cc4F)CC2)n3C)c(=O)c1,[H].[H]C([H])[H],,[H].[H],[H].[H],,F,[H],[H],Cl,,[H],[H],[H]C([H])[H],[H],[H],[H],[H]NC([H])([H])[H],[H],[H].[H]C([H])[H],[H].[H],[H].[H],[H],[H].[H],F,[H],[H],[H]C([H])[H]
EN300-43356220_31782,-10.53894979774039,2.0,0.4195858918731461,,R1=[H].[H]C([H])[H] | R3=[H].[H] | R4=[H].[H] | R6=F | R7=Cl | R8=[H] | R9=[H] | R11=[H] | R12=[H] | R17=[H]C([H])[H] | R19=[H] | R21=[H] | R22=[H] | R23=[H]NC([H])([H])[H] | R24=[H] | R27=[H].[H]C([H])[H] | R29=[H].[H] | R30=[H].[H] | R32=[H] | R33=[H].[H] | R35=F | R36=[H] | R38=[H] | R39=[H]C([H])[H],CNc1ccn(-c2ccnc3c2cc([C@H](C)N2CC=C(c4c(C)cc(C(=O)N5CCc6c(ccc(Cl)c6F)[C@H]5C)cc4F)CC2)n3C)c(=O)c1,[H].[H]C([H])[H],,[H].[H],[H].[H],,F,Cl,[H],[H],,[H],[H],[H]C([H])[H],[H],[H],[H],[H]NC([H])([H])[H],[H],[H].[H]C([H])[H],[H].[H],[H].[H],[H],[H].[H],F,[H],[H],[H]C([H])[H]
EN300-43393753_40510,-10.535291721352204,2.0,0.41940781586515163,,R1=[H]C([H])[H].[H]C([H])[H] | R2=[H].[H] | R4=[H].[H] | R6=[H] | R7=Cl | R8=[H] | R9=[H] | R11=[H] | R12=[H] | R17=[H]C([H])[H] | R19=[H] | R21=[H] | R22=[H] | R23=[H]NC([H])([H])[H] | R24=[H] | R27=[H].[H]C([H])[H] | R29=[H].[H] | R30=[H].[H] | R32=[H] | R33=[H].[H] | R35=F | R36=[H] | R38=[H] | R39=[H]C([H])[H],CNc1ccn(-c2ccnc3c2cc([C@H](C)N2CC=C(c4c(C)cc(C(=O)N5Cc6cc(Cl)ccc6C(C)(C)C5)cc4F)CC2)n3C)c(=O)c1,[H]C([H])[H].[H]C([H])[H],[H].[H],,[H].[H],,[H],Cl,[H],[H],,[H],[H],[H]C([H])[H],[H],[H],[H],[H]NC([H])([H])[H],[H],[H].[H]C([H])[H],[H].[H],[H].[H],[H],[H].[H],F,[H],[H],[H]C([H])[H]
EN300-2009506_14595,-10.513177022184054,2.0,0.41833126717453867,,R1=[H].[H]C([H])[H] | R3=[H].[H] | R4=[H].[H] | R6=[H] | R7=Cl | R8=[H] | R9=[H] | R11=[H] | R12=[H] | R17=[H]C([H])[H] | R19=[H] | R21=[H] | R22=[H] | R23=[H]NC([H])([H])[H] | R24=[H] | R27=[H].[H]C([H])[H] | R29=[H].[H] | R30=[H].[H] | R32=[H] | R33=[H].[H] | R35=F | R36=[H] | R38=[H] | R39=[H]C([H])[H],CNc1ccn(-c2ccnc3c2cc([C@H](C)N2CC=C(c4c(C)cc(C(=O)N5CCc6cc(Cl)ccc6[C@H]5C)cc4F)CC2)n3C)c(=O)c1,[H].[H]C([H])[H],,[H].[H],[H].[H],,[H],Cl,[H],[H],,[H],[H],[H]C([H])[H],[H],[H],[H],[H]NC([H])([H])[H],[H],[H].[H]C([H])[H],[H].[H],[H].[H],[H],[H].[H],F,[H],[H],[H]C([H])[H]
EN300-113471_3052,-10.477062460557335,2.0,0.41657320192862746,,R1=[H]C([H])([H])C([H])([H])C([H])([H])O | R2=[H] | R3=[H] | R5=[H].[H] | R7=[H].[H] | R8=[H].[H] | R10=[H] | R11=[H] | R12=[H] | R17=[H]C([H])[H] | R19=[H] | R21=[H] | R22=[H] | R23=[H]NC([H])([H])[H] | R24=[H] | R27=[H].[H]C([H])[H] | R29=[H].[H] | R30=[H].[H] | R32=[H] | R33=[H].[H] | R35=F | R36=[H] | R38=[H] | R39=[H]C([H])[H],CCCOc1ccc2c(c1)CCN(C(=O)c1cc(C)c(C3=CCN([C@@H](C)c4cc5c(-n6ccc(NC)cc6=O)ccnc5n4C)CC3)c(F)c1)C2,[H]C([H])([H])C([H])([H])C([H])([H])O,[H],[H],,[H].[H],,[H].[H],[H].[H],,[H],[H],[H],[H]C([H])[H],[H],[H],[H],[H]NC([H])([H])[H],[H],[H].[H]C([H])[H],[H].[H],[H].[H],[H],[H].[H],F,[H],[H],[H]C([H])[H]
LN00002413_1719,-10.331347293702922,2.0,0.40947975377060364,,R1=[H]C([H])([H])O | R2=[H] | R3=[H] | R5=[H] | R7=[H].[H] | R8=[H].[H] | R9=[H].[H] | R11=[H] | R12=[H] | R17=[H]C([H])[H] | R19=[H] | R21=[H] | R22=[H] | R23=[H]NC([H])([H])[H] | R24=[H] | R27=[H].[H]C([H])[H] | R29=[H].[H] | R30=[H].[H] | R32=[H] | R33=[H].[H] | R35=F | R36=[H] | R38=[H] | R39=[H]C([H])[H],CNc1ccn(-c2ccnc3c2cc([C@H](C)N2CC=C(c4c(C)cc(C(=O)N5CCc6cc(OC)ccc6C5)cc4F)CC2)n3C)c(=O)c1,[H]C([H])([H])O,[H],[H],,[H],,[H].[H],[H].[H],[H].[H],,[H],[H],[H]C([H])[H],[H],[H],[H],[H]NC([H])([H])[H],[H],[H].[H]C([H])[H],[H].[H],[H].[H],[H],[H].[H],F,[H],[H],[H]C([H])[H]
LN02041989_5780,-10.270618879714938,2.0,0.4065234804763269,,R1=Br | R2=[H] | R3=[H] | R5=[H] | R7=[H].[H] | R8=[H]C([H])[H].[H]C([H])[H] | R10=[H].[H] | R11=[H] | R12=[H] | R17=[H]C([H])[H] | R19=[H] | R21=[H] | R22=[H] | R23=[H]NC([H])([H])[H] | R24=[H] | R27=[H].[H]C([H])[H] | R29=[H].[H] | R30=[H].[H] | R32=[H] | R33=[H].[H] | R35=F | R36=[H] | R38=[H] | R39=[H]C([H])[H],CNc1ccn(-c2ccnc3c2cc([C@H](C)N2CC=C(c4c(C)cc(C(=O)N5Cc6cc(Br)ccc6C(C)(C)C5)cc4F)CC2)n3C)c(=O)c1,Br,[H],[H],,[H],,[H].[H],[H]C([H])[H].[H]C([H])[H],,[H].[H],[H],[H],[H]C([H])[H],[H],[H],[H],[H]NC([H])([H])[H],[H],[H].[H]C([H])[H],[H].[H],[H].[H],[H],[H].[H],F,[H],[H],[H]C([H])[H]
EN300-25398605_27973,-10.175625114753528,2.0,0.4018991619401342,,R1=[H].[H]OC([H])[H] | R2=[H].[H] | R4=[H] | R5=[H] | R6=Cl | R7=[H] | R9=[H].[H] | R11=[H] | R12=[H] | R17=[H]C([H])[H] | R19=[H] | R21=[H] | R22=[H] | R23=[H]NC([H])([H])[H] | R24=[H] | R27=[H].[H]C([H])[H] | R29=[H].[H] | R30=[H].[H] | R32=[H] | R33=[H].[H] | R35=F | R36=[H] | R38=[H] | R39=[H]C([H])[H],CNc1ccn(-c2ccnc3c2cc([C@H](C)N2CC=C(c4c(C)cc(C(=O)N5Cc6cc(Cl)ccc6C[C@H]5CO)cc4F)CC2)n3C)c(=O)c1,[H].[H]OC([H])[H],[H].[H],,[H],[H],Cl,[H],,[H].[H],,[H],[H],[H]C([H])[H],[H],[H],[H],[H]NC([H])([H])[H],[H],[H].[H]C([H])[H],[H].[H],[H].[H],[H],[H].[H],F,[H],[H],[H]C([H])[H]
EN300-8142026_25148,-10.164300116627654,2.0,0.4013478584016641,,R1=[H].[H]C([H])[H] | R2=[H].[H] | R4=[H] | R5=[H] | R6=[H] | R7=[H] | R9=[H].[H]C([H])[H] | R11=[H] | R12=[H] | R17=[H]C([H])[H] | R19=[H] | R21=[H] | R22=[H] | R23=[H]NC([H])([H])[H] | R24=[H] | R27=[H].[H]C([H])[H] | R29=[H].[H] | R30=[H].[H] | R32=[H] | R33=[H].[H] | R35=F | R36=[H] | R38=[H] | R39=[H]C([H])[H],CNc1ccn(-c2ccnc3c2cc([C@H](C)N2CC=C(c4c(C)cc(C(=O)N5[C@H](C)Cc6ccccc6[C@H]5C)cc4F)CC2)n3C)c(=O)c1,[H].[H]C([H])[H],[H].[H],,[H],[H],[H],[H],,[H].[H]C([H])[H],,[H],[H],[H]C([H])[H],[H],[H],[H],[H]NC([H])([H])[H],[H],[H].[H]C([H])[H],[H].[H],[H].[H],[H],[H].[H],F,[H],[H],[H]C([H])[H]
EN300-27152590_24995,-10.06879079653591,2.0,0.39669844252201314,,R1=[H].[H]C([H])[H] | R3=[H].[H] | R4=[H].[H] | R6=F | R7=[H] | R8=[H] | R9=[H] | R11=[H] | R12=[H] | R17=[H]C([H])[H] | R19=[H] | R21=[H] | R22=[H] | R23=[H]NC([H])([H])[H] | R24=[H] | R27=[H].[H]C([H])[H] | R29=[H].[H] | R30=[H].[H] | R32=[H] | R33=[H].[H] | R35=F | R36=[H] | R38=[H] | R39=[H]C([H])[H],CNc1ccn(-c2ccnc3c2cc([C@H](C)N2CC=C(c4c(C)cc(C(=O)N5CCc6c(F)cccc6[C@H]5C)cc4F)CC2)n3C)c(=O)c1,[H].[H]C([H])[H],,[H].[H],[H].[H],,F,[H],[H],[H],,[H],[H],[H]C([H])[H],[H],[H],[H],[H]NC([H])([H])[H],[H],[H].[H]C([H])[H],[H].[H],[H].[H],[H],[H].[H],F,[H],[H],[H]C([H])[H]
EN300-366757_8902,-10.05939568547996,2.0,0.39624108633423316,,R1=[H].[H]C([H])[H] | R2=[H].[H] | R4=[H].[H] | R6=[H] | R7=[H] | R8=[H] | R9=[H] | R11=[H] | R12=[H] | R17=[H]C([H])[H] | R19=[H] | R21=[H] | R22=[H] | R23=[H]NC([H])([H])[H] | R24=[H] | R27=[H].[H]C([H])[H] | R29=[H].[H] | R30=[H].[H] | R32=[H] | R33=[H].[H] | R35=F | R36=[H] | R38=[H] | R39=[H]C([H])[H],CNc1ccn(-c2ccnc3c2cc([C@H](C)N2CC=C(c4c(C)cc(C(=O)N5Cc6ccccc6[C@@H](C)C5)cc4F)CC2)n3C)c(=O)c1,[H].[H]C([H])[H],[H].[H],,[H].[H],,[H],[H],[H],[H],,[H],[H],[H]C([H])[H],[H],[H],[H],[H]NC([H])([H])[H],[H],[H].[H]C([H])[H],[H].[H],[H].[H],[H],[H].[H],F,[H],[H],[H]C([H])[H]
LN05346938_6563,-10.048219228857727,2.0,0.39569701383065214,,R1=[H].[H]OC([H])[H] | R4=[H].[H] | R6=[H] | R7=[H].[H] | R8=[H] | R9=[H] | R10=[H] | R11=[H] | R12=[H] | R17=[H]C([H])[H] | R19=[H] | R21=[H] | R22=[H] | R23=[H]NC([H])([H])[H] | R24=[H] | R27=[H].[H]C([H])[H] | R29=[H].[H] | R30=[H].[H] | R32=[H] | R33=[H].[H] | R35=F | R36=[H] | R38=[H] | R39=[H]C([H])[H],CNc1ccn(-c2ccnc3c2cc([C@H](C)N2CC=C(c4c(C)cc(C(=O)N5CCc6ccccc6[C@@H]5CO)cc4F)CC2)n3C)c(=O)c1,[H].[H]OC([H])[H],,,[H].[H],,[H],[H].[H],[H],[H],[H],[H],[H],[H]C([H])[H],[H],[H],[H],[H]NC([H])([H])[H],[H],[H].[H]C([H])[H],[H].[H],[H].[H],[H],[H].[H],F,[H],[H],[H]C([H])[H]
EN300-3157469_30926,-10.0065469567127,2.0,0.39366839794619074,,R1=[H].[H]C([H])[H] | R3=[H].[H] | R4=[H].[H] | R6=Cl | R7=[H] | R8=F | R9=[H] | R11=[H] | R12=[H] | R17=[H]C([H])[H] | R19=[H] | R21=[H] | R22=[H] | R23=[H]NC([H])([H])[H] | R24=[H] | R27=[H].[H]C([H])[H] | R29=[H].[H] | R30=[H].[H] | R32=[H] | R33=[H].[H] | R35=F | R36=[H] | R38=[H] | R39=[H]C([H])[H],CNc1ccn(-c2ccnc3c2cc([C@H](C)N2CC=C(c4c(C)cc(C(=O)N5CCc6c(Cl)cc(F)cc6[C@H]5C)cc4F)CC2)n3C)c(=O)c1,[H].[H]C([H])[H],,[H].[H],[H].[H],,Cl,[H],F,[H],,[H],[H],[H]C([H])[H],[H],[H],[H],[H]NC([H])([H])[H],[H],[H].[H]C([H])[H],[H].[H],[H].[H],[H],[H].[H],F,[H],[H],[H]C([H])[H]
EN300-1695746_11414,-9.989868251426028,2.0,0.3928564746999842,,R1=[H]C([H])([H])O | R2=[H] | R3=[H] | R5=[H].[H] | R6=[H].[H]C([H])[H] | R8=[H].[H] | R10=[H] | R11=[H] | R12=[H] | R17=[H]C([H])[H] | R19=[H] | R21=[H] | R22=[H] | R23=[H]NC([H])([H])[H] | R24=[H] | R27=[H].[H]C([H])[H] | R29=[H].[H] | R30=[H].[H] | R32=[H] | R33=[H].[H] | R35=F | R36=[H] | R38=[H] | R39=[H]C([H])[H],CNc1ccn(-c2ccnc3c2cc([C@H](C)N2CC=C(c4c(C)cc(C(=O)N5Cc6cc(OC)ccc6C[C@H]5C)cc4F)CC2)n3C)c(=O)c1,[H]C([H])([H])O,[H],[H],,[H].[H],[H].[H]C([H])[H],,[H].[H],,[H],[H],[H],[H]C([H])[H],[H],[H],[H],[H]NC([H])([H])[H],[H],[H].[H]C([H])[H],[H].[H],[H].[H],[H],[H].[H],F,[H],[H],[H]C([H])[H]
EN300-3157469_30927,-9.970446356373454,2.0,0.3919110123389956,,R1=[H].[H]C([H])[H] | R3=[H].[H] | R4=[H].[H] | R6=Cl | R7=[H] | R8=F | R9=[H] | R11=[H] | R12=[H] | R17=[H]C([H])[H] | R19=[H] | R21=[H] | R22=[H] | R23=[H]NC([H])([H])[H] | R24=[H] | R27=[H].[H]C([H])[H] | R29=[H].[H] | R30=[H].[H] | R32=[H] | R33=[H].[H] | R35=F | R36=[H] | R38=[H] | R39=[H]C([H])[H],CNc1ccn(-c2ccnc3c2cc([C@H](C)N2CC=C(c4c(C)cc(C(=O)N5CCc6c(Cl)cc(F)cc6[C@@H]5C)cc4F)CC2)n3C)c(=O)c1,[H].[H]C([H])[H],,[H].[H],[H].[H],,Cl,[H],F,[H],,[H],[H],[H]C([H])[H],[H],[H],[H],[H]NC([H])([H])[H],[H],[H].[H]C([H])[H],[H].[H],[H].[H],[H],[H].[H],F,[H],[H],[H]C([H])[H]
LN02152321_1106,-9.853493460227014,2.0,0.3862177181977317,,R1=Br | R3=[H] | R5=[H].[H] | R6=[H] | R7=[H]C([H])([H])O | R8=[H].[H] | R10=[H].[H] | R11=[H] | R12=[H] | R17=[H]C([H])[H] | R19=[H] | R21=[H] | R22=[H] | R23=[H]NC([H])([H])[H] | R24=[H] | R27=[H].[H]C([H])[H] | R29=[H].[H] | R30=[H].[H] | R32=[H] | R33=[H].[H] | R35=F | R36=[H] | R38=[H] | R39=[H]C([H])[H],CNc1ccn(-c2ccnc3c2cc([C@H](C)N2CC=C(c4c(C)cc(C(=O)N5CCc6c(OC)ccc(Br)c6C5)cc4F)CC2)n3C)c(=O)c1,Br,,[H],,[H].[H],[H],[H]C([H])([H])O,[H].[H],,[H].[H],[H],[H],[H]C([H])[H],[H],[H],[H],[H]NC([H])([H])[H],[H],[H].[H]C([H])[H],[H].[H],[H].[H],[H],[H].[H],F,[H],[H],[H]C([H])[H]
EN300-46981635_18879,-9.806518123954303,2.0,0.3839309479201453,,R1=[H].[H]C([H])[H] | R3=[H].[H] | R4=[H].[H] | R6=F | R7=Br | R8=[H] | R9=[H] | R11=[H] | R12=[H] | R17=[H]C([H])[H] | R19=[H] | R21=[H] | R22=[H] | R23=[H]NC([H])([H])[H] | R24=[H] | R27=[H].[H]C([H])[H] | R29=[H].[H] | R30=[H].[H] | R32=[H] | R33=[H].[H] | R35=F | R36=[H] | R38=[H] | R39=[H]C([H])[H],CNc1ccn(-c2ccnc3c2cc([C@H](C)N2CC=C(c4c(C)cc(C(=O)N5CCc6c(ccc(Br)c6F)[C@H]5C)cc4F)CC2)n3C)c(=O)c1,[H].[H]C([H])[H],,[H].[H],[H].[H],,F,Br,[H],[H],,[H],[H],[H]C([H])[H],[H],[H],[H],[H]NC([H])([H])[H],[H],[H].[H]C([H])[H],[H].[H],[H].[H],[H],[H].[H],F,[H],[H],[H]C([H])[H]
EN300-7430730_19522,-9.657188118916563,2.0,0.3766615285999796,,R1=[H].[H]C([H])[H] | R3=[H].[H] | R4=[H].[H] | R6=[H] | R7=[H] | R8=[H] | R9=Br | R11=[H] | R12=[H] | R17=[H]C([H])[H] | R19=[H] | R21=[H] | R22=[H] | R23=[H]NC([H])([H])[H] | R24=[H] | R27=[H].[H]C([H])[H] | R29=[H].[H] | R30=[H].[H] | R32=[H] | R33=[H].[H] | R35=F | R36=[H] | R38=[H] | R39=[H]C([H])[H],CNc1ccn(-c2ccnc3c2cc([C@H](C)N2CC=C(c4c(C)cc(C(=O)N5CCc6cccc(Br)c6[C@H]5C)cc4F)CC2)n3C)c(=O)c1,[H].[H]C([H])[H],,[H].[H],[H].[H],,[H],[H],[H],Br,,[H],[H],[H]C([H])[H],[H],[H],[H],[H]NC([H])([H])[H],[H],[H].[H]C([H])[H],[H].[H],[H].[H],[H],[H].[H],F,[H],[H],[H]C([H])[H]
EN300-7505639_31976,-9.614222798310333,2.0,0.37456996681617655,,R1=[H].[H]C(F)F | R2=[H].[H] | R4=[H] | R5=[H] | R6=Br | R7=[H] | R9=[H].[H] | R11=[H] | R12=[H] | R17=[H]C([H])[H] | R19=[H] | R21=[H] | R22=[H] | R23=[H]NC([H])([H])[H] | R24=[H] | R27=[H].[H]C([H])[H] | R29=[H].[H] | R30=[H].[H] | R32=[H] | R33=[H].[H] | R35=F | R36=[H] | R38=[H] | R39=[H]C([H])[H],CNc1ccn(-c2ccnc3c2cc([C@H](C)N2CC=C(c4c(C)cc(C(=O)N5Cc6cc(Br)ccc6C[C@H]5C(F)F)cc4F)CC2)n3C)c(=O)c1,[H].[H]C(F)F,[H].[H],,[H],[H],Br,[H],,[H].[H],,[H],[H],[H]C([H])[H],[H],[H],[H],[H]NC([H])([H])[H],[H],[H].[H]C([H])[H],[H].[H],[H].[H],[H],[H].[H],F,[H],[H],[H]C([H])[H]
EN300-37160592_14574,-9.591599071934757,2.0,0.37346863856290824,,R1=[H].[H]C([H])[H] | R3=[H].[H] | R4=[H].[H] | R6=Cl | R7=[H] | R8=[H] | R9=[H] | R11=[H] | R12=[H] | R17=[H]C([H])[H] | R19=[H] | R21=[H] | R22=[H] | R23=[H]NC([H])([H])[H] | R24=[H] | R27=[H].[H]C([H])[H] | R29=[H].[H] | R30=[H].[H] | R32=[H] | R33=[H].[H] | R35=F | R36=[H] | R38=[H] | R39=[H]C([H])[H],CNc1ccn(-c2ccnc3c2cc([C@H](C)N2CC=C(c4c(C)cc(C(=O)N5CCc6c(Cl)cccc6[C@H]5C)cc4F)CC2)n3C)c(=O)c1,[H].[H]C([H])[H],,[H].[H],[H].[H],,Cl,[H],[H],[H],,[H],[H],[H]C([H])[H],[H],[H],[H],[H]NC([H])([H])[H],[H],[H].[H]C([H])[H],[H].[H],[H].[H],[H],[H].[H],F,[H],[H],[H]C([H])[H]
EN300-154115_28466,-9.576415649430484,2.0,0.3727295060297585,,R1=[H]C([H])[H] | R2=[H] | R3=[H]C([H])[H] | R5=[H].[H] | R6=[H].[H] | R8=[H].[H] | R10=[H] | R11=[H] | R12=[H] | R17=[H]C([H])[H] | R19=[H] | R21=[H] | R22=[H] | R23=[H]NC([H])([H])[H] | R24=[H] | R27=[H].[H]C([H])[H] | R29=[H].[H] | R30=[H].[H] | R32=[H] | R33=[H].[H] | R35=F | R36=[H] | R38=[H] | R39=[H]C([H])[H],CNc1ccn(-c2ccnc3c2cc([C@H](C)N2CC=C(c4c(C)cc(C(=O)N5CCc6c(C)cc(C)cc6C5)cc4F)CC2)n3C)c(=O)c1,[H]C([H])[H],[H],[H]C([H])[H],,[H].[H],[H].[H],,[H].[H],,[H],[H],[H],[H]C([H])[H],[H],[H],[H],[H]NC([H])([H])[H],[H],[H].[H]C([H])[H],[H].[H],[H].[H],[H],[H].[H],F,[H],[H],[H]C([H])[H]
EN300-52053202_37361,-9.541522385160699,2.0,0.3710308938227722,,R1=[H]C([H])([H])O | R2=[H] | R3=[H] | R5=[H].[H] | R7=[H].[H]C([H])[H] | R8=[H].[H]C([H])[H] | R10=[H] | R11=[H] | R12=[H] | R17=[H]C([H])[H] | R19=[H] | R21=[H] | R22=[H] | R23=[H]NC([H])([H])[H] | R24=[H] | R27=[H].[H]C([H])[H] | R29=[H].[H] | R30=[H].[H] | R32=[H] | R33=[H].[H] | R35=F | R36=[H] | R38=[H] | R39=[H]C([H])[H],CNc1ccn(-c2ccnc3c2cc([C@H](C)N2CC=C(c4c(C)cc(C(=O)N5Cc6ccc(OC)cc6[C@H](C)[C@@H]5C)cc4F)CC2)n3C)c(=O)c1,[H]C([H])([H])O,[H],[H],,[H].[H],,[H].[H]C([H])[H],[H].[H]C([H])[H],,[H],[H],[H],[H]C([H])[H],[H],[H],[H],[H]NC([H])([H])[H],[H],[H].[H]C([H])[H],[H].[H],[H].[H],[H],[H].[H],F,[H],[H],[H]C([H])[H]
EN300-27717776_31651,-9.534716210728671,2.0,0.37069956767100465,,R1=[H].[H]C([H])[H] | R3=[H].[H] | R4=[H].[H] | R6=[H] | R7=[H] | R8=Cl | R9=[H] | R11=[H] | R12=[H] | R17=[H]C([H])[H] | R19=[H] | R21=[H] | R22=[H] | R23=[H]NC([H])([H])[H] | R24=[H] | R27=[H].[H]C([H])[H] | R29=[H].[H] | R30=[H].[H] | R32=[H] | R33=[H].[H] | R35=F | R36=[H] | R38=[H] | R39=[H]C([H])[H],CNc1ccn(-c2ccnc3c2cc([C@H](C)N2CC=C(c4c(C)cc(C(=O)N5CCc6ccc(Cl)cc6[C@@H]5C)cc4F)CC2)n3C)c(=O)c1,[H].[H]C([H])[H],,[H].[H],[H].[H],,[H],[H],Cl,[H],,[H],[H],[H]C([H])[H],[H],[H],[H],[H]NC([H])([H])[H],[H],[H].[H]C([H])[H],[H].[H],[H].[H],[H],[H].[H],F,[H],[H],[H]C([H])[H]
EN300-384725_8952,-9.453893646809739,2.0,0.3667651064921602,,R1=[H]C([H])([H])O | R2=[H] | R4=[H].[H] | R6=[H].[H] | R7=[H].[H] | R9=[H] | R10=[H]O | R11=[H] | R12=[H] | R17=[H]C([H])[H] | R19=[H] | R21=[H] | R22=[H] | R23=[H]NC([H])([H])[H] | R24=[H] | R27=[H].[H]C([H])[H] | R29=[H].[H] | R30=[H].[H] | R32=[H] | R33=[H].[H] | R35=F | R36=[H] | R38=[H] | R39=[H]C([H])[H],CNc1ccn(-c2ccnc3c2cc([C@H](C)N2CC=C(c4c(C)cc(C(=O)N5CCc6cc(O)c(OC)cc6C5)cc4F)CC2)n3C)c(=O)c1,[H]C([H])([H])O,[H],,[H].[H],,[H].[H],[H].[H],,[H],[H]O,[H],[H],[H]C([H])[H],[H],[H],[H],[H]NC([H])([H])[H],[H],[H].[H]C([H])[H],[H].[H],[H].[H],[H],[H].[H],F,[H],[H],[H]C([H])[H]
LN02176516_2080,-9.447602765331412,2.0,0.3664588649210315,,R1=[H].[H]C([H])[N+]([H])([H])[H] | R3=[H].[H] | R4=[H].[H] | R7=[H] | R8=[H] | R9=[H] | R10=[H] | R11=[H] | R12=[H] | R17=[H]C([H])[H] | R19=[H] | R21=[H] | R22=[H] | R23=[H]NC([H])([H])[H] | R24=[H] | R27=[H].[H]C([H])[H] | R29=[H].[H] | R30=[H].[H] | R32=[H] | R33=[H].[H] | R35=F | R36=[H] | R38=[H] | R39=[H]C([H])[H],CNc1ccn(-c2ccnc3c2cc([C@H](C)N2CC=C(c4c(C)cc(C(=O)N5Cc6ccccc6C[C@H]5C[NH3+])cc4F)CC2)n3C)c(=O)c1,[H].[H]C([H])[N+]([H])([H])[H],,[H].[H],[H].[H],,,[H],[H],[H],[H],[H],[H],[H]C([H])[H],[H],[H],[H],[H]NC([H])([H])[H],[H],[H].[H]C([H])[H],[H].[H],[H].[H],[H],[H].[H],F,[H],[H],[H]C([H])[H]
EN300-52053202_37359,-9.433871116072082,2.0,0.36579040504655225,,R1=[H]C([H])([H])O | R2=[H] | R3=[H] | R5=[H].[H] | R7=[H].[H]C([H])[H] | R8=[H].[H]C([H])[H] | R10=[H] | R11=[H] | R12=[H] | R17=[H]C([H])[H] | R19=[H] | R21=[H] | R22=[H] | R23=[H]NC([H])([H])[H] | R24=[H] | R27=[H].[H]C([H])[H] | R29=[H].[H] | R30=[H].[H] | R32=[H] | R33=[H].[H] | R35=F | R36=[H] | R38=[H] | R39=[H]C([H])[H],CNc1ccn(-c2ccnc3c2cc([C@H](C)N2CC=C(c4c(C)cc(C(=O)N5Cc6ccc(OC)cc6[C@@H](C)[C@@H]5C)cc4F)CC2)n3C)c(=O)c1,[H]C([H])([H])O,[H],[H],,[H].[H],,[H].[H]C([H])[H],[H].[H]C([H])[H],,[H],[H],[H],[H]C([H])[H],[H],[H],[H],[H]NC([H])([H])[H],[H],[H].[H]C([H])[H],[H].[H],[H].[H],[H],[H].[H],F,[H],[H],[H]C([H])[H]
EN300-82527_31778,-9.375029551512373,2.0,0.36292598402057674,,R1=[H].[H]C([H])[H] | R3=[H].[H] | R4=[H].[H] | R6=[H] | R7=[H] | R8=[H] | R9=F | R11=[H] | R12=[H] | R17=[H]C([H])[H] | R19=[H] | R21=[H] | R22=[H] | R23=[H]NC([H])([H])[H] | R24=[H] | R27=[H].[H]C([H])[H] | R29=[H].[H] | R30=[H].[H] | R32=[H] | R33=[H].[H] | R35=F | R36=[H] | R38=[H] | R39=[H]C([H])[H],CNc1ccn(-c2ccnc3c2cc([C@H](C)N2CC=C(c4c(C)cc(C(=O)N5CCc6cccc(F)c6C5C)cc4F)CC2)n3C)c(=O)c1,[H].[H]C([H])[H],,[H].[H],[H].[H],,[H],[H],[H],F,,[H],[H],[H]C([H])[H],[H],[H],[H],[H]NC([H])([H])[H],[H],[H].[H]C([H])[H],[H].[H],[H].[H],[H],[H].[H],F,[H],[H],[H]C([H])[H]
EN300-1250801_26252,-9.34702704206142,2.0,0.36156281535822765,,R1=[H].[H]C([H])C([H])([H])[H] | R2=[H].[H] | R4=[H].[H] | R6=[H] | R7=[H] | R8=[H] | R9=[H] | R11=[H] | R12=[H] | R17=[H]C([H])[H] | R19=[H] | R21=[H] | R22=[H] | R23=[H]NC([H])([H])[H] | R24=[H] | R27=[H].[H]C([H])[H] | R29=[H].[H] | R30=[H].[H] | R32=[H] | R33=[H].[H] | R35=F | R36=[H] | R38=[H] | R39=[H]C([H])[H],CC[C@H]1CN(C(=O)c2cc(C)c(C3=CCN([C@@H](C)c4cc5c(-n6ccc(NC)cc6=O)ccnc5n4C)CC3)c(F)c2)Cc2ccccc21,[H].[H]C([H])C([H])([H])[H],[H].[H],,[H].[H],,[H],[H],[H],[H],,[H],[H],[H]C([H])[H],[H],[H],[H],[H]NC([H])([H])[H],[H],[H].[H]C([H])[H],[H].[H],[H].[H],[H],[H].[H],F,[H],[H],[H]C([H])[H]
EN300-119688_3525,-9.330460464536847,2.0,0.3607563505175164,,R1=[H]C([H])([H])O | R2=[H] | R3=[H] | R5=[H].[H] | R7=[H].[H] | R8=[H].[H] | R10=[H]C([H])([H])O | R11=[H] | R12=[H] | R17=[H]C([H])[H] | R19=[H] | R21=[H] | R22=[H] | R23=[H]NC([H])([H])[H] | R24=[H] | R27=[H].[H]C([H])[H] | R29=[H].[H] | R30=[H].[H] | R32=[H] | R33=[H].[H] | R35=F | R36=[H] | R38=[H] | R39=[H]C([H])[H],CNc1ccn(-c2ccnc3c2cc([C@H](C)N2CC=C(c4c(C)cc(C(=O)N5CCc6c(ccc(OC)c6OC)C5)cc4F)CC2)n3C)c(=O)c1,[H]C([H])([H])O,[H],[H],,[H].[H],,[H].[H],[H].[H],,[H]C([H])([H])O,[H],[H],[H]C([H])[H],[H],[H],[H],[H]NC([H])([H])[H],[H],[H].[H]C([H])[H],[H].[H],[H].[H],[H],[H].[H],F,[H],[H],[H]C([H])[H]
EN300-111976_9535,-9.318244697529193,2.0,0.36016168414304184,,R1=[H].[H]C([H])[H] | R3=[H].[H] | R4=[H].[H] | R6=[H] | R7=[H] | R8=[H]O | R9=[H] | R11=[H] | R12=[H] | R17=[H]C([H])[H] | R19=[H] | R21=[H] | R22=[H] | R23=[H]NC([H])([H])[H] | R24=[H] | R27=[H].[H]C([H])[H] | R29=[H].[H] | R30=[H].[H] | R32=[H] | R33=[H].[H] | R35=F | R36=[H] | R38=[H] | R39=[H]C([H])[H],CNc1ccn(-c2ccnc3c2cc([C@H](C)N2CC=C(c4c(C)cc(C(=O)N5CCc6ccc(O)cc6[C@H]5C)cc4F)CC2)n3C)c(=O)c1,[H].[H]C([H])[H],,[H].[H],[H].[H],,[H],[H],[H]O,[H],,[H],[H],[H]C([H])[H],[H],[H],[H],[H]NC([H])([H])[H],[H],[H].[H]C([H])[H],[H].[H],[H].[H],[H],[H].[H],F,[H],[H],[H]C([H])[H]
EN300-136405_21697,-9.305908695570704,2.0,0.3595611647032414,,R1=[H]C(C([H])([H])[H])C([H])([H])[H] | R2=[H] | R3=[H] | R5=[H].[H] | R7=[H].[H] | R8=[H].[H] | R10=[H] | R11=[H] | R12=[H] | R17=[H]C([H])[H] | R19=[H] | R21=[H] | R22=[H] | R23=[H]NC([H])([H])[H] | R24=[H] | R27=[H].[H]C([H])[H] | R29=[H].[H] | R30=[H].[H] | R32=[H] | R33=[H].[H] | R35=F | R36=[H] | R38=[H] | R39=[H]C([H])[H],CNc1ccn(-c2ccnc3c2cc([C@H](C)N2CC=C(c4c(C)cc(C(=O)N5CCc6cc(C(C)C)ccc6C5)cc4F)CC2)n3C)c(=O)c1,[H]C(C([H])([H])[H])C([H])([H])[H],[H],[H],,[H].[H],,[H].[H],[H].[H],,[H],[H],[H],[H]C([H])[H],[H],[H],[H],[H]NC([H])([H])[H],[H],[H].[H]C([H])[H],[H].[H],[H].[H],[H],[H].[H],F,[H],[H],[H]C([H])[H]
EN300-264342_38897,-9.303476352231876,2.0,0.35944275766470896,,R1=[H].[H]C([H])C([H])([H])[H] | R3=[H].[H] | R4=[H].[H] | R6=[H]C([H])([H])O | R7=[H]C([H])([H])O | R8=[H] | R9=[H] | R11=[H] | R12=[H] | R17=[H]C([H])[H] | R19=[H] | R21=[H] | R22=[H] | R23=[H]NC([H])([H])[H] | R24=[H] | R27=[H].[H]C([H])[H] | R29=[H].[H] | R30=[H].[H] | R32=[H] | R33=[H].[H] | R35=F | R36=[H] | R38=[H] | R39=[H]C([H])[H],CC[C@@H]1c2ccc(OC)c(OC)c2CCN1C(=O)c1cc(C)c(C2=CCN([C@@H](C)c3cc4c(-n5ccc(NC)cc5=O)ccnc4n3C)CC2)c(F)c1,[H].[H]C([H])C([H])([H])[H],,[H].[H],[H].[H],,[H]C([H])([H])O,[H]C([H])([H])O,[H],[H],,[H],[H],[H]C([H])[H],[H],[H],[H],[H]NC([H])([H])[H],[H],[H].[H]C([H])[H],[H].[H],[H].[H],[H],[H].[H],F,[H],[H],[H]C([H])[H]
LN04669076_5652,-9.27072029973262,2.0,0.3578481854229798,,R1=Br | R2=[H]C([H])[H] | R3=[H] | R4=[H] | R7=[H].[H] | R8=[H].[H] | R10=[H].[H] | R11=[H] | R12=[H] | R17=[H]C([H])[H] | R19=[H] | R21=[H] | R22=[H] | R23=[H]NC([H])([H])[H] | R24=[H] | R27=[H].[H]C([H])[H] | R29=[H].[H] | R30=[H].[H] | R32=[H] | R33=[H].[H] | R35=F | R36=[H] | R38=[H] | R39=[H]C([H])[H],CNc1ccn(-c2ccnc3c2cc([C@H](C)N2CC=C(c4c(C)cc(C(=O)N5CCc6cc(C)c(Br)cc6C5)cc4F)CC2)n3C)c(=O)c1,Br,[H]C([H])[H],[H],[H],,,[H].[H],[H].[H],,[H].[H],[H],[H],[H]C([H])[H],[H],[H],[H],[H]NC([H])([H])[H],[H],[H].[H]C([H])[H],[H].[H],[H].[H],[H],[H].[H],F,[H],[H],[H]C([H])[H]
EN300-37136915_15234,-9.269886079423799,2.0,0.35780757538463764,,R1=[H]C([H])[H] | R2=[H] | R3=[H] | R5=[H].[H] | R7=[H].[H] | R8=[H].[H] | R10=Br | R11=[H] | R12=[H] | R17=[H]C([H])[H] | R19=[H] | R21=[H] | R22=[H] | R23=[H]NC([H])([H])[H] | R24=[H] | R27=[H].[H]C([H])[H] | R29=[H].[H] | R30=[H].[H] | R32=[H] | R33=[H].[H] | R35=F | R36=[H] | R38=[H] | R39=[H]C([H])[H],CNc1ccn(-c2ccnc3c2cc([C@H](C)N2CC=C(c4c(C)cc(C(=O)N5CCc6c(ccc(C)c6Br)C5)cc4F)CC2)n3C)c(=O)c1,[H]C([H])[H],[H],[H],,[H].[H],,[H].[H],[H].[H],,Br,[H],[H],[H]C([H])[H],[H],[H],[H],[H]NC([H])([H])[H],[H],[H].[H]C([H])[H],[H].[H],[H].[H],[H],[H].[H],F,[H],[H],[H]C([H])[H]
EN300-39879237_30306,-9.259280552061375,2.0,0.3572912958499958,,R1=[H].[H]C([H])[H] | R3=[H].[H] | R4=[H].[H] | R6=[H] | R7=F | R8=[H] | R9=F | R11=[H] | R12=[H] | R17=[H]C([H])[H] | R19=[H] | R21=[H] | R22=[H] | R23=[H]NC([H])([H])[H] | R24=[H] | R27=[H].[H]C([H])[H] | R29=[H].[H] | R30=[H].[H] | R32=[H] | R33=[H].[H] | R35=F | R36=[H] | R38=[H] | R39=[H]C([H])[H],CNc1ccn(-c2ccnc3c2cc([C@H](C)N2CC=C(c4c(C)cc(C(=O)N5CCc6cc(F)cc(F)c6[C@@H]5C)cc4F)CC2)n3C)c(=O)c1,[H].[H]C([H])[H],,[H].[H],[H].[H],,[H],F,[H],F,,[H],[H],[H]C([H])[H],[H],[H],[H],[H]NC([H])([H])[H],[H],[H].[H]C([H])[H],[H].[H],[H].[H],[H],[H].[H],F,[H],[H],[H]C([H])[H]
EN300-1721502_18153,-9.198289469622475,2.0,0.35432223579453603,,R1=[H].[H]C([H])[H] | R2=[H].[H] | R4=[H] | R5=Br | R6=[H] | R7=[H] | R9=[H].[H] | R11=[H] | R12=[H] | R17=[H]C([H])[H] | R19=[H] | R21=[H] | R22=[H] | R23=[H]NC([H])([H])[H] | R24=[H] | R27=[H].[H]C([H])[H] | R29=[H].[H] | R30=[H].[H] | R32=[H] | R33=[H].[H] | R35=F | R36=[H] | R38=[H] | R39=[H]C([H])[H],CNc1ccn(-c2ccnc3c2cc([C@H](C)N2CC=C(c4c(C)cc(C(=O)N5Cc6ccc(Br)cc6C[C@@H]5C)cc4F)CC2)n3C)c(=O)c1,[H].[H]C([H])[H],[H].[H],,[H],Br,[H],[H],,[H].[H],,[H],[H],[H]C([H])[H],[H],[H],[H],[H]NC([H])([H])[H],[H],[H].[H]C([H])[H],[H].[H],[H].[H],[H],[H].[H],F,[H],[H],[H]C([H])[H]
EN300-7430760_46992,-9.17031693123724,2.0,0.35296052613062545,,R1=[H]C([H])([H])O | R2=[H] | R3=Br | R5=[H].[H] | R6=[H].[H] | R8=[H].[H] | R10=[H]C([H])([H])O | R11=[H] | R12=[H] | R17=[H]C([H])[H] | R19=[H] | R21=[H] | R22=[H] | R23=[H]NC([H])([H])[H] | R24=[H] | R27=[H].[H]C([H])[H] | R29=[H].[H] | R30=[H].[H] | R32=[H] | R33=[H].[H] | R35=F | R36=[H] | R38=[H] | R39=[H]C([H])[H],CNc1ccn(-c2ccnc3c2cc([C@H](C)N2CC=C(c4c(C)cc(C(=O)N5CCc6c(Br)cc(OC)c(OC)c6C5)cc4F)CC2)n3C)c(=O)c1,[H]C([H])([H])O,[H],Br,,[H].[H],[H].[H],,[H].[H],,[H]C([H])([H])O,[H],[H],[H]C([H])[H],[H],[H],[H],[H]NC([H])([H])[H],[H],[H].[H]C([H])[H],[H].[H],[H].[H],[H],[H].[H],F,[H],[H],[H]C([H])[H]
EN300-201237_5076,-9.162502788266643,2.0,0.3525801318363465,,R1=[H]C([H])[H] | R2=[H] | R3=F | R4=[H] | R6=[H].[H] | R7=[H].[H] | R9=[H].[H] | R11=[H] | R12=[H] | R17=[H]C([H])[H] | R19=[H] | R21=[H] | R22=[H] | R23=[H]NC([H])([H])[H] | R24=[H] | R27=[H].[H]C([H])[H] | R29=[H].[H] | R30=[H].[H] | R32=[H] | R33=[H].[H] | R35=F | R36=[H] | R38=[H] | R39=[H]C([H])[H],CNc1ccn(-c2ccnc3c2cc([C@H](C)N2CC=C(c4c(C)cc(C(=O)N5CCc6cc(F)cc(C)c6C5)cc4F)CC2)n3C)c(=O)c1,[H]C([H])[H],[H],F,[H],,[H].[H],[H].[H],,[H].[H],,[H],[H],[H]C([H])[H],[H],[H],[H],[H]NC([H])([H])[H],[H],[H].[H]C([H])[H],[H].[H],[H].[H],[H],[H].[H],F,[H],[H],[H]C([H])[H]
EN300-8097500_19494,-9.140947218251066,2.0,0.3515308016827125,,R1=[H].[H]C([H])[H] | R2=[H].[H] | R4=[H] | R5=Br | R6=[H] | R7=F | R9=[H].[H] | R11=[H] | R12=[H] | R17=[H]C([H])[H] | R19=[H] | R21=[H] | R22=[H] | R23=[H]NC([H])([H])[H] | R24=[H] | R27=[H].[H]C([H])[H] | R29=[H].[H] | R30=[H].[H] | R32=[H] | R33=[H].[H] | R35=F | R36=[H] | R38=[H] | R39=[H]C([H])[H],CNc1ccn(-c2ccnc3c2cc([C@H](C)N2CC=C(c4c(C)cc(C(=O)N5Cc6c(F)cc(Br)cc6C[C@@H]5C)cc4F)CC2)n3C)c(=O)c1,[H].[H]C([H])[H],[H].[H],,[H],Br,[H],F,,[H].[H],,[H],[H],[H]C([H])[H],[H],[H],[H],[H]NC([H])([H])[H],[H],[H].[H]C([H])[H],[H].[H],[H].[H],[H],[H].[H],F,[H],[H],[H]C([H])[H]
EN300-52053202_37360,-9.110514573708768,2.0,0.35004933347983114,,R1=[H]C([H])([H])O | R2=[H] | R3=[H] | R5=[H].[H] | R7=[H].[H]C([H])[H] | R8=[H].[H]C([H])[H] | R10=[H] | R11=[H] | R12=[H] | R17=[H]C([H])[H] | R19=[H] | R21=[H] | R22=[H] | R23=[H]NC([H])([H])[H] | R24=[H] | R27=[H].[H]C([H])[H] | R29=[H].[H] | R30=[H].[H] | R32=[H] | R33=[H].[H] | R35=F | R36=[H] | R38=[H] | R39=[H]C([H])[H],CNc1ccn(-c2ccnc3c2cc([C@H](C)N2CC=C(c4c(C)cc(C(=O)N5Cc6ccc(OC)cc6[C@H](C)[C@H]5C)cc4F)CC2)n3C)c(=O)c1,[H]C([H])([H])O,[H],[H],,[H].[H],,[H].[H]C([H])[H],[H].[H]C([H])[H],,[H],[H],[H],[H]C([H])[H],[H],[H],[H],[H]NC([H])([H])[H],[H],[H].[H]C([H])[H],[H].[H],[H].[H],[H],[H].[H],F,[H],[H],[H]C([H])[H]
LN04958212_487,-9.028585672540903,2.0,0.34606101554681357,,R1=Br | R2=F | R3=[H] | R5=[H] | R7=[H].[H] | R8=[H].[H] | R10=[H].[H] | R11=[H] | R12=[H] | R17=[H]C([H])[H] | R19=[H] | R21=[H] | R22=[H] | R23=[H]NC([H])([H])[H] | R24=[H] | R27=[H].[H]C([H])[H] | R29=[H].[H] | R30=[H].[H] | R32=[H] | R33=[H].[H] | R35=F | R36=[H] | R38=[H] | R39=[H]C([H])[H],CNc1ccn(-c2ccnc3c2cc([C@H](C)N2CC=C(c4c(C)cc(C(=O)N5CCc6ccc(Br)c(F)c6C5)cc4F)CC2)n3C)c(=O)c1,Br,F,[H],,[H],,[H].[H],[H].[H],,[H].[H],[H],[H],[H]C([H])[H],[H],[H],[H],[H]NC([H])([H])[H],[H],[H].[H]C([H])[H],[H].[H],[H].[H],[H],[H].[H],F,[H],[H],[H]C([H])[H]
EN300-7549593_17654,-8.869781453734664,2.0,0.338330389300453,,R1=[H]C([H])[H].[H]C([H])[H] | R2=[H].[H] | R4=[H].[H] | R6=[H] | R7=[H] | R8=F | R9=[H] | R11=[H] | R12=[H] | R17=[H]C([H])[H] | R19=[H] | R21=[H] | R22=[H] | R23=[H]NC([H])([H])[H] | R24=[H] | R27=[H].[H]C([H])[H] | R29=[H].[H] | R30=[H].[H] | R32=[H] | R33=[H].[H] | R35=F | R36=[H] | R38=[H] | R39=[H]C([H])[H],CNc1ccn(-c2ccnc3c2cc([C@H](C)N2CC=C(c4c(C)cc(C(=O)N5Cc6ccc(F)cc6C(C)(C)C5)cc4F)CC2)n3C)c(=O)c1,[H]C([H])[H].[H]C([H])[H],[H].[H],,[H].[H],,[H],[H],F,[H],,[H],[H],[H]C([H])[H],[H],[H],[H],[H]NC([H])([H])[H],[H],[H].[H]C([H])[H],[H].[H],[H].[H],[H],[H].[H],F,[H],[H],[H]C([H])[H]
EN300-45212292_31126,-8.868496694596079,2.0,0.3382678469272613,,R1=[H]C([H])[H].[H]C([H])[H] | R2=[H].[H] | R4=[H] | R5=[H] | R6=[H] | R7=Br | R9=[H].[H] | R11=[H] | R12=[H] | R17=[H]C([H])[H] | R19=[H] | R21=[H] | R22=[H] | R23=[H]NC([H])([H])[H] | R24=[H] | R27=[H].[H]C([H])[H] | R29=[H].[H] | R30=[H].[H] | R32=[H] | R33=[H].[H] | R35=F | R36=[H] | R38=[H] | R39=[H]C([H])[H],CNc1ccn(-c2ccnc3c2cc([C@H](C)N2CC=C(c4c(C)cc(C(=O)N5Cc6c(Br)cccc6CC5(C)C)cc4F)CC2)n3C)c(=O)c1,[H]C([H])[H].[H]C([H])[H],[H].[H],,[H],[H],[H],Br,,[H].[H],,[H],[H],[H]C([H])[H],[H],[H],[H],[H]NC([H])([H])[H],[H],[H].[H]C([H])[H],[H].[H],[H].[H],[H],[H].[H],F,[H],[H],[H]C([H])[H]
EN300-57858_25174,-8.862052957796612,2.0,0.3379541643236059,,R1=[H]C([H])([H])C(C([H])([H])[H])C([H])([H])[H] | R2=[H] | R3=[H] | R5=[H].[H] | R7=[H].[H] | R8=[H].[H] | R10=[H] | R11=[H] | R12=[H] | R17=[H]C([H])[H] | R19=[H] | R21=[H] | R22=[H] | R23=[H]NC([H])([H])[H] | R24=[H] | R27=[H].[H]C([H])[H] | R29=[H].[H] | R30=[H].[H] | R32=[H] | R33=[H].[H] | R35=F | R36=[H] | R38=[H] | R39=[H]C([H])[H],CNc1ccn(-c2ccnc3c2cc([C@H](C)N2CC=C(c4c(C)cc(C(=O)N5CCc6cc(C(C)(C)C)ccc6C5)cc4F)CC2)n3C)c(=O)c1,[H]C([H])([H])C(C([H])([H])[H])C([H])([H])[H],[H],[H],,[H].[H],,[H].[H],[H].[H],,[H],[H],[H],[H]C([H])[H],[H],[H],[H],[H]NC([H])([H])[H],[H],[H].[H]C([H])[H],[H].[H],[H].[H],[H],[H].[H],F,[H],[H],[H]C([H])[H]
EN300-45485655_32637,-8.85691646308514,2.0,0.33770411856834015,,R1=[H].[H]C([H])[H] | R3=[H].[H] | R4=[H].[H] | R6=Br | R7=[H] | R8=[H] | R9=F | R11=[H] | R12=[H] | R17=[H]C([H])[H] | R19=[H] | R21=[H] | R22=[H] | R23=[H]NC([H])([H])[H] | R24=[H] | R27=[H].[H]C([H])[H] | R29=[H].[H] | R30=[H].[H] | R32=[H] | R33=[H].[H] | R35=F | R36=[H] | R38=[H] | R39=[H]C([H])[H],CNc1ccn(-c2ccnc3c2cc([C@H](C)N2CC=C(c4c(C)cc(C(=O)N5CCc6c(Br)ccc(F)c6[C@@H]5C)cc4F)CC2)n3C)c(=O)c1,[H].[H]C([H])[H],,[H].[H],[H].[H],,Br,[H],[H],F,,[H],[H],[H]C([H])[H],[H],[H],[H],[H]NC([H])([H])[H],[H],[H].[H]C([H])[H],[H].[H],[H].[H],[H],[H].[H],F,[H],[H],[H]C([H])[H]
EN300-1587469_24124,-8.832239435994383,2.0,0.33650283515947355,,R1=[H]C([H])[H] | R2=[H] | R3=Cl | R5=[H].[H] | R7=[H].[H] | R8=[H].[H] | R10=[H] | R11=[H] | R12=[H] | R17=[H]C([H])[H] | R19=[H] | R21=[H] | R22=[H] | R23=[H]NC([H])([H])[H] | R24=[H] | R27=[H].[H]C([H])[H] | R29=[H].[H] | R30=[H].[H] | R32=[H] | R33=[H].[H] | R35=F | R36=[H] | R38=[H] | R39=[H]C([H])[H],CNc1ccn(-c2ccnc3c2cc([C@H](C)N2CC=C(c4c(C)cc(C(=O)N5CCc6cc(C)cc(Cl)c6C5)cc4F)CC2)n3C)c(=O)c1,[H]C([H])[H],[H],Cl,,[H].[H],,[H].[H],[H].[H],,[H],[H],[H],[H]C([H])[H],[H],[H],[H],[H]NC([H])([H])[H],[H],[H].[H]C([H])[H],[H].[H],[H].[H],[H],[H].[H],F,[H],[H],[H]C([H])[H]
EN300-7472637_17346,-8.827195516261524,2.0,0.33625729597566284,,R1=[H]C([H])[H].[H]C([H])[H] | R2=[H].[H] | R4=[H].[H] | R6=F | R7=[H] | R8=[H] | R9=[H] | R11=[H] | R12=[H] | R17=[H]C([H])[H] | R19=[H] | R21=[H] | R22=[H] | R23=[H]NC([H])([H])[H] | R24=[H] | R27=[H].[H]C([H])[H] | R29=[H].[H] | R30=[H].[H] | R32=[H] | R33=[H].[H] | R35=F | R36=[H] | R38=[H] | R39=[H]C([H])[H],CNc1ccn(-c2ccnc3c2cc([C@H](C)N2CC=C(c4c(C)cc(C(=O)N5Cc6c(F)cccc6C(C)(C)C5)cc4F)CC2)n3C)c(=O)c1,[H]C([H])[H].[H]C([H])[H],[H].[H],,[H].[H],,F,[H],[H],[H],,[H],[H],[H]C([H])[H],[H],[H],[H],[H]NC([H])([H])[H],[H],[H].[H]C([H])[H],[H].[H],[H].[H],[H],[H].[H],F,[H],[H],[H]C([H])[H]
EN300-105291_3158,-8.822359963556714,2.0,0.33602190014716116,,R1=[H].[H]C([H])[H] | R3=[H].[H] | R4=[H].[H] | R6=Cl | R7=[H] | R8=Cl | R9=[H] | R11=[H] | R12=[H] | R17=[H]C([H])[H] | R19=[H] | R21=[H] | R22=[H] | R23=[H]NC([H])([H])[H] | R24=[H] | R27=[H].[H]C([H])[H] | R29=[H].[H] | R30=[H].[H] | R32=[H] | R33=[H].[H] | R35=F | R36=[H] | R38=[H] | R39=[H]C([H])[H],CNc1ccn(-c2ccnc3c2cc([C@H](C)N2CC=C(c4c(C)cc(C(=O)N5CCc6c(Cl)cc(Cl)cc6[C@H]5C)cc4F)CC2)n3C)c(=O)c1,[H].[H]C([H])[H],,[H].[H],[H].[H],,Cl,[H],Cl,[H],,[H],[H],[H]C([H])[H],[H],[H],[H],[H]NC([H])([H])[H],[H],[H].[H]C([H])[H],[H].[H],[H].[H],[H],[H].[H],F,[H],[H],[H]C([H])[H]
LN05488204_2351,-8.736385662403265,2.0,0.3318366512034898,,R1=Br | R2=[H] | R3=[H] | R5=[H] | R7=[H].[H] | R8=FC(F)F.[H] | R9=[H].[H] | R11=[H] | R12=[H] | R17=[H]C([H])[H] | R19=[H] | R21=[H] | R22=[H] | R23=[H]NC([H])([H])[H] | R24=[H] | R27=[H].[H]C([H])[H] | R29=[H].[H] | R30=[H].[H] | R32=[H] | R33=[H].[H] | R35=F | R36=[H] | R38=[H] | R39=[H]C([H])[H],CNc1ccn(-c2ccnc3c2cc([C@H](C)N2CC=C(c4c(C)cc(C(=O)N5CCc6cc(Br)ccc6[C@H]5C(F)(F)F)cc4F)CC2)n3C)c(=O)c1,Br,[H],[H],,[H],,[H].[H],FC(F)F.[H],[H].[H],,[H],[H],[H]C([H])[H],[H],[H],[H],[H]NC([H])([H])[H],[H],[H].[H]C([H])[H],[H].[H],[H].[H],[H],[H].[H],F,[H],[H],[H]C([H])[H]
LN00002320_573,-8.711910517615639,2.0,0.3306451954720173,,R1=C#N | R2=[H] | R3=[H] | R5=[H] | R7=[H].[H] | R8=[H].[H] | R10=[H].[H] | R11=[H] | R12=[H] | R17=[H]C([H])[H] | R19=[H] | R21=[H] | R22=[H] | R23=[H]NC([H])([H])[H] | R24=[H] | R27=[H].[H]C([H])[H] | R29=[H].[H] | R30=[H].[H] | R32=[H] | R33=[H].[H] | R35=F | R36=[H] | R38=[H] | R39=[H]C([H])[H],CNc1ccn(-c2ccnc3c2cc([C@H](C)N2CC=C(c4c(C)cc(C(=O)N5CCc6ccc(C#N)cc6C5)cc4F)CC2)n3C)c(=O)c1,C#N,[H],[H],,[H],,[H].[H],[H].[H],,[H].[H],[H],[H],[H]C([H])[H],[H],[H],[H],[H]NC([H])([H])[H],[H],[H].[H]C([H])[H],[H].[H],[H].[H],[H],[H].[H],F,[H],[H],[H]C([H])[H]
EN300-155058_14657,-8.693022336722901,2.0,0.3297257144402599,,R1=FC(F)F.[H] | R2=[H].[H] | R4=[H].[H] | R6=[H] | R7=[H] | R8=[H] | R9=[H] | R11=[H] | R12=[H] | R17=[H]C([H])[H] | R19=[H] | R21=[H] | R22=[H] | R23=[H]NC([H])([H])[H] | R24=[H] | R27=[H].[H]C([H])[H] | R29=[H].[H] | R30=[H].[H] | R32=[H] | R33=[H].[H] | R35=F | R36=[H] | R38=[H] | R39=[H]C([H])[H],CNc1ccn(-c2ccnc3c2cc([C@H](C)N2CC=C(c4c(C)cc(C(=O)N5Cc6ccccc6[C@@H](C(F)(F)F)C5)cc4F)CC2)n3C)c(=O)c1,FC(F)F.[H],[H].[H],,[H].[H],,[H],[H],[H],[H],,[H],[H],[H]C([H])[H],[H],[H],[H],[H]NC([H])([H])[H],[H],[H].[H]C([H])[H],[H].[H],[H].[H],[H],[H].[H],F,[H],[H],[H]C([H])[H]
EN300-26682710_17939,-8.67374863366185,2.0,0.32878746609982934,,R1=[H].[H]C([H])[H] | R2=[H].[H] | R4=Cl | R5=Br | R6=[H] | R7=F | R9=[H].[H] | R11=[H] | R12=[H] | R17=[H]C([H])[H] | R19=[H] | R21=[H] | R22=[H] | R23=[H]NC([H])([H])[H] | R24=[H] | R27=[H].[H]C([H])[H] | R29=[H].[H] | R30=[H].[H] | R32=[H] | R33=[H].[H] | R35=F | R36=[H] | R38=[H] | R39=[H]C([H])[H],CNc1ccn(-c2ccnc3c2cc([C@H](C)N2CC=C(c4c(C)cc(C(=O)N5Cc6c(F)cc(Br)c(Cl)c6C[C@@H]5C)cc4F)CC2)n3C)c(=O)c1,[H].[H]C([H])[H],[H].[H],,Cl,Br,[H],F,,[H].[H],,[H],[H],[H]C([H])[H],[H],[H],[H],[H]NC([H])([H])[H],[H],[H].[H]C([H])[H],[H].[H],[H].[H],[H],[H].[H],F,[H],[H],[H]C([H])[H]
EN300-28315963_27504,-8.668438202532517,2.0,0.3285289530793535,,R1=[H]C([H])([H])O | R2=[H] | R3=[H] | R5=[H].[H] | R6=[H].[H] | R8=[H].[H]C(F)F | R10=[H] | R11=[H] | R12=[H] | R17=[H]C([H])[H] | R19=[H] | R21=[H] | R22=[H] | R23=[H]NC([H])([H])[H] | R24=[H] | R27=[H].[H]C([H])[H] | R29=[H].[H] | R30=[H].[H] | R32=[H] | R33=[H].[H] | R35=F | R36=[H] | R38=[H] | R39=[H]C([H])[H],CNc1ccn(-c2ccnc3c2cc([C@H](C)N2CC=C(c4c(C)cc(C(=O)N5CCc6ccc(OC)cc6[C@@H]5C(F)F)cc4F)CC2)n3C)c(=O)c1,[H]C([H])([H])O,[H],[H],,[H].[H],[H].[H],,[H].[H]C(F)F,,[H],[H],[H],[H]C([H])[H],[H],[H],[H],[H]NC([H])([H])[H],[H],[H].[H]C([H])[H],[H].[H],[H].[H],[H],[H].[H],F,[H],[H],[H]C([H])[H]
EN300-7419805_25778,-8.580883369522684,2.0,0.32426676347790856,,R1=[H]C([H])[H].[H]C([H])[H] | R2=[H].[H] | R4=[H].[H] | R6=[H] | R7=[H] | R8=[H] | R9=Br | R11=[H] | R12=[H] | R17=[H]C([H])[H] | R19=[H] | R21=[H] | R22=[H] | R23=[H]NC([H])([H])[H] | R24=[H] | R27=[H].[H]C([H])[H] | R29=[H].[H] | R30=[H].[H] | R32=[H] | R33=[H].[H] | R35=F | R36=[H] | R38=[H] | R39=[H]C([H])[H],CNc1ccn(-c2ccnc3c2cc([C@H](C)N2CC=C(c4c(C)cc(C(=O)N5Cc6cccc(Br)c6C(C)(C)C5)cc4F)CC2)n3C)c(=O)c1,[H]C([H])[H].[H]C([H])[H],[H].[H],,[H].[H],,[H],[H],[H],Br,,[H],[H],[H]C([H])[H],[H],[H],[H],[H]NC([H])([H])[H],[H],[H].[H]C([H])[H],[H].[H],[H].[H],[H],[H].[H],F,[H],[H],[H]C([H])[H]
EN300-26979756_14695,-8.54340919149098,2.0,0.3224425117896952,,R1=[H]C([H])[H].[H]C([H])[H] | R2=[H].[H] | R4=[H].[H] | R6=Br | R7=F | R8=[H] | R9=[H] | R11=[H] | R12=[H] | R17=[H]C([H])[H] | R19=[H] | R21=[H] | R22=[H] | R23=[H]NC([H])([H])[H] | R24=[H] | R27=[H].[H]C([H])[H] | R29=[H].[H] | R30=[H].[H] | R32=[H] | R33=[H].[H] | R35=F | R36=[H] | R38=[H] | R39=[H]C([H])[H],CNc1ccn(-c2ccnc3c2cc([C@H](C)N2CC=C(c4c(C)cc(C(=O)N5Cc6c(ccc(F)c6Br)C(C)(C)C5)cc4F)CC2)n3C)c(=O)c1,[H]C([H])[H].[H]C([H])[H],[H].[H],,[H].[H],,Br,F,[H],[H],,[H],[H],[H]C([H])[H],[H],[H],[H],[H]NC([H])([H])[H],[H],[H].[H]C([H])[H],[H].[H],[H].[H],[H],[H].[H],F,[H],[H],[H]C([H])[H]
EN300-46821248_33922,-8.368606837911694,2.0,0.3139330926277621,,R1=[H]C([H])([H])O | R2=[H] | R3=[H] | R5=[H].[H] | R6=[H].[H] | R8=FC(F)F.[H] | R10=[H] | R11=[H] | R12=[H] | R17=[H]C([H])[H] | R19=[H] | R21=[H] | R22=[H] | R23=[H]NC([H])([H])[H] | R24=[H] | R27=[H].[H]C([H])[H] | R29=[H].[H] | R30=[H].[H] | R32=[H] | R33=[H].[H] | R35=F | R36=[H] | R38=[H] | R39=[H]C([H])[H],CNc1ccn(-c2ccnc3c2cc([C@H](C)N2CC=C(c4c(C)cc(C(=O)N5CCc6ccc(OC)cc6[C@@H]5C(F)(F)F)cc4F)CC2)n3C)c(=O)c1,[H]C([H])([H])O,[H],[H],,[H].[H],[H].[H],,FC(F)F.[H],,[H],[H],[H],[H]C([H])[H],[H],[H],[H],[H]NC([H])([H])[H],[H],[H].[H]C([H])[H],[H].[H],[H].[H],[H],[H].[H],F,[H],[H],[H]C([H])[H]
EN300-1245029_10434,-8.26636429966847,2.0,0.30895590212502133,,R1=[H]C([H])[H] | R2=[H] | R3=[H] | R4=[H] | R6=[H].[H] | R7=[H].[H] | R9=[H].[H]C([H])[H] | R11=[H] | R12=[H] | R17=[H]C([H])[H] | R19=[H] | R21=[H] | R22=[H] | R23=[H]NC([H])([H])[H] | R24=[H] | R27=[H].[H]C([H])[H] | R29=[H].[H] | R30=[H].[H] | R32=[H] | R33=[H].[H] | R35=F | R36=[H] | R38=[H] | R39=[H]C([H])[H],CNc1ccn(-c2ccnc3c2cc([C@H](C)N2CC=C(c4c(C)cc(C(=O)N5CCc6cccc(C)c6[C@@H]5C)cc4F)CC2)n3C)c(=O)c1,[H]C([H])[H],[H],[H],[H],,[H].[H],[H].[H],,[H].[H]C([H])[H],,[H],[H],[H]C([H])[H],[H],[H],[H],[H]NC([H])([H])[H],[H],[H].[H]C([H])[H],[H].[H],[H].[H],[H],[H].[H],F,[H],[H],[H]C([H])[H]
EN300-102037_2488,-8.243200206792121,2.0,0.30782826870502045,,R1=[H].[H]C([H])[H] | R3=[H].[H] | R4=[H].[H] | R6=[H] | R7=Cl | R8=[H] | R9=Cl | R11=[H] | R12=[H] | R17=[H]C([H])[H] | R19=[H] | R21=[H] | R22=[H] | R23=[H]NC([H])([H])[H] | R24=[H] | R27=[H].[H]C([H])[H] | R29=[H].[H] | R30=[H].[H] | R32=[H] | R33=[H].[H] | R35=F | R36=[H] | R38=[H] | R39=[H]C([H])[H],CNc1ccn(-c2ccnc3c2cc([C@H](C)N2CC=C(c4c(C)cc(C(=O)N5CCc6cc(Cl)cc(Cl)c6[C@@H]5C)cc4F)CC2)n3C)c(=O)c1,[H].[H]C([H])[H],,[H].[H],[H].[H],,[H],Cl,[H],Cl,,[H],[H],[H]C([H])[H],[H],[H],[H],[H]NC([H])([H])[H],[H],[H].[H]C([H])[H],[H].[H],[H].[H],[H],[H].[H],F,[H],[H],[H]C([H])[H]
EN300-3078225_30865,-8.219043429399433,2.0,0.30665231117225955,,R1=[H].[H]C([H])[H] | R3=[H].[H] | R4=[H].[H] | R6=Br | R7=[H] | R8=F | R9=[H] | R11=[H] | R12=[H] | R17=[H]C([H])[H] | R19=[H] | R21=[H] | R22=[H] | R23=[H]NC([H])([H])[H] | R24=[H] | R27=[H].[H]C([H])[H] | R29=[H].[H] | R30=[H].[H] | R32=[H] | R33=[H].[H] | R35=F | R36=[H] | R38=[H] | R39=[H]C([H])[H],CNc1ccn(-c2ccnc3c2cc([C@H](C)N2CC=C(c4c(C)cc(C(=O)N5CCc6c(Br)cc(F)cc6[C@H]5C)cc4F)CC2)n3C)c(=O)c1,[H].[H]C([H])[H],,[H].[H],[H].[H],,Br,[H],F,[H],,[H],[H],[H]C([H])[H],[H],[H],[H],[H]NC([H])([H])[H],[H],[H].[H]C([H])[H],[H].[H],[H].[H],[H],[H].[H],F,[H],[H],[H]C([H])[H]
EN300-99463_14620,-8.202315653111265,2.0,0.3058379991383057,,R1=[H].[H]C([H])[H] | R3=[H].[H] | R4=[H].[H] | R6=[H] | R7=[H] | R8=[H] | R9=[H] | R11=[H] | R12=[H] | R17=[H]C([H])[H] | R19=[H] | R21=[H] | R22=[H] | R23=[H]NC([H])([H])[H] | R24=[H] | R27=[H].[H]C([H])[H] | R29=[H].[H] | R30=[H].[H] | R32=[H] | R33=[H].[H] | R35=F | R36=[H] | R38=[H] | R39=[H]C([H])[H],CNc1ccn(-c2ccnc3c2cc([C@H](C)N2CC=C(c4c(C)cc(C(=O)N5CCc6ccccc6[C@@H]5C)cc4F)CC2)n3C)c(=O)c1,[H].[H]C([H])[H],,[H].[H],[H].[H],,[H],[H],[H],[H],,[H],[H],[H]C([H])[H],[H],[H],[H],[H]NC([H])([H])[H],[H],[H].[H]C([H])[H],[H].[H],[H].[H],[H],[H].[H],F,[H],[H],[H]C([H])[H]
EN300-205157_23543,-8.12153362864314,2.0,0.3019055114293401,,R1=[H]C([H])([H])N(S(=O)=O)C([H])([H])[H] | R2=[H] | R3=[H] | R4=[H] | R6=[H].[H] | R8=[H].[H] | R9=[H].[H] | R11=[H] | R12=[H] | R17=[H]C([H])[H] | R19=[H] | R21=[H] | R22=[H] | R23=[H]NC([H])([H])[H] | R24=[H] | R27=[H].[H]C([H])[H] | R29=[H].[H] | R30=[H].[H] | R32=[H] | R33=[H].[H] | R35=F | R36=[H] | R38=[H] | R39=[H]C([H])[H],CNc1ccn(-c2ccnc3c2cc([C@H](C)N2CC=C(c4c(C)cc(C(=O)N5CCc6c(cccc6S(=O)(=O)N(C)C)C5)cc4F)CC2)n3C)c(=O)c1,[H]C([H])([H])N(S(=O)=O)C([H])([H])[H],[H],[H],[H],,[H].[H],,[H].[H],[H].[H],,[H],[H],[H]C([H])[H],[H],[H],[H],[H]NC([H])([H])[H],[H],[H].[H]C([H])[H],[H].[H],[H].[H],[H],[H].[H],F,[H],[H],[H]C([H])[H]
EN300-395850_9079,-8.113586409602119,2.0,0.30151863896105224,,R1=[H]C([H])([H])O | R2=[H] | R3=[H] | R4=[H]C([H])([H])O | R6=[H].[H] | R8=[H].[H] | R9=[H].[H] | R11=[H] | R12=[H] | R17=[H]C([H])[H] | R19=[H] | R21=[H] | R22=[H] | R23=[H]NC([H])([H])[H] | R24=[H] | R27=[H].[H]C([H])[H] | R29=[H].[H] | R30=[H].[H] | R32=[H] | R33=[H].[H] | R35=F | R36=[H] | R38=[H] | R39=[H]C([H])[H],CNc1ccn(-c2ccnc3c2cc([C@H](C)N2CC=C(c4c(C)cc(C(=O)N5CCc6c(OC)ccc(OC)c6C5)cc4F)CC2)n3C)c(=O)c1,[H]C([H])([H])O,[H],[H],[H]C([H])([H])O,,[H].[H],,[H].[H],[H].[H],,[H],[H],[H]C([H])[H],[H],[H],[H],[H]NC([H])([H])[H],[H],[H].[H]C([H])[H],[H].[H],[H].[H],[H],[H].[H],F,[H],[H],[H]C([H])[H]
EN300-45604345_32226,-8.02006006813803,2.0,0.29696575494144983,,R1=[H].[H]C([H])[H] | R2=[H].[H] | R4=[H] | R5=F | R6=F | R7=[H] | R9=[H].[H] | R11=[H] | R12=[H] | R17=[H]C([H])[H] | R19=[H] | R21=[H] | R22=[H] | R23=[H]NC([H])([H])[H] | R24=[H] | R27=[H].[H]C([H])[H] | R29=[H].[H] | R30=[H].[H] | R32=[H] | R33=[H].[H] | R35=F | R36=[H] | R38=[H] | R39=[H]C([H])[H],CNc1ccn(-c2ccnc3c2cc([C@H](C)N2CC=C(c4c(C)cc(C(=O)N5Cc6cc(F)c(F)cc6C[C@@H]5C)cc4F)CC2)n3C)c(=O)c1,[H].[H]C([H])[H],[H].[H],,[H],F,F,[H],,[H].[H],,[H],[H],[H]C([H])[H],[H],[H],[H],[H]NC([H])([H])[H],[H],[H].[H]C([H])[H],[H].[H],[H].[H],[H],[H].[H],F,[H],[H],[H]C([H])[H]
EN300-1718965_24105,-7.78219327458582,2.0,0.2853863441978601,,R1=[H].[H]C([H])C([H])([H])[H] | R3=[H].[H] | R4=[H].[H] | R6=Cl | R7=[H] | R8=Cl | R9=[H] | R11=[H] | R12=[H] | R17=[H]C([H])[H] | R19=[H] | R21=[H] | R22=[H] | R23=[H]NC([H])([H])[H] | R24=[H] | R27=[H].[H]C([H])[H] | R29=[H].[H] | R30=[H].[H] | R32=[H] | R33=[H].[H] | R35=F | R36=[H] | R38=[H] | R39=[H]C([H])[H],CC[C@@H]1c2cc(Cl)cc(Cl)c2CCN1C(=O)c1cc(C)c(C2=CCN([C@@H](C)c3cc4c(-n5ccc(NC)cc5=O)ccnc4n3C)CC2)c(F)c1,[H].[H]C([H])C([H])([H])[H],,[H].[H],[H].[H],,Cl,[H],Cl,[H],,[H],[H],[H]C([H])[H],[H],[H],[H],[H]NC([H])([H])[H],[H],[H].[H]C([H])[H],[H].[H],[H].[H],[H],[H].[H],F,[H],[H],[H]C([H])[H]
EN300-77215_39776,-7.3161063910092174,2.0,0.2626971264784116,,R1=[H].[H]C([H])C([H])([H])[H] | R3=[H].[H] | R4=[H].[H] | R6=[H] | R7=[H] | R8=[H] | R9=[H] | R11=[H] | R12=[H] | R17=[H]C([H])[H] | R19=[H] | R21=[H] | R22=[H] | R23=[H]NC([H])([H])[H] | R24=[H] | R27=[H].[H]C([H])[H] | R29=[H].[H] | R30=[H].[H] | R32=[H] | R33=[H].[H] | R35=F | R36=[H] | R38=[H] | R39=[H]C([H])[H],CC[C@@H]1c2ccccc2CCN1C(=O)c1cc(C)c(C2=CCN([C@@H](C)c3cc4c(-n5ccc(NC)cc5=O)ccnc4n3C)CC2)c(F)c1,[H].[H]C([H])C([H])([H])[H],,[H].[H],[H].[H],,[H],[H],[H],[H],,[H],[H],[H]C([H])[H],[H],[H],[H],[H]NC([H])([H])[H],[H],[H].[H]C([H])[H],[H].[H],[H].[H],[H],[H].[H],F,[H],[H],[H]C([H])[H]
EN300-72473_2309,-6.981842853643327,2.0,0.24642509986232425,,R1=[H]C([H])[H] | R2=[H] | R3=[H] | R6=[H] | R7=[H].[H] | R9=[H].[H] | R10=[H]C([H])[H].[H]C([H])[H] | R11=[H] | R12=[H] | R17=[H]C([H])[H] | R19=[H] | R21=[H] | R22=[H] | R23=[H]NC([H])([H])[H] | R24=[H] | R27=[H].[H]C([H])[H] | R29=[H].[H] | R30=[H].[H] | R32=[H] | R33=[H].[H] | R35=F | R36=[H] | R38=[H] | R39=[H]C([H])[H],CNc1ccn(-c2ccnc3c2cc([C@H](C)N2CC=C(c4c(C)cc(C(=O)N5Cc6cc(C)ccc6C(C)(C)C5)cc4F)CC2)n3C)c(=O)c1,[H]C([H])[H],[H],[H],,,[H],[H].[H],,[H].[H],[H]C([H])[H].[H]C([H])[H],[H],[H],[H]C([H])[H],[H],[H],[H],[H]NC([H])([H])[H],[H],[H].[H]C([H])[H],[H].[H],[H].[H],[H],[H].[H],F,[H],[H],[H]C([H])[H]
EN300-149019_24160,-6.573592678499242,2.0,0.22655138653924867,,R1=[H].[H]C([H])[H] | R3=[H].[H] | R4=[H].[H] | R6=F | R7=[H] | R8=F | R9=[H] | R11=[H] | R12=[H] | R17=[H]C([H])[H] | R19=[H] | R21=[H] | R22=[H] | R23=[H]NC([H])([H])[H] | R24=[H] | R27=[H].[H]C([H])[H] | R29=[H].[H] | R30=[H].[H] | R32=[H] | R33=[H].[H] | R35=F | R36=[H] | R38=[H] | R39=[H]C([H])[H],CNc1ccn(-c2ccnc3c2cc([C@H](C)N2CC=C(c4c(C)cc(C(=O)N5CCc6c(F)cc(F)cc6[C@H]5C)cc4F)CC2)n3C)c(=O)c1,[H].[H]C([H])[H],,[H].[H],[H].[H],,F,[H],F,[H],,[H],[H],[H]C([H])[H],[H],[H],[H],[H]NC([H])([H])[H],[H],[H].[H]C([H])[H],[H].[H],[H].[H],[H],[H].[H],F,[H],[H],[H]C([H])[H]
EN300-45485655_32636,-10.563451024508147,1.0,0.2207786172814677,,R1=[H].[H]C([H])[H] | R3=[H].[H] | R4=[H].[H] | R6=Br | R7=[H] | R8=[H] | R9=F | R11=[H] | R12=[H] | R17=[H]C([H])[H] | R19=[H] | R21=[H] | R22=[H] | R23=[H]NC([H])([H])[H] | R24=[H] | R27=[H].[H]C([H])[H] | R29=[H].[H] | R30=[H].[H] | R32=[H] | R33=[H].[H] | R35=F | R36=[H] | R38=[H] | R39=[H]C([H])[H],CNc1ccn(-c2ccnc3c2cc([C@H](C)N2CC=C(c4c(C)cc(C(=O)N5CCc6c(Br)ccc(F)c6[C@H]5C)cc4F)CC2)n3C)c(=O)c1,[H].[H]C([H])[H],,[H].[H],[H].[H],,Br,[H],[H],F,,[H],[H],[H]C([H])[H],[H],[H],[H],[H]NC([H])([H])[H],[H],[H].[H]C([H])[H],[H].[H],[H].[H],[H],[H].[H],F,[H],[H],[H]C([H])[H]
EN300-26990551_23297,-10.485922213592621,1.0,0.21700449676364963,,R1=[H]C([H])([H])O | R2=[H] | R4=[H].[H] | R6=[H].[H] | R7=[H].[H] | R9=[H] | R10=Cl | R11=[H] | R12=[H] | R17=[H]C([H])[H] | R19=[H] | R21=[H] | R22=[H] | R23=[H]NC([H])([H])[H] | R24=[H] | R27=[H].[H]C([H])[H] | R29=[H].[H] | R30=[H].[H] | R32=[H] | R33=[H].[H] | R35=F | R36=[H] | R38=[H] | R39=[H]C([H])[H],CNc1ccn(-c2ccnc3c2cc([C@H](C)N2CC=C(c4c(C)cc(C(=O)N5CCc6cc(Cl)c(OC)cc6C5)cc4F)CC2)n3C)c(=O)c1,[H]C([H])([H])O,[H],,[H].[H],,[H].[H],[H].[H],,[H],Cl,[H],[H],[H]C([H])[H],[H],[H],[H],[H]NC([H])([H])[H],[H],[H].[H]C([H])[H],[H].[H],[H].[H],[H],[H].[H],F,[H],[H],[H]C([H])[H]
LN00001945_7605,-10.245820292418578,1.0,0.2053162794884249,,R1=C#N | R2=[H] | R3=[H] | R5=[H] | R7=[H].[H] | R8=[H].[H] | R9=[H].[H] | R11=[H] | R12=[H] | R17=[H]C([H])[H] | R19=[H] | R21=[H] | R22=[H] | R23=[H]NC([H])([H])[H] | R24=[H] | R27=[H].[H]C([H])[H] | R29=[H].[H] | R30=[H].[H] | R32=[H] | R33=[H].[H] | R35=F | R36=[H] | R38=[H] | R39=[H]C([H])[H],CNc1ccn(-c2ccnc3c2cc([C@H](C)N2CC=C(c4c(C)cc(C(=O)N5CCc6cc(C#N)ccc6C5)cc4F)CC2)n3C)c(=O)c1,C#N,[H],[H],,[H],,[H].[H],[H].[H],[H].[H],,[H],[H],[H]C([H])[H],[H],[H],[H],[H]NC([H])([H])[H],[H],[H].[H]C([H])[H],[H].[H],[H].[H],[H],[H].[H],F,[H],[H],[H]C([H])[H]
LN02151713_2762,-10.238652426786507,1.0,0.20496734612505316,,R1=C#N | R3=[H] | R5=[H].[H] | R6=[H] | R7=[H] | R8=[H].[H] | R10=[H].[H] | R11=[H] | R12=[H] | R17=[H]C([H])[H] | R19=[H] | R21=[H] | R22=[H] | R23=[H]NC([H])([H])[H] | R24=[H] | R27=[H].[H]C([H])[H] | R29=[H].[H] | R30=[H].[H] | R32=[H] | R33=[H].[H] | R35=F | R36=[H] | R38=[H] | R39=[H]C([H])[H],CNc1ccn(-c2ccnc3c2cc([C@H](C)N2CC=C(c4c(C)cc(C(=O)N5CCc6cccc(C#N)c6C5)cc4F)CC2)n3C)c(=O)c1,C#N,,[H],,[H].[H],[H],[H],[H].[H],,[H].[H],[H],[H],[H]C([H])[H],[H],[H],[H],[H]NC([H])([H])[H],[H],[H].[H]C([H])[H],[H].[H],[H].[H],[H],[H].[H],F,[H],[H],[H]C([H])[H]
LN02188462_6707,-6.028168276488744,2.0,0.19999999999999998,,R1=Br | R2=[H] | R3=[H] | R5=[H] | R7=FC(F)F.[H] | R8=[H].[H] | R10=[H].[H] | R11=[H] | R12=[H] | R17=[H]C([H])[H] | R19=[H] | R21=[H] | R22=[H] | R23=[H]NC([H])([H])[H] | R24=[H] | R27=[H].[H]C([H])[H] | R29=[H].[H] | R30=[H].[H] | R32=[H] | R33=[H].[H] | R35=F | R36=[H] | R38=[H] | R39=[H]C([H])[H],CNc1ccn(-c2ccnc3c2cc([C@H](C)N2CC=C(c4c(C)cc(C(=O)N5CCc6ccc(Br)cc6[C@@H]5C(F)(F)F)cc4F)CC2)n3C)c(=O)c1,Br,[H],[H],,[H],,FC(F)F.[H],[H].[H],,[H].[H],[H],[H],[H]C([H])[H],[H],[H],[H],[H]NC([H])([H])[H],[H],[H].[H]C([H])[H],[H].[H],[H].[H],[H],[H].[H],F,[H],[H],[H]C([H])[H]
EN300-46067502_33107,-9.666758503403484,1.0,0.17712741713907826,,R1=[H].[H]C([H])[H] | R2=[H].[H] | R4=[H].[H] | R6=[H] | R7=F | R8=[H] | R9=Br | R11=[H] | R12=[H] | R17=[H]C([H])[H] | R19=[H] | R21=[H] | R22=[H] | R23=[H]NC([H])([H])[H] | R24=[H] | R27=[H].[H]C([H])[H] | R29=[H].[H] | R30=[H].[H] | R32=[H] | R33=[H].[H] | R35=F | R36=[H] | R38=[H] | R39=[H]C([H])[H],CNc1ccn(-c2ccnc3c2cc([C@H](C)N2CC=C(c4c(C)cc(C(=O)N5Cc6cc(F)cc(Br)c6[C@H](C)C5)cc4F)CC2)n3C)c(=O)c1,[H].[H]C([H])[H],[H].[H],,[H].[H],,[H],F,[H],Br,,[H],[H],[H]C([H])[H],[H],[H],[H],[H]NC([H])([H])[H],[H],[H].[H]C([H])[H],[H].[H],[H].[H],[H],[H].[H],F,[H],[H],[H]C([H])[H]
EN300-46916876_35119,-9.458191486957391,1.0,0.16697432634852089,,R1=[H]C([H])([H])O | R2=[H] | R3=[H] | R6=[H] | R7=[H].[H] | R8=[H].[H] | R10=FC(F)F.[H] | R11=[H] | R12=[H] | R17=[H]C([H])[H] | R19=[H] | R21=[H] | R22=[H] | R23=[H]NC([H])([H])[H] | R24=[H] | R27=[H].[H]C([H])[H] | R29=[H].[H] | R30=[H].[H] | R32=[H] | R33=[H].[H] | R35=F | R36=[H] | R38=[H] | R39=[H]C([H])[H],CNc1ccn(-c2ccnc3c2cc([C@H](C)N2CC=C(c4c(C)cc(C(=O)N5CCc6cc(OC)ccc6[C@@H]5C(F)(F)F)cc4F)CC2)n3C)c(=O)c1,[H]C([H])([H])O,[H],[H],,,[H],[H].[H],[H].[H],,FC(F)F.[H],[H],[H],[H]C([H])[H],[H],[H],[H],[H]NC([H])([H])[H],[H],[H].[H]C([H])[H],[H].[H],[H].[H],[H],[H].[H],F,[H],[H],[H]C([H])[H]
EN300-46667919_33227,-9.35110152593564,1.0,0.16176116217933348,,R1=FC(F)F.[H] | R3=[H].[H] | R4=[H].[H] | R6=[H] | R7=[H] | R8=[H] | R9=[H] | R11=[H] | R12=[H] | R17=[H]C([H])[H] | R19=[H] | R21=[H] | R22=[H] | R23=[H]NC([H])([H])[H] | R24=[H] | R27=[H].[H]C([H])[H] | R29=[H].[H] | R30=[H].[H] | R32=[H] | R33=[H].[H] | R35=F | R36=[H] | R38=[H] | R39=[H]C([H])[H],CNc1ccn(-c2ccnc3c2cc([C@H](C)N2CC=C(c4c(C)cc(C(=O)N5CCc6ccccc6[C@@H]5C(F)(F)F)cc4F)CC2)n3C)c(=O)c1,FC(F)F.[H],,[H].[H],[H].[H],,[H],[H],[H],[H],,[H],[H],[H]C([H])[H],[H],[H],[H],[H]NC([H])([H])[H],[H],[H].[H]C([H])[H],[H].[H],[H].[H],[H],[H].[H],F,[H],[H],[H]C([H])[H]
EN300-36970541_13646,-9.284532352091082,1.0,0.15852055933899473,,R1=[H]C([H])([H])O | R2=[H] | R3=[H] | R5=[H].[H] | R6=[H].[H] | R8=[H].[H]OC([H])[H] | R10=[H] | R11=[H] | R12=[H] | R17=[H]C([H])[H] | R19=[H] | R21=[H] | R22=[H] | R23=[H]NC([H])([H])[H] | R24=[H] | R27=[H].[H]C([H])[H] | R29=[H].[H] | R30=[H].[H] | R32=[H] | R33=[H].[H] | R35=F | R36=[H] | R38=[H] | R39=[H]C([H])[H],CNc1ccn(-c2ccnc3c2cc([C@H](C)N2CC=C(c4c(C)cc(C(=O)N5CCc6ccc(OC)cc6[C@H]5CO)cc4F)CC2)n3C)c(=O)c1,[H]C([H])([H])O,[H],[H],,[H].[H],[H].[H],,[H].[H]OC([H])[H],,[H],[H],[H],[H]C([H])[H],[H],[H],[H],[H]NC([H])([H])[H],[H],[H].[H]C([H])[H],[H].[H],[H].[H],[H],[H].[H],F,[H],[H],[H]C([H])[H]
EN300-53496004_47861,-9.248091827657198,1.0,0.1567466261479411,,R1=[H].[H]C([H])OC([H])([H])[H] | R2=[H].[H] | R4=[H] | R5=[H] | R6=[H] | R7=[H] | R9=[H].[H] | R11=[H] | R12=[H] | R17=[H]C([H])[H] | R19=[H] | R21=[H] | R22=[H] | R23=[H]NC([H])([H])[H] | R24=[H] | R27=[H].[H]C([H])[H] | R29=[H].[H] | R30=[H].[H] | R32=[H] | R33=[H].[H] | R35=F | R36=[H] | R38=[H] | R39=[H]C([H])[H],CNc1ccn(-c2ccnc3c2cc([C@H](C)N2CC=C(c4c(C)cc(C(=O)N5Cc6ccccc6C[C@@H]5COC)cc4F)CC2)n3C)c(=O)c1,[H].[H]C([H])OC([H])([H])[H],[H].[H],,[H],[H],[H],[H],,[H].[H],,[H],[H],[H]C([H])[H],[H],[H],[H],[H]NC([H])([H])[H],[H],[H].[H]C([H])[H],[H].[H],[H].[H],[H],[H].[H],F,[H],[H],[H]C([H])[H]
EN300-7539606_14266,-9.219370325408628,1.0,0.15534845674925146,,R1=[H]C([H])[H].[H]C([H])[H] | R2=[H].[H] | R4=[H].[H] | R6=[H] | R7=[H] | R8=[H] | R9=F | R11=[H] | R12=[H] | R17=[H]C([H])[H] | R19=[H] | R21=[H] | R22=[H] | R23=[H]NC([H])([H])[H] | R24=[H] | R27=[H].[H]C([H])[H] | R29=[H].[H] | R30=[H].[H] | R32=[H] | R33=[H].[H] | R35=F | R36=[H] | R38=[H] | R39=[H]C([H])[H],CNc1ccn(-c2ccnc3c2cc([C@H](C)N2CC=C(c4c(C)cc(C(=O)N5Cc6cccc(F)c6C(C)(C)C5)cc4F)CC2)n3C)c(=O)c1,[H]C([H])[H].[H]C([H])[H],[H].[H],,[H].[H],,[H],[H],[H],F,,[H],[H],[H]C([H])[H],[H],[H],[H],[H]NC([H])([H])[H],[H],[H].[H]C([H])[H],[H].[H],[H].[H],[H],[H].[H],F,[H],[H],[H]C([H])[H]
EN300-2008467_24071,-9.162183275639721,1.0,0.15256457788747613,,R1=[H]C([H])[H] | R2=[H] | R3=Cl | R4=[H] | R6=[H].[H] | R7=[H].[H] | R9=[H].[H] | R11=[H] | R12=[H] | R17=[H]C([H])[H] | R19=[H] | R21=[H] | R22=[H] | R23=[H]NC([H])([H])[H] | R24=[H] | R27=[H].[H]C([H])[H] | R29=[H].[H] | R30=[H].[H] | R32=[H] | R33=[H].[H] | R35=F | R36=[H] | R38=[H] | R39=[H]C([H])[H],CNc1ccn(-c2ccnc3c2cc([C@H](C)N2CC=C(c4c(C)cc(C(=O)N5CCc6cc(Cl)cc(C)c6C5)cc4F)CC2)n3C)c(=O)c1,[H]C([H])[H],[H],Cl,[H],,[H].[H],[H].[H],,[H].[H],,[H],[H],[H]C([H])[H],[H],[H],[H],[H]NC([H])([H])[H],[H],[H].[H]C([H])[H],[H].[H],[H].[H],[H],[H].[H],F,[H],[H],[H]C([H])[H]
EN300-8322195_27834,-8.153142221991464,1.0,0.10344422509315804,,R1=[H].[H]C([H])[H] | R3=[H].[H] | R4=[H].[H] | R6=F | R7=[H] | R8=Cl | R9=[H] | R11=[H] | R12=[H] | R17=[H]C([H])[H] | R19=[H] | R21=[H] | R22=[H] | R23=[H]NC([H])([H])[H] | R24=[H] | R27=[H].[H]C([H])[H] | R29=[H].[H] | R30=[H].[H] | R32=[H] | R33=[H].[H] | R35=F | R36=[H] | R38=[H] | R39=[H]C([H])[H],CNc1ccn(-c2ccnc3c2cc([C@H](C)N2CC=C(c4c(C)cc(C(=O)N5CCc6c(F)cc(Cl)cc6[C@@H]5C)cc4F)CC2)n3C)c(=O)c1,[H].[H]C([H])[H],,[H].[H],[H].[H],,F,[H],Cl,[H],,[H],[H],[H]C([H])[H],[H],[H],[H],[H]NC([H])([H])[H],[H],[H].[H]C([H])[H],[H].[H],[H].[H],[H],[H].[H],F,[H],[H],[H]C([H])[H]
EN300-253525_7152,-8.038817437710456,1.0,0.09787886804775976,,R1=[H].[H]C([H])[N+]([H])([H])[H] | R4=[H].[H] | R5=[H] | R7=[H].[H] | R8=[H] | R9=[H] | R10=[H] | R11=[H] | R12=[H] | R17=[H]C([H])[H] | R19=[H] | R21=[H] | R22=[H] | R23=[H]NC([H])([H])[H] | R24=[H] | R27=[H].[H]C([H])[H] | R29=[H].[H] | R30=[H].[H] | R32=[H] | R33=[H].[H] | R35=F | R36=[H] | R38=[H] | R39=[H]C([H])[H],CNc1ccn(-c2ccnc3c2cc([C@H](C)N2CC=C(c4c(C)cc(C(=O)N5CCc6ccccc6[C@@H]5C[NH3+])cc4F)CC2)n3C)c(=O)c1,[H].[H]C([H])[N+]([H])([H])[H],,,[H].[H],[H],,[H].[H],[H],[H],[H],[H],[H],[H]C([H])[H],[H],[H],[H],[H]NC([H])([H])[H],[H],[H].[H]C([H])[H],[H].[H],[H].[H],[H],[H].[H],F,[H],[H],[H]C([H])[H]
LN00384689_330,-7.718286614842416,1.0,0.0822753531622102,,R1=[H]O | R2=[H]O | R3=[H] | R4=[H] | R7=[H].[H]C([H])[H] | R8=[H].[H] | R10=[H].[H] | R11=[H] | R12=[H] | R17=[H]C([H])[H] | R19=[H] | R21=[H] | R22=[H] | R23=[H]NC([H])([H])[H] | R24=[H] | R27=[H].[H]C([H])[H] | R29=[H].[H] | R30=[H].[H] | R32=[H] | R33=[H].[H] | R35=F | R36=[H] | R38=[H] | R39=[H]C([H])[H],CNc1ccn(-c2ccnc3c2cc([C@H](C)N2CC=C(c4c(C)cc(C(=O)N5CCc6cc(O)c(O)cc6[C@@H]5C)cc4F)CC2)n3C)c(=O)c1,[H]O,[H]O,[H],[H],,,[H].[H]C([H])[H],[H].[H],,[H].[H],[H],[H],[H]C([H])[H],[H],[H],[H],[H]NC([H])([H])[H],[H],[H].[H]C([H])[H],[H].[H],[H].[H],[H],[H].[H],F,[H],[H],[H]C([H])[H]
EN300-1232201_22855,-7.6716408216764265,1.0,0.08000462511957998,,R1=F | R2=[H] | R3=Cl | R5=[H].[H] | R7=[H].[H] | R8=[H].[H] | R10=[H] | R11=[H] | R12=[H] | R17=[H]C([H])[H] | R19=[H] | R21=[H] | R22=[H] | R23=[H]NC([H])([H])[H] | R24=[H] | R27=[H].[H]C([H])[H] | R29=[H].[H] | R30=[H].[H] | R32=[H] | R33=[H].[H] | R35=F | R36=[H] | R38=[H] | R39=[H]C([H])[H],CNc1ccn(-c2ccnc3c2cc([C@H](C)N2CC=C(c4c(C)cc(C(=O)N5CCc6cc(F)cc(Cl)c6C5)cc4F)CC2)n3C)c(=O)c1,F,[H],Cl,,[H].[H],,[H].[H],[H].[H],,[H],[H],[H],[H]C([H])[H],[H],[H],[H],[H]NC([H])([H])[H],[H],[H].[H]C([H])[H],[H].[H],[H].[H],[H],[H].[H],F,[H],[H],[H]C([H])[H]
EN300-39671432_26114,-6.6631546319903645,1.0,0.030911283231782872,,R1=[H].[H]C([H])[H] | R3=[H].[H] | R4=[H].[H] | R6=Br | R7=[H] | R8=[H] | R9=Cl | R11=[H] | R12=[H] | R17=[H]C([H])[H] | R19=[H] | R21=[H] | R22=[H] | R23=[H]NC([H])([H])[H] | R24=[H] | R27=[H].[H]C([H])[H] | R29=[H].[H] | R30=[H].[H] | R32=[H] | R33=[H].[H] | R35=F | R36=[H] | R38=[H] | R39=[H]C([H])[H],CNc1ccn(-c2ccnc3c2cc([C@H](C)N2CC=C(c4c(C)cc(C(=O)N5CCc6c(Br)ccc(Cl)c6[C@H]5C)cc4F)CC2)n3C)c(=O)c1,[H].[H]C([H])[H],,[H].[H],[H].[H],,Br,[H],[H],Cl,,[H],[H],[H]C([H])[H],[H],[H],[H],[H]NC([H])([H])[H],[H],[H].[H]C([H])[H],[H].[H],[H].[H],[H],[H].[H],F,[H],[H],[H]C([H])[H]
