mol_id,score,interaction_count,priority_score,cluster_id,substitution_signature,smiles,R1,R2,R3,R4,R5,R6,R7,R8,R9,R10,R11,R12,R17,R19,R21,R22,R23,R24,R27,R29,R30,R32,R33,R35,R36,R38,R39
LN02166309_3370,-13.479351716017831,,0.9068133500652273,,R1=[H]O | R2=[H] | R3=[H] | R5=[H] | R7=[H].[H]O | R8=[H].[H] | R9=[H].[H] | R11=[H] | R12=[H] | R17=[H]C([H])[H] | R19=[H] | R21=[H] | R22=[H] | R23=[H]NC([H])([H])[H] | R24=[H] | R27=[H].[H]C([H])[H] | R29=[H].[H] | R30=[H].[H] | R32=[H] | R33=[H].[H] | R35=F | R36=[H] | R38=[H] | R39=[H]C([H])[H],CNc1ccn(-c2ccnc3c2cc([C@H](C)N2CC=C(c4c(C)cc(C(=O)N5Cc6ccc(O)cc6[C@H](O)C5)cc4F)CC2)n3C)c(=O)c1,[H]O,[H],[H],,[H],,[H].[H]O,[H].[H],[H].[H],,[H],[H],[H]C([H])[H],[H],[H],[H],[H]NC([H])([H])[H],[H],[H].[H]C([H])[H],[H].[H],[H].[H],[H],[H].[H],F,[H],[H],[H]C([H])[H]
EN300-22865908_44934,-13.163087081911975,,0.8683237605002697,,R1=[H].[H]C([H])[H] | R2=[H].[H] | R4=[H].[H] | R6=[H] | R7=[H] | R8=Br | R9=[H] | R11=[H] | R12=[H] | R17=[H]C([H])[H] | R19=[H] | R21=[H] | R22=[H] | R23=[H]NC([H])([H])[H] | R24=[H] | R27=[H].[H]C([H])[H] | R29=[H].[H] | R30=[H].[H] | R32=[H] | R33=[H].[H] | R35=F | R36=[H] | R38=[H] | R39=[H]C([H])[H],CNc1ccn(-c2ccnc3c2cc([C@H](C)N2CC=C(c4c(C)cc(C(=O)N5Cc6ccc(Br)cc6[C@@H](C)C5)cc4F)CC2)n3C)c(=O)c1,[H].[H]C([H])[H],[H].[H],,[H].[H],,[H],[H],Br,[H],,[H],[H],[H]C([H])[H],[H],[H],[H],[H]NC([H])([H])[H],[H],[H].[H]C([H])[H],[H].[H],[H].[H],[H],[H].[H],F,[H],[H],[H]C([H])[H]
EN300-53097402_47218,-13.119100049676026,,0.8629705131423132,,R1=[H]OC([H])([H])C([H])[H] | R2=[H] | R3=[H] | R4=[H] | R6=[H].[H] | R8=[H].[H] | R9=[H].[H] | R11=[H] | R12=[H] | R17=[H]C([H])[H] | R19=[H] | R21=[H] | R22=[H] | R23=[H]NC([H])([H])[H] | R24=[H] | R27=[H].[H]C([H])[H] | R29=[H].[H] | R30=[H].[H] | R32=[H] | R33=[H].[H] | R35=F | R36=[H] | R38=[H] | R39=[H]C([H])[H],CNc1ccn(-c2ccnc3c2cc([C@H](C)N2CC=C(c4c(C)cc(C(=O)N5CCc6c(CCO)cccc6C5)cc4F)CC2)n3C)c(=O)c1,[H]OC([H])([H])C([H])[H],[H],[H],[H],,[H].[H],,[H].[H],[H].[H],,[H],[H],[H]C([H])[H],[H],[H],[H],[H]NC([H])([H])[H],[H],[H].[H]C([H])[H],[H].[H],[H].[H],[H],[H].[H],F,[H],[H],[H]C([H])[H]
EN300-45749470_24084,-13.07717610293214,,0.8578683444863794,,R1=[H]C([H])[H].[H]C([H])[H] | R3=[H].[H] | R4=[H].[H] | R6=[H] | R7=[H]O | R8=[H] | R9=[H] | R11=[H] | R12=[H] | R17=[H]C([H])[H] | R19=[H] | R21=[H] | R22=[H] | R23=[H]NC([H])([H])[H] | R24=[H] | R27=[H].[H]C([H])[H] | R29=[H].[H] | R30=[H].[H] | R32=[H] | R33=[H].[H] | R35=F | R36=[H] | R38=[H] | R39=[H]C([H])[H],CNc1ccn(-c2ccnc3c2cc([C@H](C)N2CC=C(c4c(C)cc(C(=O)N5CCc6cc(O)ccc6C5(C)C)cc4F)CC2)n3C)c(=O)c1,[H]C([H])[H].[H]C([H])[H],,[H].[H],[H].[H],,[H],[H]O,[H],[H],,[H],[H],[H]C([H])[H],[H],[H],[H],[H]NC([H])([H])[H],[H],[H].[H]C([H])[H],[H].[H],[H].[H],[H],[H].[H],F,[H],[H],[H]C([H])[H]
EN300-27747388_26455,-13.037564434926102,,0.8530475814951386,,R1=C#N.[H] | R2=[H].[H] | R4=[H].[H] | R6=[H] | R7=[H] | R8=Br | R9=[H] | R11=[H] | R12=[H] | R17=[H]C([H])[H] | R19=[H] | R21=[H] | R22=[H] | R23=[H]NC([H])([H])[H] | R24=[H] | R27=[H].[H]C([H])[H] | R29=[H].[H] | R30=[H].[H] | R32=[H] | R33=[H].[H] | R35=F | R36=[H] | R38=[H] | R39=[H]C([H])[H],CNc1ccn(-c2ccnc3c2cc([C@H](C)N2CC=C(c4c(C)cc(C(=O)N5Cc6ccc(Br)cc6[C@@H](C#N)C5)cc4F)CC2)n3C)c(=O)c1,C#N.[H],[H].[H],,[H].[H],,[H],[H],Br,[H],,[H],[H],[H]C([H])[H],[H],[H],[H],[H]NC([H])([H])[H],[H],[H].[H]C([H])[H],[H].[H],[H].[H],[H],[H].[H],F,[H],[H],[H]C([H])[H]
EN300-34777_4017,-13.001487849479847,,0.8486570401035687,,R1=[H]C([H])([H])O | R2=[H] | R3=[H] | R4=[H]C([H])([H])O | R7=[H].[H] | R9=[H].[H] | R10=[H].[H]O | R11=[H] | R12=[H] | R17=[H]C([H])[H] | R19=[H] | R21=[H] | R22=[H] | R23=[H]NC([H])([H])[H] | R24=[H] | R27=[H].[H]C([H])[H] | R29=[H].[H] | R30=[H].[H] | R32=[H] | R33=[H].[H] | R35=F | R36=[H] | R38=[H] | R39=[H]C([H])[H],CNc1ccn(-c2ccnc3c2cc([C@H](C)N2CC=C(c4c(C)cc(C(=O)N5Cc6c(OC)ccc(OC)c6[C@@H](O)C5)cc4F)CC2)n3C)c(=O)c1,[H]C([H])([H])O,[H],[H],[H]C([H])([H])O,,,[H].[H],,[H].[H],[H].[H]O,[H],[H],[H]C([H])[H],[H],[H],[H],[H]NC([H])([H])[H],[H],[H].[H]C([H])[H],[H].[H],[H].[H],[H],[H].[H],F,[H],[H],[H]C([H])[H]
EN300-46590287_32843,-12.972092298044126,,0.8450795844294771,,R1=[H].[H]C([H])[H] | R2=[H].[H] | R4=[H].[H] | R6=[H] | R7=Br | R8=[H] | R9=F | R11=[H] | R12=[H] | R17=[H]C([H])[H] | R19=[H] | R21=[H] | R22=[H] | R23=[H]NC([H])([H])[H] | R24=[H] | R27=[H].[H]C([H])[H] | R29=[H].[H] | R30=[H].[H] | R32=[H] | R33=[H].[H] | R35=F | R36=[H] | R38=[H] | R39=[H]C([H])[H],CNc1ccn(-c2ccnc3c2cc([C@H](C)N2CC=C(c4c(C)cc(C(=O)N5Cc6cc(Br)cc(F)c6[C@@H](C)C5)cc4F)CC2)n3C)c(=O)c1,[H].[H]C([H])[H],[H].[H],,[H].[H],,[H],Br,[H],F,,[H],[H],[H]C([H])[H],[H],[H],[H],[H]NC([H])([H])[H],[H],[H].[H]C([H])[H],[H].[H],[H].[H],[H],[H].[H],F,[H],[H],[H]C([H])[H]
EN300-175145_4517,-12.94243118123408,,0.841469809295167,,R1=[H]C(C([H])([H])[H])C([H])([H])[H] | R2=[H] | R3=[H] | R4=[H] | R6=[H].[H] | R8=[H].[H] | R9=[H].[H] | R11=[H] | R12=[H] | R17=[H]C([H])[H] | R19=[H] | R21=[H] | R22=[H] | R23=[H]NC([H])([H])[H] | R24=[H] | R27=[H].[H]C([H])[H] | R29=[H].[H] | R30=[H].[H] | R32=[H] | R33=[H].[H] | R35=F | R36=[H] | R38=[H] | R39=[H]C([H])[H],CNc1ccn(-c2ccnc3c2cc([C@H](C)N2CC=C(c4c(C)cc(C(=O)N5CCc6c(cccc6C(C)C)C5)cc4F)CC2)n3C)c(=O)c1,[H]C(C([H])([H])[H])C([H])([H])[H],[H],[H],[H],,[H].[H],,[H].[H],[H].[H],,[H],[H],[H]C([H])[H],[H],[H],[H],[H]NC([H])([H])[H],[H],[H].[H]C([H])[H],[H].[H],[H].[H],[H],[H].[H],F,[H],[H],[H]C([H])[H]
EN300-27102114_12863,-12.917929496508268,,0.8384879400406021,,R1=Cl | R2=[H] | R3=Br | R5=[H].[H] | R6=[H].[H] | R8=[H].[H] | R10=[H] | R11=[H] | R12=[H] | R17=[H]C([H])[H] | R19=[H] | R21=[H] | R22=[H] | R23=[H]NC([H])([H])[H] | R24=[H] | R27=[H].[H]C([H])[H] | R29=[H].[H] | R30=[H].[H] | R32=[H] | R33=[H].[H] | R35=F | R36=[H] | R38=[H] | R39=[H]C([H])[H],CNc1ccn(-c2ccnc3c2cc([C@H](C)N2CC=C(c4c(C)cc(C(=O)N5CCc6c(Br)cc(Cl)cc6C5)cc4F)CC2)n3C)c(=O)c1,Cl,[H],Br,,[H].[H],[H].[H],,[H].[H],,[H],[H],[H],[H]C([H])[H],[H],[H],[H],[H]NC([H])([H])[H],[H],[H].[H]C([H])[H],[H].[H],[H].[H],[H],[H].[H],F,[H],[H],[H]C([H])[H]
EN300-6482831_14812,-12.851540098179036,,0.8304083117243316,,R1=[H]OC(C([H])([H])[H])(C([H])([H])[H])C([H])([H])C([H])[H] | R2=[H] | R3=[H] | R5=[H].[H] | R7=[H].[H] | R8=[H].[H] | R10=[H] | R11=[H] | R12=[H] | R17=[H]C([H])[H] | R19=[H] | R21=[H] | R22=[H] | R23=[H]NC([H])([H])[H] | R24=[H] | R27=[H].[H]C([H])[H] | R29=[H].[H] | R30=[H].[H] | R32=[H] | R33=[H].[H] | R35=F | R36=[H] | R38=[H] | R39=[H]C([H])[H],CNc1ccn(-c2ccnc3c2cc([C@H](C)N2CC=C(c4c(C)cc(C(=O)N5CCc6cc(CCC(C)(C)O)ccc6C5)cc4F)CC2)n3C)c(=O)c1,[H]OC(C([H])([H])[H])(C([H])([H])[H])C([H])([H])C([H])[H],[H],[H],,[H].[H],,[H].[H],[H].[H],,[H],[H],[H],[H]C([H])[H],[H],[H],[H],[H]NC([H])([H])[H],[H],[H].[H]C([H])[H],[H].[H],[H].[H],[H],[H].[H],F,[H],[H],[H]C([H])[H]
LN05456065_4775,-12.849305555715112,,0.8301363666093015,,R1=Cl | R2=[H]C([H])([H])O | R4=[H] | R6=[H].[H] | R7=[H] | R8=[H].[H] | R9=[H].[H] | R11=[H] | R12=[H] | R17=[H]C([H])[H] | R19=[H] | R21=[H] | R22=[H] | R23=[H]NC([H])([H])[H] | R24=[H] | R27=[H].[H]C([H])[H] | R29=[H].[H] | R30=[H].[H] | R32=[H] | R33=[H].[H] | R35=F | R36=[H] | R38=[H] | R39=[H]C([H])[H],CNc1ccn(-c2ccnc3c2cc([C@H](C)N2CC=C(c4c(C)cc(C(=O)N5CCc6c(ccc(OC)c6Cl)C5)cc4F)CC2)n3C)c(=O)c1,Cl,[H]C([H])([H])O,,[H],,[H].[H],[H],[H].[H],[H].[H],,[H],[H],[H]C([H])[H],[H],[H],[H],[H]NC([H])([H])[H],[H],[H].[H]C([H])[H],[H].[H],[H].[H],[H],[H].[H],F,[H],[H],[H]C([H])[H]
EN300-8781447_47355,-12.833886407359385,,0.8282598473034642,,R1=[H]O | R2=[H] | R4=[H].[H] | R6=[H].[H] | R7=[H].[H]O | R9=[H] | R10=[H]O | R11=[H] | R12=[H] | R17=[H]C([H])[H] | R19=[H] | R21=[H] | R22=[H] | R23=[H]NC([H])([H])[H] | R24=[H] | R27=[H].[H]C([H])[H] | R29=[H].[H] | R30=[H].[H] | R32=[H] | R33=[H].[H] | R35=F | R36=[H] | R38=[H] | R39=[H]C([H])[H],CNc1ccn(-c2ccnc3c2cc([C@H](C)N2CC=C(c4c(C)cc(C(=O)N5Cc6cc(O)c(O)cc6[C@H](O)C5)cc4F)CC2)n3C)c(=O)c1,[H]O,[H],,[H].[H],,[H].[H],[H].[H]O,,[H],[H]O,[H],[H],[H]C([H])[H],[H],[H],[H],[H]NC([H])([H])[H],[H],[H].[H]C([H])[H],[H].[H],[H].[H],[H],[H].[H],F,[H],[H],[H]C([H])[H]
EN300-2009099_19339,-12.82653734133793,,0.8273654617024587,,R1=Cl | R2=[H] | R3=[H] | R5=[H].[H] | R6=[H].[H] | R8=[H].[H] | R10=Br | R11=[H] | R12=[H] | R17=[H]C([H])[H] | R19=[H] | R21=[H] | R22=[H] | R23=[H]NC([H])([H])[H] | R24=[H] | R27=[H].[H]C([H])[H] | R29=[H].[H] | R30=[H].[H] | R32=[H] | R33=[H].[H] | R35=F | R36=[H] | R38=[H] | R39=[H]C([H])[H],CNc1ccn(-c2ccnc3c2cc([C@H](C)N2CC=C(c4c(C)cc(C(=O)N5CCc6ccc(Cl)c(Br)c6C5)cc4F)CC2)n3C)c(=O)c1,Cl,[H],[H],,[H].[H],[H].[H],,[H].[H],,Br,[H],[H],[H]C([H])[H],[H],[H],[H],[H]NC([H])([H])[H],[H],[H].[H]C([H])[H],[H].[H],[H].[H],[H],[H].[H],F,[H],[H],[H]C([H])[H]
EN300-106900_2376,-12.821839680881135,,0.8267937536978354,,R1=F | R2=[H] | R3=Br | R4=[H] | R6=[H].[H] | R8=[H].[H] | R9=[H].[H] | R11=[H] | R12=[H] | R17=[H]C([H])[H] | R19=[H] | R21=[H] | R22=[H] | R23=[H]NC([H])([H])[H] | R24=[H] | R27=[H].[H]C([H])[H] | R29=[H].[H] | R30=[H].[H] | R32=[H] | R33=[H].[H] | R35=F | R36=[H] | R38=[H] | R39=[H]C([H])[H],CNc1ccn(-c2ccnc3c2cc([C@H](C)N2CC=C(c4c(C)cc(C(=O)N5CCc6c(F)cc(Br)cc6C5)cc4F)CC2)n3C)c(=O)c1,F,[H],Br,[H],,[H].[H],,[H].[H],[H].[H],,[H],[H],[H]C([H])[H],[H],[H],[H],[H]NC([H])([H])[H],[H],[H].[H]C([H])[H],[H].[H],[H].[H],[H],[H].[H],F,[H],[H],[H]C([H])[H]
LN05458659_5401,-12.819308544642825,,0.8264857129482872,,R1=Br | R3=[H] | R5=[H].[H] | R6=[H] | R7=[H] | R8=F.F | R10=[H].[H] | R11=[H] | R12=[H] | R17=[H]C([H])[H] | R19=[H] | R21=[H] | R22=[H] | R23=[H]NC([H])([H])[H] | R24=[H] | R27=[H].[H]C([H])[H] | R29=[H].[H] | R30=[H].[H] | R32=[H] | R33=[H].[H] | R35=F | R36=[H] | R38=[H] | R39=[H]C([H])[H],CNc1ccn(-c2ccnc3c2cc([C@H](C)N2CC=C(c4c(C)cc(C(=O)N5Cc6c(Br)cccc6C(F)(F)C5)cc4F)CC2)n3C)c(=O)c1,Br,,[H],,[H].[H],[H],[H],F.F,,[H].[H],[H],[H],[H]C([H])[H],[H],[H],[H],[H]NC([H])([H])[H],[H],[H].[H]C([H])[H],[H].[H],[H].[H],[H],[H].[H],F,[H],[H],[H]C([H])[H]
EN300-26983716_14976,-12.795219107657422,,0.8235540144830433,,R1=[H]C(O)(F)F | R2=[H] | R3=[H] | R5=[H].[H] | R6=[H].[H] | R8=[H].[H] | R10=[H] | R11=[H] | R12=[H] | R17=[H]C([H])[H] | R19=[H] | R21=[H] | R22=[H] | R23=[H]NC([H])([H])[H] | R24=[H] | R27=[H].[H]C([H])[H] | R29=[H].[H] | R30=[H].[H] | R32=[H] | R33=[H].[H] | R35=F | R36=[H] | R38=[H] | R39=[H]C([H])[H],CNc1ccn(-c2ccnc3c2cc([C@H](C)N2CC=C(c4c(C)cc(C(=O)N5CCc6ccc(OC(F)F)cc6C5)cc4F)CC2)n3C)c(=O)c1,[H]C(O)(F)F,[H],[H],,[H].[H],[H].[H],,[H].[H],,[H],[H],[H],[H]C([H])[H],[H],[H],[H],[H]NC([H])([H])[H],[H],[H].[H]C([H])[H],[H].[H],[H].[H],[H],[H].[H],F,[H],[H],[H]C([H])[H]
EN300-154893_42534,-12.793168666453054,,0.8233044745981735,,R1=[H]C([H])[H] | R2=[H] | R3=Br | R5=[H].[H] | R6=[H].[H] | R8=[H].[H] | R10=[H] | R11=[H] | R12=[H] | R17=[H]C([H])[H] | R19=[H] | R21=[H] | R22=[H] | R23=[H]NC([H])([H])[H] | R24=[H] | R27=[H].[H]C([H])[H] | R29=[H].[H] | R30=[H].[H] | R32=[H] | R33=[H].[H] | R35=F | R36=[H] | R38=[H] | R39=[H]C([H])[H],CNc1ccn(-c2ccnc3c2cc([C@H](C)N2CC=C(c4c(C)cc(C(=O)N5CCc6c(Br)cc(C)cc6C5)cc4F)CC2)n3C)c(=O)c1,[H]C([H])[H],[H],Br,,[H].[H],[H].[H],,[H].[H],,[H],[H],[H],[H]C([H])[H],[H],[H],[H],[H]NC([H])([H])[H],[H],[H].[H]C([H])[H],[H].[H],[H].[H],[H],[H].[H],F,[H],[H],[H]C([H])[H]
EN300-1725275_12574,-12.78157569422597,,0.8218936031483195,,R1=[H]C([H])([H])O | R2=[H] | R3=[H] | R5=[H].[H] | R6=[H].[H] | R8=[H].[H] | R10=[H]C([H])([H])O | R11=[H] | R12=[H] | R17=[H]C([H])[H] | R19=[H] | R21=[H] | R22=[H] | R23=[H]NC([H])([H])[H] | R24=[H] | R27=[H].[H]C([H])[H] | R29=[H].[H] | R30=[H].[H] | R32=[H] | R33=[H].[H] | R35=F | R36=[H] | R38=[H] | R39=[H]C([H])[H],CNc1ccn(-c2ccnc3c2cc([C@H](C)N2CC=C(c4c(C)cc(C(=O)N5CCc6ccc(OC)c(OC)c6C5)cc4F)CC2)n3C)c(=O)c1,[H]C([H])([H])O,[H],[H],,[H].[H],[H].[H],,[H].[H],,[H]C([H])([H])O,[H],[H],[H]C([H])[H],[H],[H],[H],[H]NC([H])([H])[H],[H],[H].[H]C([H])[H],[H].[H],[H].[H],[H],[H].[H],F,[H],[H],[H]C([H])[H]
EN300-149019_24161,-12.773951721362664,,0.8209657612250749,,R1=[H].[H]C([H])[H] | R3=[H].[H] | R4=[H].[H] | R6=F | R7=[H] | R8=F | R9=[H] | R11=[H] | R12=[H] | R17=[H]C([H])[H] | R19=[H] | R21=[H] | R22=[H] | R23=[H]NC([H])([H])[H] | R24=[H] | R27=[H].[H]C([H])[H] | R29=[H].[H] | R30=[H].[H] | R32=[H] | R33=[H].[H] | R35=F | R36=[H] | R38=[H] | R39=[H]C([H])[H],CNc1ccn(-c2ccnc3c2cc([C@H](C)N2CC=C(c4c(C)cc(C(=O)N5CCc6c(F)cc(F)cc6[C@@H]5C)cc4F)CC2)n3C)c(=O)c1,[H].[H]C([H])[H],,[H].[H],[H].[H],,F,[H],F,[H],,[H],[H],[H]C([H])[H],[H],[H],[H],[H]NC([H])([H])[H],[H],[H].[H]C([H])[H],[H].[H],[H].[H],[H],[H].[H],F,[H],[H],[H]C([H])[H]
EN300-27102116_12864,-12.754902207623555,,0.8186474243446229,,R1=F | R2=[H] | R3=[H] | R5=[H].[H] | R7=[H].[H] | R8=[H].[H] | R10=Br | R11=[H] | R12=[H] | R17=[H]C([H])[H] | R19=[H] | R21=[H] | R22=[H] | R23=[H]NC([H])([H])[H] | R24=[H] | R27=[H].[H]C([H])[H] | R29=[H].[H] | R30=[H].[H] | R32=[H] | R33=[H].[H] | R35=F | R36=[H] | R38=[H] | R39=[H]C([H])[H],CNc1ccn(-c2ccnc3c2cc([C@H](C)N2CC=C(c4c(C)cc(C(=O)N5CCc6c(ccc(F)c6Br)C5)cc4F)CC2)n3C)c(=O)c1,F,[H],[H],,[H].[H],,[H].[H],[H].[H],,Br,[H],[H],[H]C([H])[H],[H],[H],[H],[H]NC([H])([H])[H],[H],[H].[H]C([H])[H],[H].[H],[H].[H],[H],[H].[H],F,[H],[H],[H]C([H])[H]
EN300-111217_3171,-12.752482062205733,,0.818352891242359,,R1=F | R2=[H] | R3=F | R5=[H].[H] | R6=[H].[H] | R8=[H].[H] | R10=[H] | R11=[H] | R12=[H] | R17=[H]C([H])[H] | R19=[H] | R21=[H] | R22=[H] | R23=[H]NC([H])([H])[H] | R24=[H] | R27=[H].[H]C([H])[H] | R29=[H].[H] | R30=[H].[H] | R32=[H] | R33=[H].[H] | R35=F | R36=[H] | R38=[H] | R39=[H]C([H])[H],CNc1ccn(-c2ccnc3c2cc([C@H](C)N2CC=C(c4c(C)cc(C(=O)N5CCc6c(F)cc(F)cc6C5)cc4F)CC2)n3C)c(=O)c1,F,[H],F,,[H].[H],[H].[H],,[H].[H],,[H],[H],[H],[H]C([H])[H],[H],[H],[H],[H]NC([H])([H])[H],[H],[H].[H]C([H])[H],[H].[H],[H].[H],[H],[H].[H],F,[H],[H],[H]C([H])[H]
EN300-3011776_17024,-12.73666218059826,,0.8164276024671557,,R1=[H]C([H])([H])O | R2=[H] | R3=[H] | R4=F | R6=[H].[H] | R7=[H].[H] | R9=[H].[H] | R11=[H] | R12=[H] | R17=[H]C([H])[H] | R19=[H] | R21=[H] | R22=[H] | R23=[H]NC([H])([H])[H] | R24=[H] | R27=[H].[H]C([H])[H] | R29=[H].[H] | R30=[H].[H] | R32=[H] | R33=[H].[H] | R35=F | R36=[H] | R38=[H] | R39=[H]C([H])[H],CNc1ccn(-c2ccnc3c2cc([C@H](C)N2CC=C(c4c(C)cc(C(=O)N5CCc6c(F)ccc(OC)c6C5)cc4F)CC2)n3C)c(=O)c1,[H]C([H])([H])O,[H],[H],F,,[H].[H],[H].[H],,[H].[H],,[H],[H],[H]C([H])[H],[H],[H],[H],[H]NC([H])([H])[H],[H],[H].[H]C([H])[H],[H].[H],[H].[H],[H],[H].[H],F,[H],[H],[H]C([H])[H]
EN300-45726230_32271,-12.733808631771126,,0.8160803239183843,,R1=[H].[H]C([H])[H] | R2=[H].[H] | R4=[H].[H] | R6=Br | R7=[H] | R8=[H] | R9=F | R11=[H] | R12=[H] | R17=[H]C([H])[H] | R19=[H] | R21=[H] | R22=[H] | R23=[H]NC([H])([H])[H] | R24=[H] | R27=[H].[H]C([H])[H] | R29=[H].[H] | R30=[H].[H] | R32=[H] | R33=[H].[H] | R35=F | R36=[H] | R38=[H] | R39=[H]C([H])[H],CNc1ccn(-c2ccnc3c2cc([C@H](C)N2CC=C(c4c(C)cc(C(=O)N5Cc6c(Br)ccc(F)c6[C@@H](C)C5)cc4F)CC2)n3C)c(=O)c1,[H].[H]C([H])[H],[H].[H],,[H].[H],,Br,[H],[H],F,,[H],[H],[H]C([H])[H],[H],[H],[H],[H]NC([H])([H])[H],[H],[H].[H]C([H])[H],[H].[H],[H].[H],[H],[H].[H],F,[H],[H],[H]C([H])[H]
EN300-1587404_11290,-12.733788743600964,,0.8160779035165305,,R1=F | R2=Cl | R3=[H] | R4=[H] | R6=[H].[H] | R7=[H].[H] | R9=[H].[H] | R11=[H] | R12=[H] | R17=[H]C([H])[H] | R19=[H] | R21=[H] | R22=[H] | R23=[H]NC([H])([H])[H] | R24=[H] | R27=[H].[H]C([H])[H] | R29=[H].[H] | R30=[H].[H] | R32=[H] | R33=[H].[H] | R35=F | R36=[H] | R38=[H] | R39=[H]C([H])[H],CNc1ccn(-c2ccnc3c2cc([C@H](C)N2CC=C(c4c(C)cc(C(=O)N5CCc6ccc(Cl)c(F)c6C5)cc4F)CC2)n3C)c(=O)c1,F,Cl,[H],[H],,[H].[H],[H].[H],,[H].[H],,[H],[H],[H]C([H])[H],[H],[H],[H],[H]NC([H])([H])[H],[H],[H].[H]C([H])[H],[H].[H],[H].[H],[H],[H].[H],F,[H],[H],[H]C([H])[H]
EN300-46241699_33732,-12.72242117835607,,0.8146944642272597,,R1=[H].[H]C([H])[H] | R3=[H].[H] | R4=[H].[H] | R6=Cl | R7=Br | R8=[H] | R9=[H] | R11=[H] | R12=[H] | R17=[H]C([H])[H] | R19=[H] | R21=[H] | R22=[H] | R23=[H]NC([H])([H])[H] | R24=[H] | R27=[H].[H]C([H])[H] | R29=[H].[H] | R30=[H].[H] | R32=[H] | R33=[H].[H] | R35=F | R36=[H] | R38=[H] | R39=[H]C([H])[H],CNc1ccn(-c2ccnc3c2cc([C@H](C)N2CC=C(c4c(C)cc(C(=O)N5CCc6c(ccc(Br)c6Cl)[C@@H]5C)cc4F)CC2)n3C)c(=O)c1,[H].[H]C([H])[H],,[H].[H],[H].[H],,Cl,Br,[H],[H],,[H],[H],[H]C([H])[H],[H],[H],[H],[H]NC([H])([H])[H],[H],[H].[H]C([H])[H],[H].[H],[H].[H],[H],[H].[H],F,[H],[H],[H]C([H])[H]
EN300-388227_9111,-12.717456230674479,,0.8140902272122164,,R1=F | R2=[H] | R4=[H].[H] | R6=[H].[H] | R7=[H].[H] | R9=Br | R10=F | R11=[H] | R12=[H] | R17=[H]C([H])[H] | R19=[H] | R21=[H] | R22=[H] | R23=[H]NC([H])([H])[H] | R24=[H] | R27=[H].[H]C([H])[H] | R29=[H].[H] | R30=[H].[H] | R32=[H] | R33=[H].[H] | R35=F | R36=[H] | R38=[H] | R39=[H]C([H])[H],CNc1ccn(-c2ccnc3c2cc([C@H](C)N2CC=C(c4c(C)cc(C(=O)N5CCc6c(cc(F)c(F)c6Br)C5)cc4F)CC2)n3C)c(=O)c1,F,[H],,[H].[H],,[H].[H],[H].[H],,Br,F,[H],[H],[H]C([H])[H],[H],[H],[H],[H]NC([H])([H])[H],[H],[H].[H]C([H])[H],[H].[H],[H].[H],[H],[H].[H],F,[H],[H],[H]C([H])[H]
EN300-3011993_15408,-12.715870055446349,,0.8138971887661648,,R1=F | R2=[H] | R4=[H].[H] | R6=[H].[H] | R7=[H].[H] | R9=F | R10=F | R11=[H] | R12=[H] | R17=[H]C([H])[H] | R19=[H] | R21=[H] | R22=[H] | R23=[H]NC([H])([H])[H] | R24=[H] | R27=[H].[H]C([H])[H] | R29=[H].[H] | R30=[H].[H] | R32=[H] | R33=[H].[H] | R35=F | R36=[H] | R38=[H] | R39=[H]C([H])[H],CNc1ccn(-c2ccnc3c2cc([C@H](C)N2CC=C(c4c(C)cc(C(=O)N5CCc6c(cc(F)c(F)c6F)C5)cc4F)CC2)n3C)c(=O)c1,F,[H],,[H].[H],,[H].[H],[H].[H],,F,F,[H],[H],[H]C([H])[H],[H],[H],[H],[H]NC([H])([H])[H],[H],[H].[H]C([H])[H],[H].[H],[H].[H],[H],[H].[H],F,[H],[H],[H]C([H])[H]
LN00170390_3853,-12.712780297132522,,0.8135211633857414,,R1=FC(F)F | R2=[H] | R3=[H] | R5=[H] | R7=[H].[H] | R8=[H].[H] | R10=[H].[H] | R11=[H] | R12=[H] | R17=[H]C([H])[H] | R19=[H] | R21=[H] | R22=[H] | R23=[H]NC([H])([H])[H] | R24=[H] | R27=[H].[H]C([H])[H] | R29=[H].[H] | R30=[H].[H] | R32=[H] | R33=[H].[H] | R35=F | R36=[H] | R38=[H] | R39=[H]C([H])[H],CNc1ccn(-c2ccnc3c2cc([C@H](C)N2CC=C(c4c(C)cc(C(=O)N5CCc6ccc(C(F)(F)F)cc6C5)cc4F)CC2)n3C)c(=O)c1,FC(F)F,[H],[H],,[H],,[H].[H],[H].[H],,[H].[H],[H],[H],[H]C([H])[H],[H],[H],[H],[H]NC([H])([H])[H],[H],[H].[H]C([H])[H],[H].[H],[H].[H],[H],[H].[H],F,[H],[H],[H]C([H])[H]
EN300-155058_14658,-12.711875527440164,,0.813411052388955,,R1=FC(F)F.[H] | R2=[H].[H] | R4=[H].[H] | R6=[H] | R7=[H] | R8=[H] | R9=[H] | R11=[H] | R12=[H] | R17=[H]C([H])[H] | R19=[H] | R21=[H] | R22=[H] | R23=[H]NC([H])([H])[H] | R24=[H] | R27=[H].[H]C([H])[H] | R29=[H].[H] | R30=[H].[H] | R32=[H] | R33=[H].[H] | R35=F | R36=[H] | R38=[H] | R39=[H]C([H])[H],CNc1ccn(-c2ccnc3c2cc([C@H](C)N2CC=C(c4c(C)cc(C(=O)N5Cc6ccccc6[C@H](C(F)(F)F)C5)cc4F)CC2)n3C)c(=O)c1,FC(F)F.[H],[H].[H],,[H].[H],,[H],[H],[H],[H],,[H],[H],[H]C([H])[H],[H],[H],[H],[H]NC([H])([H])[H],[H],[H].[H]C([H])[H],[H].[H],[H].[H],[H],[H].[H],F,[H],[H],[H]C([H])[H]
EN300-45684236_32166,-12.710412528460493,,0.8132330045638458,,R1=[H].[H]C([H])[H] | R3=[H].[H] | R4=[H].[H] | R6=F | R7=[H] | R8=[H] | R9=Br | R11=[H] | R12=[H] | R17=[H]C([H])[H] | R19=[H] | R21=[H] | R22=[H] | R23=[H]NC([H])([H])[H] | R24=[H] | R27=[H].[H]C([H])[H] | R29=[H].[H] | R30=[H].[H] | R32=[H] | R33=[H].[H] | R35=F | R36=[H] | R38=[H] | R39=[H]C([H])[H],CNc1ccn(-c2ccnc3c2cc([C@H](C)N2CC=C(c4c(C)cc(C(=O)N5CCc6c(F)ccc(Br)c6[C@H]5C)cc4F)CC2)n3C)c(=O)c1,[H].[H]C([H])[H],,[H].[H],[H].[H],,F,[H],[H],Br,,[H],[H],[H]C([H])[H],[H],[H],[H],[H]NC([H])([H])[H],[H],[H].[H]C([H])[H],[H].[H],[H].[H],[H],[H].[H],F,[H],[H],[H]C([H])[H]
EN300-46762853_33779,-12.698608679393137,,0.8117964692801152,,R1=[H]O | R2=[H] | R3=F | R4=[H] | R6=[H].[H] | R8=[H].[H] | R9=[H].[H] | R11=[H] | R12=[H] | R17=[H]C([H])[H] | R19=[H] | R21=[H] | R22=[H] | R23=[H]NC([H])([H])[H] | R24=[H] | R27=[H].[H]C([H])[H] | R29=[H].[H] | R30=[H].[H] | R32=[H] | R33=[H].[H] | R35=F | R36=[H] | R38=[H] | R39=[H]C([H])[H],CNc1ccn(-c2ccnc3c2cc([C@H](C)N2CC=C(c4c(C)cc(C(=O)N5CCc6c(O)cc(F)cc6C5)cc4F)CC2)n3C)c(=O)c1,[H]O,[H],F,[H],,[H].[H],,[H].[H],[H].[H],,[H],[H],[H]C([H])[H],[H],[H],[H],[H]NC([H])([H])[H],[H],[H].[H]C([H])[H],[H].[H],[H].[H],[H],[H].[H],F,[H],[H],[H]C([H])[H]
EN300-46502663_15140,-12.696361152790159,,0.8115229439878247,,R1=Cl | R2=Br | R3=[H] | R4=[H] | R6=[H].[H] | R8=[H].[H] | R9=[H].[H] | R11=[H] | R12=[H] | R17=[H]C([H])[H] | R19=[H] | R21=[H] | R22=[H] | R23=[H]NC([H])([H])[H] | R24=[H] | R27=[H].[H]C([H])[H] | R29=[H].[H] | R30=[H].[H] | R32=[H] | R33=[H].[H] | R35=F | R36=[H] | R38=[H] | R39=[H]C([H])[H],CNc1ccn(-c2ccnc3c2cc([C@H](C)N2CC=C(c4c(C)cc(C(=O)N5CCc6c(ccc(Br)c6Cl)C5)cc4F)CC2)n3C)c(=O)c1,Cl,Br,[H],[H],,[H].[H],,[H].[H],[H].[H],,[H],[H],[H]C([H])[H],[H],[H],[H],[H]NC([H])([H])[H],[H],[H].[H]C([H])[H],[H].[H],[H].[H],[H],[H].[H],F,[H],[H],[H]C([H])[H]
LN03249292_389,-12.689341369979816,,0.8106686323447632,,R1=F | R3=[H] | R5=[H].[H] | R6=[H] | R7=F | R8=[H].[H] | R10=[H].[H] | R11=[H] | R12=[H] | R17=[H]C([H])[H] | R19=[H] | R21=[H] | R22=[H] | R23=[H]NC([H])([H])[H] | R24=[H] | R27=[H].[H]C([H])[H] | R29=[H].[H] | R30=[H].[H] | R32=[H] | R33=[H].[H] | R35=F | R36=[H] | R38=[H] | R39=[H]C([H])[H],CNc1ccn(-c2ccnc3c2cc([C@H](C)N2CC=C(c4c(C)cc(C(=O)N5CCc6c(F)ccc(F)c6C5)cc4F)CC2)n3C)c(=O)c1,F,,[H],,[H].[H],[H],F,[H].[H],,[H].[H],[H],[H],[H]C([H])[H],[H],[H],[H],[H]NC([H])([H])[H],[H],[H].[H]C([H])[H],[H].[H],[H].[H],[H],[H].[H],F,[H],[H],[H]C([H])[H]
EN300-78197_3311,-12.676462245264236,,0.809101235390437,,R1=[H].[H]C([H])[H] | R3=[H].[H] | R4=[H].[H] | R6=[H] | R7=[H] | R8=F | R9=[H] | R11=[H] | R12=[H] | R17=[H]C([H])[H] | R19=[H] | R21=[H] | R22=[H] | R23=[H]NC([H])([H])[H] | R24=[H] | R27=[H].[H]C([H])[H] | R29=[H].[H] | R30=[H].[H] | R32=[H] | R33=[H].[H] | R35=F | R36=[H] | R38=[H] | R39=[H]C([H])[H],CNc1ccn(-c2ccnc3c2cc([C@H](C)N2CC=C(c4c(C)cc(C(=O)N5CCc6ccc(F)cc6[C@@H]5C)cc4F)CC2)n3C)c(=O)c1,[H].[H]C([H])[H],,[H].[H],[H].[H],,[H],[H],F,[H],,[H],[H],[H]C([H])[H],[H],[H],[H],[H]NC([H])([H])[H],[H],[H].[H]C([H])[H],[H].[H],[H].[H],[H],[H].[H],F,[H],[H],[H]C([H])[H]
EN300-226788_38273,-12.670910450615127,,0.808425578758777,,R1=F | R2=[H] | R3=Cl | R5=[H].[H] | R6=[H].[H] | R8=[H].[H] | R10=[H] | R11=[H] | R12=[H] | R17=[H]C([H])[H] | R19=[H] | R21=[H] | R22=[H] | R23=[H]NC([H])([H])[H] | R24=[H] | R27=[H].[H]C([H])[H] | R29=[H].[H] | R30=[H].[H] | R32=[H] | R33=[H].[H] | R35=F | R36=[H] | R38=[H] | R39=[H]C([H])[H],CNc1ccn(-c2ccnc3c2cc([C@H](C)N2CC=C(c4c(C)cc(C(=O)N5CCc6c(Cl)cc(F)cc6C5)cc4F)CC2)n3C)c(=O)c1,F,[H],Cl,,[H].[H],[H].[H],,[H].[H],,[H],[H],[H],[H]C([H])[H],[H],[H],[H],[H]NC([H])([H])[H],[H],[H].[H]C([H])[H],[H].[H],[H].[H],[H],[H].[H],F,[H],[H],[H]C([H])[H]
EN300-1726367_19259,-12.670811125025136,,0.8084134907768159,,R1=Cl | R2=Br | R3=[H] | R4=[H] | R6=[H].[H] | R7=[H].[H] | R9=[H].[H] | R11=[H] | R12=[H] | R17=[H]C([H])[H] | R19=[H] | R21=[H] | R22=[H] | R23=[H]NC([H])([H])[H] | R24=[H] | R27=[H].[H]C([H])[H] | R29=[H].[H] | R30=[H].[H] | R32=[H] | R33=[H].[H] | R35=F | R36=[H] | R38=[H] | R39=[H]C([H])[H],CNc1ccn(-c2ccnc3c2cc([C@H](C)N2CC=C(c4c(C)cc(C(=O)N5CCc6ccc(Br)c(Cl)c6C5)cc4F)CC2)n3C)c(=O)c1,Cl,Br,[H],[H],,[H].[H],[H].[H],,[H].[H],,[H],[H],[H]C([H])[H],[H],[H],[H],[H]NC([H])([H])[H],[H],[H].[H]C([H])[H],[H].[H],[H].[H],[H],[H].[H],F,[H],[H],[H]C([H])[H]
LN02166309_3369,-12.667725490498627,,0.808037967263703,,R1=[H]O | R2=[H] | R3=[H] | R5=[H] | R7=[H].[H]O | R8=[H].[H] | R9=[H].[H] | R11=[H] | R12=[H] | R17=[H]C([H])[H] | R19=[H] | R21=[H] | R22=[H] | R23=[H]NC([H])([H])[H] | R24=[H] | R27=[H].[H]C([H])[H] | R29=[H].[H] | R30=[H].[H] | R32=[H] | R33=[H].[H] | R35=F | R36=[H] | R38=[H] | R39=[H]C([H])[H],CNc1ccn(-c2ccnc3c2cc([C@H](C)N2CC=C(c4c(C)cc(C(=O)N5Cc6ccc(O)cc6[C@@H](O)C5)cc4F)CC2)n3C)c(=O)c1,[H]O,[H],[H],,[H],,[H].[H]O,[H].[H],[H].[H],,[H],[H],[H]C([H])[H],[H],[H],[H],[H]NC([H])([H])[H],[H],[H].[H]C([H])[H],[H].[H],[H].[H],[H],[H].[H],F,[H],[H],[H]C([H])[H]
EN300-3022947_10617,-12.651345847500313,,0.8060445552022878,,R1=F | R2=[H] | R3=[H] | R4=Cl | R6=[H].[H] | R7=[H].[H] | R9=[H].[H] | R11=[H] | R12=[H] | R17=[H]C([H])[H] | R19=[H] | R21=[H] | R22=[H] | R23=[H]NC([H])([H])[H] | R24=[H] | R27=[H].[H]C([H])[H] | R29=[H].[H] | R30=[H].[H] | R32=[H] | R33=[H].[H] | R35=F | R36=[H] | R38=[H] | R39=[H]C([H])[H],CNc1ccn(-c2ccnc3c2cc([C@H](C)N2CC=C(c4c(C)cc(C(=O)N5CCc6c(Cl)ccc(F)c6C5)cc4F)CC2)n3C)c(=O)c1,F,[H],[H],Cl,,[H].[H],[H].[H],,[H].[H],,[H],[H],[H]C([H])[H],[H],[H],[H],[H]NC([H])([H])[H],[H],[H].[H]C([H])[H],[H].[H],[H].[H],[H],[H].[H],F,[H],[H],[H]C([H])[H]
EN300-46122171_33109,-12.643267957444966,,0.8050614712932691,,R1=[H].[H]C([H])[H] | R2=[H].[H] | R4=[H].[H] | R6=[H] | R7=[H] | R8=[H] | R9=Br | R11=[H] | R12=[H] | R17=[H]C([H])[H] | R19=[H] | R21=[H] | R22=[H] | R23=[H]NC([H])([H])[H] | R24=[H] | R27=[H].[H]C([H])[H] | R29=[H].[H] | R30=[H].[H] | R32=[H] | R33=[H].[H] | R35=F | R36=[H] | R38=[H] | R39=[H]C([H])[H],CNc1ccn(-c2ccnc3c2cc([C@H](C)N2CC=C(c4c(C)cc(C(=O)N5Cc6cccc(Br)c6[C@H](C)C5)cc4F)CC2)n3C)c(=O)c1,[H].[H]C([H])[H],[H].[H],,[H].[H],,[H],[H],[H],Br,,[H],[H],[H]C([H])[H],[H],[H],[H],[H]NC([H])([H])[H],[H],[H].[H]C([H])[H],[H].[H],[H].[H],[H],[H].[H],F,[H],[H],[H]C([H])[H]
EN300-37419875_13241,-12.628107003622848,,0.8032163744120564,,R1=[H]C([H])([H])O | R2=[H] | R3=F | R5=[H].[H] | R6=[H].[H] | R8=[H].[H] | R10=[H] | R11=[H] | R12=[H] | R17=[H]C([H])[H] | R19=[H] | R21=[H] | R22=[H] | R23=[H]NC([H])([H])[H] | R24=[H] | R27=[H].[H]C([H])[H] | R29=[H].[H] | R30=[H].[H] | R32=[H] | R33=[H].[H] | R35=F | R36=[H] | R38=[H] | R39=[H]C([H])[H],CNc1ccn(-c2ccnc3c2cc([C@H](C)N2CC=C(c4c(C)cc(C(=O)N5CCc6c(F)cc(OC)cc6C5)cc4F)CC2)n3C)c(=O)c1,[H]C([H])([H])O,[H],F,,[H].[H],[H].[H],,[H].[H],,[H],[H],[H],[H]C([H])[H],[H],[H],[H],[H]NC([H])([H])[H],[H],[H].[H]C([H])[H],[H].[H],[H].[H],[H],[H].[H],F,[H],[H],[H]C([H])[H]
EN300-311915_46909,-12.622561885214017,,0.8025415302827139,,R1=Cl | R2=[H] | R3=[H] | R5=[H].[H] | R7=[H].[H] | R8=[H].[H] | R10=Br | R11=[H] | R12=[H] | R17=[H]C([H])[H] | R19=[H] | R21=[H] | R22=[H] | R23=[H]NC([H])([H])[H] | R24=[H] | R27=[H].[H]C([H])[H] | R29=[H].[H] | R30=[H].[H] | R32=[H] | R33=[H].[H] | R35=F | R36=[H] | R38=[H] | R39=[H]C([H])[H],CNc1ccn(-c2ccnc3c2cc([C@H](C)N2CC=C(c4c(C)cc(C(=O)N5CCc6c(ccc(Cl)c6Br)C5)cc4F)CC2)n3C)c(=O)c1,Cl,[H],[H],,[H].[H],,[H].[H],[H].[H],,Br,[H],[H],[H]C([H])[H],[H],[H],[H],[H]NC([H])([H])[H],[H],[H].[H]C([H])[H],[H].[H],[H].[H],[H],[H].[H],F,[H],[H],[H]C([H])[H]
EN300-53246858_48079,-12.618857308672311,,0.8020906811670505,,R1=[H]C([H])([H])O | R2=C#N | R3=[H] | R4=[H] | R6=[H].[H] | R7=[H].[H] | R9=[H].[H] | R11=[H] | R12=[H] | R17=[H]C([H])[H] | R19=[H] | R21=[H] | R22=[H] | R23=[H]NC([H])([H])[H] | R24=[H] | R27=[H].[H]C([H])[H] | R29=[H].[H] | R30=[H].[H] | R32=[H] | R33=[H].[H] | R35=F | R36=[H] | R38=[H] | R39=[H]C([H])[H],CNc1ccn(-c2ccnc3c2cc([C@H](C)N2CC=C(c4c(C)cc(C(=O)N5CCc6ccc(C#N)c(OC)c6C5)cc4F)CC2)n3C)c(=O)c1,[H]C([H])([H])O,C#N,[H],[H],,[H].[H],[H].[H],,[H].[H],,[H],[H],[H]C([H])[H],[H],[H],[H],[H]NC([H])([H])[H],[H],[H].[H]C([H])[H],[H].[H],[H].[H],[H],[H].[H],F,[H],[H],[H]C([H])[H]
EN300-1232620_25280,-12.603450839171819,,0.8002157048852556,,R1=Cl | R2=[H] | R3=[H] | R4=Cl | R6=[H].[H] | R8=[H].[H] | R9=[H].[H] | R11=[H] | R12=[H] | R17=[H]C([H])[H] | R19=[H] | R21=[H] | R22=[H] | R23=[H]NC([H])([H])[H] | R24=[H] | R27=[H].[H]C([H])[H] | R29=[H].[H] | R30=[H].[H] | R32=[H] | R33=[H].[H] | R35=F | R36=[H] | R38=[H] | R39=[H]C([H])[H],CNc1ccn(-c2ccnc3c2cc([C@H](C)N2CC=C(c4c(C)cc(C(=O)N5CCc6c(Cl)ccc(Cl)c6C5)cc4F)CC2)n3C)c(=O)c1,Cl,[H],[H],Cl,,[H].[H],,[H].[H],[H].[H],,[H],[H],[H]C([H])[H],[H],[H],[H],[H]NC([H])([H])[H],[H],[H].[H]C([H])[H],[H].[H],[H].[H],[H],[H].[H],F,[H],[H],[H]C([H])[H]
EN300-43356220_31783,-12.593699320872828,,0.7990289394474304,,R1=[H].[H]C([H])[H] | R3=[H].[H] | R4=[H].[H] | R6=F | R7=Cl | R8=[H] | R9=[H] | R11=[H] | R12=[H] | R17=[H]C([H])[H] | R19=[H] | R21=[H] | R22=[H] | R23=[H]NC([H])([H])[H] | R24=[H] | R27=[H].[H]C([H])[H] | R29=[H].[H] | R30=[H].[H] | R32=[H] | R33=[H].[H] | R35=F | R36=[H] | R38=[H] | R39=[H]C([H])[H],CNc1ccn(-c2ccnc3c2cc([C@H](C)N2CC=C(c4c(C)cc(C(=O)N5CCc6c(ccc(Cl)c6F)[C@@H]5C)cc4F)CC2)n3C)c(=O)c1,[H].[H]C([H])[H],,[H].[H],[H].[H],,F,Cl,[H],[H],,[H],[H],[H]C([H])[H],[H],[H],[H],[H]NC([H])([H])[H],[H],[H].[H]C([H])[H],[H].[H],[H].[H],[H],[H].[H],F,[H],[H],[H]C([H])[H]
LN00226711_5877,-12.584509728744397,,0.7979105607507648,,R1=Br | R2=[H] | R3=[H] | R5=[H] | R7=[H].[H] | R8=[H].[H] | R10=[H].[H] | R11=[H] | R12=[H] | R17=[H]C([H])[H] | R19=[H] | R21=[H] | R22=[H] | R23=[H]NC([H])([H])[H] | R24=[H] | R27=[H].[H]C([H])[H] | R29=[H].[H] | R30=[H].[H] | R32=[H] | R33=[H].[H] | R35=F | R36=[H] | R38=[H] | R39=[H]C([H])[H],CNc1ccn(-c2ccnc3c2cc([C@H](C)N2CC=C(c4c(C)cc(C(=O)N5CCc6ccc(Br)cc6C5)cc4F)CC2)n3C)c(=O)c1,Br,[H],[H],,[H],,[H].[H],[H].[H],,[H].[H],[H],[H],[H]C([H])[H],[H],[H],[H],[H]NC([H])([H])[H],[H],[H].[H]C([H])[H],[H].[H],[H].[H],[H],[H].[H],F,[H],[H],[H]C([H])[H]
EN300-1707072_12046,-12.575702688214905,,0.7968387388057647,,R1=[H].[H]C([H])[H] | R2=[H].[H] | R4=[H].[H] | R6=[H] | R7=Br | R8=[H] | R9=[H] | R11=[H] | R12=[H] | R17=[H]C([H])[H] | R19=[H] | R21=[H] | R22=[H] | R23=[H]NC([H])([H])[H] | R24=[H] | R27=[H].[H]C([H])[H] | R29=[H].[H] | R30=[H].[H] | R32=[H] | R33=[H].[H] | R35=F | R36=[H] | R38=[H] | R39=[H]C([H])[H],CNc1ccn(-c2ccnc3c2cc([C@H](C)N2CC=C(c4c(C)cc(C(=O)N5Cc6cc(Br)ccc6[C@H](C)C5)cc4F)CC2)n3C)c(=O)c1,[H].[H]C([H])[H],[H].[H],,[H].[H],,[H],Br,[H],[H],,[H],[H],[H]C([H])[H],[H],[H],[H],[H]NC([H])([H])[H],[H],[H].[H]C([H])[H],[H].[H],[H].[H],[H],[H].[H],F,[H],[H],[H]C([H])[H]
LN00390465_6451,-12.571675057734891,,0.7963485738382737,,R1=FC(F)F | R2=[H] | R3=[H] | R5=[H] | R7=[H].[H] | R8=[H].[H] | R9=[H].[H] | R11=[H] | R12=[H] | R17=[H]C([H])[H] | R19=[H] | R21=[H] | R22=[H] | R23=[H]NC([H])([H])[H] | R24=[H] | R27=[H].[H]C([H])[H] | R29=[H].[H] | R30=[H].[H] | R32=[H] | R33=[H].[H] | R35=F | R36=[H] | R38=[H] | R39=[H]C([H])[H],CNc1ccn(-c2ccnc3c2cc([C@H](C)N2CC=C(c4c(C)cc(C(=O)N5CCc6cc(C(F)(F)F)ccc6C5)cc4F)CC2)n3C)c(=O)c1,FC(F)F,[H],[H],,[H],,[H].[H],[H].[H],[H].[H],,[H],[H],[H]C([H])[H],[H],[H],[H],[H]NC([H])([H])[H],[H],[H].[H]C([H])[H],[H].[H],[H].[H],[H],[H].[H],F,[H],[H],[H]C([H])[H]
EN300-135343_16585,-12.564081509914029,,0.7954244346603565,,R1=F | R2=[H] | R3=[H] | R4=Br | R6=[H].[H] | R7=[H].[H] | R9=[H].[H] | R11=[H] | R12=[H] | R17=[H]C([H])[H] | R19=[H] | R21=[H] | R22=[H] | R23=[H]NC([H])([H])[H] | R24=[H] | R27=[H].[H]C([H])[H] | R29=[H].[H] | R30=[H].[H] | R32=[H] | R33=[H].[H] | R35=F | R36=[H] | R38=[H] | R39=[H]C([H])[H],CNc1ccn(-c2ccnc3c2cc([C@H](C)N2CC=C(c4c(C)cc(C(=O)N5CCc6c(Br)ccc(F)c6C5)cc4F)CC2)n3C)c(=O)c1,F,[H],[H],Br,,[H].[H],[H].[H],,[H].[H],,[H],[H],[H]C([H])[H],[H],[H],[H],[H]NC([H])([H])[H],[H],[H].[H]C([H])[H],[H].[H],[H].[H],[H],[H].[H],F,[H],[H],[H]C([H])[H]
LN00214111_6780,-12.55544650238474,,0.7943735492313477,,R1=F | R2=[H] | R3=[H] | R5=[H] | R7=[H].[H] | R8=[H].[H] | R10=[H].[H] | R11=[H] | R12=[H] | R17=[H]C([H])[H] | R19=[H] | R21=[H] | R22=[H] | R23=[H]NC([H])([H])[H] | R24=[H] | R27=[H].[H]C([H])[H] | R29=[H].[H] | R30=[H].[H] | R32=[H] | R33=[H].[H] | R35=F | R36=[H] | R38=[H] | R39=[H]C([H])[H],CNc1ccn(-c2ccnc3c2cc([C@H](C)N2CC=C(c4c(C)cc(C(=O)N5CCc6ccc(F)cc6C5)cc4F)CC2)n3C)c(=O)c1,F,[H],[H],,[H],,[H].[H],[H].[H],,[H].[H],[H],[H],[H]C([H])[H],[H],[H],[H],[H]NC([H])([H])[H],[H],[H].[H]C([H])[H],[H].[H],[H].[H],[H],[H].[H],F,[H],[H],[H]C([H])[H]
EN300-1273006_10487,-12.555065618382496,,0.7943271954271682,,R1=[H]C([H])([H])O | R2=[H] | R3=[H] | R6=[H] | R7=[H].[H] | R8=[H].[H] | R10=[H].[H]C([H])[H] | R11=[H] | R12=[H] | R17=[H]C([H])[H] | R19=[H] | R21=[H] | R22=[H] | R23=[H]NC([H])([H])[H] | R24=[H] | R27=[H].[H]C([H])[H] | R29=[H].[H] | R30=[H].[H] | R32=[H] | R33=[H].[H] | R35=F | R36=[H] | R38=[H] | R39=[H]C([H])[H],CNc1ccn(-c2ccnc3c2cc([C@H](C)N2CC=C(c4c(C)cc(C(=O)N5CCc6cc(OC)ccc6[C@@H]5C)cc4F)CC2)n3C)c(=O)c1,[H]C([H])([H])O,[H],[H],,,[H],[H].[H],[H].[H],,[H].[H]C([H])[H],[H],[H],[H]C([H])[H],[H],[H],[H],[H]NC([H])([H])[H],[H],[H].[H]C([H])[H],[H].[H],[H].[H],[H],[H].[H],F,[H],[H],[H]C([H])[H]
EN300-1602281_17614,-12.542041671222877,,0.792742173497332,,R1=[H].[H]C([H])[H] | R3=[H].[H] | R4=[H].[H] | R6=Cl | R7=Cl | R8=[H] | R9=[H] | R11=[H] | R12=[H] | R17=[H]C([H])[H] | R19=[H] | R21=[H] | R22=[H] | R23=[H]NC([H])([H])[H] | R24=[H] | R27=[H].[H]C([H])[H] | R29=[H].[H] | R30=[H].[H] | R32=[H] | R33=[H].[H] | R35=F | R36=[H] | R38=[H] | R39=[H]C([H])[H],CNc1ccn(-c2ccnc3c2cc([C@H](C)N2CC=C(c4c(C)cc(C(=O)N5CCc6c(ccc(Cl)c6Cl)[C@@H]5C)cc4F)CC2)n3C)c(=O)c1,[H].[H]C([H])[H],,[H].[H],[H].[H],,Cl,Cl,[H],[H],,[H],[H],[H]C([H])[H],[H],[H],[H],[H]NC([H])([H])[H],[H],[H].[H]C([H])[H],[H].[H],[H].[H],[H],[H].[H],F,[H],[H],[H]C([H])[H]
EN300-46590287_32844,-12.54146873499678,,0.7926724468260217,,R1=[H].[H]C([H])[H] | R2=[H].[H] | R4=[H].[H] | R6=[H] | R7=Br | R8=[H] | R9=F | R11=[H] | R12=[H] | R17=[H]C([H])[H] | R19=[H] | R21=[H] | R22=[H] | R23=[H]NC([H])([H])[H] | R24=[H] | R27=[H].[H]C([H])[H] | R29=[H].[H] | R30=[H].[H] | R32=[H] | R33=[H].[H] | R35=F | R36=[H] | R38=[H] | R39=[H]C([H])[H],CNc1ccn(-c2ccnc3c2cc([C@H](C)N2CC=C(c4c(C)cc(C(=O)N5Cc6cc(Br)cc(F)c6[C@H](C)C5)cc4F)CC2)n3C)c(=O)c1,[H].[H]C([H])[H],[H].[H],,[H].[H],,[H],Br,[H],F,,[H],[H],[H]C([H])[H],[H],[H],[H],[H]NC([H])([H])[H],[H],[H].[H]C([H])[H],[H].[H],[H].[H],[H],[H].[H],F,[H],[H],[H]C([H])[H]
EN300-1719426_42546,-12.538610853138145,,0.7923246409448015,,R1=[H].[H]C([H])[H] | R2=[H].[H] | R4=[H].[H] | R6=Cl | R7=[H] | R8=[H] | R9=[H] | R11=[H] | R12=[H] | R17=[H]C([H])[H] | R19=[H] | R21=[H] | R22=[H] | R23=[H]NC([H])([H])[H] | R24=[H] | R27=[H].[H]C([H])[H] | R29=[H].[H] | R30=[H].[H] | R32=[H] | R33=[H].[H] | R35=F | R36=[H] | R38=[H] | R39=[H]C([H])[H],CNc1ccn(-c2ccnc3c2cc([C@H](C)N2CC=C(c4c(C)cc(C(=O)N5Cc6c(Cl)cccc6[C@@H](C)C5)cc4F)CC2)n3C)c(=O)c1,[H].[H]C([H])[H],[H].[H],,[H].[H],,Cl,[H],[H],[H],,[H],[H],[H]C([H])[H],[H],[H],[H],[H]NC([H])([H])[H],[H],[H].[H]C([H])[H],[H].[H],[H].[H],[H],[H].[H],F,[H],[H],[H]C([H])[H]
EN300-22865908_44935,-12.52276601462359,,0.7903963148995183,,R1=[H].[H]C([H])[H] | R2=[H].[H] | R4=[H].[H] | R6=[H] | R7=[H] | R8=Br | R9=[H] | R11=[H] | R12=[H] | R17=[H]C([H])[H] | R19=[H] | R21=[H] | R22=[H] | R23=[H]NC([H])([H])[H] | R24=[H] | R27=[H].[H]C([H])[H] | R29=[H].[H] | R30=[H].[H] | R32=[H] | R33=[H].[H] | R35=F | R36=[H] | R38=[H] | R39=[H]C([H])[H],CNc1ccn(-c2ccnc3c2cc([C@H](C)N2CC=C(c4c(C)cc(C(=O)N5Cc6ccc(Br)cc6[C@H](C)C5)cc4F)CC2)n3C)c(=O)c1,[H].[H]C([H])[H],[H].[H],,[H].[H],,[H],[H],Br,[H],,[H],[H],[H]C([H])[H],[H],[H],[H],[H]NC([H])([H])[H],[H],[H].[H]C([H])[H],[H].[H],[H].[H],[H],[H].[H],F,[H],[H],[H]C([H])[H]
EN300-28312687_27677,-12.52199047872562,,0.7903019317305302,,R1=F.F | R2=[H].[H] | R4=[H].[H] | R6=[H] | R7=[H] | R8=Br | R9=[H] | R11=[H] | R12=[H] | R17=[H]C([H])[H] | R19=[H] | R21=[H] | R22=[H] | R23=[H]NC([H])([H])[H] | R24=[H] | R27=[H].[H]C([H])[H] | R29=[H].[H] | R30=[H].[H] | R32=[H] | R33=[H].[H] | R35=F | R36=[H] | R38=[H] | R39=[H]C([H])[H],CNc1ccn(-c2ccnc3c2cc([C@H](C)N2CC=C(c4c(C)cc(C(=O)N5Cc6ccc(Br)cc6C(F)(F)C5)cc4F)CC2)n3C)c(=O)c1,F.F,[H].[H],,[H].[H],,[H],[H],Br,[H],,[H],[H],[H]C([H])[H],[H],[H],[H],[H]NC([H])([H])[H],[H],[H].[H]C([H])[H],[H].[H],[H].[H],[H],[H].[H],F,[H],[H],[H]C([H])[H]
LN03227352_4581,-12.51837269981745,,0.7898616459372548,,R1=[H]OC([H])[H] | R2=[H] | R3=[H] | R5=[H] | R7=[H].[H] | R8=[H].[H] | R9=[H].[H] | R11=[H] | R12=[H] | R17=[H]C([H])[H] | R19=[H] | R21=[H] | R22=[H] | R23=[H]NC([H])([H])[H] | R24=[H] | R27=[H].[H]C([H])[H] | R29=[H].[H] | R30=[H].[H] | R32=[H] | R33=[H].[H] | R35=F | R36=[H] | R38=[H] | R39=[H]C([H])[H],CNc1ccn(-c2ccnc3c2cc([C@H](C)N2CC=C(c4c(C)cc(C(=O)N5CCc6cc(CO)ccc6C5)cc4F)CC2)n3C)c(=O)c1,[H]OC([H])[H],[H],[H],,[H],,[H].[H],[H].[H],[H].[H],,[H],[H],[H]C([H])[H],[H],[H],[H],[H]NC([H])([H])[H],[H],[H].[H]C([H])[H],[H].[H],[H].[H],[H],[H].[H],F,[H],[H],[H]C([H])[H]
EN300-1602305_23388,-12.513574049964072,,0.7892776474644423,,R1=F | R2=[H] | R4=[H].[H] | R5=[H].[H] | R7=[H].[H] | R9=F | R10=F | R11=[H] | R12=[H] | R17=[H]C([H])[H] | R19=[H] | R21=[H] | R22=[H] | R23=[H]NC([H])([H])[H] | R24=[H] | R27=[H].[H]C([H])[H] | R29=[H].[H] | R30=[H].[H] | R32=[H] | R33=[H].[H] | R35=F | R36=[H] | R38=[H] | R39=[H]C([H])[H],CNc1ccn(-c2ccnc3c2cc([C@H](C)N2CC=C(c4c(C)cc(C(=O)N5CCc6cc(F)c(F)c(F)c6C5)cc4F)CC2)n3C)c(=O)c1,F,[H],,[H].[H],[H].[H],,[H].[H],,F,F,[H],[H],[H]C([H])[H],[H],[H],[H],[H]NC([H])([H])[H],[H],[H].[H]C([H])[H],[H].[H],[H].[H],[H],[H].[H],F,[H],[H],[H]C([H])[H]
EN300-27152590_24996,-12.512664914118643,,0.7891670051042926,,R1=[H].[H]C([H])[H] | R3=[H].[H] | R4=[H].[H] | R6=F | R7=[H] | R8=[H] | R9=[H] | R11=[H] | R12=[H] | R17=[H]C([H])[H] | R19=[H] | R21=[H] | R22=[H] | R23=[H]NC([H])([H])[H] | R24=[H] | R27=[H].[H]C([H])[H] | R29=[H].[H] | R30=[H].[H] | R32=[H] | R33=[H].[H] | R35=F | R36=[H] | R38=[H] | R39=[H]C([H])[H],CNc1ccn(-c2ccnc3c2cc([C@H](C)N2CC=C(c4c(C)cc(C(=O)N5CCc6c(F)cccc6[C@@H]5C)cc4F)CC2)n3C)c(=O)c1,[H].[H]C([H])[H],,[H].[H],[H].[H],,F,[H],[H],[H],,[H],[H],[H]C([H])[H],[H],[H],[H],[H]NC([H])([H])[H],[H],[H].[H]C([H])[H],[H].[H],[H].[H],[H],[H].[H],F,[H],[H],[H]C([H])[H]
EN300-7460464_17512,-12.509417088447693,,0.7887717428347479,,R1=[H]O | R2=[H] | R3=[H] | R4=F | R6=[H].[H] | R7=[H].[H] | R9=[H].[H] | R11=[H] | R12=[H] | R17=[H]C([H])[H] | R19=[H] | R21=[H] | R22=[H] | R23=[H]NC([H])([H])[H] | R24=[H] | R27=[H].[H]C([H])[H] | R29=[H].[H] | R30=[H].[H] | R32=[H] | R33=[H].[H] | R35=F | R36=[H] | R38=[H] | R39=[H]C([H])[H],CNc1ccn(-c2ccnc3c2cc([C@H](C)N2CC=C(c4c(C)cc(C(=O)N5CCc6c(F)ccc(O)c6C5)cc4F)CC2)n3C)c(=O)c1,[H]O,[H],[H],F,,[H].[H],[H].[H],,[H].[H],,[H],[H],[H]C([H])[H],[H],[H],[H],[H]NC([H])([H])[H],[H],[H].[H]C([H])[H],[H].[H],[H].[H],[H],[H].[H],F,[H],[H],[H]C([H])[H]
LN00230189_2137,-12.501227747475225,,0.7877750952844174,,R1=[H]O | R2=[H] | R3=[H] | R5=[H] | R7=[H].[H] | R8=[H].[H] | R10=[H].[H] | R11=[H] | R12=[H] | R17=[H]C([H])[H] | R19=[H] | R21=[H] | R22=[H] | R23=[H]NC([H])([H])[H] | R24=[H] | R27=[H].[H]C([H])[H] | R29=[H].[H] | R30=[H].[H] | R32=[H] | R33=[H].[H] | R35=F | R36=[H] | R38=[H] | R39=[H]C([H])[H],CNc1ccn(-c2ccnc3c2cc([C@H](C)N2CC=C(c4c(C)cc(C(=O)N5CCc6ccc(O)cc6C5)cc4F)CC2)n3C)c(=O)c1,[H]O,[H],[H],,[H],,[H].[H],[H].[H],,[H].[H],[H],[H],[H]C([H])[H],[H],[H],[H],[H]NC([H])([H])[H],[H],[H].[H]C([H])[H],[H].[H],[H].[H],[H],[H].[H],F,[H],[H],[H]C([H])[H]
EN300-51691933_36821,-12.497071456972034,,0.7872692723174175,,R1=[H]C([H])[H] | R2=[H] | R3=[H] | R5=[H].[H] | R7=[H].[H] | R8=[H].[H] | R10=[H]C([H])[H] | R11=[H] | R12=[H] | R17=[H]C([H])[H] | R19=[H] | R21=[H] | R22=[H] | R23=[H]NC([H])([H])[H] | R24=[H] | R27=[H].[H]C([H])[H] | R29=[H].[H] | R30=[H].[H] | R32=[H] | R33=[H].[H] | R35=F | R36=[H] | R38=[H] | R39=[H]C([H])[H],CNc1ccn(-c2ccnc3c2cc([C@H](C)N2CC=C(c4c(C)cc(C(=O)N5CCc6c(ccc(C)c6C)C5)cc4F)CC2)n3C)c(=O)c1,[H]C([H])[H],[H],[H],,[H].[H],,[H].[H],[H].[H],,[H]C([H])[H],[H],[H],[H]C([H])[H],[H],[H],[H],[H]NC([H])([H])[H],[H],[H].[H]C([H])[H],[H].[H],[H].[H],[H],[H].[H],F,[H],[H],[H]C([H])[H]
EN300-40804_19145,-12.490405726392995,,0.7864580490364359,,R1=[H]C([H])([H])O | R2=[H] | R3=[H] | R4=Br | R6=[H].[H] | R7=[H].[H] | R9=[H].[H] | R11=[H] | R12=[H] | R17=[H]C([H])[H] | R19=[H] | R21=[H] | R22=[H] | R23=[H]NC([H])([H])[H] | R24=[H] | R27=[H].[H]C([H])[H] | R29=[H].[H] | R30=[H].[H] | R32=[H] | R33=[H].[H] | R35=F | R36=[H] | R38=[H] | R39=[H]C([H])[H],CNc1ccn(-c2ccnc3c2cc([C@H](C)N2CC=C(c4c(C)cc(C(=O)N5CCc6c(Br)ccc(OC)c6C5)cc4F)CC2)n3C)c(=O)c1,[H]C([H])([H])O,[H],[H],Br,,[H].[H],[H].[H],,[H].[H],,[H],[H],[H]C([H])[H],[H],[H],[H],[H]NC([H])([H])[H],[H],[H].[H]C([H])[H],[H].[H],[H].[H],[H],[H].[H],F,[H],[H],[H]C([H])[H]
EN300-7473228_12614,-12.477861746095511,,0.7849314393523463,,R1=[H]C([H])[H] | R2=Br | R3=[H] | R4=[H] | R6=[H].[H] | R8=[H].[H] | R9=[H].[H] | R11=[H] | R12=[H] | R17=[H]C([H])[H] | R19=[H] | R21=[H] | R22=[H] | R23=[H]NC([H])([H])[H] | R24=[H] | R27=[H].[H]C([H])[H] | R29=[H].[H] | R30=[H].[H] | R32=[H] | R33=[H].[H] | R35=F | R36=[H] | R38=[H] | R39=[H]C([H])[H],CNc1ccn(-c2ccnc3c2cc([C@H](C)N2CC=C(c4c(C)cc(C(=O)N5CCc6c(ccc(Br)c6C)C5)cc4F)CC2)n3C)c(=O)c1,[H]C([H])[H],Br,[H],[H],,[H].[H],,[H].[H],[H].[H],,[H],[H],[H]C([H])[H],[H],[H],[H],[H]NC([H])([H])[H],[H],[H].[H]C([H])[H],[H].[H],[H].[H],[H],[H].[H],F,[H],[H],[H]C([H])[H]
EN300-1707072_12045,-12.477754549082457,,0.7849183934136289,,R1=[H].[H]C([H])[H] | R2=[H].[H] | R4=[H].[H] | R6=[H] | R7=Br | R8=[H] | R9=[H] | R11=[H] | R12=[H] | R17=[H]C([H])[H] | R19=[H] | R21=[H] | R22=[H] | R23=[H]NC([H])([H])[H] | R24=[H] | R27=[H].[H]C([H])[H] | R29=[H].[H] | R30=[H].[H] | R32=[H] | R33=[H].[H] | R35=F | R36=[H] | R38=[H] | R39=[H]C([H])[H],CNc1ccn(-c2ccnc3c2cc([C@H](C)N2CC=C(c4c(C)cc(C(=O)N5Cc6cc(Br)ccc6[C@@H](C)C5)cc4F)CC2)n3C)c(=O)c1,[H].[H]C([H])[H],[H].[H],,[H].[H],,[H],Br,[H],[H],,[H],[H],[H]C([H])[H],[H],[H],[H],[H]NC([H])([H])[H],[H],[H].[H]C([H])[H],[H].[H],[H].[H],[H],[H].[H],F,[H],[H],[H]C([H])[H]
EN300-44825890_30936,-12.472972119603325,,0.784336368969778,,R1=[H].[H]C([H])[H] | R3=[H].[H] | R4=[H].[H] | R6=Cl | R7=[H] | R8=Br | R9=[H] | R11=[H] | R12=[H] | R17=[H]C([H])[H] | R19=[H] | R21=[H] | R22=[H] | R23=[H]NC([H])([H])[H] | R24=[H] | R27=[H].[H]C([H])[H] | R29=[H].[H] | R30=[H].[H] | R32=[H] | R33=[H].[H] | R35=F | R36=[H] | R38=[H] | R39=[H]C([H])[H],CNc1ccn(-c2ccnc3c2cc([C@H](C)N2CC=C(c4c(C)cc(C(=O)N5CCc6c(Cl)cc(Br)cc6[C@@H]5C)cc4F)CC2)n3C)c(=O)c1,[H].[H]C([H])[H],,[H].[H],[H].[H],,Cl,[H],Br,[H],,[H],[H],[H]C([H])[H],[H],[H],[H],[H]NC([H])([H])[H],[H],[H].[H]C([H])[H],[H].[H],[H].[H],[H],[H].[H],F,[H],[H],[H]C([H])[H]
EN300-46668794_33480,-12.466738604494738,,0.783577746562455,,R1=[H].[H]C([H])[H] | R2=[H].[H] | R4=[H].[H] | R6=[H] | R7=Br | R8=[H] | R9=Cl | R11=[H] | R12=[H] | R17=[H]C([H])[H] | R19=[H] | R21=[H] | R22=[H] | R23=[H]NC([H])([H])[H] | R24=[H] | R27=[H].[H]C([H])[H] | R29=[H].[H] | R30=[H].[H] | R32=[H] | R33=[H].[H] | R35=F | R36=[H] | R38=[H] | R39=[H]C([H])[H],CNc1ccn(-c2ccnc3c2cc([C@H](C)N2CC=C(c4c(C)cc(C(=O)N5Cc6cc(Br)cc(Cl)c6[C@H](C)C5)cc4F)CC2)n3C)c(=O)c1,[H].[H]C([H])[H],[H].[H],,[H].[H],,[H],Br,[H],Cl,,[H],[H],[H]C([H])[H],[H],[H],[H],[H]NC([H])([H])[H],[H],[H].[H]C([H])[H],[H].[H],[H].[H],[H],[H].[H],F,[H],[H],[H]C([H])[H]
LN05089848_9,-12.4632455276026,,0.7831526370769215,,R1=FC(F)F | R3=[H] | R5=[H].[H] | R6=[H] | R7=[H] | R8=[H].[H] | R9=[H].[H] | R11=[H] | R12=[H] | R17=[H]C([H])[H] | R19=[H] | R21=[H] | R22=[H] | R23=[H]NC([H])([H])[H] | R24=[H] | R27=[H].[H]C([H])[H] | R29=[H].[H] | R30=[H].[H] | R32=[H] | R33=[H].[H] | R35=F | R36=[H] | R38=[H] | R39=[H]C([H])[H],CNc1ccn(-c2ccnc3c2cc([C@H](C)N2CC=C(c4c(C)cc(C(=O)N5CCc6c(cccc6C(F)(F)F)C5)cc4F)CC2)n3C)c(=O)c1,FC(F)F,,[H],,[H].[H],[H],[H],[H].[H],[H].[H],,[H],[H],[H]C([H])[H],[H],[H],[H],[H]NC([H])([H])[H],[H],[H].[H]C([H])[H],[H].[H],[H].[H],[H],[H].[H],F,[H],[H],[H]C([H])[H]
LN02190435_1087,-12.462025780023385,,0.7830041930884574,,R1=Br | R2=[H] | R3=[H] | R5=[H] | R7=[H].[H] | R8=[H]C([H])[H].[H]C([H])[H] | R9=[H].[H] | R11=[H] | R12=[H] | R17=[H]C([H])[H] | R19=[H] | R21=[H] | R22=[H] | R23=[H]NC([H])([H])[H] | R24=[H] | R27=[H].[H]C([H])[H] | R29=[H].[H] | R30=[H].[H] | R32=[H] | R33=[H].[H] | R35=F | R36=[H] | R38=[H] | R39=[H]C([H])[H],CNc1ccn(-c2ccnc3c2cc([C@H](C)N2CC=C(c4c(C)cc(C(=O)N5CCc6cc(Br)ccc6C5(C)C)cc4F)CC2)n3C)c(=O)c1,Br,[H],[H],,[H],,[H].[H],[H]C([H])[H].[H]C([H])[H],[H].[H],,[H],[H],[H]C([H])[H],[H],[H],[H],[H]NC([H])([H])[H],[H],[H].[H]C([H])[H],[H].[H],[H].[H],[H],[H].[H],F,[H],[H],[H]C([H])[H]
EN300-8322195_27833,-12.454114400264514,,0.7820413735791804,,R1=[H].[H]C([H])[H] | R3=[H].[H] | R4=[H].[H] | R6=F | R7=[H] | R8=Cl | R9=[H] | R11=[H] | R12=[H] | R17=[H]C([H])[H] | R19=[H] | R21=[H] | R22=[H] | R23=[H]NC([H])([H])[H] | R24=[H] | R27=[H].[H]C([H])[H] | R29=[H].[H] | R30=[H].[H] | R32=[H] | R33=[H].[H] | R35=F | R36=[H] | R38=[H] | R39=[H]C([H])[H],CNc1ccn(-c2ccnc3c2cc([C@H](C)N2CC=C(c4c(C)cc(C(=O)N5CCc6c(F)cc(Cl)cc6[C@H]5C)cc4F)CC2)n3C)c(=O)c1,[H].[H]C([H])[H],,[H].[H],[H].[H],,F,[H],Cl,[H],,[H],[H],[H]C([H])[H],[H],[H],[H],[H]NC([H])([H])[H],[H],[H].[H]C([H])[H],[H].[H],[H].[H],[H],[H].[H],F,[H],[H],[H]C([H])[H]
EN300-105291_3159,-12.447715765303757,,0.7812626559899949,,R1=[H].[H]C([H])[H] | R3=[H].[H] | R4=[H].[H] | R6=Cl | R7=[H] | R8=Cl | R9=[H] | R11=[H] | R12=[H] | R17=[H]C([H])[H] | R19=[H] | R21=[H] | R22=[H] | R23=[H]NC([H])([H])[H] | R24=[H] | R27=[H].[H]C([H])[H] | R29=[H].[H] | R30=[H].[H] | R32=[H] | R33=[H].[H] | R35=F | R36=[H] | R38=[H] | R39=[H]C([H])[H],CNc1ccn(-c2ccnc3c2cc([C@H](C)N2CC=C(c4c(C)cc(C(=O)N5CCc6c(Cl)cc(Cl)cc6[C@@H]5C)cc4F)CC2)n3C)c(=O)c1,[H].[H]C([H])[H],,[H].[H],[H].[H],,Cl,[H],Cl,[H],,[H],[H],[H]C([H])[H],[H],[H],[H],[H]NC([H])([H])[H],[H],[H].[H]C([H])[H],[H].[H],[H].[H],[H],[H].[H],F,[H],[H],[H]C([H])[H]
EN300-6479248_19308,-12.435149745764383,,0.7797333641173732,,R1=Cl | R2=[H] | R4=[H].[H] | R6=[H].[H] | R7=[H].[H] | R9=[H] | R10=Br | R11=[H] | R12=[H] | R17=[H]C([H])[H] | R19=[H] | R21=[H] | R22=[H] | R23=[H]NC([H])([H])[H] | R24=[H] | R27=[H].[H]C([H])[H] | R29=[H].[H] | R30=[H].[H] | R32=[H] | R33=[H].[H] | R35=F | R36=[H] | R38=[H] | R39=[H]C([H])[H],CNc1ccn(-c2ccnc3c2cc([C@H](C)N2CC=C(c4c(C)cc(C(=O)N5CCc6cc(Br)c(Cl)cc6C5)cc4F)CC2)n3C)c(=O)c1,Cl,[H],,[H].[H],,[H].[H],[H].[H],,[H],Br,[H],[H],[H]C([H])[H],[H],[H],[H],[H]NC([H])([H])[H],[H],[H].[H]C([H])[H],[H].[H],[H].[H],[H],[H].[H],F,[H],[H],[H]C([H])[H]
LN02039042_6665,-12.432967783254854,,0.779467818013316,,R2=[H].[H] | R3=[H].[H] | R5=[H].[H] | R7=[H] | R8=[H] | R9=[H] | R10=[H]C([H])[H] | R11=[H] | R12=[H] | R17=[H]C([H])[H] | R19=[H] | R21=[H] | R22=[H] | R23=[H]NC([H])([H])[H] | R24=[H] | R27=[H].[H]C([H])[H] | R29=[H].[H] | R30=[H].[H] | R32=[H] | R33=[H].[H] | R35=F | R36=[H] | R38=[H] | R39=[H]C([H])[H],CNc1ccn(-c2ccnc3c2cc([C@H](C)N2CC=C(c4c(C)cc(C(=O)N5CCc6cc(C)ccc6C5)cc4F)CC2)n3C)c(=O)c1,,[H].[H],[H].[H],,[H].[H],,[H],[H],[H],[H]C([H])[H],[H],[H],[H]C([H])[H],[H],[H],[H],[H]NC([H])([H])[H],[H],[H].[H]C([H])[H],[H].[H],[H].[H],[H],[H].[H],F,[H],[H],[H]C([H])[H]
EN300-6249947_18003,-12.431749749826755,,0.7793195826380378,,R1=[H]C([H])([H])O | R2=[H] | R3=Br | R5=[H].[H] | R6=[H].[H] | R8=[H].[H] | R10=[H] | R11=[H] | R12=[H] | R17=[H]C([H])[H] | R19=[H] | R21=[H] | R22=[H] | R23=[H]NC([H])([H])[H] | R24=[H] | R27=[H].[H]C([H])[H] | R29=[H].[H] | R30=[H].[H] | R32=[H] | R33=[H].[H] | R35=F | R36=[H] | R38=[H] | R39=[H]C([H])[H],CNc1ccn(-c2ccnc3c2cc([C@H](C)N2CC=C(c4c(C)cc(C(=O)N5CCc6c(Br)cc(OC)cc6C5)cc4F)CC2)n3C)c(=O)c1,[H]C([H])([H])O,[H],Br,,[H].[H],[H].[H],,[H].[H],,[H],[H],[H],[H]C([H])[H],[H],[H],[H],[H]NC([H])([H])[H],[H],[H].[H]C([H])[H],[H].[H],[H].[H],[H],[H].[H],F,[H],[H],[H]C([H])[H]
EN300-7549596_19684,-12.430299095980908,,0.7791430372228814,,R1=[H]C([H])[H].[H]C([H])[H] | R2=[H].[H] | R4=[H].[H] | R6=Br | R7=[H] | R8=[H] | R9=[H] | R11=[H] | R12=[H] | R17=[H]C([H])[H] | R19=[H] | R21=[H] | R22=[H] | R23=[H]NC([H])([H])[H] | R24=[H] | R27=[H].[H]C([H])[H] | R29=[H].[H] | R30=[H].[H] | R32=[H] | R33=[H].[H] | R35=F | R36=[H] | R38=[H] | R39=[H]C([H])[H],CNc1ccn(-c2ccnc3c2cc([C@H](C)N2CC=C(c4c(C)cc(C(=O)N5Cc6c(Br)cccc6C(C)(C)C5)cc4F)CC2)n3C)c(=O)c1,[H]C([H])[H].[H]C([H])[H],[H].[H],,[H].[H],,Br,[H],[H],[H],,[H],[H],[H]C([H])[H],[H],[H],[H],[H]NC([H])([H])[H],[H],[H].[H]C([H])[H],[H].[H],[H].[H],[H],[H].[H],F,[H],[H],[H]C([H])[H]
LN00171060_1694,-12.429641954455782,,0.7790630627177975,,R1=FC(F)F | R2=[H] | R3=[H] | R4=C#N | R7=[H].[H] | R8=[H].[H] | R10=[H].[H] | R11=[H] | R12=[H] | R17=[H]C([H])[H] | R19=[H] | R21=[H] | R22=[H] | R23=[H]NC([H])([H])[H] | R24=[H] | R27=[H].[H]C([H])[H] | R29=[H].[H] | R30=[H].[H] | R32=[H] | R33=[H].[H] | R35=F | R36=[H] | R38=[H] | R39=[H]C([H])[H],CNc1ccn(-c2ccnc3c2cc([C@H](C)N2CC=C(c4c(C)cc(C(=O)N5CCc6c(C#N)cc(C(F)(F)F)cc6C5)cc4F)CC2)n3C)c(=O)c1,FC(F)F,[H],[H],C#N,,,[H].[H],[H].[H],,[H].[H],[H],[H],[H]C([H])[H],[H],[H],[H],[H]NC([H])([H])[H],[H],[H].[H]C([H])[H],[H].[H],[H].[H],[H],[H].[H],F,[H],[H],[H]C([H])[H]
EN300-52053202_37358,-12.428627058929221,,0.7789395493430595,,R1=[H]C([H])([H])O | R2=[H] | R3=[H] | R5=[H].[H] | R7=[H].[H]C([H])[H] | R8=[H].[H]C([H])[H] | R10=[H] | R11=[H] | R12=[H] | R17=[H]C([H])[H] | R19=[H] | R21=[H] | R22=[H] | R23=[H]NC([H])([H])[H] | R24=[H] | R27=[H].[H]C([H])[H] | R29=[H].[H] | R30=[H].[H] | R32=[H] | R33=[H].[H] | R35=F | R36=[H] | R38=[H] | R39=[H]C([H])[H],CNc1ccn(-c2ccnc3c2cc([C@H](C)N2CC=C(c4c(C)cc(C(=O)N5Cc6ccc(OC)cc6[C@@H](C)[C@H]5C)cc4F)CC2)n3C)c(=O)c1,[H]C([H])([H])O,[H],[H],,[H].[H],,[H].[H]C([H])[H],[H].[H]C([H])[H],,[H],[H],[H],[H]C([H])[H],[H],[H],[H],[H]NC([H])([H])[H],[H],[H].[H]C([H])[H],[H].[H],[H].[H],[H],[H].[H],F,[H],[H],[H]C([H])[H]
LN05341287_7389,-12.421733674774663,,0.7781006204897823,,R1=Br | R2=[H] | R3=[H] | R5=[H]C([H])[H] | R7=[H].[H] | R8=[H].[H] | R10=[H].[H] | R11=[H] | R12=[H] | R17=[H]C([H])[H] | R19=[H] | R21=[H] | R22=[H] | R23=[H]NC([H])([H])[H] | R24=[H] | R27=[H].[H]C([H])[H] | R29=[H].[H] | R30=[H].[H] | R32=[H] | R33=[H].[H] | R35=F | R36=[H] | R38=[H] | R39=[H]C([H])[H],CNc1ccn(-c2ccnc3c2cc([C@H](C)N2CC=C(c4c(C)cc(C(=O)N5CCc6c(C)cc(Br)cc6C5)cc4F)CC2)n3C)c(=O)c1,Br,[H],[H],,[H]C([H])[H],,[H].[H],[H].[H],,[H].[H],[H],[H],[H]C([H])[H],[H],[H],[H],[H]NC([H])([H])[H],[H],[H].[H]C([H])[H],[H].[H],[H].[H],[H],[H].[H],F,[H],[H],[H]C([H])[H]
LN01361134_3222,-12.411856982201666,,0.7768986212701458,,R1=Cl | R3=[H] | R5=[H].[H] | R6=Cl | R7=[H] | R8=[H].[H] | R9=[H].[H] | R11=[H] | R12=[H] | R17=[H]C([H])[H] | R19=[H] | R21=[H] | R22=[H] | R23=[H]NC([H])([H])[H] | R24=[H] | R27=[H].[H]C([H])[H] | R29=[H].[H] | R30=[H].[H] | R32=[H] | R33=[H].[H] | R35=F | R36=[H] | R38=[H] | R39=[H]C([H])[H],CNc1ccn(-c2ccnc3c2cc([C@H](C)N2CC=C(c4c(C)cc(C(=O)N5CCc6c(Cl)cc(Cl)cc6C5)cc4F)CC2)n3C)c(=O)c1,Cl,,[H],,[H].[H],Cl,[H],[H].[H],[H].[H],,[H],[H],[H]C([H])[H],[H],[H],[H],[H]NC([H])([H])[H],[H],[H].[H]C([H])[H],[H].[H],[H].[H],[H],[H].[H],F,[H],[H],[H]C([H])[H]
LN01096145_3143,-12.406760173851524,,0.7762783367351934,,R1=[H]C([H])([H])O | R3=[H] | R5=[H].[H] | R6=[H] | R7=[H] | R8=[H].[H] | R10=[H].[H] | R11=[H] | R12=[H] | R17=[H]C([H])[H] | R19=[H] | R21=[H] | R22=[H] | R23=[H]NC([H])([H])[H] | R24=[H] | R27=[H].[H]C([H])[H] | R29=[H].[H] | R30=[H].[H] | R32=[H] | R33=[H].[H] | R35=F | R36=[H] | R38=[H] | R39=[H]C([H])[H],CNc1ccn(-c2ccnc3c2cc([C@H](C)N2CC=C(c4c(C)cc(C(=O)N5CCc6cccc(OC)c6C5)cc4F)CC2)n3C)c(=O)c1,[H]C([H])([H])O,,[H],,[H].[H],[H],[H],[H].[H],,[H].[H],[H],[H],[H]C([H])[H],[H],[H],[H],[H]NC([H])([H])[H],[H],[H].[H]C([H])[H],[H].[H],[H].[H],[H],[H].[H],F,[H],[H],[H]C([H])[H]
EN300-123734_3473,-12.396920653838064,,0.7750808614376314,,R1=F | R2=[H] | R3=[H] | R4=[H] | R6=[H].[H] | R7=[H].[H] | R9=[H].[H] | R11=[H] | R12=[H] | R17=[H]C([H])[H] | R19=[H] | R21=[H] | R22=[H] | R23=[H]NC([H])([H])[H] | R24=[H] | R27=[H].[H]C([H])[H] | R29=[H].[H] | R30=[H].[H] | R32=[H] | R33=[H].[H] | R35=F | R36=[H] | R38=[H] | R39=[H]C([H])[H],CNc1ccn(-c2ccnc3c2cc([C@H](C)N2CC=C(c4c(C)cc(C(=O)N5CCc6cccc(F)c6C5)cc4F)CC2)n3C)c(=O)c1,F,[H],[H],[H],,[H].[H],[H].[H],,[H].[H],,[H],[H],[H]C([H])[H],[H],[H],[H],[H]NC([H])([H])[H],[H],[H].[H]C([H])[H],[H].[H],[H].[H],[H],[H].[H],F,[H],[H],[H]C([H])[H]
EN300-7543103_17686,-12.390573766474555,,0.7743084415610709,,R1=[H]O | R2=[H] | R3=[H] | R4=F | R6=[H].[H] | R8=[H].[H] | R9=[H].[H] | R11=[H] | R12=[H] | R17=[H]C([H])[H] | R19=[H] | R21=[H] | R22=[H] | R23=[H]NC([H])([H])[H] | R24=[H] | R27=[H].[H]C([H])[H] | R29=[H].[H] | R30=[H].[H] | R32=[H] | R33=[H].[H] | R35=F | R36=[H] | R38=[H] | R39=[H]C([H])[H],CNc1ccn(-c2ccnc3c2cc([C@H](C)N2CC=C(c4c(C)cc(C(=O)N5CCc6c(O)ccc(F)c6C5)cc4F)CC2)n3C)c(=O)c1,[H]O,[H],[H],F,,[H].[H],,[H].[H],[H].[H],,[H],[H],[H]C([H])[H],[H],[H],[H],[H]NC([H])([H])[H],[H],[H].[H]C([H])[H],[H].[H],[H].[H],[H],[H].[H],F,[H],[H],[H]C([H])[H]
EN300-37430778_13232,-12.38481450028284,,0.7736075355222368,,R1=[H]C([H])([H])O | R2=[H] | R3=F | R4=[H] | R6=[H].[H] | R8=[H].[H] | R9=[H].[H] | R11=[H] | R12=[H] | R17=[H]C([H])[H] | R19=[H] | R21=[H] | R22=[H] | R23=[H]NC([H])([H])[H] | R24=[H] | R27=[H].[H]C([H])[H] | R29=[H].[H] | R30=[H].[H] | R32=[H] | R33=[H].[H] | R35=F | R36=[H] | R38=[H] | R39=[H]C([H])[H],CNc1ccn(-c2ccnc3c2cc([C@H](C)N2CC=C(c4c(C)cc(C(=O)N5CCc6c(cc(F)cc6OC)C5)cc4F)CC2)n3C)c(=O)c1,[H]C([H])([H])O,[H],F,[H],,[H].[H],,[H].[H],[H].[H],,[H],[H],[H]C([H])[H],[H],[H],[H],[H]NC([H])([H])[H],[H],[H].[H]C([H])[H],[H].[H],[H].[H],[H],[H].[H],F,[H],[H],[H]C([H])[H]
LN01277019_1490,-12.382532681228039,,0.7733298368186525,,R1=Cl | R2=[H] | R3=[H] | R5=[H] | R7=[H].[H] | R8=[H].[H] | R10=[H].[H] | R11=[H] | R12=[H] | R17=[H]C([H])[H] | R19=[H] | R21=[H] | R22=[H] | R23=[H]NC([H])([H])[H] | R24=[H] | R27=[H].[H]C([H])[H] | R29=[H].[H] | R30=[H].[H] | R32=[H] | R33=[H].[H] | R35=F | R36=[H] | R38=[H] | R39=[H]C([H])[H],CNc1ccn(-c2ccnc3c2cc([C@H](C)N2CC=C(c4c(C)cc(C(=O)N5CCc6ccc(Cl)cc6C5)cc4F)CC2)n3C)c(=O)c1,Cl,[H],[H],,[H],,[H].[H],[H].[H],,[H].[H],[H],[H],[H]C([H])[H],[H],[H],[H],[H]NC([H])([H])[H],[H],[H].[H]C([H])[H],[H].[H],[H].[H],[H],[H].[H],F,[H],[H],[H]C([H])[H]
LN01533296_7547,-12.382114283871713,,0.7732789176175044,,R1=Cl | R2=[H] | R3=[H] | R5=[H] | R7=[H].[H]C([H])[H] | R8=[H].[H] | R9=[H].[H] | R11=[H] | R12=[H] | R17=[H]C([H])[H] | R19=[H] | R21=[H] | R22=[H] | R23=[H]NC([H])([H])[H] | R24=[H] | R27=[H].[H]C([H])[H] | R29=[H].[H] | R30=[H].[H] | R32=[H] | R33=[H].[H] | R35=F | R36=[H] | R38=[H] | R39=[H]C([H])[H],CNc1ccn(-c2ccnc3c2cc([C@H](C)N2CC=C(c4c(C)cc(C(=O)N5Cc6ccc(Cl)cc6[C@@H](C)C5)cc4F)CC2)n3C)c(=O)c1,Cl,[H],[H],,[H],,[H].[H]C([H])[H],[H].[H],[H].[H],,[H],[H],[H]C([H])[H],[H],[H],[H],[H]NC([H])([H])[H],[H],[H].[H]C([H])[H],[H].[H],[H].[H],[H],[H].[H],F,[H],[H],[H]C([H])[H]
LN00335358_2448,-12.356025140744087,,0.7701038537539058,,R1=F | R3=[H] | R5=[H].[H] | R6=[H] | R7=[H] | R8=[H].[H] | R9=[H].[H] | R11=[H] | R12=[H] | R17=[H]C([H])[H] | R19=[H] | R21=[H] | R22=[H] | R23=[H]NC([H])([H])[H] | R24=[H] | R27=[H].[H]C([H])[H] | R29=[H].[H] | R30=[H].[H] | R32=[H] | R33=[H].[H] | R35=F | R36=[H] | R38=[H] | R39=[H]C([H])[H],CNc1ccn(-c2ccnc3c2cc([C@H](C)N2CC=C(c4c(C)cc(C(=O)N5CCc6c(F)cccc6C5)cc4F)CC2)n3C)c(=O)c1,F,,[H],,[H].[H],[H],[H],[H].[H],[H].[H],,[H],[H],[H]C([H])[H],[H],[H],[H],[H]NC([H])([H])[H],[H],[H].[H]C([H])[H],[H].[H],[H].[H],[H],[H].[H],F,[H],[H],[H]C([H])[H]
LN01275680_4892,-12.354682914088956,,0.7699405039908025,,R1=F | R2=[H] | R3=[H] | R5=[H] | R7=[H].[H] | R8=[H].[H] | R9=[H].[H] | R11=[H] | R12=[H] | R17=[H]C([H])[H] | R19=[H] | R21=[H] | R22=[H] | R23=[H]NC([H])([H])[H] | R24=[H] | R27=[H].[H]C([H])[H] | R29=[H].[H] | R30=[H].[H] | R32=[H] | R33=[H].[H] | R35=F | R36=[H] | R38=[H] | R39=[H]C([H])[H],CNc1ccn(-c2ccnc3c2cc([C@H](C)N2CC=C(c4c(C)cc(C(=O)N5CCc6cc(F)ccc6C5)cc4F)CC2)n3C)c(=O)c1,F,[H],[H],,[H],,[H].[H],[H].[H],[H].[H],,[H],[H],[H]C([H])[H],[H],[H],[H],[H]NC([H])([H])[H],[H],[H].[H]C([H])[H],[H].[H],[H].[H],[H],[H].[H],F,[H],[H],[H]C([H])[H]
LN01359009_3194,-12.343940392192605,,0.7686331328398924,,R1=[H]C([H])([H])C=O | R2=[H] | R3=[H] | R5=[H] | R7=[H].[H] | R8=[H].[H] | R10=[H].[H] | R11=[H] | R12=[H] | R17=[H]C([H])[H] | R19=[H] | R21=[H] | R22=[H] | R23=[H]NC([H])([H])[H] | R24=[H] | R27=[H].[H]C([H])[H] | R29=[H].[H] | R30=[H].[H] | R32=[H] | R33=[H].[H] | R35=F | R36=[H] | R38=[H] | R39=[H]C([H])[H],CNc1ccn(-c2ccnc3c2cc([C@H](C)N2CC=C(c4c(C)cc(C(=O)N5CCc6ccc(C(C)=O)cc6C5)cc4F)CC2)n3C)c(=O)c1,[H]C([H])([H])C=O,[H],[H],,[H],,[H].[H],[H].[H],,[H].[H],[H],[H],[H]C([H])[H],[H],[H],[H],[H]NC([H])([H])[H],[H],[H].[H]C([H])[H],[H].[H],[H].[H],[H],[H].[H],F,[H],[H],[H]C([H])[H]
EN300-1273343_10229,-12.329223707388689,,0.7668421037560968,,R1=[H].[H]C([H])[H] | R3=[H].[H] | R4=[H].[H] | R6=[H] | R7=[H]O | R8=[H] | R9=[H] | R11=[H] | R12=[H] | R17=[H]C([H])[H] | R19=[H] | R21=[H] | R22=[H] | R23=[H]NC([H])([H])[H] | R24=[H] | R27=[H].[H]C([H])[H] | R29=[H].[H] | R30=[H].[H] | R32=[H] | R33=[H].[H] | R35=F | R36=[H] | R38=[H] | R39=[H]C([H])[H],CNc1ccn(-c2ccnc3c2cc([C@H](C)N2CC=C(c4c(C)cc(C(=O)N5CCc6cc(O)ccc6[C@H]5C)cc4F)CC2)n3C)c(=O)c1,[H].[H]C([H])[H],,[H].[H],[H].[H],,[H],[H]O,[H],[H],,[H],[H],[H]C([H])[H],[H],[H],[H],[H]NC([H])([H])[H],[H],[H].[H]C([H])[H],[H].[H],[H].[H],[H],[H].[H],F,[H],[H],[H]C([H])[H]
EN300-305270_7956,-12.31765260150232,,0.7654338934526017,,R1=Br | R2=[H] | R4=[H].[H] | R5=[H].[H] | R7=[H].[H] | R9=[H] | R10=Br | R11=[H] | R12=[H] | R17=[H]C([H])[H] | R19=[H] | R21=[H] | R22=[H] | R23=[H]NC([H])([H])[H] | R24=[H] | R27=[H].[H]C([H])[H] | R29=[H].[H] | R30=[H].[H] | R32=[H] | R33=[H].[H] | R35=F | R36=[H] | R38=[H] | R39=[H]C([H])[H],CNc1ccn(-c2ccnc3c2cc([C@H](C)N2CC=C(c4c(C)cc(C(=O)N5CCc6cc(Br)c(Br)cc6C5)cc4F)CC2)n3C)c(=O)c1,Br,[H],,[H].[H],[H].[H],,[H].[H],,[H],Br,[H],[H],[H]C([H])[H],[H],[H],[H],[H]NC([H])([H])[H],[H],[H].[H]C([H])[H],[H].[H],[H].[H],[H],[H].[H],F,[H],[H],[H]C([H])[H]
EN300-1256175_47792,-12.310963085197443,,0.7646197754349776,,R1=[H]C([H])[H] | R2=[H] | R3=[H] | R5=[H].[H] | R6=[H].[H] | R8=[H].[H]C([H])[H] | R10=[H] | R11=[H] | R12=[H] | R17=[H]C([H])[H] | R19=[H] | R21=[H] | R22=[H] | R23=[H]NC([H])([H])[H] | R24=[H] | R27=[H].[H]C([H])[H] | R29=[H].[H] | R30=[H].[H] | R32=[H] | R33=[H].[H] | R35=F | R36=[H] | R38=[H] | R39=[H]C([H])[H],CNc1ccn(-c2ccnc3c2cc([C@H](C)N2CC=C(c4c(C)cc(C(=O)N5CCc6ccc(C)cc6[C@H]5C)cc4F)CC2)n3C)c(=O)c1,[H]C([H])[H],[H],[H],,[H].[H],[H].[H],,[H].[H]C([H])[H],,[H],[H],[H],[H]C([H])[H],[H],[H],[H],[H]NC([H])([H])[H],[H],[H].[H]C([H])[H],[H].[H],[H].[H],[H],[H].[H],F,[H],[H],[H]C([H])[H]
EN300-366757_8903,-12.30977153949032,,0.7644747636307186,,R1=[H].[H]C([H])[H] | R2=[H].[H] | R4=[H].[H] | R6=[H] | R7=[H] | R8=[H] | R9=[H] | R11=[H] | R12=[H] | R17=[H]C([H])[H] | R19=[H] | R21=[H] | R22=[H] | R23=[H]NC([H])([H])[H] | R24=[H] | R27=[H].[H]C([H])[H] | R29=[H].[H] | R30=[H].[H] | R32=[H] | R33=[H].[H] | R35=F | R36=[H] | R38=[H] | R39=[H]C([H])[H],CNc1ccn(-c2ccnc3c2cc([C@H](C)N2CC=C(c4c(C)cc(C(=O)N5Cc6ccccc6[C@H](C)C5)cc4F)CC2)n3C)c(=O)c1,[H].[H]C([H])[H],[H].[H],,[H].[H],,[H],[H],[H],[H],,[H],[H],[H]C([H])[H],[H],[H],[H],[H]NC([H])([H])[H],[H],[H].[H]C([H])[H],[H].[H],[H].[H],[H],[H].[H],F,[H],[H],[H]C([H])[H]
LN05488204_2350,-12.304178196510627,,0.7637940505431073,,R1=Br | R2=[H] | R3=[H] | R5=[H] | R7=[H].[H] | R8=FC(F)F.[H] | R9=[H].[H] | R11=[H] | R12=[H] | R17=[H]C([H])[H] | R19=[H] | R21=[H] | R22=[H] | R23=[H]NC([H])([H])[H] | R24=[H] | R27=[H].[H]C([H])[H] | R29=[H].[H] | R30=[H].[H] | R32=[H] | R33=[H].[H] | R35=F | R36=[H] | R38=[H] | R39=[H]C([H])[H],CNc1ccn(-c2ccnc3c2cc([C@H](C)N2CC=C(c4c(C)cc(C(=O)N5CCc6cc(Br)ccc6[C@@H]5C(F)(F)F)cc4F)CC2)n3C)c(=O)c1,Br,[H],[H],,[H],,[H].[H],FC(F)F.[H],[H].[H],,[H],[H],[H]C([H])[H],[H],[H],[H],[H]NC([H])([H])[H],[H],[H].[H]C([H])[H],[H].[H],[H].[H],[H],[H].[H],F,[H],[H],[H]C([H])[H]
EN300-45610201_31869,-12.300982879210268,,0.7634051785727453,,R1=C#N | R2=[H] | R3=[H] | R4=F | R6=[H].[H] | R7=[H].[H] | R9=[H].[H] | R11=[H] | R12=[H] | R17=[H]C([H])[H] | R19=[H] | R21=[H] | R22=[H] | R23=[H]NC([H])([H])[H] | R24=[H] | R27=[H].[H]C([H])[H] | R29=[H].[H] | R30=[H].[H] | R32=[H] | R33=[H].[H] | R35=F | R36=[H] | R38=[H] | R39=[H]C([H])[H],CNc1ccn(-c2ccnc3c2cc([C@H](C)N2CC=C(c4c(C)cc(C(=O)N5CCc6c(F)ccc(C#N)c6C5)cc4F)CC2)n3C)c(=O)c1,C#N,[H],[H],F,,[H].[H],[H].[H],,[H].[H],,[H],[H],[H]C([H])[H],[H],[H],[H],[H]NC([H])([H])[H],[H],[H].[H]C([H])[H],[H].[H],[H].[H],[H],[H].[H],F,[H],[H],[H]C([H])[H]
EN300-52427648_41611,-12.297779874963966,,0.7630153710965993,,R1=[H]C([H])[H] | R2=[H] | R3=F | R6=[H] | R7=[H].[H] | R8=[H].[H] | R10=[H].[H]C([H])[H] | R11=[H] | R12=[H] | R17=[H]C([H])[H] | R19=[H] | R21=[H] | R22=[H] | R23=[H]NC([H])([H])[H] | R24=[H] | R27=[H].[H]C([H])[H] | R29=[H].[H] | R30=[H].[H] | R32=[H] | R33=[H].[H] | R35=F | R36=[H] | R38=[H] | R39=[H]C([H])[H],CNc1ccn(-c2ccnc3c2cc([C@H](C)N2CC=C(c4c(C)cc(C(=O)N5CCc6cc(C)cc(F)c6[C@H]5C)cc4F)CC2)n3C)c(=O)c1,[H]C([H])[H],[H],F,,,[H],[H].[H],[H].[H],,[H].[H]C([H])[H],[H],[H],[H]C([H])[H],[H],[H],[H],[H]NC([H])([H])[H],[H],[H].[H]C([H])[H],[H].[H],[H].[H],[H],[H].[H],F,[H],[H],[H]C([H])[H]
LN04964007_5309,-12.296235065657747,,0.7628273669072577,,R1=Cl | R2=[O-] | R4=Cl | R6=[H].[H] | R7=[H] | R8=[H].[H] | R9=[H].[H] | R11=[H] | R12=[H] | R17=[H]C([H])[H] | R19=[H] | R21=[H] | R22=[H] | R23=[H]NC([H])([H])[H] | R24=[H] | R27=[H].[H]C([H])[H] | R29=[H].[H] | R30=[H].[H] | R32=[H] | R33=[H].[H] | R35=F | R36=[H] | R38=[H] | R39=[H]C([H])[H],CNc1ccn(-c2ccnc3c2cc([C@H](C)N2CC=C(c4c(C)cc(C(=O)N5CCc6c(cc(Cl)c([O-])c6Cl)C5)cc4F)CC2)n3C)c(=O)c1,Cl,[O-],,Cl,,[H].[H],[H],[H].[H],[H].[H],,[H],[H],[H]C([H])[H],[H],[H],[H],[H]NC([H])([H])[H],[H],[H].[H]C([H])[H],[H].[H],[H].[H],[H],[H].[H],F,[H],[H],[H]C([H])[H]
EN300-183382_31571,-12.291894099055904,,0.7622990687518458,,R1=[H].[H]C([H])C([H])([H])[H] | R2=[H].[H] | R4=Br | R5=[H] | R6=[H] | R7=[H] | R9=[H].[H] | R11=[H] | R12=[H] | R17=[H]C([H])[H] | R19=[H] | R21=[H] | R22=[H] | R23=[H]NC([H])([H])[H] | R24=[H] | R27=[H].[H]C([H])[H] | R29=[H].[H] | R30=[H].[H] | R32=[H] | R33=[H].[H] | R35=F | R36=[H] | R38=[H] | R39=[H]C([H])[H],CC[C@H]1Cc2c(Br)cccc2CN1C(=O)c1cc(C)c(C2=CCN([C@@H](C)c3cc4c(-n5ccc(NC)cc5=O)ccnc4n3C)CC2)c(F)c1,[H].[H]C([H])C([H])([H])[H],[H].[H],,Br,[H],[H],[H],,[H].[H],,[H],[H],[H]C([H])[H],[H],[H],[H],[H]NC([H])([H])[H],[H],[H].[H]C([H])[H],[H].[H],[H].[H],[H],[H].[H],F,[H],[H],[H]C([H])[H]
EN300-7866938_45815,-12.29169354993737,,0.7622746618076999,,R1=I | R2=[H] | R3=[H] | R4=[H] | R6=[H].[H] | R8=[H].[H] | R9=[H].[H] | R11=[H] | R12=[H] | R17=[H]C([H])[H] | R19=[H] | R21=[H] | R22=[H] | R23=[H]NC([H])([H])[H] | R24=[H] | R27=[H].[H]C([H])[H] | R29=[H].[H] | R30=[H].[H] | R32=[H] | R33=[H].[H] | R35=F | R36=[H] | R38=[H] | R39=[H]C([H])[H],CNc1ccn(-c2ccnc3c2cc([C@H](C)N2CC=C(c4c(C)cc(C(=O)N5CCc6c(I)cccc6C5)cc4F)CC2)n3C)c(=O)c1,I,[H],[H],[H],,[H].[H],,[H].[H],[H].[H],,[H],[H],[H]C([H])[H],[H],[H],[H],[H]NC([H])([H])[H],[H],[H].[H]C([H])[H],[H].[H],[H].[H],[H],[H].[H],F,[H],[H],[H]C([H])[H]
EN300-19057332_31180,-12.286727450127373,,0.7616702845779605,,R1=[H].[H]C([H])[H] | R3=[H].[H] | R4=[H].[H] | R6=F | R7=[H] | R8=Br | R9=[H] | R11=[H] | R12=[H] | R17=[H]C([H])[H] | R19=[H] | R21=[H] | R22=[H] | R23=[H]NC([H])([H])[H] | R24=[H] | R27=[H].[H]C([H])[H] | R29=[H].[H] | R30=[H].[H] | R32=[H] | R33=[H].[H] | R35=F | R36=[H] | R38=[H] | R39=[H]C([H])[H],CNc1ccn(-c2ccnc3c2cc([C@H](C)N2CC=C(c4c(C)cc(C(=O)N5CCc6c(F)cc(Br)cc6[C@@H]5C)cc4F)CC2)n3C)c(=O)c1,[H].[H]C([H])[H],,[H].[H],[H].[H],,F,[H],Br,[H],,[H],[H],[H]C([H])[H],[H],[H],[H],[H]NC([H])([H])[H],[H],[H].[H]C([H])[H],[H].[H],[H].[H],[H],[H].[H],F,[H],[H],[H]C([H])[H]
LN00007438_1554,-12.282347434983343,,0.7611372341922965,,R1=Br | R3=[H] | R5=[H].[H] | R6=[H] | R7=[H] | R8=[H].[H] | R10=[H].[H] | R11=[H] | R12=[H] | R17=[H]C([H])[H] | R19=[H] | R21=[H] | R22=[H] | R23=[H]NC([H])([H])[H] | R24=[H] | R27=[H].[H]C([H])[H] | R29=[H].[H] | R30=[H].[H] | R32=[H] | R33=[H].[H] | R35=F | R36=[H] | R38=[H] | R39=[H]C([H])[H],CNc1ccn(-c2ccnc3c2cc([C@H](C)N2CC=C(c4c(C)cc(C(=O)N5CCc6cccc(Br)c6C5)cc4F)CC2)n3C)c(=O)c1,Br,,[H],,[H].[H],[H],[H],[H].[H],,[H].[H],[H],[H],[H]C([H])[H],[H],[H],[H],[H]NC([H])([H])[H],[H],[H].[H]C([H])[H],[H].[H],[H].[H],[H],[H].[H],F,[H],[H],[H]C([H])[H]
LN00002081_1773,-12.281585720044099,,0.7610445330420086,,R2=[H].[H] | R3=[H].[H] | R5=[H].[H] | R7=[H] | R8=[H] | R9=[H]C([H])[H] | R10=[H] | R11=[H] | R12=[H] | R17=[H]C([H])[H] | R19=[H] | R21=[H] | R22=[H] | R23=[H]NC([H])([H])[H] | R24=[H] | R27=[H].[H]C([H])[H] | R29=[H].[H] | R30=[H].[H] | R32=[H] | R33=[H].[H] | R35=F | R36=[H] | R38=[H] | R39=[H]C([H])[H],CNc1ccn(-c2ccnc3c2cc([C@H](C)N2CC=C(c4c(C)cc(C(=O)N5CCc6ccc(C)cc6C5)cc4F)CC2)n3C)c(=O)c1,,[H].[H],[H].[H],,[H].[H],,[H],[H],[H]C([H])[H],[H],[H],[H],[H]C([H])[H],[H],[H],[H],[H]NC([H])([H])[H],[H],[H].[H]C([H])[H],[H].[H],[H].[H],[H],[H].[H],F,[H],[H],[H]C([H])[H]
LN05360614_3289,-12.277693241129814,,0.7605708160985234,,R1=Br | R2=[H] | R3=[H] | R5=[H]C([H])[H] | R7=[H].[H] | R8=[H].[H] | R9=[H].[H] | R11=[H] | R12=[H] | R17=[H]C([H])[H] | R19=[H] | R21=[H] | R22=[H] | R23=[H]NC([H])([H])[H] | R24=[H] | R27=[H].[H]C([H])[H] | R29=[H].[H] | R30=[H].[H] | R32=[H] | R33=[H].[H] | R35=F | R36=[H] | R38=[H] | R39=[H]C([H])[H],CNc1ccn(-c2ccnc3c2cc([C@H](C)N2CC=C(c4c(C)cc(C(=O)N5CCc6cc(Br)cc(C)c6C5)cc4F)CC2)n3C)c(=O)c1,Br,[H],[H],,[H]C([H])[H],,[H].[H],[H].[H],[H].[H],,[H],[H],[H]C([H])[H],[H],[H],[H],[H]NC([H])([H])[H],[H],[H].[H]C([H])[H],[H].[H],[H].[H],[H],[H].[H],F,[H],[H],[H]C([H])[H]
EN300-3040616_23298,-12.26734889483617,,0.7593119031496071,,R1=[H]C([H])OC([H])([H])[H] | R2=[H] | R3=[H] | R5=[H].[H] | R7=[H].[H] | R8=[H].[H] | R10=[H] | R11=[H] | R12=[H] | R17=[H]C([H])[H] | R19=[H] | R21=[H] | R22=[H] | R23=[H]NC([H])([H])[H] | R24=[H] | R27=[H].[H]C([H])[H] | R29=[H].[H] | R30=[H].[H] | R32=[H] | R33=[H].[H] | R35=F | R36=[H] | R38=[H] | R39=[H]C([H])[H],CNc1ccn(-c2ccnc3c2cc([C@H](C)N2CC=C(c4c(C)cc(C(=O)N5CCc6cc(COC)ccc6C5)cc4F)CC2)n3C)c(=O)c1,[H]C([H])OC([H])([H])[H],[H],[H],,[H].[H],,[H].[H],[H].[H],,[H],[H],[H],[H]C([H])[H],[H],[H],[H],[H]NC([H])([H])[H],[H],[H].[H]C([H])[H],[H].[H],[H].[H],[H],[H].[H],F,[H],[H],[H]C([H])[H]
LN00233507_1061,-12.265798245188497,,0.7591231881873202,,R1=[H].[H]O | R3=[H].[H] | R5=[H] | R7=[H] | R8=[H].[H] | R9=[H] | R10=[H] | R11=[H] | R12=[H] | R17=[H]C([H])[H] | R19=[H] | R21=[H] | R22=[H] | R23=[H]NC([H])([H])[H] | R24=[H] | R27=[H].[H]C([H])[H] | R29=[H].[H] | R30=[H].[H] | R32=[H] | R33=[H].[H] | R35=F | R36=[H] | R38=[H] | R39=[H]C([H])[H],CNc1ccn(-c2ccnc3c2cc([C@H](C)N2CC=C(c4c(C)cc(C(=O)N5Cc6ccccc6[C@H](O)C5)cc4F)CC2)n3C)c(=O)c1,[H].[H]O,,[H].[H],,[H],,[H],[H].[H],[H],[H],[H],[H],[H]C([H])[H],[H],[H],[H],[H]NC([H])([H])[H],[H],[H].[H]C([H])[H],[H].[H],[H].[H],[H],[H].[H],F,[H],[H],[H]C([H])[H]
EN300-80921_1620,-12.263850410935811,,0.7588861356280341,,R1=[H]C([H])C([H])([H])[H] | R2=[H] | R3=[H] | R5=[H].[H] | R6=[H].[H] | R8=[H].[H] | R10=[H] | R11=[H] | R12=[H] | R17=[H]C([H])[H] | R19=[H] | R21=[H] | R22=[H] | R23=[H]NC([H])([H])[H] | R24=[H] | R27=[H].[H]C([H])[H] | R29=[H].[H] | R30=[H].[H] | R32=[H] | R33=[H].[H] | R35=F | R36=[H] | R38=[H] | R39=[H]C([H])[H],CCc1ccc2c(c1)CN(C(=O)c1cc(C)c(C3=CCN([C@@H](C)c4cc5c(-n6ccc(NC)cc6=O)ccnc5n4C)CC3)c(F)c1)CC2,[H]C([H])C([H])([H])[H],[H],[H],,[H].[H],[H].[H],,[H].[H],,[H],[H],[H],[H]C([H])[H],[H],[H],[H],[H]NC([H])([H])[H],[H],[H].[H]C([H])[H],[H].[H],[H].[H],[H],[H].[H],F,[H],[H],[H]C([H])[H]
EN300-52973784_46155,-12.259265718223503,,0.7583281758634937,,R1=[H]C([H])([H])O | R2=[H] | R3=[H] | R5=[H].[H] | R6=[H].[H] | R8=[H].[H] | R10=F | R11=[H] | R12=[H] | R17=[H]C([H])[H] | R19=[H] | R21=[H] | R22=[H] | R23=[H]NC([H])([H])[H] | R24=[H] | R27=[H].[H]C([H])[H] | R29=[H].[H] | R30=[H].[H] | R32=[H] | R33=[H].[H] | R35=F | R36=[H] | R38=[H] | R39=[H]C([H])[H],CNc1ccn(-c2ccnc3c2cc([C@H](C)N2CC=C(c4c(C)cc(C(=O)N5CCc6ccc(OC)c(F)c6C5)cc4F)CC2)n3C)c(=O)c1,[H]C([H])([H])O,[H],[H],,[H].[H],[H].[H],,[H].[H],,F,[H],[H],[H]C([H])[H],[H],[H],[H],[H]NC([H])([H])[H],[H],[H].[H]C([H])[H],[H].[H],[H].[H],[H],[H].[H],F,[H],[H],[H]C([H])[H]
EN300-3149803_40328,-12.252831203609034,,0.7575450916996229,,R1=Br | R2=[H] | R3=Br | R5=[H].[H] | R7=[H].[H] | R8=[H].[H] | R10=[H] | R11=[H] | R12=[H] | R17=[H]C([H])[H] | R19=[H] | R21=[H] | R22=[H] | R23=[H]NC([H])([H])[H] | R24=[H] | R27=[H].[H]C([H])[H] | R29=[H].[H] | R30=[H].[H] | R32=[H] | R33=[H].[H] | R35=F | R36=[H] | R38=[H] | R39=[H]C([H])[H],CNc1ccn(-c2ccnc3c2cc([C@H](C)N2CC=C(c4c(C)cc(C(=O)N5CCc6cc(Br)cc(Br)c6C5)cc4F)CC2)n3C)c(=O)c1,Br,[H],Br,,[H].[H],,[H].[H],[H].[H],,[H],[H],[H],[H]C([H])[H],[H],[H],[H],[H]NC([H])([H])[H],[H],[H].[H]C([H])[H],[H].[H],[H].[H],[H],[H].[H],F,[H],[H],[H]C([H])[H]
EN300-47325125_34265,-12.242366157528798,,0.7562714895166112,,R1=[H].[H]C([H])[H] | R2=[H].[H] | R4=F | R5=Br | R6=[H] | R7=[H] | R9=[H].[H] | R11=[H] | R12=[H] | R17=[H]C([H])[H] | R19=[H] | R21=[H] | R22=[H] | R23=[H]NC([H])([H])[H] | R24=[H] | R27=[H].[H]C([H])[H] | R29=[H].[H] | R30=[H].[H] | R32=[H] | R33=[H].[H] | R35=F | R36=[H] | R38=[H] | R39=[H]C([H])[H],CNc1ccn(-c2ccnc3c2cc([C@H](C)N2CC=C(c4c(C)cc(C(=O)N5Cc6ccc(Br)c(F)c6C[C@H]5C)cc4F)CC2)n3C)c(=O)c1,[H].[H]C([H])[H],[H].[H],,F,Br,[H],[H],,[H].[H],,[H],[H],[H]C([H])[H],[H],[H],[H],[H]NC([H])([H])[H],[H],[H].[H]C([H])[H],[H].[H],[H].[H],[H],[H].[H],F,[H],[H],[H]C([H])[H]
EN300-46674111_33645,-12.230276785178598,,0.7548002058836096,,R1=F | R2=[H] | R3=[H] | R5=[H].[H] | R7=[H].[H] | R8=[H].[H] | R10=Cl | R11=[H] | R12=[H] | R17=[H]C([H])[H] | R19=[H] | R21=[H] | R22=[H] | R23=[H]NC([H])([H])[H] | R24=[H] | R27=[H].[H]C([H])[H] | R29=[H].[H] | R30=[H].[H] | R32=[H] | R33=[H].[H] | R35=F | R36=[H] | R38=[H] | R39=[H]C([H])[H],CNc1ccn(-c2ccnc3c2cc([C@H](C)N2CC=C(c4c(C)cc(C(=O)N5CCc6c(ccc(F)c6Cl)C5)cc4F)CC2)n3C)c(=O)c1,F,[H],[H],,[H].[H],,[H].[H],[H].[H],,Cl,[H],[H],[H]C([H])[H],[H],[H],[H],[H]NC([H])([H])[H],[H],[H].[H]C([H])[H],[H].[H],[H].[H],[H],[H].[H],F,[H],[H],[H]C([H])[H]
EN300-3009194_15493,-12.225579968133175,,0.7542286005226401,,R1=[H]C([H])[H] | R2=[H] | R3=[H] | R4=F | R6=[H].[H] | R8=[H].[H] | R9=[H].[H] | R11=[H] | R12=[H] | R17=[H]C([H])[H] | R19=[H] | R21=[H] | R22=[H] | R23=[H]NC([H])([H])[H] | R24=[H] | R27=[H].[H]C([H])[H] | R29=[H].[H] | R30=[H].[H] | R32=[H] | R33=[H].[H] | R35=F | R36=[H] | R38=[H] | R39=[H]C([H])[H],CNc1ccn(-c2ccnc3c2cc([C@H](C)N2CC=C(c4c(C)cc(C(=O)N5CCc6c(C)ccc(F)c6C5)cc4F)CC2)n3C)c(=O)c1,[H]C([H])[H],[H],[H],F,,[H].[H],,[H].[H],[H].[H],,[H],[H],[H]C([H])[H],[H],[H],[H],[H]NC([H])([H])[H],[H],[H].[H]C([H])[H],[H].[H],[H].[H],[H],[H].[H],F,[H],[H],[H]C([H])[H]
EN300-45722354_34901,-12.211837359994494,,0.752556117134463,,R1=[H]C([H])[H] | R2=[H] | R3=[H] | R4=[H]O | R6=[H].[H] | R7=[H].[H] | R9=[H].[H] | R11=[H] | R12=[H] | R17=[H]C([H])[H] | R19=[H] | R21=[H] | R22=[H] | R23=[H]NC([H])([H])[H] | R24=[H] | R27=[H].[H]C([H])[H] | R29=[H].[H] | R30=[H].[H] | R32=[H] | R33=[H].[H] | R35=F | R36=[H] | R38=[H] | R39=[H]C([H])[H],CNc1ccn(-c2ccnc3c2cc([C@H](C)N2CC=C(c4c(C)cc(C(=O)N5CCc6c(O)ccc(C)c6C5)cc4F)CC2)n3C)c(=O)c1,[H]C([H])[H],[H],[H],[H]O,,[H].[H],[H].[H],,[H].[H],,[H],[H],[H]C([H])[H],[H],[H],[H],[H]NC([H])([H])[H],[H],[H].[H]C([H])[H],[H].[H],[H].[H],[H],[H].[H],F,[H],[H],[H]C([H])[H]
EN300-332258_8455,-12.203738072120368,,0.7515704290984774,,R1=[H]C([H])[H] | R2=[H] | R3=Br | R5=[H].[H] | R7=[H].[H] | R8=[H].[H] | R10=[H] | R11=[H] | R12=[H] | R17=[H]C([H])[H] | R19=[H] | R21=[H] | R22=[H] | R23=[H]NC([H])([H])[H] | R24=[H] | R27=[H].[H]C([H])[H] | R29=[H].[H] | R30=[H].[H] | R32=[H] | R33=[H].[H] | R35=F | R36=[H] | R38=[H] | R39=[H]C([H])[H],CNc1ccn(-c2ccnc3c2cc([C@H](C)N2CC=C(c4c(C)cc(C(=O)N5CCc6cc(C)cc(Br)c6C5)cc4F)CC2)n3C)c(=O)c1,[H]C([H])[H],[H],Br,,[H].[H],,[H].[H],[H].[H],,[H],[H],[H],[H]C([H])[H],[H],[H],[H],[H]NC([H])([H])[H],[H],[H].[H]C([H])[H],[H].[H],[H].[H],[H],[H].[H],F,[H],[H],[H]C([H])[H]
EN300-374421_22838,-12.197278201825183,,0.7507842591335445,,R1=F | R2=[H] | R4=[H].[H] | R5=[H].[H] | R7=[H].[H] | R9=[H] | R10=F | R11=[H] | R12=[H] | R17=[H]C([H])[H] | R19=[H] | R21=[H] | R22=[H] | R23=[H]NC([H])([H])[H] | R24=[H] | R27=[H].[H]C([H])[H] | R29=[H].[H] | R30=[H].[H] | R32=[H] | R33=[H].[H] | R35=F | R36=[H] | R38=[H] | R39=[H]C([H])[H],CNc1ccn(-c2ccnc3c2cc([C@H](C)N2CC=C(c4c(C)cc(C(=O)N5CCc6cc(F)c(F)cc6C5)cc4F)CC2)n3C)c(=O)c1,F,[H],,[H].[H],[H].[H],,[H].[H],,[H],F,[H],[H],[H]C([H])[H],[H],[H],[H],[H]NC([H])([H])[H],[H],[H].[H]C([H])[H],[H].[H],[H].[H],[H],[H].[H],F,[H],[H],[H]C([H])[H]
LN00236914_5673,-12.195864613407855,,0.7506122246025556,,R1=[H].[H]OC([H])[H] | R3=[H].[H] | R4=[H].[H] | R7=[H] | R8=[H] | R9=[H] | R10=[H] | R11=[H] | R12=[H] | R17=[H]C([H])[H] | R19=[H] | R21=[H] | R22=[H] | R23=[H]NC([H])([H])[H] | R24=[H] | R27=[H].[H]C([H])[H] | R29=[H].[H] | R30=[H].[H] | R32=[H] | R33=[H].[H] | R35=F | R36=[H] | R38=[H] | R39=[H]C([H])[H],CNc1ccn(-c2ccnc3c2cc([C@H](C)N2CC=C(c4c(C)cc(C(=O)N5Cc6ccccc6C[C@@H]5CO)cc4F)CC2)n3C)c(=O)c1,[H].[H]OC([H])[H],,[H].[H],[H].[H],,,[H],[H],[H],[H],[H],[H],[H]C([H])[H],[H],[H],[H],[H]NC([H])([H])[H],[H],[H].[H]C([H])[H],[H].[H],[H].[H],[H],[H].[H],F,[H],[H],[H]C([H])[H]
EN300-2009506_14596,-12.194128374089823,,0.7504009232696497,,R1=[H].[H]C([H])[H] | R3=[H].[H] | R4=[H].[H] | R6=[H] | R7=Cl | R8=[H] | R9=[H] | R11=[H] | R12=[H] | R17=[H]C([H])[H] | R19=[H] | R21=[H] | R22=[H] | R23=[H]NC([H])([H])[H] | R24=[H] | R27=[H].[H]C([H])[H] | R29=[H].[H] | R30=[H].[H] | R32=[H] | R33=[H].[H] | R35=F | R36=[H] | R38=[H] | R39=[H]C([H])[H],CNc1ccn(-c2ccnc3c2cc([C@H](C)N2CC=C(c4c(C)cc(C(=O)N5CCc6cc(Cl)ccc6[C@@H]5C)cc4F)CC2)n3C)c(=O)c1,[H].[H]C([H])[H],,[H].[H],[H].[H],,[H],Cl,[H],[H],,[H],[H],[H]C([H])[H],[H],[H],[H],[H]NC([H])([H])[H],[H],[H].[H]C([H])[H],[H].[H],[H].[H],[H],[H].[H],F,[H],[H],[H]C([H])[H]
EN300-45618543_33484,-12.185610685580178,,0.7493643156334362,,R1=FC(F)F.[H] | R3=[H].[H] | R4=[H].[H] | R6=Br | R7=[H] | R8=[H] | R9=[H] | R11=[H] | R12=[H] | R17=[H]C([H])[H] | R19=[H] | R21=[H] | R22=[H] | R23=[H]NC([H])([H])[H] | R24=[H] | R27=[H].[H]C([H])[H] | R29=[H].[H] | R30=[H].[H] | R32=[H] | R33=[H].[H] | R35=F | R36=[H] | R38=[H] | R39=[H]C([H])[H],CNc1ccn(-c2ccnc3c2cc([C@H](C)N2CC=C(c4c(C)cc(C(=O)N5CCc6c(Br)cccc6[C@H]5C(F)(F)F)cc4F)CC2)n3C)c(=O)c1,FC(F)F.[H],,[H].[H],[H].[H],,Br,[H],[H],[H],,[H],[H],[H]C([H])[H],[H],[H],[H],[H]NC([H])([H])[H],[H],[H].[H]C([H])[H],[H].[H],[H].[H],[H],[H].[H],F,[H],[H],[H]C([H])[H]
EN300-27118140_24602,-12.18338170788198,,0.7490930477536252,,R1=[H]O | R2=[H] | R4=[H].[H] | R6=[H].[H] | R7=[H].[H] | R9=[H] | R10=Cl | R11=[H] | R12=[H] | R17=[H]C([H])[H] | R19=[H] | R21=[H] | R22=[H] | R23=[H]NC([H])([H])[H] | R24=[H] | R27=[H].[H]C([H])[H] | R29=[H].[H] | R30=[H].[H] | R32=[H] | R33=[H].[H] | R35=F | R36=[H] | R38=[H] | R39=[H]C([H])[H],CNc1ccn(-c2ccnc3c2cc([C@H](C)N2CC=C(c4c(C)cc(C(=O)N5CCc6cc(Cl)c(O)cc6C5)cc4F)CC2)n3C)c(=O)c1,[H]O,[H],,[H].[H],,[H].[H],[H].[H],,[H],Cl,[H],[H],[H]C([H])[H],[H],[H],[H],[H]NC([H])([H])[H],[H],[H].[H]C([H])[H],[H].[H],[H].[H],[H],[H].[H],F,[H],[H],[H]C([H])[H]
EN300-81939_4159,-12.182489165452706,,0.7489844248218542,,R1=[H].[H]C([H])[H] | R3=[H].[H] | R4=[H].[H] | R6=[H] | R7=F | R8=[H] | R9=[H] | R11=[H] | R12=[H] | R17=[H]C([H])[H] | R19=[H] | R21=[H] | R22=[H] | R23=[H]NC([H])([H])[H] | R24=[H] | R27=[H].[H]C([H])[H] | R29=[H].[H] | R30=[H].[H] | R32=[H] | R33=[H].[H] | R35=F | R36=[H] | R38=[H] | R39=[H]C([H])[H],CNc1ccn(-c2ccnc3c2cc([C@H](C)N2CC=C(c4c(C)cc(C(=O)N5CCc6cc(F)ccc6[C@H]5C)cc4F)CC2)n3C)c(=O)c1,[H].[H]C([H])[H],,[H].[H],[H].[H],,[H],F,[H],[H],,[H],[H],[H]C([H])[H],[H],[H],[H],[H]NC([H])([H])[H],[H],[H].[H]C([H])[H],[H].[H],[H].[H],[H],[H].[H],F,[H],[H],[H]C([H])[H]
EN300-3015900_38949,-12.182256541550002,,0.7489561143578549,,R1=[H].[H]C([H])[H] | R2=[H].[H] | R4=[H] | R5=[H] | R6=[H] | R7=Br | R9=[H].[H] | R11=[H] | R12=[H] | R17=[H]C([H])[H] | R19=[H] | R21=[H] | R22=[H] | R23=[H]NC([H])([H])[H] | R24=[H] | R27=[H].[H]C([H])[H] | R29=[H].[H] | R30=[H].[H] | R32=[H] | R33=[H].[H] | R35=F | R36=[H] | R38=[H] | R39=[H]C([H])[H],CNc1ccn(-c2ccnc3c2cc([C@H](C)N2CC=C(c4c(C)cc(C(=O)N5Cc6c(Br)cccc6C[C@H]5C)cc4F)CC2)n3C)c(=O)c1,[H].[H]C([H])[H],[H].[H],,[H],[H],[H],Br,,[H].[H],,[H],[H],[H]C([H])[H],[H],[H],[H],[H]NC([H])([H])[H],[H],[H].[H]C([H])[H],[H].[H],[H].[H],[H],[H].[H],F,[H],[H],[H]C([H])[H]
EN300-223698_40250,-12.175775119261084,,0.7481673215027737,,R1=[H]C([H])[H] | R2=[H] | R3=[H] | R5=[H].[H] | R6=[H]C([H])[H].[H]C([H])[H] | R8=[H].[H] | R10=[H] | R11=[H] | R12=[H] | R17=[H]C([H])[H] | R19=[H] | R21=[H] | R22=[H] | R23=[H]NC([H])([H])[H] | R24=[H] | R27=[H].[H]C([H])[H] | R29=[H].[H] | R30=[H].[H] | R32=[H] | R33=[H].[H] | R35=F | R36=[H] | R38=[H] | R39=[H]C([H])[H],CNc1ccn(-c2ccnc3c2cc([C@H](C)N2CC=C(c4c(C)cc(C(=O)N5Cc6cc(C)ccc6CC5(C)C)cc4F)CC2)n3C)c(=O)c1,[H]C([H])[H],[H],[H],,[H].[H],[H]C([H])[H].[H]C([H])[H],,[H].[H],,[H],[H],[H],[H]C([H])[H],[H],[H],[H],[H]NC([H])([H])[H],[H],[H].[H]C([H])[H],[H].[H],[H].[H],[H],[H].[H],F,[H],[H],[H]C([H])[H]
EN300-299523_29093,-12.161659521128184,,0.7464494450157766,,R1=[H]C(C([H])([H])[H])C([H])([H])[H] | R2=[H] | R3=[H] | R5=[H].[H] | R6=[H].[H] | R8=[H].[H] | R10=[H] | R11=[H] | R12=[H] | R17=[H]C([H])[H] | R19=[H] | R21=[H] | R22=[H] | R23=[H]NC([H])([H])[H] | R24=[H] | R27=[H].[H]C([H])[H] | R29=[H].[H] | R30=[H].[H] | R32=[H] | R33=[H].[H] | R35=F | R36=[H] | R38=[H] | R39=[H]C([H])[H],CNc1ccn(-c2ccnc3c2cc([C@H](C)N2CC=C(c4c(C)cc(C(=O)N5CCc6ccc(C(C)C)cc6C5)cc4F)CC2)n3C)c(=O)c1,[H]C(C([H])([H])[H])C([H])([H])[H],[H],[H],,[H].[H],[H].[H],,[H].[H],,[H],[H],[H],[H]C([H])[H],[H],[H],[H],[H]NC([H])([H])[H],[H],[H].[H]C([H])[H],[H].[H],[H].[H],[H],[H].[H],F,[H],[H],[H]C([H])[H]
LN00006479_40,-12.16084939625671,,0.7463508523486337,,R1=F.F | R3=[H].[H] | R5=[H] | R7=[H] | R8=[H].[H] | R9=[H] | R10=[H] | R11=[H] | R12=[H] | R17=[H]C([H])[H] | R19=[H] | R21=[H] | R22=[H] | R23=[H]NC([H])([H])[H] | R24=[H] | R27=[H].[H]C([H])[H] | R29=[H].[H] | R30=[H].[H] | R32=[H] | R33=[H].[H] | R35=F | R36=[H] | R38=[H] | R39=[H]C([H])[H],CNc1ccn(-c2ccnc3c2cc([C@H](C)N2CC=C(c4c(C)cc(C(=O)N5Cc6ccccc6C(F)(F)C5)cc4F)CC2)n3C)c(=O)c1,F.F,,[H].[H],,[H],,[H],[H].[H],[H],[H],[H],[H],[H]C([H])[H],[H],[H],[H],[H]NC([H])([H])[H],[H],[H].[H]C([H])[H],[H].[H],[H].[H],[H],[H].[H],F,[H],[H],[H]C([H])[H]
EN300-2948078_41431,-12.154371859164184,,0.7455625323242088,,R1=I | R2=[H] | R3=[H] | R5=[H].[H] | R6=[H].[H] | R8=[H].[H] | R10=[H] | R11=[H] | R12=[H] | R17=[H]C([H])[H] | R19=[H] | R21=[H] | R22=[H] | R23=[H]NC([H])([H])[H] | R24=[H] | R27=[H].[H]C([H])[H] | R29=[H].[H] | R30=[H].[H] | R32=[H] | R33=[H].[H] | R35=F | R36=[H] | R38=[H] | R39=[H]C([H])[H],CNc1ccn(-c2ccnc3c2cc([C@H](C)N2CC=C(c4c(C)cc(C(=O)N5CCc6ccc(I)cc6C5)cc4F)CC2)n3C)c(=O)c1,I,[H],[H],,[H].[H],[H].[H],,[H].[H],,[H],[H],[H],[H]C([H])[H],[H],[H],[H],[H]NC([H])([H])[H],[H],[H].[H]C([H])[H],[H].[H],[H].[H],[H],[H].[H],F,[H],[H],[H]C([H])[H]
EN300-24126246_31411,-12.14989682182596,,0.7450179176823502,,R1=F | R2=Cl | R3=[H] | R4=[H] | R6=[H].[H] | R8=[H].[H] | R9=[H].[H] | R11=[H] | R12=[H] | R17=[H]C([H])[H] | R19=[H] | R21=[H] | R22=[H] | R23=[H]NC([H])([H])[H] | R24=[H] | R27=[H].[H]C([H])[H] | R29=[H].[H] | R30=[H].[H] | R32=[H] | R33=[H].[H] | R35=F | R36=[H] | R38=[H] | R39=[H]C([H])[H],CNc1ccn(-c2ccnc3c2cc([C@H](C)N2CC=C(c4c(C)cc(C(=O)N5CCc6c(ccc(Cl)c6F)C5)cc4F)CC2)n3C)c(=O)c1,F,Cl,[H],[H],,[H].[H],,[H].[H],[H].[H],,[H],[H],[H]C([H])[H],[H],[H],[H],[H]NC([H])([H])[H],[H],[H].[H]C([H])[H],[H].[H],[H].[H],[H],[H].[H],F,[H],[H],[H]C([H])[H]
EN300-8810016_20498,-12.148934655079639,,0.7449008214307771,,R1=[H].[H]C([H])[H] | R3=[H].[H] | R4=[H].[H] | R6=[H] | R7=F | R8=F | R9=[H] | R11=[H] | R12=[H] | R17=[H]C([H])[H] | R19=[H] | R21=[H] | R22=[H] | R23=[H]NC([H])([H])[H] | R24=[H] | R27=[H].[H]C([H])[H] | R29=[H].[H] | R30=[H].[H] | R32=[H] | R33=[H].[H] | R35=F | R36=[H] | R38=[H] | R39=[H]C([H])[H],CNc1ccn(-c2ccnc3c2cc([C@H](C)N2CC=C(c4c(C)cc(C(=O)N5CCc6cc(F)c(F)cc6[C@@H]5C)cc4F)CC2)n3C)c(=O)c1,[H].[H]C([H])[H],,[H].[H],[H].[H],,[H],F,F,[H],,[H],[H],[H]C([H])[H],[H],[H],[H],[H]NC([H])([H])[H],[H],[H].[H]C([H])[H],[H].[H],[H].[H],[H],[H].[H],F,[H],[H],[H]C([H])[H]
EN300-154995_9884,-12.139890207636475,,0.7438001069265663,,R1=[H]C([H])[H] | R2=[H] | R3=[H]C([H])[H] | R5=[H].[H] | R7=[H].[H] | R8=[H].[H] | R10=[H] | R11=[H] | R12=[H] | R17=[H]C([H])[H] | R19=[H] | R21=[H] | R22=[H] | R23=[H]NC([H])([H])[H] | R24=[H] | R27=[H].[H]C([H])[H] | R29=[H].[H] | R30=[H].[H] | R32=[H] | R33=[H].[H] | R35=F | R36=[H] | R38=[H] | R39=[H]C([H])[H],CNc1ccn(-c2ccnc3c2cc([C@H](C)N2CC=C(c4c(C)cc(C(=O)N5CCc6cc(C)cc(C)c6C5)cc4F)CC2)n3C)c(=O)c1,[H]C([H])[H],[H],[H]C([H])[H],,[H].[H],,[H].[H],[H].[H],,[H],[H],[H],[H]C([H])[H],[H],[H],[H],[H]NC([H])([H])[H],[H],[H].[H]C([H])[H],[H].[H],[H].[H],[H],[H].[H],F,[H],[H],[H]C([H])[H]
EN300-6488234_15272,-12.13166291666891,,0.7427988408398021,,R1=[H]O | R2=[H] | R4=[H].[H] | R6=[H].[H] | R7=[H].[H] | R9=[H] | R10=F | R11=[H] | R12=[H] | R17=[H]C([H])[H] | R19=[H] | R21=[H] | R22=[H] | R23=[H]NC([H])([H])[H] | R24=[H] | R27=[H].[H]C([H])[H] | R29=[H].[H] | R30=[H].[H] | R32=[H] | R33=[H].[H] | R35=F | R36=[H] | R38=[H] | R39=[H]C([H])[H],CNc1ccn(-c2ccnc3c2cc([C@H](C)N2CC=C(c4c(C)cc(C(=O)N5CCc6cc(F)c(O)cc6C5)cc4F)CC2)n3C)c(=O)c1,[H]O,[H],,[H].[H],,[H].[H],[H].[H],,[H],F,[H],[H],[H]C([H])[H],[H],[H],[H],[H]NC([H])([H])[H],[H],[H].[H]C([H])[H],[H].[H],[H].[H],[H],[H].[H],F,[H],[H],[H]C([H])[H]
EN300-1233876_23429,-12.130865283315215,,0.7427017683976246,,R1=[H]C([H])C([H])([H])[H] | R2=[H] | R3=[H] | R4=[H] | R6=[H].[H] | R8=[H].[H] | R9=[H].[H] | R11=[H] | R12=[H] | R17=[H]C([H])[H] | R19=[H] | R21=[H] | R22=[H] | R23=[H]NC([H])([H])[H] | R24=[H] | R27=[H].[H]C([H])[H] | R29=[H].[H] | R30=[H].[H] | R32=[H] | R33=[H].[H] | R35=F | R36=[H] | R38=[H] | R39=[H]C([H])[H],CCc1cccc2c1CCN(C(=O)c1cc(C)c(C3=CCN([C@@H](C)c4cc5c(-n6ccc(NC)cc6=O)ccnc5n4C)CC3)c(F)c1)C2,[H]C([H])C([H])([H])[H],[H],[H],[H],,[H].[H],,[H].[H],[H].[H],,[H],[H],[H]C([H])[H],[H],[H],[H],[H]NC([H])([H])[H],[H],[H].[H]C([H])[H],[H].[H],[H].[H],[H],[H].[H],F,[H],[H],[H]C([H])[H]
LN00233180_3781,-12.129679526483505,,0.7425574611028637,,R1=Cl | R3=[H] | R5=[H].[H] | R6=[H] | R7=[H] | R8=[H].[H] | R9=[H].[H] | R11=[H] | R12=[H] | R17=[H]C([H])[H] | R19=[H] | R21=[H] | R22=[H] | R23=[H]NC([H])([H])[H] | R24=[H] | R27=[H].[H]C([H])[H] | R29=[H].[H] | R30=[H].[H] | R32=[H] | R33=[H].[H] | R35=F | R36=[H] | R38=[H] | R39=[H]C([H])[H],CNc1ccn(-c2ccnc3c2cc([C@H](C)N2CC=C(c4c(C)cc(C(=O)N5CCc6c(Cl)cccc6C5)cc4F)CC2)n3C)c(=O)c1,Cl,,[H],,[H].[H],[H],[H],[H].[H],[H].[H],,[H],[H],[H]C([H])[H],[H],[H],[H],[H]NC([H])([H])[H],[H],[H].[H]C([H])[H],[H].[H],[H].[H],[H],[H].[H],F,[H],[H],[H]C([H])[H]
EN300-45826821_32933,-12.12336880791678,,0.7417894429898682,,R1=[H]C([H])([H])O | R2=[H] | R3=[H] | R4=Cl | R6=[H].[H] | R8=[H].[H] | R9=[H].[H] | R11=[H] | R12=[H] | R17=[H]C([H])[H] | R19=[H] | R21=[H] | R22=[H] | R23=[H]NC([H])([H])[H] | R24=[H] | R27=[H].[H]C([H])[H] | R29=[H].[H] | R30=[H].[H] | R32=[H] | R33=[H].[H] | R35=F | R36=[H] | R38=[H] | R39=[H]C([H])[H],CNc1ccn(-c2ccnc3c2cc([C@H](C)N2CC=C(c4c(C)cc(C(=O)N5CCc6c(OC)ccc(Cl)c6C5)cc4F)CC2)n3C)c(=O)c1,[H]C([H])([H])O,[H],[H],Cl,,[H].[H],,[H].[H],[H].[H],,[H],[H],[H]C([H])[H],[H],[H],[H],[H]NC([H])([H])[H],[H],[H].[H]C([H])[H],[H].[H],[H].[H],[H],[H].[H],F,[H],[H],[H]C([H])[H]
EN300-46583717_32946,-12.11692646416297,,0.7410054060151949,,R1=[H].[H]C([H])[H] | R2=[H].[H] | R4=[H].[H] | R6=[H] | R7=[H] | R8=Cl | R9=F | R11=[H] | R12=[H] | R17=[H]C([H])[H] | R19=[H] | R21=[H] | R22=[H] | R23=[H]NC([H])([H])[H] | R24=[H] | R27=[H].[H]C([H])[H] | R29=[H].[H] | R30=[H].[H] | R32=[H] | R33=[H].[H] | R35=F | R36=[H] | R38=[H] | R39=[H]C([H])[H],CNc1ccn(-c2ccnc3c2cc([C@H](C)N2CC=C(c4c(C)cc(C(=O)N5Cc6ccc(Cl)c(F)c6[C@H](C)C5)cc4F)CC2)n3C)c(=O)c1,[H].[H]C([H])[H],[H].[H],,[H].[H],,[H],[H],Cl,F,,[H],[H],[H]C([H])[H],[H],[H],[H],[H]NC([H])([H])[H],[H],[H].[H]C([H])[H],[H].[H],[H].[H],[H],[H].[H],F,[H],[H],[H]C([H])[H]
EN300-136794_18996,-12.11604211610926,,0.7408977803436868,,R1=Cl | R2=[H] | R3=[H] | R4=Br | R6=[H].[H] | R7=[H].[H] | R9=[H].[H] | R11=[H] | R12=[H] | R17=[H]C([H])[H] | R19=[H] | R21=[H] | R22=[H] | R23=[H]NC([H])([H])[H] | R24=[H] | R27=[H].[H]C([H])[H] | R29=[H].[H] | R30=[H].[H] | R32=[H] | R33=[H].[H] | R35=F | R36=[H] | R38=[H] | R39=[H]C([H])[H],CNc1ccn(-c2ccnc3c2cc([C@H](C)N2CC=C(c4c(C)cc(C(=O)N5CCc6c(Br)ccc(Cl)c6C5)cc4F)CC2)n3C)c(=O)c1,Cl,[H],[H],Br,,[H].[H],[H].[H],,[H].[H],,[H],[H],[H]C([H])[H],[H],[H],[H],[H]NC([H])([H])[H],[H],[H].[H]C([H])[H],[H].[H],[H].[H],[H],[H].[H],F,[H],[H],[H]C([H])[H]
EN300-45726230_32272,-12.113946962317758,,0.7406427989110067,,R1=[H].[H]C([H])[H] | R2=[H].[H] | R4=[H].[H] | R6=Br | R7=[H] | R8=[H] | R9=F | R11=[H] | R12=[H] | R17=[H]C([H])[H] | R19=[H] | R21=[H] | R22=[H] | R23=[H]NC([H])([H])[H] | R24=[H] | R27=[H].[H]C([H])[H] | R29=[H].[H] | R30=[H].[H] | R32=[H] | R33=[H].[H] | R35=F | R36=[H] | R38=[H] | R39=[H]C([H])[H],CNc1ccn(-c2ccnc3c2cc([C@H](C)N2CC=C(c4c(C)cc(C(=O)N5Cc6c(Br)ccc(F)c6[C@H](C)C5)cc4F)CC2)n3C)c(=O)c1,[H].[H]C([H])[H],[H].[H],,[H].[H],,Br,[H],[H],F,,[H],[H],[H]C([H])[H],[H],[H],[H],[H]NC([H])([H])[H],[H],[H].[H]C([H])[H],[H].[H],[H].[H],[H],[H].[H],F,[H],[H],[H]C([H])[H]
EN300-191455_16855,-12.110272752880233,,0.7401956454895504,,R1=[H]C([H])([H])O | R2=[H] | R5=[H] | R6=[H]O | R7=[H].[H] | R8=[H].[H] | R10=[H].[H]C([H])[H] | R11=[H] | R12=[H] | R17=[H]C([H])[H] | R19=[H] | R21=[H] | R22=[H] | R23=[H]NC([H])([H])[H] | R24=[H] | R27=[H].[H]C([H])[H] | R29=[H].[H] | R30=[H].[H] | R32=[H] | R33=[H].[H] | R35=F | R36=[H] | R38=[H] | R39=[H]C([H])[H],CNc1ccn(-c2ccnc3c2cc([C@H](C)N2CC=C(c4c(C)cc(C(=O)N5CCc6cc(O)c(OC)cc6[C@H]5C)cc4F)CC2)n3C)c(=O)c1,[H]C([H])([H])O,[H],,,[H],[H]O,[H].[H],[H].[H],,[H].[H]C([H])[H],[H],[H],[H]C([H])[H],[H],[H],[H],[H]NC([H])([H])[H],[H],[H].[H]C([H])[H],[H].[H],[H].[H],[H],[H].[H],F,[H],[H],[H]C([H])[H]
EN300-33060735_37929,-12.105474318928675,,0.7396116732921146,,R1=[H]OC([H])[H] | R2=[H] | R3=[H] | R4=[H] | R6=[H].[H] | R8=[H].[H] | R9=[H].[H] | R11=[H] | R12=[H] | R17=[H]C([H])[H] | R19=[H] | R21=[H] | R22=[H] | R23=[H]NC([H])([H])[H] | R24=[H] | R27=[H].[H]C([H])[H] | R29=[H].[H] | R30=[H].[H] | R32=[H] | R33=[H].[H] | R35=F | R36=[H] | R38=[H] | R39=[H]C([H])[H],CNc1ccn(-c2ccnc3c2cc([C@H](C)N2CC=C(c4c(C)cc(C(=O)N5CCc6c(CO)cccc6C5)cc4F)CC2)n3C)c(=O)c1,[H]OC([H])[H],[H],[H],[H],,[H].[H],,[H].[H],[H].[H],,[H],[H],[H]C([H])[H],[H],[H],[H],[H]NC([H])([H])[H],[H],[H].[H]C([H])[H],[H].[H],[H].[H],[H],[H].[H],F,[H],[H],[H]C([H])[H]
LN02153993_3894,-12.103639123580178,,0.7393883289528563,,R1=[H]O | R3=[H] | R5=[H].[H] | R6=[H] | R7=[H] | R8=[H].[H] | R9=[H].[H] | R11=[H] | R12=[H] | R17=[H]C([H])[H] | R19=[H] | R21=[H] | R22=[H] | R23=[H]NC([H])([H])[H] | R24=[H] | R27=[H].[H]C([H])[H] | R29=[H].[H] | R30=[H].[H] | R32=[H] | R33=[H].[H] | R35=F | R36=[H] | R38=[H] | R39=[H]C([H])[H],CNc1ccn(-c2ccnc3c2cc([C@H](C)N2CC=C(c4c(C)cc(C(=O)N5CCc6c(O)cccc6C5)cc4F)CC2)n3C)c(=O)c1,[H]O,,[H],,[H].[H],[H],[H],[H].[H],[H].[H],,[H],[H],[H]C([H])[H],[H],[H],[H],[H]NC([H])([H])[H],[H],[H].[H]C([H])[H],[H].[H],[H].[H],[H],[H].[H],F,[H],[H],[H]C([H])[H]
EN300-1689125_11500,-12.099797692821607,,0.7389208245995552,,R1=[H]C([H])[H] | R2=[H] | R4=[H].[H] | R6=[H].[H] | R7=[H].[H] | R9=[H] | R10=[H]O | R11=[H] | R12=[H] | R17=[H]C([H])[H] | R19=[H] | R21=[H] | R22=[H] | R23=[H]NC([H])([H])[H] | R24=[H] | R27=[H].[H]C([H])[H] | R29=[H].[H] | R30=[H].[H] | R32=[H] | R33=[H].[H] | R35=F | R36=[H] | R38=[H] | R39=[H]C([H])[H],CNc1ccn(-c2ccnc3c2cc([C@H](C)N2CC=C(c4c(C)cc(C(=O)N5CCc6cc(O)c(C)cc6C5)cc4F)CC2)n3C)c(=O)c1,[H]C([H])[H],[H],,[H].[H],,[H].[H],[H].[H],,[H],[H]O,[H],[H],[H]C([H])[H],[H],[H],[H],[H]NC([H])([H])[H],[H],[H].[H]C([H])[H],[H].[H],[H].[H],[H],[H].[H],F,[H],[H],[H]C([H])[H]
EN300-6478919_19297,-12.098988780413443,,0.7388223794899014,,R1=F | R2=[H] | R3=Br | R5=[H].[H] | R6=[H].[H] | R8=[H].[H] | R10=[H] | R11=[H] | R12=[H] | R17=[H]C([H])[H] | R19=[H] | R21=[H] | R22=[H] | R23=[H]NC([H])([H])[H] | R24=[H] | R27=[H].[H]C([H])[H] | R29=[H].[H] | R30=[H].[H] | R32=[H] | R33=[H].[H] | R35=F | R36=[H] | R38=[H] | R39=[H]C([H])[H],CNc1ccn(-c2ccnc3c2cc([C@H](C)N2CC=C(c4c(C)cc(C(=O)N5CCc6c(Br)cc(F)cc6C5)cc4F)CC2)n3C)c(=O)c1,F,[H],Br,,[H].[H],[H].[H],,[H].[H],,[H],[H],[H],[H]C([H])[H],[H],[H],[H],[H]NC([H])([H])[H],[H],[H].[H]C([H])[H],[H].[H],[H].[H],[H],[H].[H],F,[H],[H],[H]C([H])[H]
LN04547475_7603,-12.089599668525572,,0.7376797191226894,,R1=Br | R3=[H] | R5=[H].[H] | R6=[H] | R7=[H] | R8=[H].[H]C([H])[H] | R9=[H].[H] | R11=[H] | R12=[H] | R17=[H]C([H])[H] | R19=[H] | R21=[H] | R22=[H] | R23=[H]NC([H])([H])[H] | R24=[H] | R27=[H].[H]C([H])[H] | R29=[H].[H] | R30=[H].[H] | R32=[H] | R33=[H].[H] | R35=F | R36=[H] | R38=[H] | R39=[H]C([H])[H],CNc1ccn(-c2ccnc3c2cc([C@H](C)N2CC=C(c4c(C)cc(C(=O)N5CCc6c(Br)cccc6[C@@H]5C)cc4F)CC2)n3C)c(=O)c1,Br,,[H],,[H].[H],[H],[H],[H].[H]C([H])[H],[H].[H],,[H],[H],[H]C([H])[H],[H],[H],[H],[H]NC([H])([H])[H],[H],[H].[H]C([H])[H],[H].[H],[H].[H],[H],[H].[H],F,[H],[H],[H]C([H])[H]
EN300-7465180_45776,-12.078080660122508,,0.7362778491131552,,R1=[H]O | R2=[H] | R4=[H].[H] | R5=[H].[H] | R7=[H].[H] | R9=[H] | R10=[H]O | R11=[H] | R12=[H] | R17=[H]C([H])[H] | R19=[H] | R21=[H] | R22=[H] | R23=[H]NC([H])([H])[H] | R24=[H] | R27=[H].[H]C([H])[H] | R29=[H].[H] | R30=[H].[H] | R32=[H] | R33=[H].[H] | R35=F | R36=[H] | R38=[H] | R39=[H]C([H])[H],CNc1ccn(-c2ccnc3c2cc([C@H](C)N2CC=C(c4c(C)cc(C(=O)N5CCc6cc(O)c(O)cc6C5)cc4F)CC2)n3C)c(=O)c1,[H]O,[H],,[H].[H],[H].[H],,[H].[H],,[H],[H]O,[H],[H],[H]C([H])[H],[H],[H],[H],[H]NC([H])([H])[H],[H],[H].[H]C([H])[H],[H].[H],[H].[H],[H],[H].[H],F,[H],[H],[H]C([H])[H]
EN300-6490239_14796,-12.058749755377514,,0.7339252667839371,,R1=[H]O | R2=[H] | R4=[H].[H] | R5=[H].[H] | R7=[H].[H] | R9=[H] | R10=Br | R11=[H] | R12=[H] | R17=[H]C([H])[H] | R19=[H] | R21=[H] | R22=[H] | R23=[H]NC([H])([H])[H] | R24=[H] | R27=[H].[H]C([H])[H] | R29=[H].[H] | R30=[H].[H] | R32=[H] | R33=[H].[H] | R35=F | R36=[H] | R38=[H] | R39=[H]C([H])[H],CNc1ccn(-c2ccnc3c2cc([C@H](C)N2CC=C(c4c(C)cc(C(=O)N5CCc6cc(O)c(Br)cc6C5)cc4F)CC2)n3C)c(=O)c1,[H]O,[H],,[H].[H],[H].[H],,[H].[H],,[H],Br,[H],[H],[H]C([H])[H],[H],[H],[H],[H]NC([H])([H])[H],[H],[H].[H]C([H])[H],[H].[H],[H].[H],[H],[H].[H],F,[H],[H],[H]C([H])[H]
EN300-1245029_10433,-12.05582588165162,,0.7335694296541624,,R1=[H]C([H])[H] | R2=[H] | R3=[H] | R4=[H] | R6=[H].[H] | R7=[H].[H] | R9=[H].[H]C([H])[H] | R11=[H] | R12=[H] | R17=[H]C([H])[H] | R19=[H] | R21=[H] | R22=[H] | R23=[H]NC([H])([H])[H] | R24=[H] | R27=[H].[H]C([H])[H] | R29=[H].[H] | R30=[H].[H] | R32=[H] | R33=[H].[H] | R35=F | R36=[H] | R38=[H] | R39=[H]C([H])[H],CNc1ccn(-c2ccnc3c2cc([C@H](C)N2CC=C(c4c(C)cc(C(=O)N5CCc6cccc(C)c6[C@H]5C)cc4F)CC2)n3C)c(=O)c1,[H]C([H])[H],[H],[H],[H],,[H].[H],[H].[H],,[H].[H]C([H])[H],,[H],[H],[H]C([H])[H],[H],[H],[H],[H]NC([H])([H])[H],[H],[H].[H]C([H])[H],[H].[H],[H].[H],[H],[H].[H],F,[H],[H],[H]C([H])[H]
EN300-7440563_16202,-12.045106629157155,,0.73226489040297,,R1=[H].[H]OC([H])[H] | R2=[H].[H] | R4=[H].[H] | R6=[H] | R7=[H] | R8=[H] | R9=[H] | R11=[H] | R12=[H] | R17=[H]C([H])[H] | R19=[H] | R21=[H] | R22=[H] | R23=[H]NC([H])([H])[H] | R24=[H] | R27=[H].[H]C([H])[H] | R29=[H].[H] | R30=[H].[H] | R32=[H] | R33=[H].[H] | R35=F | R36=[H] | R38=[H] | R39=[H]C([H])[H],CNc1ccn(-c2ccnc3c2cc([C@H](C)N2CC=C(c4c(C)cc(C(=O)N5Cc6ccccc6[C@@H](CO)C5)cc4F)CC2)n3C)c(=O)c1,[H].[H]OC([H])[H],[H].[H],,[H].[H],,[H],[H],[H],[H],,[H],[H],[H]C([H])[H],[H],[H],[H],[H]NC([H])([H])[H],[H],[H].[H]C([H])[H],[H].[H],[H].[H],[H],[H].[H],F,[H],[H],[H]C([H])[H]
EN300-37339048_17418,-12.031365915715824,,0.7305926376005606,,R1=[H]C([H])([H])O | R2=[H] | R3=Br | R4=[H] | R6=[H].[H] | R8=[H].[H] | R9=[H].[H] | R11=[H] | R12=[H] | R17=[H]C([H])[H] | R19=[H] | R21=[H] | R22=[H] | R23=[H]NC([H])([H])[H] | R24=[H] | R27=[H].[H]C([H])[H] | R29=[H].[H] | R30=[H].[H] | R32=[H] | R33=[H].[H] | R35=F | R36=[H] | R38=[H] | R39=[H]C([H])[H],CNc1ccn(-c2ccnc3c2cc([C@H](C)N2CC=C(c4c(C)cc(C(=O)N5CCc6c(cc(Br)cc6OC)C5)cc4F)CC2)n3C)c(=O)c1,[H]C([H])([H])O,[H],Br,[H],,[H].[H],,[H].[H],[H].[H],,[H],[H],[H]C([H])[H],[H],[H],[H],[H]NC([H])([H])[H],[H],[H].[H]C([H])[H],[H].[H],[H].[H],[H],[H].[H],F,[H],[H],[H]C([H])[H]
LN04812242_2192,-12.030807629642558,,0.7305246938613543,,R1=Br | R3=[H] | R5=[H].[H] | R6=[H] | R7=F | R8=[H].[H] | R10=[H].[H] | R11=[H] | R12=[H] | R17=[H]C([H])[H] | R19=[H] | R21=[H] | R22=[H] | R23=[H]NC([H])([H])[H] | R24=[H] | R27=[H].[H]C([H])[H] | R29=[H].[H] | R30=[H].[H] | R32=[H] | R33=[H].[H] | R35=F | R36=[H] | R38=[H] | R39=[H]C([H])[H],CNc1ccn(-c2ccnc3c2cc([C@H](C)N2CC=C(c4c(C)cc(C(=O)N5CCc6c(F)ccc(Br)c6C5)cc4F)CC2)n3C)c(=O)c1,Br,,[H],,[H].[H],[H],F,[H].[H],,[H].[H],[H],[H],[H]C([H])[H],[H],[H],[H],[H]NC([H])([H])[H],[H],[H].[H]C([H])[H],[H].[H],[H].[H],[H],[H].[H],F,[H],[H],[H]C([H])[H]
EN300-46122171_33108,-12.030612986796417,,0.7305010057139871,,R1=[H].[H]C([H])[H] | R2=[H].[H] | R4=[H].[H] | R6=[H] | R7=[H] | R8=[H] | R9=Br | R11=[H] | R12=[H] | R17=[H]C([H])[H] | R19=[H] | R21=[H] | R22=[H] | R23=[H]NC([H])([H])[H] | R24=[H] | R27=[H].[H]C([H])[H] | R29=[H].[H] | R30=[H].[H] | R32=[H] | R33=[H].[H] | R35=F | R36=[H] | R38=[H] | R39=[H]C([H])[H],CNc1ccn(-c2ccnc3c2cc([C@H](C)N2CC=C(c4c(C)cc(C(=O)N5Cc6cccc(Br)c6[C@@H](C)C5)cc4F)CC2)n3C)c(=O)c1,[H].[H]C([H])[H],[H].[H],,[H].[H],,[H],[H],[H],Br,,[H],[H],[H]C([H])[H],[H],[H],[H],[H]NC([H])([H])[H],[H],[H].[H]C([H])[H],[H].[H],[H].[H],[H],[H].[H],F,[H],[H],[H]C([H])[H]
EN300-26571534_34753,-12.03013822841197,,0.7304432273429986,,R1=[H]O | R2=[H] | R3=[H] | R5=[H].[H] | R7=[H].[H] | R8=[H].[H] | R10=Br | R11=[H] | R12=[H] | R17=[H]C([H])[H] | R19=[H] | R21=[H] | R22=[H] | R23=[H]NC([H])([H])[H] | R24=[H] | R27=[H].[H]C([H])[H] | R29=[H].[H] | R30=[H].[H] | R32=[H] | R33=[H].[H] | R35=F | R36=[H] | R38=[H] | R39=[H]C([H])[H],CNc1ccn(-c2ccnc3c2cc([C@H](C)N2CC=C(c4c(C)cc(C(=O)N5CCc6c(ccc(O)c6Br)C5)cc4F)CC2)n3C)c(=O)c1,[H]O,[H],[H],,[H].[H],,[H].[H],[H].[H],,Br,[H],[H],[H]C([H])[H],[H],[H],[H],[H]NC([H])([H])[H],[H],[H].[H]C([H])[H],[H].[H],[H].[H],[H],[H].[H],F,[H],[H],[H]C([H])[H]
EN300-330724_38402,-12.017234236152373,,0.7288728039941298,,R1=[H]C([H])([H])O | R2=[H] | R3=[H] | R4=F | R6=[H].[H] | R8=[H].[H] | R9=[H].[H] | R11=[H] | R12=[H] | R17=[H]C([H])[H] | R19=[H] | R21=[H] | R22=[H] | R23=[H]NC([H])([H])[H] | R24=[H] | R27=[H].[H]C([H])[H] | R29=[H].[H] | R30=[H].[H] | R32=[H] | R33=[H].[H] | R35=F | R36=[H] | R38=[H] | R39=[H]C([H])[H],CNc1ccn(-c2ccnc3c2cc([C@H](C)N2CC=C(c4c(C)cc(C(=O)N5CCc6c(OC)ccc(F)c6C5)cc4F)CC2)n3C)c(=O)c1,[H]C([H])([H])O,[H],[H],F,,[H].[H],,[H].[H],[H].[H],,[H],[H],[H]C([H])[H],[H],[H],[H],[H]NC([H])([H])[H],[H],[H].[H]C([H])[H],[H].[H],[H].[H],[H],[H].[H],F,[H],[H],[H]C([H])[H]
EN300-119145_39320,-12.012988510824727,,0.728356096757076,,R1=[H]C([H])[H].[H]C([H])[H] | R2=[H].[H] | R4=[H].[H] | R6=[H] | R7=[H] | R8=[H] | R9=[H] | R11=[H] | R12=[H] | R17=[H]C([H])[H] | R19=[H] | R21=[H] | R22=[H] | R23=[H]NC([H])([H])[H] | R24=[H] | R27=[H].[H]C([H])[H] | R29=[H].[H] | R30=[H].[H] | R32=[H] | R33=[H].[H] | R35=F | R36=[H] | R38=[H] | R39=[H]C([H])[H],CNc1ccn(-c2ccnc3c2cc([C@H](C)N2CC=C(c4c(C)cc(C(=O)N5Cc6ccccc6C(C)(C)C5)cc4F)CC2)n3C)c(=O)c1,[H]C([H])[H].[H]C([H])[H],[H].[H],,[H].[H],,[H],[H],[H],[H],,[H],[H],[H]C([H])[H],[H],[H],[H],[H]NC([H])([H])[H],[H],[H].[H]C([H])[H],[H].[H],[H].[H],[H],[H].[H],F,[H],[H],[H]C([H])[H]
LN00216353_4941,-12.009948287929111,,0.7279860998658048,,R1=[H]O | R2=[H] | R3=[H] | R5=[H] | R7=[H].[H] | R8=[H].[H] | R9=[H].[H] | R11=[H] | R12=[H] | R17=[H]C([H])[H] | R19=[H] | R21=[H] | R22=[H] | R23=[H]NC([H])([H])[H] | R24=[H] | R27=[H].[H]C([H])[H] | R29=[H].[H] | R30=[H].[H] | R32=[H] | R33=[H].[H] | R35=F | R36=[H] | R38=[H] | R39=[H]C([H])[H],CNc1ccn(-c2ccnc3c2cc([C@H](C)N2CC=C(c4c(C)cc(C(=O)N5CCc6cc(O)ccc6C5)cc4F)CC2)n3C)c(=O)c1,[H]O,[H],[H],,[H],,[H].[H],[H].[H],[H].[H],,[H],[H],[H]C([H])[H],[H],[H],[H],[H]NC([H])([H])[H],[H],[H].[H]C([H])[H],[H].[H],[H].[H],[H],[H].[H],F,[H],[H],[H]C([H])[H]
LN00219977_3969,-12.006130212514227,,0.7275214378713887,,R1=Cl | R2=[H] | R3=[H] | R5=[H] | R7=[H].[H] | R8=[H].[H] | R9=[H].[H] | R11=[H] | R12=[H] | R17=[H]C([H])[H] | R19=[H] | R21=[H] | R22=[H] | R23=[H]NC([H])([H])[H] | R24=[H] | R27=[H].[H]C([H])[H] | R29=[H].[H] | R30=[H].[H] | R32=[H] | R33=[H].[H] | R35=F | R36=[H] | R38=[H] | R39=[H]C([H])[H],CNc1ccn(-c2ccnc3c2cc([C@H](C)N2CC=C(c4c(C)cc(C(=O)N5CCc6cc(Cl)ccc6C5)cc4F)CC2)n3C)c(=O)c1,Cl,[H],[H],,[H],,[H].[H],[H].[H],[H].[H],,[H],[H],[H]C([H])[H],[H],[H],[H],[H]NC([H])([H])[H],[H],[H].[H]C([H])[H],[H].[H],[H].[H],[H],[H].[H],F,[H],[H],[H]C([H])[H]
EN300-45618546_32199,-11.993404562973085,,0.7259727189348852,,R1=FC(F)F.[H]C([H])[H] | R3=[H].[H] | R4=[H].[H] | R6=[H] | R7=[H] | R8=Cl | R9=[H] | R11=[H] | R12=[H] | R17=[H]C([H])[H] | R19=[H] | R21=[H] | R22=[H] | R23=[H]NC([H])([H])[H] | R24=[H] | R27=[H].[H]C([H])[H] | R29=[H].[H] | R30=[H].[H] | R32=[H] | R33=[H].[H] | R35=F | R36=[H] | R38=[H] | R39=[H]C([H])[H],CNc1ccn(-c2ccnc3c2cc([C@H](C)N2CC=C(c4c(C)cc(C(=O)N5CCc6ccc(Cl)cc6[C@@]5(C)C(F)(F)F)cc4F)CC2)n3C)c(=O)c1,FC(F)F.[H]C([H])[H],,[H].[H],[H].[H],,[H],[H],Cl,[H],,[H],[H],[H]C([H])[H],[H],[H],[H],[H]NC([H])([H])[H],[H],[H].[H]C([H])[H],[H].[H],[H].[H],[H],[H].[H],F,[H],[H],[H]C([H])[H]
EN300-26862301_17972,-11.99137158338327,,0.725725304138643,,R1=[H]C([H])([H])O | R2=[H] | R3=Br | R4=[H] | R6=[H].[H] | R7=[H].[H] | R9=[H].[H] | R11=[H] | R12=[H] | R17=[H]C([H])[H] | R19=[H] | R21=[H] | R22=[H] | R23=[H]NC([H])([H])[H] | R24=[H] | R27=[H].[H]C([H])[H] | R29=[H].[H] | R30=[H].[H] | R32=[H] | R33=[H].[H] | R35=F | R36=[H] | R38=[H] | R39=[H]C([H])[H],CNc1ccn(-c2ccnc3c2cc([C@H](C)N2CC=C(c4c(C)cc(C(=O)N5CCc6cc(Br)cc(OC)c6C5)cc4F)CC2)n3C)c(=O)c1,[H]C([H])([H])O,[H],Br,[H],,[H].[H],[H].[H],,[H].[H],,[H],[H],[H]C([H])[H],[H],[H],[H],[H]NC([H])([H])[H],[H],[H].[H]C([H])[H],[H].[H],[H].[H],[H],[H].[H],F,[H],[H],[H]C([H])[H]
EN300-28253098_27412,-11.980458947260816,,0.7243972299876635,,R1=[H].[H]C(F)F | R2=[H].[H] | R4=[H] | R5=Br | R6=[H] | R7=[H] | R9=[H].[H] | R11=[H] | R12=[H] | R17=[H]C([H])[H] | R19=[H] | R21=[H] | R22=[H] | R23=[H]NC([H])([H])[H] | R24=[H] | R27=[H].[H]C([H])[H] | R29=[H].[H] | R30=[H].[H] | R32=[H] | R33=[H].[H] | R35=F | R36=[H] | R38=[H] | R39=[H]C([H])[H],CNc1ccn(-c2ccnc3c2cc([C@H](C)N2CC=C(c4c(C)cc(C(=O)N5Cc6ccc(Br)cc6C[C@@H]5C(F)F)cc4F)CC2)n3C)c(=O)c1,[H].[H]C(F)F,[H].[H],,[H],Br,[H],[H],,[H].[H],,[H],[H],[H]C([H])[H],[H],[H],[H],[H]NC([H])([H])[H],[H],[H].[H]C([H])[H],[H].[H],[H].[H],[H],[H].[H],F,[H],[H],[H]C([H])[H]
EN300-46583717_32945,-11.980415654433155,,0.7243919612254054,,R1=[H].[H]C([H])[H] | R2=[H].[H] | R4=[H].[H] | R6=[H] | R7=[H] | R8=Cl | R9=F | R11=[H] | R12=[H] | R17=[H]C([H])[H] | R19=[H] | R21=[H] | R22=[H] | R23=[H]NC([H])([H])[H] | R24=[H] | R27=[H].[H]C([H])[H] | R29=[H].[H] | R30=[H].[H] | R32=[H] | R33=[H].[H] | R35=F | R36=[H] | R38=[H] | R39=[H]C([H])[H],CNc1ccn(-c2ccnc3c2cc([C@H](C)N2CC=C(c4c(C)cc(C(=O)N5Cc6ccc(Cl)c(F)c6[C@@H](C)C5)cc4F)CC2)n3C)c(=O)c1,[H].[H]C([H])[H],[H].[H],,[H].[H],,[H],[H],Cl,F,,[H],[H],[H]C([H])[H],[H],[H],[H],[H]NC([H])([H])[H],[H],[H].[H]C([H])[H],[H].[H],[H].[H],[H],[H].[H],F,[H],[H],[H]C([H])[H]
EN300-150299_18919,-11.979274125651198,,0.7242530365099742,,R1=F | R2=[H] | R3=Br | R4=[H] | R6=[H].[H] | R7=[H].[H] | R9=[H].[H] | R11=[H] | R12=[H] | R17=[H]C([H])[H] | R19=[H] | R21=[H] | R22=[H] | R23=[H]NC([H])([H])[H] | R24=[H] | R27=[H].[H]C([H])[H] | R29=[H].[H] | R30=[H].[H] | R32=[H] | R33=[H].[H] | R35=F | R36=[H] | R38=[H] | R39=[H]C([H])[H],CNc1ccn(-c2ccnc3c2cc([C@H](C)N2CC=C(c4c(C)cc(C(=O)N5CCc6cc(Br)cc(F)c6C5)cc4F)CC2)n3C)c(=O)c1,F,[H],Br,[H],,[H].[H],[H].[H],,[H].[H],,[H],[H],[H]C([H])[H],[H],[H],[H],[H]NC([H])([H])[H],[H],[H].[H]C([H])[H],[H].[H],[H].[H],[H],[H].[H],F,[H],[H],[H]C([H])[H]
EN300-125761_6427,-11.977726172090133,,0.7240646496629924,,R1=[H]C([H])[H].[H]C([H])[H] | R3=[H].[H] | R4=[H].[H] | R6=[H] | R7=[H] | R8=[H] | R9=[H] | R11=[H] | R12=[H] | R17=[H]C([H])[H] | R19=[H] | R21=[H] | R22=[H] | R23=[H]NC([H])([H])[H] | R24=[H] | R27=[H].[H]C([H])[H] | R29=[H].[H] | R30=[H].[H] | R32=[H] | R33=[H].[H] | R35=F | R36=[H] | R38=[H] | R39=[H]C([H])[H],CNc1ccn(-c2ccnc3c2cc([C@H](C)N2CC=C(c4c(C)cc(C(=O)N5CCc6ccccc6C5(C)C)cc4F)CC2)n3C)c(=O)c1,[H]C([H])[H].[H]C([H])[H],,[H].[H],[H].[H],,[H],[H],[H],[H],,[H],[H],[H]C([H])[H],[H],[H],[H],[H]NC([H])([H])[H],[H],[H].[H]C([H])[H],[H].[H],[H].[H],[H],[H].[H],F,[H],[H],[H]C([H])[H]
EN300-37459197_19430,-11.968104136188696,,0.7228936423081148,,R1=[H].[H]C([H])[H] | R3=[H].[H] | R4=[H].[H] | R6=[H] | R7=Br | R8=[H] | R9=[H] | R11=[H] | R12=[H] | R17=[H]C([H])[H] | R19=[H] | R21=[H] | R22=[H] | R23=[H]NC([H])([H])[H] | R24=[H] | R27=[H].[H]C([H])[H] | R29=[H].[H] | R30=[H].[H] | R32=[H] | R33=[H].[H] | R35=F | R36=[H] | R38=[H] | R39=[H]C([H])[H],CNc1ccn(-c2ccnc3c2cc([C@H](C)N2CC=C(c4c(C)cc(C(=O)N5CCc6cc(Br)ccc6[C@H]5C)cc4F)CC2)n3C)c(=O)c1,[H].[H]C([H])[H],,[H].[H],[H].[H],,[H],Br,[H],[H],,[H],[H],[H]C([H])[H],[H],[H],[H],[H]NC([H])([H])[H],[H],[H].[H]C([H])[H],[H].[H],[H].[H],[H],[H].[H],F,[H],[H],[H]C([H])[H]
EN300-45637252_32207,-11.96403827587288,,0.7223988247474142,,R1=[H]C([H])([H])O | R2=[H] | R3=[H] | R4=[H]C([H])[H] | R6=[H].[H] | R8=[H].[H] | R9=[H].[H] | R11=[H] | R12=[H] | R17=[H]C([H])[H] | R19=[H] | R21=[H] | R22=[H] | R23=[H]NC([H])([H])[H] | R24=[H] | R27=[H].[H]C([H])[H] | R29=[H].[H] | R30=[H].[H] | R32=[H] | R33=[H].[H] | R35=F | R36=[H] | R38=[H] | R39=[H]C([H])[H],CNc1ccn(-c2ccnc3c2cc([C@H](C)N2CC=C(c4c(C)cc(C(=O)N5CCc6c(OC)ccc(C)c6C5)cc4F)CC2)n3C)c(=O)c1,[H]C([H])([H])O,[H],[H],[H]C([H])[H],,[H].[H],,[H].[H],[H].[H],,[H],[H],[H]C([H])[H],[H],[H],[H],[H]NC([H])([H])[H],[H],[H].[H]C([H])[H],[H].[H],[H].[H],[H],[H].[H],F,[H],[H],[H]C([H])[H]
EN300-384104_19121,-11.953864008868614,,0.7211606105467475,,R1=F | R2=[H] | R4=[H].[H] | R6=[H].[H] | R7=[H].[H] | R9=[H] | R10=Br | R11=[H] | R12=[H] | R17=[H]C([H])[H] | R19=[H] | R21=[H] | R22=[H] | R23=[H]NC([H])([H])[H] | R24=[H] | R27=[H].[H]C([H])[H] | R29=[H].[H] | R30=[H].[H] | R32=[H] | R33=[H].[H] | R35=F | R36=[H] | R38=[H] | R39=[H]C([H])[H],CNc1ccn(-c2ccnc3c2cc([C@H](C)N2CC=C(c4c(C)cc(C(=O)N5CCc6cc(Br)c(F)cc6C5)cc4F)CC2)n3C)c(=O)c1,F,[H],,[H].[H],,[H].[H],[H].[H],,[H],Br,[H],[H],[H]C([H])[H],[H],[H],[H],[H]NC([H])([H])[H],[H],[H].[H]C([H])[H],[H].[H],[H].[H],[H],[H].[H],F,[H],[H],[H]C([H])[H]
EN300-3015900_38950,-11.950825173027633,,0.7207907824608304,,R1=[H].[H]C([H])[H] | R2=[H].[H] | R4=[H] | R5=[H] | R6=[H] | R7=Br | R9=[H].[H] | R11=[H] | R12=[H] | R17=[H]C([H])[H] | R19=[H] | R21=[H] | R22=[H] | R23=[H]NC([H])([H])[H] | R24=[H] | R27=[H].[H]C([H])[H] | R29=[H].[H] | R30=[H].[H] | R32=[H] | R33=[H].[H] | R35=F | R36=[H] | R38=[H] | R39=[H]C([H])[H],CNc1ccn(-c2ccnc3c2cc([C@H](C)N2CC=C(c4c(C)cc(C(=O)N5Cc6c(Br)cccc6C[C@@H]5C)cc4F)CC2)n3C)c(=O)c1,[H].[H]C([H])[H],[H].[H],,[H],[H],[H],Br,,[H].[H],,[H],[H],[H]C([H])[H],[H],[H],[H],[H]NC([H])([H])[H],[H],[H].[H]C([H])[H],[H].[H],[H].[H],[H],[H].[H],F,[H],[H],[H]C([H])[H]
EN300-43394515_31573,-11.94044129852082,,0.719527058905425,,R1=[H]O | R2=[H] | R4=[H].[H] | R6=[H].[H] | R7=[H].[H] | R9=[H] | R10=Br | R11=[H] | R12=[H] | R17=[H]C([H])[H] | R19=[H] | R21=[H] | R22=[H] | R23=[H]NC([H])([H])[H] | R24=[H] | R27=[H].[H]C([H])[H] | R29=[H].[H] | R30=[H].[H] | R32=[H] | R33=[H].[H] | R35=F | R36=[H] | R38=[H] | R39=[H]C([H])[H],CNc1ccn(-c2ccnc3c2cc([C@H](C)N2CC=C(c4c(C)cc(C(=O)N5CCc6cc(Br)c(O)cc6C5)cc4F)CC2)n3C)c(=O)c1,[H]O,[H],,[H].[H],,[H].[H],[H].[H],,[H],Br,[H],[H],[H]C([H])[H],[H],[H],[H],[H]NC([H])([H])[H],[H],[H].[H]C([H])[H],[H].[H],[H].[H],[H],[H].[H],F,[H],[H],[H]C([H])[H]
LN05429756_4736,-11.935832227128353,,0.7189661322413572,,R1=OC(F)(F)F | R2=[H] | R3=[H] | R5=[H] | R7=[H].[H] | R8=[H].[H] | R10=[H].[H] | R11=[H] | R12=[H] | R17=[H]C([H])[H] | R19=[H] | R21=[H] | R22=[H] | R23=[H]NC([H])([H])[H] | R24=[H] | R27=[H].[H]C([H])[H] | R29=[H].[H] | R30=[H].[H] | R32=[H] | R33=[H].[H] | R35=F | R36=[H] | R38=[H] | R39=[H]C([H])[H],CNc1ccn(-c2ccnc3c2cc([C@H](C)N2CC=C(c4c(C)cc(C(=O)N5CCc6ccc(OC(F)(F)F)cc6C5)cc4F)CC2)n3C)c(=O)c1,OC(F)(F)F,[H],[H],,[H],,[H].[H],[H].[H],,[H].[H],[H],[H],[H]C([H])[H],[H],[H],[H],[H]NC([H])([H])[H],[H],[H].[H]C([H])[H],[H].[H],[H].[H],[H],[H].[H],F,[H],[H],[H]C([H])[H]
LN01359010_1923,-11.932136459943921,,0.7185163552295879,,R1=[H]C([H])([H])C=O | R2=[H] | R3=[H] | R5=[H] | R7=[H].[H] | R8=[H].[H] | R9=[H].[H] | R11=[H] | R12=[H] | R17=[H]C([H])[H] | R19=[H] | R21=[H] | R22=[H] | R23=[H]NC([H])([H])[H] | R24=[H] | R27=[H].[H]C([H])[H] | R29=[H].[H] | R30=[H].[H] | R32=[H] | R33=[H].[H] | R35=F | R36=[H] | R38=[H] | R39=[H]C([H])[H],CNc1ccn(-c2ccnc3c2cc([C@H](C)N2CC=C(c4c(C)cc(C(=O)N5CCc6cc(C(C)=O)ccc6C5)cc4F)CC2)n3C)c(=O)c1,[H]C([H])([H])C=O,[H],[H],,[H],,[H].[H],[H].[H],[H].[H],,[H],[H],[H]C([H])[H],[H],[H],[H],[H]NC([H])([H])[H],[H],[H].[H]C([H])[H],[H].[H],[H].[H],[H],[H].[H],F,[H],[H],[H]C([H])[H]
EN300-8113790_29102,-11.916830344173292,,0.7166535920549736,,R1=[H]C([H])[H].[H]C([H])[H] | R2=[H].[H] | R4=[H] | R5=[H] | R6=[H] | R7=[H] | R9=[H].[H] | R11=[H] | R12=[H] | R17=[H]C([H])[H] | R19=[H] | R21=[H] | R22=[H] | R23=[H]NC([H])([H])[H] | R24=[H] | R27=[H].[H]C([H])[H] | R29=[H].[H] | R30=[H].[H] | R32=[H] | R33=[H].[H] | R35=F | R36=[H] | R38=[H] | R39=[H]C([H])[H],CNc1ccn(-c2ccnc3c2cc([C@H](C)N2CC=C(c4c(C)cc(C(=O)N5Cc6ccccc6CC5(C)C)cc4F)CC2)n3C)c(=O)c1,[H]C([H])[H].[H]C([H])[H],[H].[H],,[H],[H],[H],[H],,[H].[H],,[H],[H],[H]C([H])[H],[H],[H],[H],[H]NC([H])([H])[H],[H],[H].[H]C([H])[H],[H].[H],[H].[H],[H],[H].[H],F,[H],[H],[H]C([H])[H]
LN00001082_6793,-11.916378024426452,,0.7165985444792078,,R2=[H].[H] | R3=[H].[H] | R5=[H].[H] | R7=[H] | R8=[H]C([H])[H] | R9=[H] | R10=[H] | R11=[H] | R12=[H] | R17=[H]C([H])[H] | R19=[H] | R21=[H] | R22=[H] | R23=[H]NC([H])([H])[H] | R24=[H] | R27=[H].[H]C([H])[H] | R29=[H].[H] | R30=[H].[H] | R32=[H] | R33=[H].[H] | R35=F | R36=[H] | R38=[H] | R39=[H]C([H])[H],CNc1ccn(-c2ccnc3c2cc([C@H](C)N2CC=C(c4c(C)cc(C(=O)N5CCc6c(C)cccc6C5)cc4F)CC2)n3C)c(=O)c1,,[H].[H],[H].[H],,[H].[H],,[H],[H]C([H])[H],[H],[H],[H],[H],[H]C([H])[H],[H],[H],[H],[H]NC([H])([H])[H],[H],[H].[H]C([H])[H],[H].[H],[H].[H],[H],[H].[H],F,[H],[H],[H]C([H])[H]
LN04705839_254,-11.907836131134076,,0.7155589911068847,,R1=F | R2=F | R4=[H] | R6=[H].[H] | R7=[H] | R8=[H].[H] | R9=[H].[H] | R11=[H] | R12=[H] | R17=[H]C([H])[H] | R19=[H] | R21=[H] | R22=[H] | R23=[H]NC([H])([H])[H] | R24=[H] | R27=[H].[H]C([H])[H] | R29=[H].[H] | R30=[H].[H] | R32=[H] | R33=[H].[H] | R35=F | R36=[H] | R38=[H] | R39=[H]C([H])[H],CNc1ccn(-c2ccnc3c2cc([C@H](C)N2CC=C(c4c(C)cc(C(=O)N5CCc6c(ccc(F)c6F)C5)cc4F)CC2)n3C)c(=O)c1,F,F,,[H],,[H].[H],[H],[H].[H],[H].[H],,[H],[H],[H]C([H])[H],[H],[H],[H],[H]NC([H])([H])[H],[H],[H].[H]C([H])[H],[H].[H],[H].[H],[H],[H].[H],F,[H],[H],[H]C([H])[H]
EN300-46897083_34510,-11.900495751983495,,0.7146656627031075,,R1=[H]C([H])[H] | R2=[H] | R3=[H] | R4=Br | R6=[H].[H] | R7=[H].[H] | R9=[H].[H] | R11=[H] | R12=[H] | R17=[H]C([H])[H] | R19=[H] | R21=[H] | R22=[H] | R23=[H]NC([H])([H])[H] | R24=[H] | R27=[H].[H]C([H])[H] | R29=[H].[H] | R30=[H].[H] | R32=[H] | R33=[H].[H] | R35=F | R36=[H] | R38=[H] | R39=[H]C([H])[H],CNc1ccn(-c2ccnc3c2cc([C@H](C)N2CC=C(c4c(C)cc(C(=O)N5CCc6c(Br)ccc(C)c6C5)cc4F)CC2)n3C)c(=O)c1,[H]C([H])[H],[H],[H],Br,,[H].[H],[H].[H],,[H].[H],,[H],[H],[H]C([H])[H],[H],[H],[H],[H]NC([H])([H])[H],[H],[H].[H]C([H])[H],[H].[H],[H].[H],[H],[H].[H],F,[H],[H],[H]C([H])[H]
EN300-197781_5046,-11.894819303176403,,0.7139748355880582,,R1=[H]C([H])([H])O | R2=[H] | R3=[H] | R5=[H].[H] | R6=[H].[H] | R8=[H].[H]C([H])[H] | R10=[H] | R11=[H] | R12=[H] | R17=[H]C([H])[H] | R19=[H] | R21=[H] | R22=[H] | R23=[H]NC([H])([H])[H] | R24=[H] | R27=[H].[H]C([H])[H] | R29=[H].[H] | R30=[H].[H] | R32=[H] | R33=[H].[H] | R35=F | R36=[H] | R38=[H] | R39=[H]C([H])[H],CNc1ccn(-c2ccnc3c2cc([C@H](C)N2CC=C(c4c(C)cc(C(=O)N5CCc6ccc(OC)cc6[C@@H]5C)cc4F)CC2)n3C)c(=O)c1,[H]C([H])([H])O,[H],[H],,[H].[H],[H].[H],,[H].[H]C([H])[H],,[H],[H],[H],[H]C([H])[H],[H],[H],[H],[H]NC([H])([H])[H],[H],[H].[H]C([H])[H],[H].[H],[H].[H],[H],[H].[H],F,[H],[H],[H]C([H])[H]
EN300-27106540_13347,-11.891606362689776,,0.7135838188656968,,R1=[H]C([H])([H])O | R2=[H] | R4=[H].[H] | R6=[H].[H] | R7=[H].[H] | R9=[H] | R10=F | R11=[H] | R12=[H] | R17=[H]C([H])[H] | R19=[H] | R21=[H] | R22=[H] | R23=[H]NC([H])([H])[H] | R24=[H] | R27=[H].[H]C([H])[H] | R29=[H].[H] | R30=[H].[H] | R32=[H] | R33=[H].[H] | R35=F | R36=[H] | R38=[H] | R39=[H]C([H])[H],CNc1ccn(-c2ccnc3c2cc([C@H](C)N2CC=C(c4c(C)cc(C(=O)N5CCc6cc(F)c(OC)cc6C5)cc4F)CC2)n3C)c(=O)c1,[H]C([H])([H])O,[H],,[H].[H],,[H].[H],[H].[H],,[H],F,[H],[H],[H]C([H])[H],[H],[H],[H],[H]NC([H])([H])[H],[H],[H].[H]C([H])[H],[H].[H],[H].[H],[H],[H].[H],F,[H],[H],[H]C([H])[H]
EN300-24807121_22903,-11.891258391299429,,0.7135414705454912,,R1=[H]C([H])([H])O | R2=[H] | R3=[H] | R4=Cl | R6=[H].[H] | R7=[H].[H] | R9=[H].[H] | R11=[H] | R12=[H] | R17=[H]C([H])[H] | R19=[H] | R21=[H] | R22=[H] | R23=[H]NC([H])([H])[H] | R24=[H] | R27=[H].[H]C([H])[H] | R29=[H].[H] | R30=[H].[H] | R32=[H] | R33=[H].[H] | R35=F | R36=[H] | R38=[H] | R39=[H]C([H])[H],CNc1ccn(-c2ccnc3c2cc([C@H](C)N2CC=C(c4c(C)cc(C(=O)N5CCc6c(Cl)ccc(OC)c6C5)cc4F)CC2)n3C)c(=O)c1,[H]C([H])([H])O,[H],[H],Cl,,[H].[H],[H].[H],,[H].[H],,[H],[H],[H]C([H])[H],[H],[H],[H],[H]NC([H])([H])[H],[H],[H].[H]C([H])[H],[H].[H],[H].[H],[H],[H].[H],F,[H],[H],[H]C([H])[H]
EN300-1721502_18152,-11.886253779761454,,0.7129324064161006,,R1=[H].[H]C([H])[H] | R2=[H].[H] | R4=[H] | R5=Br | R6=[H] | R7=[H] | R9=[H].[H] | R11=[H] | R12=[H] | R17=[H]C([H])[H] | R19=[H] | R21=[H] | R22=[H] | R23=[H]NC([H])([H])[H] | R24=[H] | R27=[H].[H]C([H])[H] | R29=[H].[H] | R30=[H].[H] | R32=[H] | R33=[H].[H] | R35=F | R36=[H] | R38=[H] | R39=[H]C([H])[H],CNc1ccn(-c2ccnc3c2cc([C@H](C)N2CC=C(c4c(C)cc(C(=O)N5Cc6ccc(Br)cc6C[C@H]5C)cc4F)CC2)n3C)c(=O)c1,[H].[H]C([H])[H],[H].[H],,[H],Br,[H],[H],,[H].[H],,[H],[H],[H]C([H])[H],[H],[H],[H],[H]NC([H])([H])[H],[H],[H].[H]C([H])[H],[H].[H],[H].[H],[H],[H].[H],F,[H],[H],[H]C([H])[H]
EN300-1605842_37341,-11.8806910603651,,0.7122554202363591,,R1=[H].[H]C([H])([H])NC([H])([H])[H] | R2=[H].[H] | R4=[H].[H] | R6=[H] | R7=[H] | R8=[H] | R9=[H] | R11=[H] | R12=[H] | R17=[H]C([H])[H] | R19=[H] | R21=[H] | R22=[H] | R23=[H]NC([H])([H])[H] | R24=[H] | R27=[H].[H]C([H])[H] | R29=[H].[H] | R30=[H].[H] | R32=[H] | R33=[H].[H] | R35=F | R36=[H] | R38=[H] | R39=[H]C([H])[H],CNc1ccn(-c2ccnc3c2cc([C@H](C)N2CC=C(c4c(C)cc(C(=O)N5Cc6ccccc6[C@H](N(C)C)C5)cc4F)CC2)n3C)c(=O)c1,[H].[H]C([H])([H])NC([H])([H])[H],[H].[H],,[H].[H],,[H],[H],[H],[H],,[H],[H],[H]C([H])[H],[H],[H],[H],[H]NC([H])([H])[H],[H],[H].[H]C([H])[H],[H].[H],[H].[H],[H],[H].[H],F,[H],[H],[H]C([H])[H]
EN300-313798_8144,-11.879451900370887,,0.7121046137457205,,R1=F | R2=[H] | R3=[H] | R5=[H].[H] | R6=[H].[H] | R8=[H].[H] | R10=Br | R11=[H] | R12=[H] | R17=[H]C([H])[H] | R19=[H] | R21=[H] | R22=[H] | R23=[H]NC([H])([H])[H] | R24=[H] | R27=[H].[H]C([H])[H] | R29=[H].[H] | R30=[H].[H] | R32=[H] | R33=[H].[H] | R35=F | R36=[H] | R38=[H] | R39=[H]C([H])[H],CNc1ccn(-c2ccnc3c2cc([C@H](C)N2CC=C(c4c(C)cc(C(=O)N5CCc6ccc(F)c(Br)c6C5)cc4F)CC2)n3C)c(=O)c1,F,[H],[H],,[H].[H],[H].[H],,[H].[H],,Br,[H],[H],[H]C([H])[H],[H],[H],[H],[H]NC([H])([H])[H],[H],[H].[H]C([H])[H],[H].[H],[H].[H],[H],[H].[H],F,[H],[H],[H]C([H])[H]
EN300-1587536_11297,-11.872334906556102,,0.7112384714669865,,R1=[H]C([H])[H] | R2=[H] | R3=F | R5=[H].[H] | R7=[H].[H] | R8=[H].[H] | R10=[H] | R11=[H] | R12=[H] | R17=[H]C([H])[H] | R19=[H] | R21=[H] | R22=[H] | R23=[H]NC([H])([H])[H] | R24=[H] | R27=[H].[H]C([H])[H] | R29=[H].[H] | R30=[H].[H] | R32=[H] | R33=[H].[H] | R35=F | R36=[H] | R38=[H] | R39=[H]C([H])[H],CNc1ccn(-c2ccnc3c2cc([C@H](C)N2CC=C(c4c(C)cc(C(=O)N5CCc6cc(C)cc(F)c6C5)cc4F)CC2)n3C)c(=O)c1,[H]C([H])[H],[H],F,,[H].[H],,[H].[H],[H].[H],,[H],[H],[H],[H]C([H])[H],[H],[H],[H],[H]NC([H])([H])[H],[H],[H].[H]C([H])[H],[H].[H],[H].[H],[H],[H].[H],F,[H],[H],[H]C([H])[H]
EN300-46668797_33481,-11.872062725925765,,0.7112053469262714,,R1=[H].[H]C([H])[H] | R2=[H].[H] | R4=[H].[H] | R6=Br | R7=[H] | R8=[H] | R9=Cl | R11=[H] | R12=[H] | R17=[H]C([H])[H] | R19=[H] | R21=[H] | R22=[H] | R23=[H]NC([H])([H])[H] | R24=[H] | R27=[H].[H]C([H])[H] | R29=[H].[H] | R30=[H].[H] | R32=[H] | R33=[H].[H] | R35=F | R36=[H] | R38=[H] | R39=[H]C([H])[H],CNc1ccn(-c2ccnc3c2cc([C@H](C)N2CC=C(c4c(C)cc(C(=O)N5Cc6c(Br)ccc(Cl)c6[C@@H](C)C5)cc4F)CC2)n3C)c(=O)c1,[H].[H]C([H])[H],[H].[H],,[H].[H],,Br,[H],[H],Cl,,[H],[H],[H]C([H])[H],[H],[H],[H],[H]NC([H])([H])[H],[H],[H].[H]C([H])[H],[H].[H],[H].[H],[H],[H].[H],F,[H],[H],[H]C([H])[H]
EN300-27146272_25464,-11.870596925723317,,0.7110269581907243,,R1=F | R2=[H] | R3=Br | R4=Cl | R6=[H].[H] | R7=[H].[H] | R9=[H].[H] | R11=[H] | R12=[H] | R17=[H]C([H])[H] | R19=[H] | R21=[H] | R22=[H] | R23=[H]NC([H])([H])[H] | R24=[H] | R27=[H].[H]C([H])[H] | R29=[H].[H] | R30=[H].[H] | R32=[H] | R33=[H].[H] | R35=F | R36=[H] | R38=[H] | R39=[H]C([H])[H],CNc1ccn(-c2ccnc3c2cc([C@H](C)N2CC=C(c4c(C)cc(C(=O)N5CCc6c(Cl)c(Br)cc(F)c6C5)cc4F)CC2)n3C)c(=O)c1,F,[H],Br,Cl,,[H].[H],[H].[H],,[H].[H],,[H],[H],[H]C([H])[H],[H],[H],[H],[H]NC([H])([H])[H],[H],[H].[H]C([H])[H],[H].[H],[H].[H],[H],[H].[H],F,[H],[H],[H]C([H])[H]
LN00001091_2426,-11.858834895486801,,0.7095955122829829,,R1=[H]C([H])([H])O | R2=[H] | R3=[H] | R5=[H] | R7=[H].[H] | R8=[H].[H] | R10=[H].[H] | R11=[H] | R12=[H] | R17=[H]C([H])[H] | R19=[H] | R21=[H] | R22=[H] | R23=[H]NC([H])([H])[H] | R24=[H] | R27=[H].[H]C([H])[H] | R29=[H].[H] | R30=[H].[H] | R32=[H] | R33=[H].[H] | R35=F | R36=[H] | R38=[H] | R39=[H]C([H])[H],CNc1ccn(-c2ccnc3c2cc([C@H](C)N2CC=C(c4c(C)cc(C(=O)N5CCc6ccc(OC)cc6C5)cc4F)CC2)n3C)c(=O)c1,[H]C([H])([H])O,[H],[H],,[H],,[H].[H],[H].[H],,[H].[H],[H],[H],[H]C([H])[H],[H],[H],[H],[H]NC([H])([H])[H],[H],[H].[H]C([H])[H],[H].[H],[H].[H],[H],[H].[H],F,[H],[H],[H]C([H])[H]
EN300-8322043_32677,-11.858821023846199,,0.7095938240962688,,R1=[H].[H]C([H])[H] | R3=[H].[H] | R4=[H].[H] | R6=[H] | R7=[H] | R8=Cl | R9=F | R11=[H] | R12=[H] | R17=[H]C([H])[H] | R19=[H] | R21=[H] | R22=[H] | R23=[H]NC([H])([H])[H] | R24=[H] | R27=[H].[H]C([H])[H] | R29=[H].[H] | R30=[H].[H] | R32=[H] | R33=[H].[H] | R35=F | R36=[H] | R38=[H] | R39=[H]C([H])[H],CNc1ccn(-c2ccnc3c2cc([C@H](C)N2CC=C(c4c(C)cc(C(=O)N5CCc6ccc(Cl)c(F)c6[C@H]5C)cc4F)CC2)n3C)c(=O)c1,[H].[H]C([H])[H],,[H].[H],[H].[H],,[H],[H],Cl,F,,[H],[H],[H]C([H])[H],[H],[H],[H],[H]NC([H])([H])[H],[H],[H].[H]C([H])[H],[H].[H],[H].[H],[H],[H].[H],F,[H],[H],[H]C([H])[H]
EN300-45232453_32018,-11.84188514632235,,0.7075327179701973,,R1=FC(F)F.[H] | R3=[H].[H] | R4=[H].[H] | R6=[H] | R7=[H] | R8=Cl | R9=[H] | R11=[H] | R12=[H] | R17=[H]C([H])[H] | R19=[H] | R21=[H] | R22=[H] | R23=[H]NC([H])([H])[H] | R24=[H] | R27=[H].[H]C([H])[H] | R29=[H].[H] | R30=[H].[H] | R32=[H] | R33=[H].[H] | R35=F | R36=[H] | R38=[H] | R39=[H]C([H])[H],CNc1ccn(-c2ccnc3c2cc([C@H](C)N2CC=C(c4c(C)cc(C(=O)N5CCc6ccc(Cl)cc6[C@@H]5C(F)(F)F)cc4F)CC2)n3C)c(=O)c1,FC(F)F.[H],,[H].[H],[H].[H],,[H],[H],Cl,[H],,[H],[H],[H]C([H])[H],[H],[H],[H],[H]NC([H])([H])[H],[H],[H].[H]C([H])[H],[H].[H],[H].[H],[H],[H].[H],F,[H],[H],[H]C([H])[H]
EN300-3073682_25506,-11.84070629315585,,0.7073892508555004,,R1=[H]C([H])[H] | R2=[H] | R3=[H]C([H])[H] | R6=[H] | R7=[H].[H] | R8=[H].[H] | R10=[H].[H]C([H])[H] | R11=[H] | R12=[H] | R17=[H]C([H])[H] | R19=[H] | R21=[H] | R22=[H] | R23=[H]NC([H])([H])[H] | R24=[H] | R27=[H].[H]C([H])[H] | R29=[H].[H] | R30=[H].[H] | R32=[H] | R33=[H].[H] | R35=F | R36=[H] | R38=[H] | R39=[H]C([H])[H],CNc1ccn(-c2ccnc3c2cc([C@H](C)N2CC=C(c4c(C)cc(C(=O)N5CCc6cc(C)cc(C)c6[C@H]5C)cc4F)CC2)n3C)c(=O)c1,[H]C([H])[H],[H],[H]C([H])[H],,,[H],[H].[H],[H].[H],,[H].[H]C([H])[H],[H],[H],[H]C([H])[H],[H],[H],[H],[H]NC([H])([H])[H],[H],[H].[H]C([H])[H],[H].[H],[H].[H],[H],[H].[H],F,[H],[H],[H]C([H])[H]
EN300-64757_1040,-11.831451462544472,,0.7062629325975887,,R1=Cl | R2=[H] | R3=[H] | R5=[H].[H] | R7=[H].[H] | R8=[H].[H] | R10=Cl | R11=[H] | R12=[H] | R17=[H]C([H])[H] | R19=[H] | R21=[H] | R22=[H] | R23=[H]NC([H])([H])[H] | R24=[H] | R27=[H].[H]C([H])[H] | R29=[H].[H] | R30=[H].[H] | R32=[H] | R33=[H].[H] | R35=F | R36=[H] | R38=[H] | R39=[H]C([H])[H],CNc1ccn(-c2ccnc3c2cc([C@H](C)N2CC=C(c4c(C)cc(C(=O)N5CCc6c(ccc(Cl)c6Cl)C5)cc4F)CC2)n3C)c(=O)c1,Cl,[H],[H],,[H].[H],,[H].[H],[H].[H],,Cl,[H],[H],[H]C([H])[H],[H],[H],[H],[H]NC([H])([H])[H],[H],[H].[H]C([H])[H],[H].[H],[H].[H],[H],[H].[H],F,[H],[H],[H]C([H])[H]
EN300-30048326_32445,-11.830006178591866,,0.7060870407015571,,R1=[H].[H]C([H])[N+]([H])([H])[H] | R4=[H].[H] | R5=[H] | R7=[H].[H] | R8=[H] | R9=[H] | R10=[H]C([H])[H] | R11=[H] | R12=[H] | R17=[H]C([H])[H] | R19=[H] | R21=[H] | R22=[H] | R23=[H]NC([H])([H])[H] | R24=[H] | R27=[H].[H]C([H])[H] | R29=[H].[H] | R30=[H].[H] | R32=[H] | R33=[H].[H] | R35=F | R36=[H] | R38=[H] | R39=[H]C([H])[H],CNc1ccn(-c2ccnc3c2cc([C@H](C)N2CC=C(c4c(C)cc(C(=O)N5CCc6cc(C)ccc6[C@@H]5C[NH3+])cc4F)CC2)n3C)c(=O)c1,[H].[H]C([H])[N+]([H])([H])[H],,,[H].[H],[H],,[H].[H],[H],[H],[H]C([H])[H],[H],[H],[H]C([H])[H],[H],[H],[H],[H]NC([H])([H])[H],[H],[H].[H]C([H])[H],[H].[H],[H].[H],[H],[H].[H],F,[H],[H],[H]C([H])[H]
EN300-1662911_42606,-11.82081840861969,,0.7049688837623658,,R1=[H]C([H])C([H])([H])[H] | R2=[H] | R3=[H] | R5=[H].[H] | R7=[H].[H] | R8=[H].[H] | R10=[H] | R11=[H] | R12=[H] | R17=[H]C([H])[H] | R19=[H] | R21=[H] | R22=[H] | R23=[H]NC([H])([H])[H] | R24=[H] | R27=[H].[H]C([H])[H] | R29=[H].[H] | R30=[H].[H] | R32=[H] | R33=[H].[H] | R35=F | R36=[H] | R38=[H] | R39=[H]C([H])[H],CCc1ccc2c(c1)CCN(C(=O)c1cc(C)c(C3=CCN([C@@H](C)c4cc5c(-n6ccc(NC)cc6=O)ccnc5n4C)CC3)c(F)c1)C2,[H]C([H])C([H])([H])[H],[H],[H],,[H].[H],,[H].[H],[H].[H],,[H],[H],[H],[H]C([H])[H],[H],[H],[H],[H]NC([H])([H])[H],[H],[H].[H]C([H])[H],[H].[H],[H].[H],[H],[H].[H],F,[H],[H],[H]C([H])[H]
LN00175697_3933,-11.8096606943386,,0.7036109834572102,,R1=[H]C([H])([H])O | R2=[H]C([H])([H])O | R3=[H] | R4=[H] | R7=[H].[H] | R8=[H].[H] | R10=[H].[H] | R11=[H] | R12=[H] | R17=[H]C([H])[H] | R19=[H] | R21=[H] | R22=[H] | R23=[H]NC([H])([H])[H] | R24=[H] | R27=[H].[H]C([H])[H] | R29=[H].[H] | R30=[H].[H] | R32=[H] | R33=[H].[H] | R35=F | R36=[H] | R38=[H] | R39=[H]C([H])[H],CNc1ccn(-c2ccnc3c2cc([C@H](C)N2CC=C(c4c(C)cc(C(=O)N5CCc6cc(OC)c(OC)cc6C5)cc4F)CC2)n3C)c(=O)c1,[H]C([H])([H])O,[H]C([H])([H])O,[H],[H],,,[H].[H],[H].[H],,[H].[H],[H],[H],[H]C([H])[H],[H],[H],[H],[H]NC([H])([H])[H],[H],[H].[H]C([H])[H],[H].[H],[H].[H],[H],[H].[H],F,[H],[H],[H]C([H])[H]
EN300-22000691_46195,-11.809370405940928,,0.7035756551906986,,R1=[H]C([H])[H].[H]C([H])[H] | R2=[H].[H] | R4=[H].[H] | R6=[H] | R7=[H] | R8=[H]O | R9=[H] | R11=[H] | R12=[H] | R17=[H]C([H])[H] | R19=[H] | R21=[H] | R22=[H] | R23=[H]NC([H])([H])[H] | R24=[H] | R27=[H].[H]C([H])[H] | R29=[H].[H] | R30=[H].[H] | R32=[H] | R33=[H].[H] | R35=F | R36=[H] | R38=[H] | R39=[H]C([H])[H],CNc1ccn(-c2ccnc3c2cc([C@H](C)N2CC=C(c4c(C)cc(C(=O)N5Cc6ccc(O)cc6C(C)(C)C5)cc4F)CC2)n3C)c(=O)c1,[H]C([H])[H].[H]C([H])[H],[H].[H],,[H].[H],,[H],[H],[H]O,[H],,[H],[H],[H]C([H])[H],[H],[H],[H],[H]NC([H])([H])[H],[H],[H].[H]C([H])[H],[H].[H],[H].[H],[H],[H].[H],F,[H],[H],[H]C([H])[H]
LN05448262_439,-11.797501866142676,,0.7021312470074645,,R1=Br | R2=[H]C([H])([H])O | R3=[H] | R4=[H] | R7=[H].[H] | R8=[H].[H] | R10=[H].[H] | R11=[H] | R12=[H] | R17=[H]C([H])[H] | R19=[H] | R21=[H] | R22=[H] | R23=[H]NC([H])([H])[H] | R24=[H] | R27=[H].[H]C([H])[H] | R29=[H].[H] | R30=[H].[H] | R32=[H] | R33=[H].[H] | R35=F | R36=[H] | R38=[H] | R39=[H]C([H])[H],CNc1ccn(-c2ccnc3c2cc([C@H](C)N2CC=C(c4c(C)cc(C(=O)N5CCc6cc(OC)c(Br)cc6C5)cc4F)CC2)n3C)c(=O)c1,Br,[H]C([H])([H])O,[H],[H],,,[H].[H],[H].[H],,[H].[H],[H],[H],[H]C([H])[H],[H],[H],[H],[H]NC([H])([H])[H],[H],[H].[H]C([H])[H],[H].[H],[H].[H],[H],[H].[H],F,[H],[H],[H]C([H])[H]
LN05428407_7477,-11.797294235391693,,0.7021059782245384,,R1=F | R3=[H] | R5=[H].[H] | R6=F | R7=[H] | R8=[H].[H] | R10=[H].[H] | R11=[H] | R12=[H] | R17=[H]C([H])[H] | R19=[H] | R21=[H] | R22=[H] | R23=[H]NC([H])([H])[H] | R24=[H] | R27=[H].[H]C([H])[H] | R29=[H].[H] | R30=[H].[H] | R32=[H] | R33=[H].[H] | R35=F | R36=[H] | R38=[H] | R39=[H]C([H])[H],CNc1ccn(-c2ccnc3c2cc([C@H](C)N2CC=C(c4c(C)cc(C(=O)N5CCc6cc(F)cc(F)c6C5)cc4F)CC2)n3C)c(=O)c1,F,,[H],,[H].[H],F,[H],[H].[H],,[H].[H],[H],[H],[H]C([H])[H],[H],[H],[H],[H]NC([H])([H])[H],[H],[H].[H]C([H])[H],[H].[H],[H].[H],[H],[H].[H],F,[H],[H],[H]C([H])[H]
LN04977922_4690,-11.795661670486798,,0.701907294127895,,R1=F | R2=[H]C([H])([H])O | R3=[H] | R4=[H] | R7=[H].[H] | R8=[H].[H] | R10=[H].[H] | R11=[H] | R12=[H] | R17=[H]C([H])[H] | R19=[H] | R21=[H] | R22=[H] | R23=[H]NC([H])([H])[H] | R24=[H] | R27=[H].[H]C([H])[H] | R29=[H].[H] | R30=[H].[H] | R32=[H] | R33=[H].[H] | R35=F | R36=[H] | R38=[H] | R39=[H]C([H])[H],CNc1ccn(-c2ccnc3c2cc([C@H](C)N2CC=C(c4c(C)cc(C(=O)N5CCc6cc(OC)c(F)cc6C5)cc4F)CC2)n3C)c(=O)c1,F,[H]C([H])([H])O,[H],[H],,,[H].[H],[H].[H],,[H].[H],[H],[H],[H]C([H])[H],[H],[H],[H],[H]NC([H])([H])[H],[H],[H].[H]C([H])[H],[H].[H],[H].[H],[H],[H].[H],F,[H],[H],[H]C([H])[H]
EN300-1726292_11919,-11.793471851139836,,0.7016407918421611,,R1=Cl | R2=[H] | R3=Br | R4=[H] | R6=[H].[H] | R8=[H].[H] | R9=[H].[H] | R11=[H] | R12=[H] | R17=[H]C([H])[H] | R19=[H] | R21=[H] | R22=[H] | R23=[H]NC([H])([H])[H] | R24=[H] | R27=[H].[H]C([H])[H] | R29=[H].[H] | R30=[H].[H] | R32=[H] | R33=[H].[H] | R35=F | R36=[H] | R38=[H] | R39=[H]C([H])[H],CNc1ccn(-c2ccnc3c2cc([C@H](C)N2CC=C(c4c(C)cc(C(=O)N5CCc6c(Cl)cc(Br)cc6C5)cc4F)CC2)n3C)c(=O)c1,Cl,[H],Br,[H],,[H].[H],,[H].[H],[H].[H],,[H],[H],[H]C([H])[H],[H],[H],[H],[H]NC([H])([H])[H],[H],[H].[H]C([H])[H],[H].[H],[H].[H],[H],[H].[H],F,[H],[H],[H]C([H])[H]
EN300-45749608_32398,-11.792700563911216,,0.7015469257386995,,R1=F | R2=[H] | R3=[H] | R4=[H] | R7=[H].[H] | R8=[H].[H] | R10=FC(F)F.[H] | R11=[H] | R12=[H] | R17=[H]C([H])[H] | R19=[H] | R21=[H] | R22=[H] | R23=[H]NC([H])([H])[H] | R24=[H] | R27=[H].[H]C([H])[H] | R29=[H].[H] | R30=[H].[H] | R32=[H] | R33=[H].[H] | R35=F | R36=[H] | R38=[H] | R39=[H]C([H])[H],CNc1ccn(-c2ccnc3c2cc([C@H](C)N2CC=C(c4c(C)cc(C(=O)N5CCc6c(F)cccc6[C@@H]5C(F)(F)F)cc4F)CC2)n3C)c(=O)c1,F,[H],[H],[H],,,[H].[H],[H].[H],,FC(F)F.[H],[H],[H],[H]C([H])[H],[H],[H],[H],[H]NC([H])([H])[H],[H],[H].[H]C([H])[H],[H].[H],[H].[H],[H],[H].[H],F,[H],[H],[H]C([H])[H]
EN300-19057332_31179,-11.789927403956796,,0.7012094305624039,,R1=[H].[H]C([H])[H] | R3=[H].[H] | R4=[H].[H] | R6=F | R7=[H] | R8=Br | R9=[H] | R11=[H] | R12=[H] | R17=[H]C([H])[H] | R19=[H] | R21=[H] | R22=[H] | R23=[H]NC([H])([H])[H] | R24=[H] | R27=[H].[H]C([H])[H] | R29=[H].[H] | R30=[H].[H] | R32=[H] | R33=[H].[H] | R35=F | R36=[H] | R38=[H] | R39=[H]C([H])[H],CNc1ccn(-c2ccnc3c2cc([C@H](C)N2CC=C(c4c(C)cc(C(=O)N5CCc6c(F)cc(Br)cc6[C@H]5C)cc4F)CC2)n3C)c(=O)c1,[H].[H]C([H])[H],,[H].[H],[H].[H],,F,[H],Br,[H],,[H],[H],[H]C([H])[H],[H],[H],[H],[H]NC([H])([H])[H],[H],[H].[H]C([H])[H],[H].[H],[H].[H],[H],[H].[H],F,[H],[H],[H]C([H])[H]
LN05375703_1384,-11.783200521203511,,0.7003907650263173,,R1=Br | R2=[H]C([H])([H])O | R3=[H] | R4=[H] | R7=[H].[H] | R8=[H].[H] | R9=[H].[H] | R11=[H] | R12=[H] | R17=[H]C([H])[H] | R19=[H] | R21=[H] | R22=[H] | R23=[H]NC([H])([H])[H] | R24=[H] | R27=[H].[H]C([H])[H] | R29=[H].[H] | R30=[H].[H] | R32=[H] | R33=[H].[H] | R35=F | R36=[H] | R38=[H] | R39=[H]C([H])[H],CNc1ccn(-c2ccnc3c2cc([C@H](C)N2CC=C(c4c(C)cc(C(=O)N5CCc6cc(Br)c(OC)cc6C5)cc4F)CC2)n3C)c(=O)c1,Br,[H]C([H])([H])O,[H],[H],,,[H].[H],[H].[H],[H].[H],,[H],[H],[H]C([H])[H],[H],[H],[H],[H]NC([H])([H])[H],[H],[H].[H]C([H])[H],[H].[H],[H].[H],[H],[H].[H],F,[H],[H],[H]C([H])[H]
EN300-1689124_11499,-11.777906494720508,,0.6997464789301089,,R1=[H]C([H])([H])O | R2=[H] | R4=[H].[H] | R5=[H].[H] | R7=[H].[H] | R9=[H] | R10=[H]C([H])[H] | R11=[H] | R12=[H] | R17=[H]C([H])[H] | R19=[H] | R21=[H] | R22=[H] | R23=[H]NC([H])([H])[H] | R24=[H] | R27=[H].[H]C([H])[H] | R29=[H].[H] | R30=[H].[H] | R32=[H] | R33=[H].[H] | R35=F | R36=[H] | R38=[H] | R39=[H]C([H])[H],CNc1ccn(-c2ccnc3c2cc([C@H](C)N2CC=C(c4c(C)cc(C(=O)N5CCc6cc(OC)c(C)cc6C5)cc4F)CC2)n3C)c(=O)c1,[H]C([H])([H])O,[H],,[H].[H],[H].[H],,[H].[H],,[H],[H]C([H])[H],[H],[H],[H]C([H])[H],[H],[H],[H],[H]NC([H])([H])[H],[H],[H].[H]C([H])[H],[H].[H],[H].[H],[H],[H].[H],F,[H],[H],[H]C([H])[H]
EN300-225711_23864,-11.775668441641704,,0.6994741065712099,,R1=F | R2=[H] | R3=Cl | R4=[H] | R6=[H].[H] | R8=[H].[H] | R9=[H].[H] | R11=[H] | R12=[H] | R17=[H]C([H])[H] | R19=[H] | R21=[H] | R22=[H] | R23=[H]NC([H])([H])[H] | R24=[H] | R27=[H].[H]C([H])[H] | R29=[H].[H] | R30=[H].[H] | R32=[H] | R33=[H].[H] | R35=F | R36=[H] | R38=[H] | R39=[H]C([H])[H],CNc1ccn(-c2ccnc3c2cc([C@H](C)N2CC=C(c4c(C)cc(C(=O)N5CCc6c(F)cc(Cl)cc6C5)cc4F)CC2)n3C)c(=O)c1,F,[H],Cl,[H],,[H].[H],,[H].[H],[H].[H],,[H],[H],[H]C([H])[H],[H],[H],[H],[H]NC([H])([H])[H],[H],[H].[H]C([H])[H],[H].[H],[H].[H],[H],[H].[H],F,[H],[H],[H]C([H])[H]
LN00233507_1060,-11.774309709155798,,0.6993087480389195,,R1=[H].[H]O | R3=[H].[H] | R5=[H] | R7=[H] | R8=[H].[H] | R9=[H] | R10=[H] | R11=[H] | R12=[H] | R17=[H]C([H])[H] | R19=[H] | R21=[H] | R22=[H] | R23=[H]NC([H])([H])[H] | R24=[H] | R27=[H].[H]C([H])[H] | R29=[H].[H] | R30=[H].[H] | R32=[H] | R33=[H].[H] | R35=F | R36=[H] | R38=[H] | R39=[H]C([H])[H],CNc1ccn(-c2ccnc3c2cc([C@H](C)N2CC=C(c4c(C)cc(C(=O)N5Cc6ccccc6[C@@H](O)C5)cc4F)CC2)n3C)c(=O)c1,[H].[H]O,,[H].[H],,[H],,[H],[H].[H],[H],[H],[H],[H],[H]C([H])[H],[H],[H],[H],[H]NC([H])([H])[H],[H],[H].[H]C([H])[H],[H].[H],[H].[H],[H],[H].[H],F,[H],[H],[H]C([H])[H]
EN300-30048326_32446,-11.7741616554109,,0.699290729812219,,R1=[H].[H]C([H])[N+]([H])([H])[H] | R4=[H].[H] | R5=[H] | R7=[H].[H] | R8=[H] | R9=[H] | R10=[H]C([H])[H] | R11=[H] | R12=[H] | R17=[H]C([H])[H] | R19=[H] | R21=[H] | R22=[H] | R23=[H]NC([H])([H])[H] | R24=[H] | R27=[H].[H]C([H])[H] | R29=[H].[H] | R30=[H].[H] | R32=[H] | R33=[H].[H] | R35=F | R36=[H] | R38=[H] | R39=[H]C([H])[H],CNc1ccn(-c2ccnc3c2cc([C@H](C)N2CC=C(c4c(C)cc(C(=O)N5CCc6cc(C)ccc6[C@H]5C[NH3+])cc4F)CC2)n3C)c(=O)c1,[H].[H]C([H])[N+]([H])([H])[H],,,[H].[H],[H],,[H].[H],[H],[H],[H]C([H])[H],[H],[H],[H]C([H])[H],[H],[H],[H],[H]NC([H])([H])[H],[H],[H].[H]C([H])[H],[H].[H],[H].[H],[H],[H].[H],F,[H],[H],[H]C([H])[H]
LN04630638_1268,-11.771853645530266,,0.6990098436699268,,R1=Cl | R2=Cl | R4=[H] | R6=[H].[H] | R7=[H] | R8=[H].[H] | R10=[H].[H] | R11=[H] | R12=[H] | R17=[H]C([H])[H] | R19=[H] | R21=[H] | R22=[H] | R23=[H]NC([H])([H])[H] | R24=[H] | R27=[H].[H]C([H])[H] | R29=[H].[H] | R30=[H].[H] | R32=[H] | R33=[H].[H] | R35=F | R36=[H] | R38=[H] | R39=[H]C([H])[H],CNc1ccn(-c2ccnc3c2cc([C@H](C)N2CC=C(c4c(C)cc(C(=O)N5CCc6ccc(Cl)c(Cl)c6C5)cc4F)CC2)n3C)c(=O)c1,Cl,Cl,,[H],,[H].[H],[H],[H].[H],,[H].[H],[H],[H],[H]C([H])[H],[H],[H],[H],[H]NC([H])([H])[H],[H],[H].[H]C([H])[H],[H].[H],[H].[H],[H],[H].[H],F,[H],[H],[H]C([H])[H]
LN00174732_5005,-11.757906713186937,,0.6973124939074323,,R2=[H].[H] | R3=[H].[H] | R5=[H].[H] | R7=[H] | R8=[H] | R9=[H] | R10=[H] | R11=[H] | R12=[H] | R17=[H]C([H])[H] | R19=[H] | R21=[H] | R22=[H] | R23=[H]NC([H])([H])[H] | R24=[H] | R27=[H].[H]C([H])[H] | R29=[H].[H] | R30=[H].[H] | R32=[H] | R33=[H].[H] | R35=F | R36=[H] | R38=[H] | R39=[H]C([H])[H],CNc1ccn(-c2ccnc3c2cc([C@H](C)N2CC=C(c4c(C)cc(C(=O)N5CCc6ccccc6C5)cc4F)CC2)n3C)c(=O)c1,,[H].[H],[H].[H],,[H].[H],,[H],[H],[H],[H],[H],[H],[H]C([H])[H],[H],[H],[H],[H]NC([H])([H])[H],[H],[H].[H]C([H])[H],[H].[H],[H].[H],[H],[H].[H],F,[H],[H],[H]C([H])[H]
EN300-37160592_14575,-11.756800439203264,,0.697177859721418,,R1=[H].[H]C([H])[H] | R3=[H].[H] | R4=[H].[H] | R6=Cl | R7=[H] | R8=[H] | R9=[H] | R11=[H] | R12=[H] | R17=[H]C([H])[H] | R19=[H] | R21=[H] | R22=[H] | R23=[H]NC([H])([H])[H] | R24=[H] | R27=[H].[H]C([H])[H] | R29=[H].[H] | R30=[H].[H] | R32=[H] | R33=[H].[H] | R35=F | R36=[H] | R38=[H] | R39=[H]C([H])[H],CNc1ccn(-c2ccnc3c2cc([C@H](C)N2CC=C(c4c(C)cc(C(=O)N5CCc6c(Cl)cccc6[C@@H]5C)cc4F)CC2)n3C)c(=O)c1,[H].[H]C([H])[H],,[H].[H],[H].[H],,Cl,[H],[H],[H],,[H],[H],[H]C([H])[H],[H],[H],[H],[H]NC([H])([H])[H],[H],[H].[H]C([H])[H],[H].[H],[H].[H],[H],[H].[H],F,[H],[H],[H]C([H])[H]
EN300-28247672_34400,-11.754948549313868,,0.6969524836468408,,R1=[H]O | R2=[H] | R3=[H] | R5=[H].[H] | R6=[H].[H] | R8=[H].[H] | R10=Br | R11=[H] | R12=[H] | R17=[H]C([H])[H] | R19=[H] | R21=[H] | R22=[H] | R23=[H]NC([H])([H])[H] | R24=[H] | R27=[H].[H]C([H])[H] | R29=[H].[H] | R30=[H].[H] | R32=[H] | R33=[H].[H] | R35=F | R36=[H] | R38=[H] | R39=[H]C([H])[H],CNc1ccn(-c2ccnc3c2cc([C@H](C)N2CC=C(c4c(C)cc(C(=O)N5CCc6ccc(O)c(Br)c6C5)cc4F)CC2)n3C)c(=O)c1,[H]O,[H],[H],,[H].[H],[H].[H],,[H].[H],,Br,[H],[H],[H]C([H])[H],[H],[H],[H],[H]NC([H])([H])[H],[H],[H].[H]C([H])[H],[H].[H],[H].[H],[H],[H].[H],F,[H],[H],[H]C([H])[H]
EN300-1587238_42702,-11.754833410447189,,0.6969384711799268,,R1=[H].[H]C([H])[H] | R2=[H].[H] | R4=[H] | R5=[H] | R6=F | R7=Br | R9=[H].[H] | R11=[H] | R12=[H] | R17=[H]C([H])[H] | R19=[H] | R21=[H] | R22=[H] | R23=[H]NC([H])([H])[H] | R24=[H] | R27=[H].[H]C([H])[H] | R29=[H].[H] | R30=[H].[H] | R32=[H] | R33=[H].[H] | R35=F | R36=[H] | R38=[H] | R39=[H]C([H])[H],CNc1ccn(-c2ccnc3c2cc([C@H](C)N2CC=C(c4c(C)cc(C(=O)N5Cc6c(ccc(F)c6Br)C[C@@H]5C)cc4F)CC2)n3C)c(=O)c1,[H].[H]C([H])[H],[H].[H],,[H],[H],F,Br,,[H].[H],,[H],[H],[H]C([H])[H],[H],[H],[H],[H]NC([H])([H])[H],[H],[H].[H]C([H])[H],[H].[H],[H].[H],[H],[H].[H],F,[H],[H],[H]C([H])[H]
EN300-8109584_39514,-11.742337911729571,,0.695417761732251,,R1=[H]C#C | R2=[H] | R3=[H] | R5=[H].[H] | R6=[H].[H] | R8=[H].[H] | R10=[H] | R11=[H] | R12=[H] | R17=[H]C([H])[H] | R19=[H] | R21=[H] | R22=[H] | R23=[H]NC([H])([H])[H] | R24=[H] | R27=[H].[H]C([H])[H] | R29=[H].[H] | R30=[H].[H] | R32=[H] | R33=[H].[H] | R35=F | R36=[H] | R38=[H] | R39=[H]C([H])[H],C#Cc1ccc2c(c1)CN(C(=O)c1cc(C)c(C3=CCN([C@@H](C)c4cc5c(-n6ccc(NC)cc6=O)ccnc5n4C)CC3)c(F)c1)CC2,[H]C#C,[H],[H],,[H].[H],[H].[H],,[H].[H],,[H],[H],[H],[H]C([H])[H],[H],[H],[H],[H]NC([H])([H])[H],[H],[H].[H]C([H])[H],[H].[H],[H].[H],[H],[H].[H],F,[H],[H],[H]C([H])[H]
EN300-1666781_39421,-11.74095028617517,,0.6952488868967521,,R1=[H]C([H])C([H])([H])[H] | R2=[H] | R3=[H] | R4=[H] | R6=[H].[H] | R7=[H].[H] | R9=[H].[H] | R11=[H] | R12=[H] | R17=[H]C([H])[H] | R19=[H] | R21=[H] | R22=[H] | R23=[H]NC([H])([H])[H] | R24=[H] | R27=[H].[H]C([H])[H] | R29=[H].[H] | R30=[H].[H] | R32=[H] | R33=[H].[H] | R35=F | R36=[H] | R38=[H] | R39=[H]C([H])[H],CCc1cccc2c1CN(C(=O)c1cc(C)c(C3=CCN([C@@H](C)c4cc5c(-n6ccc(NC)cc6=O)ccnc5n4C)CC3)c(F)c1)CC2,[H]C([H])C([H])([H])[H],[H],[H],[H],,[H].[H],[H].[H],,[H].[H],,[H],[H],[H]C([H])[H],[H],[H],[H],[H]NC([H])([H])[H],[H],[H].[H]C([H])[H],[H].[H],[H].[H],[H],[H].[H],F,[H],[H],[H]C([H])[H]
EN300-22996250_17475,-11.739075347049951,,0.6950207057167949,,R1=[H]OC([H])[H] | R2=[H] | R3=[H] | R5=[H].[H] | R6=[H].[H] | R8=[H].[H] | R10=[H] | R11=[H] | R12=[H] | R17=[H]C([H])[H] | R19=[H] | R21=[H] | R22=[H] | R23=[H]NC([H])([H])[H] | R24=[H] | R27=[H].[H]C([H])[H] | R29=[H].[H] | R30=[H].[H] | R32=[H] | R33=[H].[H] | R35=F | R36=[H] | R38=[H] | R39=[H]C([H])[H],CNc1ccn(-c2ccnc3c2cc([C@H](C)N2CC=C(c4c(C)cc(C(=O)N5CCc6ccc(CO)cc6C5)cc4F)CC2)n3C)c(=O)c1,[H]OC([H])[H],[H],[H],,[H].[H],[H].[H],,[H].[H],,[H],[H],[H],[H]C([H])[H],[H],[H],[H],[H]NC([H])([H])[H],[H],[H].[H]C([H])[H],[H].[H],[H].[H],[H],[H].[H],F,[H],[H],[H]C([H])[H]
LN04976964_2341,-11.716015316424231,,0.6922142866031036,,R1=Br | R3=[H] | R5=[H].[H] | R6=[H] | R7=Cl | R8=[H].[H] | R10=[H].[H] | R11=[H] | R12=[H] | R17=[H]C([H])[H] | R19=[H] | R21=[H] | R22=[H] | R23=[H]NC([H])([H])[H] | R24=[H] | R27=[H].[H]C([H])[H] | R29=[H].[H] | R30=[H].[H] | R32=[H] | R33=[H].[H] | R35=F | R36=[H] | R38=[H] | R39=[H]C([H])[H],CNc1ccn(-c2ccnc3c2cc([C@H](C)N2CC=C(c4c(C)cc(C(=O)N5CCc6c(Cl)ccc(Br)c6C5)cc4F)CC2)n3C)c(=O)c1,Br,,[H],,[H].[H],[H],Cl,[H].[H],,[H].[H],[H],[H],[H]C([H])[H],[H],[H],[H],[H]NC([H])([H])[H],[H],[H].[H]C([H])[H],[H].[H],[H].[H],[H],[H].[H],F,[H],[H],[H]C([H])[H]
EN300-7542950_17734,-11.714708465301376,,0.692055242062814,,R1=[H]C([H])[H] | R2=[H] | R3=[H] | R5=[H].[H] | R6=[H].[H] | R8=[H].[H] | R10=Br | R11=[H] | R12=[H] | R17=[H]C([H])[H] | R19=[H] | R21=[H] | R22=[H] | R23=[H]NC([H])([H])[H] | R24=[H] | R27=[H].[H]C([H])[H] | R29=[H].[H] | R30=[H].[H] | R32=[H] | R33=[H].[H] | R35=F | R36=[H] | R38=[H] | R39=[H]C([H])[H],CNc1ccn(-c2ccnc3c2cc([C@H](C)N2CC=C(c4c(C)cc(C(=O)N5CCc6ccc(C)c(Br)c6C5)cc4F)CC2)n3C)c(=O)c1,[H]C([H])[H],[H],[H],,[H].[H],[H].[H],,[H].[H],,Br,[H],[H],[H]C([H])[H],[H],[H],[H],[H]NC([H])([H])[H],[H],[H].[H]C([H])[H],[H].[H],[H].[H],[H],[H].[H],F,[H],[H],[H]C([H])[H]
EN300-3015905_17911,-11.713790335210199,,0.6919435050977355,,R1=[H]C([H])[H] | R2=[H] | R3=[H] | R5=[H].[H] | R7=[H].[H]C([H])[H] | R8=[H].[H] | R10=[H] | R11=[H] | R12=[H] | R17=[H]C([H])[H] | R19=[H] | R21=[H] | R22=[H] | R23=[H]NC([H])([H])[H] | R24=[H] | R27=[H].[H]C([H])[H] | R29=[H].[H] | R30=[H].[H] | R32=[H] | R33=[H].[H] | R35=F | R36=[H] | R38=[H] | R39=[H]C([H])[H],CNc1ccn(-c2ccnc3c2cc([C@H](C)N2CC=C(c4c(C)cc(C(=O)N5Cc6ccc(C)cc6C[C@H]5C)cc4F)CC2)n3C)c(=O)c1,[H]C([H])[H],[H],[H],,[H].[H],,[H].[H]C([H])[H],[H].[H],,[H],[H],[H],[H]C([H])[H],[H],[H],[H],[H]NC([H])([H])[H],[H],[H].[H]C([H])[H],[H].[H],[H].[H],[H],[H].[H],F,[H],[H],[H]C([H])[H]
LN06585577_723,-11.71342725204914,,0.6918993176662617,,R1=Br | R2=[H] | R3=[H] | R5=[H] | R7=[H].[H]C([H])[H] | R8=[H].[H] | R10=[H].[H] | R11=[H] | R12=[H] | R17=[H]C([H])[H] | R19=[H] | R21=[H] | R22=[H] | R23=[H]NC([H])([H])[H] | R24=[H] | R27=[H].[H]C([H])[H] | R29=[H].[H] | R30=[H].[H] | R32=[H] | R33=[H].[H] | R35=F | R36=[H] | R38=[H] | R39=[H]C([H])[H],CNc1ccn(-c2ccnc3c2cc([C@H](C)N2CC=C(c4c(C)cc(C(=O)N5CCc6ccc(Br)cc6[C@H]5C)cc4F)CC2)n3C)c(=O)c1,Br,[H],[H],,[H],,[H].[H]C([H])[H],[H].[H],,[H].[H],[H],[H],[H]C([H])[H],[H],[H],[H],[H]NC([H])([H])[H],[H],[H].[H]C([H])[H],[H].[H],[H].[H],[H],[H].[H],F,[H],[H],[H]C([H])[H]
EN300-46668797_33482,-11.705971126515403,,0.6909919028604625,,R1=[H].[H]C([H])[H] | R2=[H].[H] | R4=[H].[H] | R6=Br | R7=[H] | R8=[H] | R9=Cl | R11=[H] | R12=[H] | R17=[H]C([H])[H] | R19=[H] | R21=[H] | R22=[H] | R23=[H]NC([H])([H])[H] | R24=[H] | R27=[H].[H]C([H])[H] | R29=[H].[H] | R30=[H].[H] | R32=[H] | R33=[H].[H] | R35=F | R36=[H] | R38=[H] | R39=[H]C([H])[H],CNc1ccn(-c2ccnc3c2cc([C@H](C)N2CC=C(c4c(C)cc(C(=O)N5Cc6c(Br)ccc(Cl)c6[C@H](C)C5)cc4F)CC2)n3C)c(=O)c1,[H].[H]C([H])[H],[H].[H],,[H].[H],,Br,[H],[H],Cl,,[H],[H],[H]C([H])[H],[H],[H],[H],[H]NC([H])([H])[H],[H],[H].[H]C([H])[H],[H].[H],[H].[H],[H],[H].[H],F,[H],[H],[H]C([H])[H]
EN300-1245050_24483,-11.696019206006,,0.6897807483572946,,R1=[H]C([H])[H] | R2=[H] | R3=[H] | R6=[H] | R7=[H].[H] | R8=[H].[H] | R10=[H].[H]C([H])[H] | R11=[H] | R12=[H] | R17=[H]C([H])[H] | R19=[H] | R21=[H] | R22=[H] | R23=[H]NC([H])([H])[H] | R24=[H] | R27=[H].[H]C([H])[H] | R29=[H].[H] | R30=[H].[H] | R32=[H] | R33=[H].[H] | R35=F | R36=[H] | R38=[H] | R39=[H]C([H])[H],CNc1ccn(-c2ccnc3c2cc([C@H](C)N2CC=C(c4c(C)cc(C(=O)N5CCc6cc(C)ccc6[C@H]5C)cc4F)CC2)n3C)c(=O)c1,[H]C([H])[H],[H],[H],,,[H],[H].[H],[H].[H],,[H].[H]C([H])[H],[H],[H],[H]C([H])[H],[H],[H],[H],[H]NC([H])([H])[H],[H],[H].[H]C([H])[H],[H].[H],[H].[H],[H],[H].[H],F,[H],[H],[H]C([H])[H]
LN00338988_3000,-11.693659420208887,,0.6894935610559106,,R1=Cl | R3=[H] | R5=[H].[H] | R6=[H] | R7=[H] | R8=[H].[H] | R10=[H].[H] | R11=[H] | R12=[H] | R17=[H]C([H])[H] | R19=[H] | R21=[H] | R22=[H] | R23=[H]NC([H])([H])[H] | R24=[H] | R27=[H].[H]C([H])[H] | R29=[H].[H] | R30=[H].[H] | R32=[H] | R33=[H].[H] | R35=F | R36=[H] | R38=[H] | R39=[H]C([H])[H],CNc1ccn(-c2ccnc3c2cc([C@H](C)N2CC=C(c4c(C)cc(C(=O)N5CCc6cccc(Cl)c6C5)cc4F)CC2)n3C)c(=O)c1,Cl,,[H],,[H].[H],[H],[H],[H].[H],,[H].[H],[H],[H],[H]C([H])[H],[H],[H],[H],[H]NC([H])([H])[H],[H],[H].[H]C([H])[H],[H].[H],[H].[H],[H],[H].[H],F,[H],[H],[H]C([H])[H]
LN01365429_7082,-11.688637541200157,,0.6888823954653054,,R1=[H]C([H])([H])O | R3=[H] | R5=[H].[H] | R6=[H] | R7=[H] | R8=[H].[H] | R9=[H].[H] | R11=[H] | R12=[H] | R17=[H]C([H])[H] | R19=[H] | R21=[H] | R22=[H] | R23=[H]NC([H])([H])[H] | R24=[H] | R27=[H].[H]C([H])[H] | R29=[H].[H] | R30=[H].[H] | R32=[H] | R33=[H].[H] | R35=F | R36=[H] | R38=[H] | R39=[H]C([H])[H],CNc1ccn(-c2ccnc3c2cc([C@H](C)N2CC=C(c4c(C)cc(C(=O)N5CCc6c(cccc6OC)C5)cc4F)CC2)n3C)c(=O)c1,[H]C([H])([H])O,,[H],,[H].[H],[H],[H],[H].[H],[H].[H],,[H],[H],[H]C([H])[H],[H],[H],[H],[H]NC([H])([H])[H],[H],[H].[H]C([H])[H],[H].[H],[H].[H],[H],[H].[H],F,[H],[H],[H]C([H])[H]
EN300-8810016_20497,-11.684294296190892,,0.6883538200263876,,R1=[H].[H]C([H])[H] | R3=[H].[H] | R4=[H].[H] | R6=[H] | R7=F | R8=F | R9=[H] | R11=[H] | R12=[H] | R17=[H]C([H])[H] | R19=[H] | R21=[H] | R22=[H] | R23=[H]NC([H])([H])[H] | R24=[H] | R27=[H].[H]C([H])[H] | R29=[H].[H] | R30=[H].[H] | R32=[H] | R33=[H].[H] | R35=F | R36=[H] | R38=[H] | R39=[H]C([H])[H],CNc1ccn(-c2ccnc3c2cc([C@H](C)N2CC=C(c4c(C)cc(C(=O)N5CCc6cc(F)c(F)cc6[C@H]5C)cc4F)CC2)n3C)c(=O)c1,[H].[H]C([H])[H],,[H].[H],[H].[H],,[H],F,F,[H],,[H],[H],[H]C([H])[H],[H],[H],[H],[H]NC([H])([H])[H],[H],[H].[H]C([H])[H],[H].[H],[H].[H],[H],[H].[H],F,[H],[H],[H]C([H])[H]
LN01533296_7548,-11.682697292404333,,0.6881594637384892,,R1=Cl | R2=[H] | R3=[H] | R5=[H] | R7=[H].[H]C([H])[H] | R8=[H].[H] | R9=[H].[H] | R11=[H] | R12=[H] | R17=[H]C([H])[H] | R19=[H] | R21=[H] | R22=[H] | R23=[H]NC([H])([H])[H] | R24=[H] | R27=[H].[H]C([H])[H] | R29=[H].[H] | R30=[H].[H] | R32=[H] | R33=[H].[H] | R35=F | R36=[H] | R38=[H] | R39=[H]C([H])[H],CNc1ccn(-c2ccnc3c2cc([C@H](C)N2CC=C(c4c(C)cc(C(=O)N5Cc6ccc(Cl)cc6[C@H](C)C5)cc4F)CC2)n3C)c(=O)c1,Cl,[H],[H],,[H],,[H].[H]C([H])[H],[H].[H],[H].[H],,[H],[H],[H]C([H])[H],[H],[H],[H],[H]NC([H])([H])[H],[H],[H].[H]C([H])[H],[H].[H],[H].[H],[H],[H].[H],F,[H],[H],[H]C([H])[H]
EN300-52302962_37903,-11.681217772147567,,0.687979405264367,,R1=[H]C([H])[H] | R2=[H] | R3=Br | R4=[H] | R6=[H].[H] | R7=[H].[H] | R9=[H].[H]C([H])[H] | R11=[H] | R12=[H] | R17=[H]C([H])[H] | R19=[H] | R21=[H] | R22=[H] | R23=[H]NC([H])([H])[H] | R24=[H] | R27=[H].[H]C([H])[H] | R29=[H].[H] | R30=[H].[H] | R32=[H] | R33=[H].[H] | R35=F | R36=[H] | R38=[H] | R39=[H]C([H])[H],CNc1ccn(-c2ccnc3c2cc([C@H](C)N2CC=C(c4c(C)cc(C(=O)N5CCc6cc(Br)cc(C)c6[C@H]5C)cc4F)CC2)n3C)c(=O)c1,[H]C([H])[H],[H],Br,[H],,[H].[H],[H].[H],,[H].[H]C([H])[H],,[H],[H],[H]C([H])[H],[H],[H],[H],[H]NC([H])([H])[H],[H],[H].[H]C([H])[H],[H].[H],[H].[H],[H],[H].[H],F,[H],[H],[H]C([H])[H]
EN300-45604330_32223,-11.679294291953163,,0.6877453166081116,,R1=[H].[H]C([H])[H] | R2=[H].[H] | R4=F | R5=[H] | R6=[H] | R7=[H] | R9=[H].[H] | R11=[H] | R12=[H] | R17=[H]C([H])[H] | R19=[H] | R21=[H] | R22=[H] | R23=[H]NC([H])([H])[H] | R24=[H] | R27=[H].[H]C([H])[H] | R29=[H].[H] | R30=[H].[H] | R32=[H] | R33=[H].[H] | R35=F | R36=[H] | R38=[H] | R39=[H]C([H])[H],CNc1ccn(-c2ccnc3c2cc([C@H](C)N2CC=C(c4c(C)cc(C(=O)N5Cc6cccc(F)c6C[C@@H]5C)cc4F)CC2)n3C)c(=O)c1,[H].[H]C([H])[H],[H].[H],,F,[H],[H],[H],,[H].[H],,[H],[H],[H]C([H])[H],[H],[H],[H],[H]NC([H])([H])[H],[H],[H].[H]C([H])[H],[H].[H],[H].[H],[H],[H].[H],F,[H],[H],[H]C([H])[H]
EN300-3435995_14414,-11.677421892645992,,0.6875174445254852,,R1=[H].[H]C([H])[H] | R2=[H].[H] | R4=Br | R5=[H] | R6=[H] | R7=Br | R9=[H].[H] | R11=[H] | R12=[H] | R17=[H]C([H])[H] | R19=[H] | R21=[H] | R22=[H] | R23=[H]NC([H])([H])[H] | R24=[H] | R27=[H].[H]C([H])[H] | R29=[H].[H] | R30=[H].[H] | R32=[H] | R33=[H].[H] | R35=F | R36=[H] | R38=[H] | R39=[H]C([H])[H],CNc1ccn(-c2ccnc3c2cc([C@H](C)N2CC=C(c4c(C)cc(C(=O)N5Cc6c(Br)ccc(Br)c6C[C@H]5C)cc4F)CC2)n3C)c(=O)c1,[H].[H]C([H])[H],[H].[H],,Br,[H],[H],Br,,[H].[H],,[H],[H],[H]C([H])[H],[H],[H],[H],[H]NC([H])([H])[H],[H],[H].[H]C([H])[H],[H].[H],[H].[H],[H],[H].[H],F,[H],[H],[H]C([H])[H]
EN300-1587512_11296,-11.67272009432449,,0.6869452329403251,,R1=Cl | R2=[H] | R3=Br | R4=[H] | R6=[H].[H] | R7=[H].[H] | R9=[H].[H] | R11=[H] | R12=[H] | R17=[H]C([H])[H] | R19=[H] | R21=[H] | R22=[H] | R23=[H]NC([H])([H])[H] | R24=[H] | R27=[H].[H]C([H])[H] | R29=[H].[H] | R30=[H].[H] | R32=[H] | R33=[H].[H] | R35=F | R36=[H] | R38=[H] | R39=[H]C([H])[H],CNc1ccn(-c2ccnc3c2cc([C@H](C)N2CC=C(c4c(C)cc(C(=O)N5CCc6cc(Br)cc(Cl)c6C5)cc4F)CC2)n3C)c(=O)c1,Cl,[H],Br,[H],,[H].[H],[H].[H],,[H].[H],,[H],[H],[H]C([H])[H],[H],[H],[H],[H]NC([H])([H])[H],[H],[H].[H]C([H])[H],[H].[H],[H].[H],[H],[H].[H],F,[H],[H],[H]C([H])[H]
LN01331319_6448,-11.668726049665006,,0.6864591553866894,,R1=Br | R2=F | R3=[H] | R5=[H] | R7=[H].[H] | R8=[H].[H] | R9=[H].[H] | R11=[H] | R12=[H] | R17=[H]C([H])[H] | R19=[H] | R21=[H] | R22=[H] | R23=[H]NC([H])([H])[H] | R24=[H] | R27=[H].[H]C([H])[H] | R29=[H].[H] | R30=[H].[H] | R32=[H] | R33=[H].[H] | R35=F | R36=[H] | R38=[H] | R39=[H]C([H])[H],CNc1ccn(-c2ccnc3c2cc([C@H](C)N2CC=C(c4c(C)cc(C(=O)N5CCc6c(ccc(Br)c6F)C5)cc4F)CC2)n3C)c(=O)c1,Br,F,[H],,[H],,[H].[H],[H].[H],[H].[H],,[H],[H],[H]C([H])[H],[H],[H],[H],[H]NC([H])([H])[H],[H],[H].[H]C([H])[H],[H].[H],[H].[H],[H],[H].[H],F,[H],[H],[H]C([H])[H]
EN300-1448677_45729,-11.668380840684565,,0.686417143253373,,R1=[H].[H]C([H])[H] | R2=[H].[H] | R4=[H] | R5=[H] | R6=F | R7=[H] | R9=[H].[H] | R11=[H] | R12=[H] | R17=[H]C([H])[H] | R19=[H] | R21=[H] | R22=[H] | R23=[H]NC([H])([H])[H] | R24=[H] | R27=[H].[H]C([H])[H] | R29=[H].[H] | R30=[H].[H] | R32=[H] | R33=[H].[H] | R35=F | R36=[H] | R38=[H] | R39=[H]C([H])[H],CNc1ccn(-c2ccnc3c2cc([C@H](C)N2CC=C(c4c(C)cc(C(=O)N5Cc6cc(F)ccc6C[C@H]5C)cc4F)CC2)n3C)c(=O)c1,[H].[H]C([H])[H],[H].[H],,[H],[H],F,[H],,[H].[H],,[H],[H],[H]C([H])[H],[H],[H],[H],[H]NC([H])([H])[H],[H],[H].[H]C([H])[H],[H].[H],[H].[H],[H],[H].[H],F,[H],[H],[H]C([H])[H]
EN300-52427648_41612,-11.656134905138858,,0.6849268057885922,,R1=[H]C([H])[H] | R2=[H] | R3=F | R6=[H] | R7=[H].[H] | R8=[H].[H] | R10=[H].[H]C([H])[H] | R11=[H] | R12=[H] | R17=[H]C([H])[H] | R19=[H] | R21=[H] | R22=[H] | R23=[H]NC([H])([H])[H] | R24=[H] | R27=[H].[H]C([H])[H] | R29=[H].[H] | R30=[H].[H] | R32=[H] | R33=[H].[H] | R35=F | R36=[H] | R38=[H] | R39=[H]C([H])[H],CNc1ccn(-c2ccnc3c2cc([C@H](C)N2CC=C(c4c(C)cc(C(=O)N5CCc6cc(C)cc(F)c6[C@@H]5C)cc4F)CC2)n3C)c(=O)c1,[H]C([H])[H],[H],F,,,[H],[H].[H],[H].[H],,[H].[H]C([H])[H],[H],[H],[H]C([H])[H],[H],[H],[H],[H]NC([H])([H])[H],[H],[H].[H]C([H])[H],[H].[H],[H].[H],[H],[H].[H],F,[H],[H],[H]C([H])[H]
LN06129504_4926,-11.654253572468015,,0.6846978465104212,,R2=[H].[H]C([H])[H] | R3=[H].[H] | R5=[H].[H] | R7=[H] | R8=[H] | R9=[H] | R10=[H] | R11=[H] | R12=[H] | R17=[H]C([H])[H] | R19=[H] | R21=[H] | R22=[H] | R23=[H]NC([H])([H])[H] | R24=[H] | R27=[H].[H]C([H])[H] | R29=[H].[H] | R30=[H].[H] | R32=[H] | R33=[H].[H] | R35=F | R36=[H] | R38=[H] | R39=[H]C([H])[H],CNc1ccn(-c2ccnc3c2cc([C@H](C)N2CC=C(c4c(C)cc(C(=O)N5CCc6ccccc6[C@H]5C)cc4F)CC2)n3C)c(=O)c1,,[H].[H]C([H])[H],[H].[H],,[H].[H],,[H],[H],[H],[H],[H],[H],[H]C([H])[H],[H],[H],[H],[H]NC([H])([H])[H],[H],[H].[H]C([H])[H],[H].[H],[H].[H],[H],[H].[H],F,[H],[H],[H]C([H])[H]
EN300-28220566_27296,-11.638409608453694,,0.6827696268923242,,R1=[H].[H]C(F)F | R3=[H].[H] | R4=[H].[H] | R6=[H] | R7=Br | R8=[H] | R9=[H] | R11=[H] | R12=[H] | R17=[H]C([H])[H] | R19=[H] | R21=[H] | R22=[H] | R23=[H]NC([H])([H])[H] | R24=[H] | R27=[H].[H]C([H])[H] | R29=[H].[H] | R30=[H].[H] | R32=[H] | R33=[H].[H] | R35=F | R36=[H] | R38=[H] | R39=[H]C([H])[H],CNc1ccn(-c2ccnc3c2cc([C@H](C)N2CC=C(c4c(C)cc(C(=O)N5CCc6cc(Br)ccc6[C@H]5C(F)F)cc4F)CC2)n3C)c(=O)c1,[H].[H]C(F)F,,[H].[H],[H].[H],,[H],Br,[H],[H],,[H],[H],[H]C([H])[H],[H],[H],[H],[H]NC([H])([H])[H],[H],[H].[H]C([H])[H],[H].[H],[H].[H],[H],[H].[H],F,[H],[H],[H]C([H])[H]
EN300-1253965_23693,-11.636100753792462,,0.6824886379397428,,R1=[H].[H]C([H])[H] | R2=[H].[H] | R4=Br | R5=[H] | R6=[H] | R7=[H] | R9=[H].[H] | R11=[H] | R12=[H] | R17=[H]C([H])[H] | R19=[H] | R21=[H] | R22=[H] | R23=[H]NC([H])([H])[H] | R24=[H] | R27=[H].[H]C([H])[H] | R29=[H].[H] | R30=[H].[H] | R32=[H] | R33=[H].[H] | R35=F | R36=[H] | R38=[H] | R39=[H]C([H])[H],CNc1ccn(-c2ccnc3c2cc([C@H](C)N2CC=C(c4c(C)cc(C(=O)N5Cc6cccc(Br)c6C[C@H]5C)cc4F)CC2)n3C)c(=O)c1,[H].[H]C([H])[H],[H].[H],,Br,[H],[H],[H],,[H].[H],,[H],[H],[H]C([H])[H],[H],[H],[H],[H]NC([H])([H])[H],[H],[H].[H]C([H])[H],[H].[H],[H].[H],[H],[H].[H],F,[H],[H],[H]C([H])[H]
EN300-26682710_17938,-11.624273748611149,,0.681049284543501,,R1=[H].[H]C([H])[H] | R2=[H].[H] | R4=Cl | R5=Br | R6=[H] | R7=F | R9=[H].[H] | R11=[H] | R12=[H] | R17=[H]C([H])[H] | R19=[H] | R21=[H] | R22=[H] | R23=[H]NC([H])([H])[H] | R24=[H] | R27=[H].[H]C([H])[H] | R29=[H].[H] | R30=[H].[H] | R32=[H] | R33=[H].[H] | R35=F | R36=[H] | R38=[H] | R39=[H]C([H])[H],CNc1ccn(-c2ccnc3c2cc([C@H](C)N2CC=C(c4c(C)cc(C(=O)N5Cc6c(F)cc(Br)c(Cl)c6C[C@H]5C)cc4F)CC2)n3C)c(=O)c1,[H].[H]C([H])[H],[H].[H],,Cl,Br,[H],F,,[H].[H],,[H],[H],[H]C([H])[H],[H],[H],[H],[H]NC([H])([H])[H],[H],[H].[H]C([H])[H],[H].[H],[H].[H],[H],[H].[H],F,[H],[H],[H]C([H])[H]
EN300-124393_3416,-11.612171056509215,,0.6795763798889815,,R1=[H].[H]C([H])[H] | R2=[H].[H] | R4=[H] | R5=F | R6=[H] | R7=[H] | R9=[H].[H]C([H])[H] | R11=[H] | R12=[H] | R17=[H]C([H])[H] | R19=[H] | R21=[H] | R22=[H] | R23=[H]NC([H])([H])[H] | R24=[H] | R27=[H].[H]C([H])[H] | R29=[H].[H] | R30=[H].[H] | R32=[H] | R33=[H].[H] | R35=F | R36=[H] | R38=[H] | R39=[H]C([H])[H],CNc1ccn(-c2ccnc3c2cc([C@H](C)N2CC=C(c4c(C)cc(C(=O)N5[C@H](C)c6ccc(F)cc6C[C@@H]5C)cc4F)CC2)n3C)c(=O)c1,[H].[H]C([H])[H],[H].[H],,[H],F,[H],[H],,[H].[H]C([H])[H],,[H],[H],[H]C([H])[H],[H],[H],[H],[H]NC([H])([H])[H],[H],[H].[H]C([H])[H],[H].[H],[H].[H],[H],[H].[H],F,[H],[H],[H]C([H])[H]
LN01311780_3741,-11.610798783654978,,0.6794093734860049,,R1=[H]O | R3=[H] | R5=[H].[H] | R6=[H] | R7=[H] | R8=[H].[H] | R10=[H].[H] | R11=[H] | R12=[H] | R17=[H]C([H])[H] | R19=[H] | R21=[H] | R22=[H] | R23=[H]NC([H])([H])[H] | R24=[H] | R27=[H].[H]C([H])[H] | R29=[H].[H] | R30=[H].[H] | R32=[H] | R33=[H].[H] | R35=F | R36=[H] | R38=[H] | R39=[H]C([H])[H],CNc1ccn(-c2ccnc3c2cc([C@H](C)N2CC=C(c4c(C)cc(C(=O)N5CCc6cccc(O)c6C5)cc4F)CC2)n3C)c(=O)c1,[H]O,,[H],,[H].[H],[H],[H],[H].[H],,[H].[H],[H],[H],[H]C([H])[H],[H],[H],[H],[H]NC([H])([H])[H],[H],[H].[H]C([H])[H],[H].[H],[H].[H],[H],[H].[H],F,[H],[H],[H]C([H])[H]
EN300-156535_22561,-11.601970753367114,,0.6783349970752262,,R1=[H]C([H])([H])NC([H])([H])[H] | R2=[H] | R3=[H] | R5=[H].[H] | R6=[H].[H] | R8=[H].[H] | R10=[H] | R11=[H] | R12=[H] | R17=[H]C([H])[H] | R19=[H] | R21=[H] | R22=[H] | R23=[H]NC([H])([H])[H] | R24=[H] | R27=[H].[H]C([H])[H] | R29=[H].[H] | R30=[H].[H] | R32=[H] | R33=[H].[H] | R35=F | R36=[H] | R38=[H] | R39=[H]C([H])[H],CNc1ccn(-c2ccnc3c2cc([C@H](C)N2CC=C(c4c(C)cc(C(=O)N5CCc6ccc(N(C)C)cc6C5)cc4F)CC2)n3C)c(=O)c1,[H]C([H])([H])NC([H])([H])[H],[H],[H],,[H].[H],[H].[H],,[H].[H],,[H],[H],[H],[H]C([H])[H],[H],[H],[H],[H]NC([H])([H])[H],[H],[H].[H]C([H])[H],[H].[H],[H].[H],[H],[H].[H],F,[H],[H],[H]C([H])[H]
EN300-27735579_39897,-11.574233570407038,,0.6749593658073174,,R1=[H]C([H])([H])O | R2=[H] | R3=[H] | R5=[H].[H] | R6=[H].[H] | R8=[H].[H] | R10=Br | R11=[H] | R12=[H] | R17=[H]C([H])[H] | R19=[H] | R21=[H] | R22=[H] | R23=[H]NC([H])([H])[H] | R24=[H] | R27=[H].[H]C([H])[H] | R29=[H].[H] | R30=[H].[H] | R32=[H] | R33=[H].[H] | R35=F | R36=[H] | R38=[H] | R39=[H]C([H])[H],CNc1ccn(-c2ccnc3c2cc([C@H](C)N2CC=C(c4c(C)cc(C(=O)N5CCc6ccc(OC)c(Br)c6C5)cc4F)CC2)n3C)c(=O)c1,[H]C([H])([H])O,[H],[H],,[H].[H],[H].[H],,[H].[H],,Br,[H],[H],[H]C([H])[H],[H],[H],[H],[H]NC([H])([H])[H],[H],[H].[H]C([H])[H],[H].[H],[H].[H],[H],[H].[H],F,[H],[H],[H]C([H])[H]
EN300-1250801_26253,-11.573471746151316,,0.6748666513531506,,R1=[H].[H]C([H])C([H])([H])[H] | R2=[H].[H] | R4=[H].[H] | R6=[H] | R7=[H] | R8=[H] | R9=[H] | R11=[H] | R12=[H] | R17=[H]C([H])[H] | R19=[H] | R21=[H] | R22=[H] | R23=[H]NC([H])([H])[H] | R24=[H] | R27=[H].[H]C([H])[H] | R29=[H].[H] | R30=[H].[H] | R32=[H] | R33=[H].[H] | R35=F | R36=[H] | R38=[H] | R39=[H]C([H])[H],CC[C@@H]1CN(C(=O)c2cc(C)c(C3=CCN([C@@H](C)c4cc5c(-n6ccc(NC)cc6=O)ccnc5n4C)CC3)c(F)c2)Cc2ccccc21,[H].[H]C([H])C([H])([H])[H],[H].[H],,[H].[H],,[H],[H],[H],[H],,[H],[H],[H]C([H])[H],[H],[H],[H],[H]NC([H])([H])[H],[H],[H].[H]C([H])[H],[H].[H],[H].[H],[H],[H].[H],F,[H],[H],[H]C([H])[H]
EN300-1698695_38967,-11.571371289604144,,0.6746110245720272,,R1=[H].[H]C([H])[H] | R2=[H].[H] | R4=[H] | R5=F | R6=[H] | R7=[H] | R9=[H].[H] | R11=[H] | R12=[H] | R17=[H]C([H])[H] | R19=[H] | R21=[H] | R22=[H] | R23=[H]NC([H])([H])[H] | R24=[H] | R27=[H].[H]C([H])[H] | R29=[H].[H] | R30=[H].[H] | R32=[H] | R33=[H].[H] | R35=F | R36=[H] | R38=[H] | R39=[H]C([H])[H],CNc1ccn(-c2ccnc3c2cc([C@H](C)N2CC=C(c4c(C)cc(C(=O)N5Cc6ccc(F)cc6C[C@H]5C)cc4F)CC2)n3C)c(=O)c1,[H].[H]C([H])[H],[H].[H],,[H],F,[H],[H],,[H].[H],,[H],[H],[H]C([H])[H],[H],[H],[H],[H]NC([H])([H])[H],[H],[H].[H]C([H])[H],[H].[H],[H].[H],[H],[H].[H],F,[H],[H],[H]C([H])[H]
EN300-225088_21934,-11.56843879416483,,0.6742541381747245,,R1=[H]C([H])([H])O | R2=[H] | R4=[H].[H] | R5=[H].[H] | R7=[H].[H] | R9=[H] | R10=Cl | R11=[H] | R12=[H] | R17=[H]C([H])[H] | R19=[H] | R21=[H] | R22=[H] | R23=[H]NC([H])([H])[H] | R24=[H] | R27=[H].[H]C([H])[H] | R29=[H].[H] | R30=[H].[H] | R32=[H] | R33=[H].[H] | R35=F | R36=[H] | R38=[H] | R39=[H]C([H])[H],CNc1ccn(-c2ccnc3c2cc([C@H](C)N2CC=C(c4c(C)cc(C(=O)N5CCc6cc(OC)c(Cl)cc6C5)cc4F)CC2)n3C)c(=O)c1,[H]C([H])([H])O,[H],,[H].[H],[H].[H],,[H].[H],,[H],Cl,[H],[H],[H]C([H])[H],[H],[H],[H],[H]NC([H])([H])[H],[H],[H].[H]C([H])[H],[H].[H],[H].[H],[H],[H].[H],F,[H],[H],[H]C([H])[H]
EN300-123456_10922,-11.564258311957717,,0.6737453710633137,,R1=[H].[H]C([H])[H] | R2=[H].[H] | R4=[H] | R5=[H] | R6=Br | R7=[H] | R9=[H].[H] | R11=[H] | R12=[H] | R17=[H]C([H])[H] | R19=[H] | R21=[H] | R22=[H] | R23=[H]NC([H])([H])[H] | R24=[H] | R27=[H].[H]C([H])[H] | R29=[H].[H] | R30=[H].[H] | R32=[H] | R33=[H].[H] | R35=F | R36=[H] | R38=[H] | R39=[H]C([H])[H],CNc1ccn(-c2ccnc3c2cc([C@H](C)N2CC=C(c4c(C)cc(C(=O)N5Cc6cc(Br)ccc6C[C@@H]5C)cc4F)CC2)n3C)c(=O)c1,[H].[H]C([H])[H],[H].[H],,[H],[H],Br,[H],,[H].[H],,[H],[H],[H]C([H])[H],[H],[H],[H],[H]NC([H])([H])[H],[H],[H].[H]C([H])[H],[H].[H],[H].[H],[H],[H].[H],F,[H],[H],[H]C([H])[H]
EN300-8097500_19493,-11.56159127537924,,0.6734207911634758,,R1=[H].[H]C([H])[H] | R2=[H].[H] | R4=[H] | R5=Br | R6=[H] | R7=F | R9=[H].[H] | R11=[H] | R12=[H] | R17=[H]C([H])[H] | R19=[H] | R21=[H] | R22=[H] | R23=[H]NC([H])([H])[H] | R24=[H] | R27=[H].[H]C([H])[H] | R29=[H].[H] | R30=[H].[H] | R32=[H] | R33=[H].[H] | R35=F | R36=[H] | R38=[H] | R39=[H]C([H])[H],CNc1ccn(-c2ccnc3c2cc([C@H](C)N2CC=C(c4c(C)cc(C(=O)N5Cc6c(F)cc(Br)cc6C[C@H]5C)cc4F)CC2)n3C)c(=O)c1,[H].[H]C([H])[H],[H].[H],,[H],Br,[H],F,,[H].[H],,[H],[H],[H]C([H])[H],[H],[H],[H],[H]NC([H])([H])[H],[H],[H].[H]C([H])[H],[H].[H],[H].[H],[H],[H].[H],F,[H],[H],[H]C([H])[H]
EN300-36596283_14422,-11.55767637901133,,0.6729443460028709,,R1=[H]C([H])([H])O | R2=[H] | R3=[H] | R5=[H].[H] | R7=[H].[H]C([H])[H] | R8=[H].[H] | R10=[H] | R11=[H] | R12=[H] | R17=[H]C([H])[H] | R19=[H] | R21=[H] | R22=[H] | R23=[H]NC([H])([H])[H] | R24=[H] | R27=[H].[H]C([H])[H] | R29=[H].[H] | R30=[H].[H] | R32=[H] | R33=[H].[H] | R35=F | R36=[H] | R38=[H] | R39=[H]C([H])[H],CNc1ccn(-c2ccnc3c2cc([C@H](C)N2CC=C(c4c(C)cc(C(=O)N5Cc6ccc(OC)cc6C[C@@H]5C)cc4F)CC2)n3C)c(=O)c1,[H]C([H])([H])O,[H],[H],,[H].[H],,[H].[H]C([H])[H],[H].[H],,[H],[H],[H],[H]C([H])[H],[H],[H],[H],[H]NC([H])([H])[H],[H],[H].[H]C([H])[H],[H].[H],[H].[H],[H],[H].[H],F,[H],[H],[H]C([H])[H]
EN300-27657_22002,-11.548378854787924,,0.6718128319075917,,R1=[H].[H]C([H])[H] | R3=[H].[H] | R4=[H].[H] | R6=[H] | R7=[H]O | R8=[H]O | R9=[H] | R11=[H] | R12=[H] | R17=[H]C([H])[H] | R19=[H] | R21=[H] | R22=[H] | R23=[H]NC([H])([H])[H] | R24=[H] | R27=[H].[H]C([H])[H] | R29=[H].[H] | R30=[H].[H] | R32=[H] | R33=[H].[H] | R35=F | R36=[H] | R38=[H] | R39=[H]C([H])[H],CNc1ccn(-c2ccnc3c2cc([C@H](C)N2CC=C(c4c(C)cc(C(=O)N5CCc6cc(O)c(O)cc6[C@H]5C)cc4F)CC2)n3C)c(=O)c1,[H].[H]C([H])[H],,[H].[H],[H].[H],,[H],[H]O,[H]O,[H],,[H],[H],[H]C([H])[H],[H],[H],[H],[H]NC([H])([H])[H],[H],[H].[H]C([H])[H],[H].[H],[H].[H],[H],[H].[H],F,[H],[H],[H]C([H])[H]
EN300-102037_2487,-11.541630617315601,,0.6709915674898015,,R1=[H].[H]C([H])[H] | R3=[H].[H] | R4=[H].[H] | R6=[H] | R7=Cl | R8=[H] | R9=Cl | R11=[H] | R12=[H] | R17=[H]C([H])[H] | R19=[H] | R21=[H] | R22=[H] | R23=[H]NC([H])([H])[H] | R24=[H] | R27=[H].[H]C([H])[H] | R29=[H].[H] | R30=[H].[H] | R32=[H] | R33=[H].[H] | R35=F | R36=[H] | R38=[H] | R39=[H]C([H])[H],CNc1ccn(-c2ccnc3c2cc([C@H](C)N2CC=C(c4c(C)cc(C(=O)N5CCc6cc(Cl)cc(Cl)c6[C@H]5C)cc4F)CC2)n3C)c(=O)c1,[H].[H]C([H])[H],,[H].[H],[H].[H],,[H],Cl,[H],Cl,,[H],[H],[H]C([H])[H],[H],[H],[H],[H]NC([H])([H])[H],[H],[H].[H]C([H])[H],[H].[H],[H].[H],[H],[H].[H],F,[H],[H],[H]C([H])[H]
EN300-111662_10874,-11.53217164019539,,0.6698404044832562,,R1=F | R2=[H] | R3=[H] | R5=[H].[H] | R6=[H].[H] | R8=[H].[H] | R10=F | R11=[H] | R12=[H] | R17=[H]C([H])[H] | R19=[H] | R21=[H] | R22=[H] | R23=[H]NC([H])([H])[H] | R24=[H] | R27=[H].[H]C([H])[H] | R29=[H].[H] | R30=[H].[H] | R32=[H] | R33=[H].[H] | R35=F | R36=[H] | R38=[H] | R39=[H]C([H])[H],CNc1ccn(-c2ccnc3c2cc([C@H](C)N2CC=C(c4c(C)cc(C(=O)N5CCc6ccc(F)c(F)c6C5)cc4F)CC2)n3C)c(=O)c1,F,[H],[H],,[H].[H],[H].[H],,[H].[H],,F,[H],[H],[H]C([H])[H],[H],[H],[H],[H]NC([H])([H])[H],[H],[H].[H]C([H])[H],[H].[H],[H].[H],[H],[H].[H],F,[H],[H],[H]C([H])[H]
EN300-46067502_33106,-11.528044619400276,,0.6693381436567206,,R1=[H].[H]C([H])[H] | R2=[H].[H] | R4=[H].[H] | R6=[H] | R7=F | R8=[H] | R9=Br | R11=[H] | R12=[H] | R17=[H]C([H])[H] | R19=[H] | R21=[H] | R22=[H] | R23=[H]NC([H])([H])[H] | R24=[H] | R27=[H].[H]C([H])[H] | R29=[H].[H] | R30=[H].[H] | R32=[H] | R33=[H].[H] | R35=F | R36=[H] | R38=[H] | R39=[H]C([H])[H],CNc1ccn(-c2ccnc3c2cc([C@H](C)N2CC=C(c4c(C)cc(C(=O)N5Cc6cc(F)cc(Br)c6[C@@H](C)C5)cc4F)CC2)n3C)c(=O)c1,[H].[H]C([H])[H],[H].[H],,[H].[H],,[H],F,[H],Br,,[H],[H],[H]C([H])[H],[H],[H],[H],[H]NC([H])([H])[H],[H],[H].[H]C([H])[H],[H].[H],[H].[H],[H],[H].[H],F,[H],[H],[H]C([H])[H]
EN300-102833_1966,-11.485511907460904,,0.6641618879231026,,R1=Cl | R2=[H] | R3=Cl | R5=[H].[H] | R7=[H].[H] | R8=[H].[H] | R10=[H] | R11=[H] | R12=[H] | R17=[H]C([H])[H] | R19=[H] | R21=[H] | R22=[H] | R23=[H]NC([H])([H])[H] | R24=[H] | R27=[H].[H]C([H])[H] | R29=[H].[H] | R30=[H].[H] | R32=[H] | R33=[H].[H] | R35=F | R36=[H] | R38=[H] | R39=[H]C([H])[H],CNc1ccn(-c2ccnc3c2cc([C@H](C)N2CC=C(c4c(C)cc(C(=O)N5CCc6cc(Cl)cc(Cl)c6C5)cc4F)CC2)n3C)c(=O)c1,Cl,[H],Cl,,[H].[H],,[H].[H],[H].[H],,[H],[H],[H],[H]C([H])[H],[H],[H],[H],[H]NC([H])([H])[H],[H],[H].[H]C([H])[H],[H].[H],[H].[H],[H],[H].[H],F,[H],[H],[H]C([H])[H]
LN05458755_647,-11.45997496837149,,0.6610540276115136,,R1=Br | R2=[H]C([H])[H] | R3=[H] | R4=[H] | R7=[H].[H] | R8=[H].[H] | R9=[H].[H] | R11=[H] | R12=[H] | R17=[H]C([H])[H] | R19=[H] | R21=[H] | R22=[H] | R23=[H]NC([H])([H])[H] | R24=[H] | R27=[H].[H]C([H])[H] | R29=[H].[H] | R30=[H].[H] | R32=[H] | R33=[H].[H] | R35=F | R36=[H] | R38=[H] | R39=[H]C([H])[H],CNc1ccn(-c2ccnc3c2cc([C@H](C)N2CC=C(c4c(C)cc(C(=O)N5CCc6cc(Br)c(C)cc6C5)cc4F)CC2)n3C)c(=O)c1,Br,[H]C([H])[H],[H],[H],,,[H].[H],[H].[H],[H].[H],,[H],[H],[H]C([H])[H],[H],[H],[H],[H]NC([H])([H])[H],[H],[H].[H]C([H])[H],[H].[H],[H].[H],[H],[H].[H],F,[H],[H],[H]C([H])[H]
EN300-179527_28541,-11.458591877587093,,0.6608857046601566,,R1=[H]C([H])[H] | R2=[H] | R3=[H] | R4=[H] | R6=[H].[H] | R7=[H].[H] | R9=[H].[H] | R11=[H] | R12=[H] | R17=[H]C([H])[H] | R19=[H] | R21=[H] | R22=[H] | R23=[H]NC([H])([H])[H] | R24=[H] | R27=[H].[H]C([H])[H] | R29=[H].[H] | R30=[H].[H] | R32=[H] | R33=[H].[H] | R35=F | R36=[H] | R38=[H] | R39=[H]C([H])[H],CNc1ccn(-c2ccnc3c2cc([C@H](C)N2CC=C(c4c(C)cc(C(=O)N5CCc6cccc(C)c6C5)cc4F)CC2)n3C)c(=O)c1,[H]C([H])[H],[H],[H],[H],,[H].[H],[H].[H],,[H].[H],,[H],[H],[H]C([H])[H],[H],[H],[H],[H]NC([H])([H])[H],[H],[H].[H]C([H])[H],[H].[H],[H].[H],[H],[H].[H],F,[H],[H],[H]C([H])[H]
EN300-7435002_15921,-11.457205903371646,,0.660717030793567,,R1=[H]C([H])([H])C([H])([H])O | R2=[H] | R3=[H] | R5=[H].[H] | R7=[H].[H] | R8=[H].[H] | R10=[H] | R11=[H] | R12=[H] | R17=[H]C([H])[H] | R19=[H] | R21=[H] | R22=[H] | R23=[H]NC([H])([H])[H] | R24=[H] | R27=[H].[H]C([H])[H] | R29=[H].[H] | R30=[H].[H] | R32=[H] | R33=[H].[H] | R35=F | R36=[H] | R38=[H] | R39=[H]C([H])[H],CCOc1ccc2c(c1)CCN(C(=O)c1cc(C)c(C3=CCN([C@@H](C)c4cc5c(-n6ccc(NC)cc6=O)ccnc5n4C)CC3)c(F)c1)C2,[H]C([H])([H])C([H])([H])O,[H],[H],,[H].[H],,[H].[H],[H].[H],,[H],[H],[H],[H]C([H])[H],[H],[H],[H],[H]NC([H])([H])[H],[H],[H].[H]C([H])[H],[H].[H],[H].[H],[H],[H].[H],F,[H],[H],[H]C([H])[H]
EN300-36124_673,-11.456777395464142,,0.6606648811324713,,R1=OC(F)(F)F | R2=[H] | R3=[H] | R5=[H].[H] | R7=[H].[H] | R8=[H].[H] | R10=[H] | R11=[H] | R12=[H] | R17=[H]C([H])[H] | R19=[H] | R21=[H] | R22=[H] | R23=[H]NC([H])([H])[H] | R24=[H] | R27=[H].[H]C([H])[H] | R29=[H].[H] | R30=[H].[H] | R32=[H] | R33=[H].[H] | R35=F | R36=[H] | R38=[H] | R39=[H]C([H])[H],CNc1ccn(-c2ccnc3c2cc([C@H](C)N2CC=C(c4c(C)cc(C(=O)N5CCc6cc(OC(F)(F)F)ccc6C5)cc4F)CC2)n3C)c(=O)c1,OC(F)(F)F,[H],[H],,[H].[H],,[H].[H],[H].[H],,[H],[H],[H],[H]C([H])[H],[H],[H],[H],[H]NC([H])([H])[H],[H],[H].[H]C([H])[H],[H].[H],[H].[H],[H],[H].[H],F,[H],[H],[H]C([H])[H]
EN300-8667826_42789,-11.451455559205284,,0.6600172105703975,,R1=[H]C([H])[H].[H]C([H])[H] | R2=[H].[H] | R4=[H].[H] | R6=[H] | R7=F | R8=[H] | R9=[H] | R11=[H] | R12=[H] | R17=[H]C([H])[H] | R19=[H] | R21=[H] | R22=[H] | R23=[H]NC([H])([H])[H] | R24=[H] | R27=[H].[H]C([H])[H] | R29=[H].[H] | R30=[H].[H] | R32=[H] | R33=[H].[H] | R35=F | R36=[H] | R38=[H] | R39=[H]C([H])[H],CNc1ccn(-c2ccnc3c2cc([C@H](C)N2CC=C(c4c(C)cc(C(=O)N5Cc6cc(F)ccc6C(C)(C)C5)cc4F)CC2)n3C)c(=O)c1,[H]C([H])[H].[H]C([H])[H],[H].[H],,[H].[H],,[H],F,[H],[H],,[H],[H],[H]C([H])[H],[H],[H],[H],[H]NC([H])([H])[H],[H],[H].[H]C([H])[H],[H].[H],[H].[H],[H],[H].[H],F,[H],[H],[H]C([H])[H]
EN300-45409829_31965,-11.443124517462625,,0.6590033179540764,,R1=FC(F)F.[H] | R3=[H].[H] | R4=[H].[H] | R6=[H] | R7=[H] | R8=Br | R9=[H] | R11=[H] | R12=[H] | R17=[H]C([H])[H] | R19=[H] | R21=[H] | R22=[H] | R23=[H]NC([H])([H])[H] | R24=[H] | R27=[H].[H]C([H])[H] | R29=[H].[H] | R30=[H].[H] | R32=[H] | R33=[H].[H] | R35=F | R36=[H] | R38=[H] | R39=[H]C([H])[H],CNc1ccn(-c2ccnc3c2cc([C@H](C)N2CC=C(c4c(C)cc(C(=O)N5CCc6ccc(Br)cc6[C@H]5C(F)(F)F)cc4F)CC2)n3C)c(=O)c1,FC(F)F.[H],,[H].[H],[H].[H],,[H],[H],Br,[H],,[H],[H],[H]C([H])[H],[H],[H],[H],[H]NC([H])([H])[H],[H],[H].[H]C([H])[H],[H].[H],[H].[H],[H],[H].[H],F,[H],[H],[H]C([H])[H]
EN300-1723898_12579,-11.436401623332433,,0.6581851378357354,,R1=[H]C([H])([H])C([H])(C([H])([H])[H])C([H])([H])O | R2=[H] | R3=[H] | R5=[H].[H] | R7=[H].[H] | R8=[H].[H] | R10=[H] | R11=[H] | R12=[H] | R17=[H]C([H])[H] | R19=[H] | R21=[H] | R22=[H] | R23=[H]NC([H])([H])[H] | R24=[H] | R27=[H].[H]C([H])[H] | R29=[H].[H] | R30=[H].[H] | R32=[H] | R33=[H].[H] | R35=F | R36=[H] | R38=[H] | R39=[H]C([H])[H],CNc1ccn(-c2ccnc3c2cc([C@H](C)N2CC=C(c4c(C)cc(C(=O)N5CCc6cc(OCC(C)C)ccc6C5)cc4F)CC2)n3C)c(=O)c1,[H]C([H])([H])C([H])(C([H])([H])[H])C([H])([H])O,[H],[H],,[H].[H],,[H].[H],[H].[H],,[H],[H],[H],[H]C([H])[H],[H],[H],[H],[H]NC([H])([H])[H],[H],[H].[H]C([H])[H],[H].[H],[H].[H],[H],[H].[H],F,[H],[H],[H]C([H])[H]
LN00371704_1794,-11.405151468182185,,0.654381975812973,,R1=FC(F)F | R3=[H] | R5=[H].[H] | R6=[H] | R7=[H] | R8=[H].[H] | R10=[H].[H] | R11=[H] | R12=[H] | R17=[H]C([H])[H] | R19=[H] | R21=[H] | R22=[H] | R23=[H]NC([H])([H])[H] | R24=[H] | R27=[H].[H]C([H])[H] | R29=[H].[H] | R30=[H].[H] | R32=[H] | R33=[H].[H] | R35=F | R36=[H] | R38=[H] | R39=[H]C([H])[H],CNc1ccn(-c2ccnc3c2cc([C@H](C)N2CC=C(c4c(C)cc(C(=O)N5CCc6cccc(C(F)(F)F)c6C5)cc4F)CC2)n3C)c(=O)c1,FC(F)F,,[H],,[H].[H],[H],[H],[H].[H],,[H].[H],[H],[H],[H]C([H])[H],[H],[H],[H],[H]NC([H])([H])[H],[H],[H].[H]C([H])[H],[H].[H],[H].[H],[H],[H].[H],F,[H],[H],[H]C([H])[H]
EN300-706247_19078,-11.400499413144242,,0.6538158180142983,,R1=F | R2=[H] | R4=[H].[H] | R5=[H].[H] | R7=[H].[H] | R9=[H] | R10=Br | R11=[H] | R12=[H] | R17=[H]C([H])[H] | R19=[H] | R21=[H] | R22=[H] | R23=[H]NC([H])([H])[H] | R24=[H] | R27=[H].[H]C([H])[H] | R29=[H].[H] | R30=[H].[H] | R32=[H] | R33=[H].[H] | R35=F | R36=[H] | R38=[H] | R39=[H]C([H])[H],CNc1ccn(-c2ccnc3c2cc([C@H](C)N2CC=C(c4c(C)cc(C(=O)N5CCc6cc(F)c(Br)cc6C5)cc4F)CC2)n3C)c(=O)c1,F,[H],,[H].[H],[H].[H],,[H].[H],,[H],Br,[H],[H],[H]C([H])[H],[H],[H],[H],[H]NC([H])([H])[H],[H],[H].[H]C([H])[H],[H].[H],[H].[H],[H],[H].[H],F,[H],[H],[H]C([H])[H]
EN300-373379_29325,-11.369515182376677,,0.6500450191432796,,R1=[H]C([H])([H])O | R2=[H] | R4=[H].[H] | R5=[H].[H] | R7=[H]C([H])[H].[H]C([H])[H] | R9=[H] | R10=[H]C([H])([H])O | R11=[H] | R12=[H] | R17=[H]C([H])[H] | R19=[H] | R21=[H] | R22=[H] | R23=[H]NC([H])([H])[H] | R24=[H] | R27=[H].[H]C([H])[H] | R29=[H].[H] | R30=[H].[H] | R32=[H] | R33=[H].[H] | R35=F | R36=[H] | R38=[H] | R39=[H]C([H])[H],CNc1ccn(-c2ccnc3c2cc([C@H](C)N2CC=C(c4c(C)cc(C(=O)N5CCc6cc(OC)c(OC)cc6C5(C)C)cc4F)CC2)n3C)c(=O)c1,[H]C([H])([H])O,[H],,[H].[H],[H].[H],,[H]C([H])[H].[H]C([H])[H],,[H],[H]C([H])([H])O,[H],[H],[H]C([H])[H],[H],[H],[H],[H]NC([H])([H])[H],[H],[H].[H]C([H])[H],[H].[H],[H].[H],[H],[H].[H],F,[H],[H],[H]C([H])[H]
EN300-27717776_31650,-11.369147622731914,,0.6500002869211405,,R1=[H].[H]C([H])[H] | R3=[H].[H] | R4=[H].[H] | R6=[H] | R7=[H] | R8=Cl | R9=[H] | R11=[H] | R12=[H] | R17=[H]C([H])[H] | R19=[H] | R21=[H] | R22=[H] | R23=[H]NC([H])([H])[H] | R24=[H] | R27=[H].[H]C([H])[H] | R29=[H].[H] | R30=[H].[H] | R32=[H] | R33=[H].[H] | R35=F | R36=[H] | R38=[H] | R39=[H]C([H])[H],CNc1ccn(-c2ccnc3c2cc([C@H](C)N2CC=C(c4c(C)cc(C(=O)N5CCc6ccc(Cl)cc6[C@H]5C)cc4F)CC2)n3C)c(=O)c1,[H].[H]C([H])[H],,[H].[H],[H].[H],,[H],[H],Cl,[H],,[H],[H],[H]C([H])[H],[H],[H],[H],[H]NC([H])([H])[H],[H],[H].[H]C([H])[H],[H].[H],[H].[H],[H],[H].[H],F,[H],[H],[H]C([H])[H]
LN06128479_2269,-11.358559141335583,,0.6487116625885045,,R1=Br | R2=[H] | R3=[H] | R5=[H] | R7=[H].[H] | R8=[H].[H] | R9=[H].[H] | R11=[H] | R12=[H] | R17=[H]C([H])[H] | R19=[H] | R21=[H] | R22=[H] | R23=[H]NC([H])([H])[H] | R24=[H] | R27=[H].[H]C([H])[H] | R29=[H].[H] | R30=[H].[H] | R32=[H] | R33=[H].[H] | R35=F | R36=[H] | R38=[H] | R39=[H]C([H])[H],CNc1ccn(-c2ccnc3c2cc([C@H](C)N2CC=C(c4c(C)cc(C(=O)N5CCc6cc(Br)ccc6C5)cc4F)CC2)n3C)c(=O)c1,Br,[H],[H],,[H],,[H].[H],[H].[H],[H].[H],,[H],[H],[H]C([H])[H],[H],[H],[H],[H]NC([H])([H])[H],[H],[H].[H]C([H])[H],[H].[H],[H].[H],[H],[H].[H],F,[H],[H],[H]C([H])[H]
EN300-19351452_17778,-11.303866264790914,,0.6420555077633445,,R1=[H]C([H])([H])O | R2=[H] | R3=Br | R5=[H].[H] | R7=[H].[H] | R8=[H].[H] | R10=[H] | R11=[H] | R12=[H] | R17=[H]C([H])[H] | R19=[H] | R21=[H] | R22=[H] | R23=[H]NC([H])([H])[H] | R24=[H] | R27=[H].[H]C([H])[H] | R29=[H].[H] | R30=[H].[H] | R32=[H] | R33=[H].[H] | R35=F | R36=[H] | R38=[H] | R39=[H]C([H])[H],CNc1ccn(-c2ccnc3c2cc([C@H](C)N2CC=C(c4c(C)cc(C(=O)N5CCc6cc(OC)cc(Br)c6C5)cc4F)CC2)n3C)c(=O)c1,[H]C([H])([H])O,[H],Br,,[H].[H],,[H].[H],[H].[H],,[H],[H],[H],[H]C([H])[H],[H],[H],[H],[H]NC([H])([H])[H],[H],[H].[H]C([H])[H],[H].[H],[H].[H],[H],[H].[H],F,[H],[H],[H]C([H])[H]
EN300-1695746_11415,-11.302206292077354,,0.641853488120476,,R1=[H]C([H])([H])O | R2=[H] | R3=[H] | R5=[H].[H] | R6=[H].[H]C([H])[H] | R8=[H].[H] | R10=[H] | R11=[H] | R12=[H] | R17=[H]C([H])[H] | R19=[H] | R21=[H] | R22=[H] | R23=[H]NC([H])([H])[H] | R24=[H] | R27=[H].[H]C([H])[H] | R29=[H].[H] | R30=[H].[H] | R32=[H] | R33=[H].[H] | R35=F | R36=[H] | R38=[H] | R39=[H]C([H])[H],CNc1ccn(-c2ccnc3c2cc([C@H](C)N2CC=C(c4c(C)cc(C(=O)N5Cc6cc(OC)ccc6C[C@@H]5C)cc4F)CC2)n3C)c(=O)c1,[H]C([H])([H])O,[H],[H],,[H].[H],[H].[H]C([H])[H],,[H].[H],,[H],[H],[H],[H]C([H])[H],[H],[H],[H],[H]NC([H])([H])[H],[H],[H].[H]C([H])[H],[H].[H],[H].[H],[H],[H].[H],F,[H],[H],[H]C([H])[H]
EN300-52302964_38103,-11.298311976134173,,0.6413795476095078,,R1=[H]C([H])[H] | R2=[H] | R3=F | R4=[H] | R6=[H].[H] | R7=[H].[H] | R9=[H].[H]C([H])[H] | R11=[H] | R12=[H] | R17=[H]C([H])[H] | R19=[H] | R21=[H] | R22=[H] | R23=[H]NC([H])([H])[H] | R24=[H] | R27=[H].[H]C([H])[H] | R29=[H].[H] | R30=[H].[H] | R32=[H] | R33=[H].[H] | R35=F | R36=[H] | R38=[H] | R39=[H]C([H])[H],CNc1ccn(-c2ccnc3c2cc([C@H](C)N2CC=C(c4c(C)cc(C(=O)N5CCc6cc(F)cc(C)c6[C@H]5C)cc4F)CC2)n3C)c(=O)c1,[H]C([H])[H],[H],F,[H],,[H].[H],[H].[H],,[H].[H]C([H])[H],,[H],[H],[H]C([H])[H],[H],[H],[H],[H]NC([H])([H])[H],[H],[H].[H]C([H])[H],[H].[H],[H].[H],[H],[H].[H],F,[H],[H],[H]C([H])[H]
EN300-7549000_18380,-11.295532713789928,,0.6410413097688281,,R1=[H]OC([H])[H] | R2=[H] | R3=[H] | R4=[H] | R6=[H].[H] | R7=[H].[H] | R9=[H].[H] | R11=[H] | R12=[H] | R17=[H]C([H])[H] | R19=[H] | R21=[H] | R22=[H] | R23=[H]NC([H])([H])[H] | R24=[H] | R27=[H].[H]C([H])[H] | R29=[H].[H] | R30=[H].[H] | R32=[H] | R33=[H].[H] | R35=F | R36=[H] | R38=[H] | R39=[H]C([H])[H],CNc1ccn(-c2ccnc3c2cc([C@H](C)N2CC=C(c4c(C)cc(C(=O)N5CCc6cccc(CO)c6C5)cc4F)CC2)n3C)c(=O)c1,[H]OC([H])[H],[H],[H],[H],,[H].[H],[H].[H],,[H].[H],,[H],[H],[H]C([H])[H],[H],[H],[H],[H]NC([H])([H])[H],[H],[H].[H]C([H])[H],[H].[H],[H].[H],[H],[H].[H],F,[H],[H],[H]C([H])[H]
EN300-136771_21892,-11.294132667400175,,0.6408709233104566,,R1=[H].[H]C([H])C([H])([H])[H] | R2=[H].[H] | R4=[H] | R5=[H] | R6=[H] | R7=[H] | R9=[H].[H] | R11=[H] | R12=[H] | R17=[H]C([H])[H] | R19=[H] | R21=[H] | R22=[H] | R23=[H]NC([H])([H])[H] | R24=[H] | R27=[H].[H]C([H])[H] | R29=[H].[H] | R30=[H].[H] | R32=[H] | R33=[H].[H] | R35=F | R36=[H] | R38=[H] | R39=[H]C([H])[H],CC[C@H]1Cc2ccccc2CN1C(=O)c1cc(C)c(C2=CCN([C@@H](C)c3cc4c(-n5ccc(NC)cc5=O)ccnc4n3C)CC2)c(F)c1,[H].[H]C([H])C([H])([H])[H],[H].[H],,[H],[H],[H],[H],,[H].[H],,[H],[H],[H]C([H])[H],[H],[H],[H],[H]NC([H])([H])[H],[H],[H].[H]C([H])[H],[H].[H],[H].[H],[H],[H].[H],F,[H],[H],[H]C([H])[H]
EN300-1587538_11298,-11.286557596276097,,0.6399490327572639,,R1=[H]C([H])[H] | R2=[H] | R3=[H] | R5=[H].[H] | R6=[H].[H] | R8=[H].[H] | R10=F | R11=[H] | R12=[H] | R17=[H]C([H])[H] | R19=[H] | R21=[H] | R22=[H] | R23=[H]NC([H])([H])[H] | R24=[H] | R27=[H].[H]C([H])[H] | R29=[H].[H] | R30=[H].[H] | R32=[H] | R33=[H].[H] | R35=F | R36=[H] | R38=[H] | R39=[H]C([H])[H],CNc1ccn(-c2ccnc3c2cc([C@H](C)N2CC=C(c4c(C)cc(C(=O)N5CCc6ccc(C)c(F)c6C5)cc4F)CC2)n3C)c(=O)c1,[H]C([H])[H],[H],[H],,[H].[H],[H].[H],,[H].[H],,F,[H],[H],[H]C([H])[H],[H],[H],[H],[H]NC([H])([H])[H],[H],[H].[H]C([H])[H],[H].[H],[H].[H],[H],[H].[H],F,[H],[H],[H]C([H])[H]
LN02163191_237,-11.266431014659707,,0.6374996160908997,,R1=Br | R2=[H] | R3=[H] | R5=[H] | R7=[H]C([H])[H].[H]C([H])[H] | R8=[H].[H] | R9=[H].[H] | R11=[H] | R12=[H] | R17=[H]C([H])[H] | R19=[H] | R21=[H] | R22=[H] | R23=[H]NC([H])([H])[H] | R24=[H] | R27=[H].[H]C([H])[H] | R29=[H].[H] | R30=[H].[H] | R32=[H] | R33=[H].[H] | R35=F | R36=[H] | R38=[H] | R39=[H]C([H])[H],CNc1ccn(-c2ccnc3c2cc([C@H](C)N2CC=C(c4c(C)cc(C(=O)N5Cc6ccc(Br)cc6C(C)(C)C5)cc4F)CC2)n3C)c(=O)c1,Br,[H],[H],,[H],,[H]C([H])[H].[H]C([H])[H],[H].[H],[H].[H],,[H],[H],[H]C([H])[H],[H],[H],[H],[H]NC([H])([H])[H],[H],[H].[H]C([H])[H],[H].[H],[H].[H],[H],[H].[H],F,[H],[H],[H]C([H])[H]
EN300-46297732_14982,-11.194943530675694,,0.6287995477909606,,R1=[H]C([H])([H])O | R2=Cl | R3=[H] | R4=[H] | R6=[H].[H] | R7=[H].[H] | R9=[H].[H] | R11=[H] | R12=[H] | R17=[H]C([H])[H] | R19=[H] | R21=[H] | R22=[H] | R23=[H]NC([H])([H])[H] | R24=[H] | R27=[H].[H]C([H])[H] | R29=[H].[H] | R30=[H].[H] | R32=[H] | R33=[H].[H] | R35=F | R36=[H] | R38=[H] | R39=[H]C([H])[H],CNc1ccn(-c2ccnc3c2cc([C@H](C)N2CC=C(c4c(C)cc(C(=O)N5CCc6ccc(Cl)c(OC)c6C5)cc4F)CC2)n3C)c(=O)c1,[H]C([H])([H])O,Cl,[H],[H],,[H].[H],[H].[H],,[H].[H],,[H],[H],[H]C([H])[H],[H],[H],[H],[H]NC([H])([H])[H],[H],[H].[H]C([H])[H],[H].[H],[H].[H],[H],[H].[H],F,[H],[H],[H]C([H])[H]
EN300-124393_3415,-11.172389840553866,,0.6260547506105276,,R1=[H].[H]C([H])[H] | R2=[H].[H] | R4=[H] | R5=F | R6=[H] | R7=[H] | R9=[H].[H]C([H])[H] | R11=[H] | R12=[H] | R17=[H]C([H])[H] | R19=[H] | R21=[H] | R22=[H] | R23=[H]NC([H])([H])[H] | R24=[H] | R27=[H].[H]C([H])[H] | R29=[H].[H] | R30=[H].[H] | R32=[H] | R33=[H].[H] | R35=F | R36=[H] | R38=[H] | R39=[H]C([H])[H],CNc1ccn(-c2ccnc3c2cc([C@H](C)N2CC=C(c4c(C)cc(C(=O)N5[C@H](C)Cc6cc(F)ccc6[C@H]5C)cc4F)CC2)n3C)c(=O)c1,[H].[H]C([H])[H],[H].[H],,[H],F,[H],[H],,[H].[H]C([H])[H],,[H],[H],[H]C([H])[H],[H],[H],[H],[H]NC([H])([H])[H],[H],[H].[H]C([H])[H],[H].[H],[H].[H],[H],[H].[H],F,[H],[H],[H]C([H])[H]
EN300-3015905_17912,-11.171212740561355,,0.6259114968581228,,R1=[H]C([H])[H] | R2=[H] | R3=[H] | R5=[H].[H] | R7=[H].[H]C([H])[H] | R8=[H].[H] | R10=[H] | R11=[H] | R12=[H] | R17=[H]C([H])[H] | R19=[H] | R21=[H] | R22=[H] | R23=[H]NC([H])([H])[H] | R24=[H] | R27=[H].[H]C([H])[H] | R29=[H].[H] | R30=[H].[H] | R32=[H] | R33=[H].[H] | R35=F | R36=[H] | R38=[H] | R39=[H]C([H])[H],CNc1ccn(-c2ccnc3c2cc([C@H](C)N2CC=C(c4c(C)cc(C(=O)N5Cc6ccc(C)cc6C[C@@H]5C)cc4F)CC2)n3C)c(=O)c1,[H]C([H])[H],[H],[H],,[H].[H],,[H].[H]C([H])[H],[H].[H],,[H],[H],[H],[H]C([H])[H],[H],[H],[H],[H]NC([H])([H])[H],[H],[H].[H]C([H])[H],[H].[H],[H].[H],[H],[H].[H],F,[H],[H],[H]C([H])[H]
EN300-322232_8926,-11.124751133784143,,0.6202570923419832,,R1=[H]C([H])C#N | R2=[H] | R3=[H] | R4=[H] | R6=[H].[H] | R8=[H].[H] | R9=[H].[H] | R11=[H] | R12=[H] | R17=[H]C([H])[H] | R19=[H] | R21=[H] | R22=[H] | R23=[H]NC([H])([H])[H] | R24=[H] | R27=[H].[H]C([H])[H] | R29=[H].[H] | R30=[H].[H] | R32=[H] | R33=[H].[H] | R35=F | R36=[H] | R38=[H] | R39=[H]C([H])[H],CNc1ccn(-c2ccnc3c2cc([C@H](C)N2CC=C(c4c(C)cc(C(=O)N5CCc6c(CC#N)cccc6C5)cc4F)CC2)n3C)c(=O)c1,[H]C([H])C#N,[H],[H],[H],,[H].[H],,[H].[H],[H].[H],,[H],[H],[H]C([H])[H],[H],[H],[H],[H]NC([H])([H])[H],[H],[H].[H]C([H])[H],[H].[H],[H].[H],[H],[H].[H],F,[H],[H],[H]C([H])[H]
EN300-1718970_25502,-11.107131337379851,,0.6181127528911412,,R1=[H]C([H])([H])C(C([H])([H])[H])(C([H])([H])[H])C([H])([H])O | R2=[H] | R3=[H] | R5=[H].[H] | R7=[H].[H] | R8=[H].[H] | R10=[H] | R11=[H] | R12=[H] | R17=[H]C([H])[H] | R19=[H] | R21=[H] | R22=[H] | R23=[H]NC([H])([H])[H] | R24=[H] | R27=[H].[H]C([H])[H] | R29=[H].[H] | R30=[H].[H] | R32=[H] | R33=[H].[H] | R35=F | R36=[H] | R38=[H] | R39=[H]C([H])[H],CNc1ccn(-c2ccnc3c2cc([C@H](C)N2CC=C(c4c(C)cc(C(=O)N5CCc6cc(OCC(C)(C)C)ccc6C5)cc4F)CC2)n3C)c(=O)c1,[H]C([H])([H])C(C([H])([H])[H])(C([H])([H])[H])C([H])([H])O,[H],[H],,[H].[H],,[H].[H],[H].[H],,[H],[H],[H],[H]C([H])[H],[H],[H],[H],[H]NC([H])([H])[H],[H],[H].[H]C([H])[H],[H].[H],[H].[H],[H],[H].[H],F,[H],[H],[H]C([H])[H]
EN300-45604345_32225,-11.102634235992053,,0.617565453041641,,R1=[H].[H]C([H])[H] | R2=[H].[H] | R4=[H] | R5=F | R6=F | R7=[H] | R9=[H].[H] | R11=[H] | R12=[H] | R17=[H]C([H])[H] | R19=[H] | R21=[H] | R22=[H] | R23=[H]NC([H])([H])[H] | R24=[H] | R27=[H].[H]C([H])[H] | R29=[H].[H] | R30=[H].[H] | R32=[H] | R33=[H].[H] | R35=F | R36=[H] | R38=[H] | R39=[H]C([H])[H],CNc1ccn(-c2ccnc3c2cc([C@H](C)N2CC=C(c4c(C)cc(C(=O)N5Cc6cc(F)c(F)cc6C[C@H]5C)cc4F)CC2)n3C)c(=O)c1,[H].[H]C([H])[H],[H].[H],,[H],F,F,[H],,[H].[H],,[H],[H],[H]C([H])[H],[H],[H],[H],[H]NC([H])([H])[H],[H],[H].[H]C([H])[H],[H].[H],[H].[H],[H],[H].[H],F,[H],[H],[H]C([H])[H]
LN00126374_1279,-11.073561991167997,,0.6140273439698714,,R1=[H]C([H])([H])O | R2=[H]C([H])([H])O | R3=[H] | R4=[H] | R7=[H].[H]C([H])[H] | R8=[H].[H] | R10=[H].[H] | R11=[H] | R12=[H] | R17=[H]C([H])[H] | R19=[H] | R21=[H] | R22=[H] | R23=[H]NC([H])([H])[H] | R24=[H] | R27=[H].[H]C([H])[H] | R29=[H].[H] | R30=[H].[H] | R32=[H] | R33=[H].[H] | R35=F | R36=[H] | R38=[H] | R39=[H]C([H])[H],CNc1ccn(-c2ccnc3c2cc([C@H](C)N2CC=C(c4c(C)cc(C(=O)N5CCc6cc(OC)c(OC)cc6[C@H]5C)cc4F)CC2)n3C)c(=O)c1,[H]C([H])([H])O,[H]C([H])([H])O,[H],[H],,,[H].[H]C([H])[H],[H].[H],,[H].[H],[H],[H],[H]C([H])[H],[H],[H],[H],[H]NC([H])([H])[H],[H],[H].[H]C([H])[H],[H].[H],[H].[H],[H],[H].[H],F,[H],[H],[H]C([H])[H]
LN00237947_5902,-11.062298954473876,,0.6126566258659094,,R1=[H].[H]OC([H])[H] | R3=[H].[H] | R4=[H].[H] | R7=[H] | R8=[H] | R9=[H] | R10=[H] | R11=[H] | R12=[H] | R17=[H]C([H])[H] | R19=[H] | R21=[H] | R22=[H] | R23=[H]NC([H])([H])[H] | R24=[H] | R27=[H].[H]C([H])[H] | R29=[H].[H] | R30=[H].[H] | R32=[H] | R33=[H].[H] | R35=F | R36=[H] | R38=[H] | R39=[H]C([H])[H],CNc1ccn(-c2ccnc3c2cc([C@H](C)N2CC=C(c4c(C)cc(C(=O)N5Cc6ccccc6C[C@H]5CO)cc4F)CC2)n3C)c(=O)c1,[H].[H]OC([H])[H],,[H].[H],[H].[H],,,[H],[H],[H],[H],[H],[H],[H]C([H])[H],[H],[H],[H],[H]NC([H])([H])[H],[H],[H].[H]C([H])[H],[H].[H],[H].[H],[H],[H].[H],F,[H],[H],[H]C([H])[H]
EN300-46241699_33731,-11.05564539728673,,0.6118468840937878,,R1=[H].[H]C([H])[H] | R3=[H].[H] | R4=[H].[H] | R6=Cl | R7=Br | R8=[H] | R9=[H] | R11=[H] | R12=[H] | R17=[H]C([H])[H] | R19=[H] | R21=[H] | R22=[H] | R23=[H]NC([H])([H])[H] | R24=[H] | R27=[H].[H]C([H])[H] | R29=[H].[H] | R30=[H].[H] | R32=[H] | R33=[H].[H] | R35=F | R36=[H] | R38=[H] | R39=[H]C([H])[H],CNc1ccn(-c2ccnc3c2cc([C@H](C)N2CC=C(c4c(C)cc(C(=O)N5CCc6c(ccc(Br)c6Cl)[C@H]5C)cc4F)CC2)n3C)c(=O)c1,[H].[H]C([H])[H],,[H].[H],[H].[H],,Cl,Br,[H],[H],,[H],[H],[H]C([H])[H],[H],[H],[H],[H]NC([H])([H])[H],[H],[H].[H]C([H])[H],[H].[H],[H].[H],[H],[H].[H],F,[H],[H],[H]C([H])[H]
EN300-1587537_11359,-11.047706325351795,,0.6108806944306084,,R1=F | R2=[H] | R3=Cl | R4=[H] | R6=[H].[H] | R7=[H].[H] | R9=[H].[H] | R11=[H] | R12=[H] | R17=[H]C([H])[H] | R19=[H] | R21=[H] | R22=[H] | R23=[H]NC([H])([H])[H] | R24=[H] | R27=[H].[H]C([H])[H] | R29=[H].[H] | R30=[H].[H] | R32=[H] | R33=[H].[H] | R35=F | R36=[H] | R38=[H] | R39=[H]C([H])[H],CNc1ccn(-c2ccnc3c2cc([C@H](C)N2CC=C(c4c(C)cc(C(=O)N5CCc6cc(Cl)cc(F)c6C5)cc4F)CC2)n3C)c(=O)c1,F,[H],Cl,[H],,[H].[H],[H].[H],,[H].[H],,[H],[H],[H]C([H])[H],[H],[H],[H],[H]NC([H])([H])[H],[H],[H].[H]C([H])[H],[H].[H],[H].[H],[H],[H].[H],F,[H],[H],[H]C([H])[H]
EN300-111976_9536,-11.025553618687326,,0.6081846971697104,,R1=[H].[H]C([H])[H] | R3=[H].[H] | R4=[H].[H] | R6=[H] | R7=[H] | R8=[H]O | R9=[H] | R11=[H] | R12=[H] | R17=[H]C([H])[H] | R19=[H] | R21=[H] | R22=[H] | R23=[H]NC([H])([H])[H] | R24=[H] | R27=[H].[H]C([H])[H] | R29=[H].[H] | R30=[H].[H] | R32=[H] | R33=[H].[H] | R35=F | R36=[H] | R38=[H] | R39=[H]C([H])[H],CNc1ccn(-c2ccnc3c2cc([C@H](C)N2CC=C(c4c(C)cc(C(=O)N5CCc6ccc(O)cc6[C@@H]5C)cc4F)CC2)n3C)c(=O)c1,[H].[H]C([H])[H],,[H].[H],[H].[H],,[H],[H],[H]O,[H],,[H],[H],[H]C([H])[H],[H],[H],[H],[H]NC([H])([H])[H],[H],[H].[H]C([H])[H],[H].[H],[H].[H],[H],[H].[H],F,[H],[H],[H]C([H])[H]
LN00338372_4777,-11.01926856645277,,0.6074198026642392,,R2=[H].[H]C([H])[H] | R3=[H].[H] | R4=[H].[H] | R7=[H] | R8=[H] | R9=[H] | R10=[H] | R11=[H] | R12=[H] | R17=[H]C([H])[H] | R19=[H] | R21=[H] | R22=[H] | R23=[H]NC([H])([H])[H] | R24=[H] | R27=[H].[H]C([H])[H] | R29=[H].[H] | R30=[H].[H] | R32=[H] | R33=[H].[H] | R35=F | R36=[H] | R38=[H] | R39=[H]C([H])[H],CNc1ccn(-c2ccnc3c2cc([C@H](C)N2CC=C(c4c(C)cc(C(=O)N5Cc6ccccc6C[C@H]5C)cc4F)CC2)n3C)c(=O)c1,,[H].[H]C([H])[H],[H].[H],[H].[H],,,[H],[H],[H],[H],[H],[H],[H]C([H])[H],[H],[H],[H],[H]NC([H])([H])[H],[H],[H].[H]C([H])[H],[H].[H],[H].[H],[H],[H].[H],F,[H],[H],[H]C([H])[H]
EN300-28315963_27505,-10.991251430274499,,0.604010100927161,,R1=[H]C([H])([H])O | R2=[H] | R3=[H] | R5=[H].[H] | R6=[H].[H] | R8=[H].[H]C(F)F | R10=[H] | R11=[H] | R12=[H] | R17=[H]C([H])[H] | R19=[H] | R21=[H] | R22=[H] | R23=[H]NC([H])([H])[H] | R24=[H] | R27=[H].[H]C([H])[H] | R29=[H].[H] | R30=[H].[H] | R32=[H] | R33=[H].[H] | R35=F | R36=[H] | R38=[H] | R39=[H]C([H])[H],CNc1ccn(-c2ccnc3c2cc([C@H](C)N2CC=C(c4c(C)cc(C(=O)N5CCc6ccc(OC)cc6[C@H]5C(F)F)cc4F)CC2)n3C)c(=O)c1,[H]C([H])([H])O,[H],[H],,[H].[H],[H].[H],,[H].[H]C(F)F,,[H],[H],[H],[H]C([H])[H],[H],[H],[H],[H]NC([H])([H])[H],[H],[H].[H]C([H])[H],[H].[H],[H].[H],[H],[H].[H],F,[H],[H],[H]C([H])[H]
EN300-36596283_14421,-10.985332512062719,,0.6032897651448057,,R1=[H]C([H])([H])O | R2=[H] | R3=[H] | R5=[H].[H] | R7=[H].[H]C([H])[H] | R8=[H].[H] | R10=[H] | R11=[H] | R12=[H] | R17=[H]C([H])[H] | R19=[H] | R21=[H] | R22=[H] | R23=[H]NC([H])([H])[H] | R24=[H] | R27=[H].[H]C([H])[H] | R29=[H].[H] | R30=[H].[H] | R32=[H] | R33=[H].[H] | R35=F | R36=[H] | R38=[H] | R39=[H]C([H])[H],CNc1ccn(-c2ccnc3c2cc([C@H](C)N2CC=C(c4c(C)cc(C(=O)N5Cc6ccc(OC)cc6C[C@H]5C)cc4F)CC2)n3C)c(=O)c1,[H]C([H])([H])O,[H],[H],,[H].[H],,[H].[H]C([H])[H],[H].[H],,[H],[H],[H],[H]C([H])[H],[H],[H],[H],[H]NC([H])([H])[H],[H],[H].[H]C([H])[H],[H].[H],[H].[H],[H],[H].[H],F,[H],[H],[H]C([H])[H]
EN300-46981635_18880,-10.957575988008616,,0.5999117800545261,,R1=[H].[H]C([H])[H] | R3=[H].[H] | R4=[H].[H] | R6=F | R7=Br | R8=[H] | R9=[H] | R11=[H] | R12=[H] | R17=[H]C([H])[H] | R19=[H] | R21=[H] | R22=[H] | R23=[H]NC([H])([H])[H] | R24=[H] | R27=[H].[H]C([H])[H] | R29=[H].[H] | R30=[H].[H] | R32=[H] | R33=[H].[H] | R35=F | R36=[H] | R38=[H] | R39=[H]C([H])[H],CNc1ccn(-c2ccnc3c2cc([C@H](C)N2CC=C(c4c(C)cc(C(=O)N5CCc6c(ccc(Br)c6F)[C@@H]5C)cc4F)CC2)n3C)c(=O)c1,[H].[H]C([H])[H],,[H].[H],[H].[H],,F,Br,[H],[H],,[H],[H],[H]C([H])[H],[H],[H],[H],[H]NC([H])([H])[H],[H],[H].[H]C([H])[H],[H].[H],[H].[H],[H],[H].[H],F,[H],[H],[H]C([H])[H]
EN300-37459197_19431,-10.94849713799528,,0.5988068787375546,,R1=[H].[H]C([H])[H] | R3=[H].[H] | R4=[H].[H] | R6=[H] | R7=Br | R8=[H] | R9=[H] | R11=[H] | R12=[H] | R17=[H]C([H])[H] | R19=[H] | R21=[H] | R22=[H] | R23=[H]NC([H])([H])[H] | R24=[H] | R27=[H].[H]C([H])[H] | R29=[H].[H] | R30=[H].[H] | R32=[H] | R33=[H].[H] | R35=F | R36=[H] | R38=[H] | R39=[H]C([H])[H],CNc1ccn(-c2ccnc3c2cc([C@H](C)N2CC=C(c4c(C)cc(C(=O)N5CCc6cc(Br)ccc6[C@@H]5C)cc4F)CC2)n3C)c(=O)c1,[H].[H]C([H])[H],,[H].[H],[H].[H],,[H],Br,[H],[H],,[H],[H],[H]C([H])[H],[H],[H],[H],[H]NC([H])([H])[H],[H],[H].[H]C([H])[H],[H].[H],[H].[H],[H],[H].[H],F,[H],[H],[H]C([H])[H]
EN300-8781447_47354,-10.931265965574074,,0.5967098350510533,,R1=[H]O | R2=[H] | R4=[H].[H] | R6=[H].[H] | R7=[H].[H]O | R9=[H] | R10=[H]O | R11=[H] | R12=[H] | R17=[H]C([H])[H] | R19=[H] | R21=[H] | R22=[H] | R23=[H]NC([H])([H])[H] | R24=[H] | R27=[H].[H]C([H])[H] | R29=[H].[H] | R30=[H].[H] | R32=[H] | R33=[H].[H] | R35=F | R36=[H] | R38=[H] | R39=[H]C([H])[H],CNc1ccn(-c2ccnc3c2cc([C@H](C)N2CC=C(c4c(C)cc(C(=O)N5Cc6cc(O)c(O)cc6[C@@H](O)C5)cc4F)CC2)n3C)c(=O)c1,[H]O,[H],,[H].[H],,[H].[H],[H].[H]O,,[H],[H]O,[H],[H],[H]C([H])[H],[H],[H],[H],[H]NC([H])([H])[H],[H],[H].[H]C([H])[H],[H].[H],[H].[H],[H],[H].[H],F,[H],[H],[H]C([H])[H]
EN300-45604330_32222,-10.91423465380296,,0.5946371145216895,,R1=[H].[H]C([H])[H] | R2=[H].[H] | R4=F | R5=[H] | R6=[H] | R7=[H] | R9=[H].[H] | R11=[H] | R12=[H] | R17=[H]C([H])[H] | R19=[H] | R21=[H] | R22=[H] | R23=[H]NC([H])([H])[H] | R24=[H] | R27=[H].[H]C([H])[H] | R29=[H].[H] | R30=[H].[H] | R32=[H] | R33=[H].[H] | R35=F | R36=[H] | R38=[H] | R39=[H]C([H])[H],CNc1ccn(-c2ccnc3c2cc([C@H](C)N2CC=C(c4c(C)cc(C(=O)N5Cc6cccc(F)c6C[C@H]5C)cc4F)CC2)n3C)c(=O)c1,[H].[H]C([H])[H],[H].[H],,F,[H],[H],[H],,[H].[H],,[H],[H],[H]C([H])[H],[H],[H],[H],[H]NC([H])([H])[H],[H],[H].[H]C([H])[H],[H].[H],[H].[H],[H],[H].[H],F,[H],[H],[H]C([H])[H]
LN00338372_4776,-10.899742492645691,,0.5928734100960287,,R2=[H].[H]C([H])[H] | R3=[H].[H] | R4=[H].[H] | R7=[H] | R8=[H] | R9=[H] | R10=[H] | R11=[H] | R12=[H] | R17=[H]C([H])[H] | R19=[H] | R21=[H] | R22=[H] | R23=[H]NC([H])([H])[H] | R24=[H] | R27=[H].[H]C([H])[H] | R29=[H].[H] | R30=[H].[H] | R32=[H] | R33=[H].[H] | R35=F | R36=[H] | R38=[H] | R39=[H]C([H])[H],CNc1ccn(-c2ccnc3c2cc([C@H](C)N2CC=C(c4c(C)cc(C(=O)N5Cc6ccccc6C[C@@H]5C)cc4F)CC2)n3C)c(=O)c1,,[H].[H]C([H])[H],[H].[H],[H].[H],,,[H],[H],[H],[H],[H],[H],[H]C([H])[H],[H],[H],[H],[H]NC([H])([H])[H],[H],[H].[H]C([H])[H],[H].[H],[H].[H],[H],[H].[H],F,[H],[H],[H]C([H])[H]
EN300-45232453_32019,-10.880151727590613,,0.5904892026162221,,R1=FC(F)F.[H] | R3=[H].[H] | R4=[H].[H] | R6=[H] | R7=[H] | R8=Cl | R9=[H] | R11=[H] | R12=[H] | R17=[H]C([H])[H] | R19=[H] | R21=[H] | R22=[H] | R23=[H]NC([H])([H])[H] | R24=[H] | R27=[H].[H]C([H])[H] | R29=[H].[H] | R30=[H].[H] | R32=[H] | R33=[H].[H] | R35=F | R36=[H] | R38=[H] | R39=[H]C([H])[H],CNc1ccn(-c2ccnc3c2cc([C@H](C)N2CC=C(c4c(C)cc(C(=O)N5CCc6ccc(Cl)cc6[C@H]5C(F)(F)F)cc4F)CC2)n3C)c(=O)c1,FC(F)F.[H],,[H].[H],[H].[H],,[H],[H],Cl,[H],,[H],[H],[H]C([H])[H],[H],[H],[H],[H]NC([H])([H])[H],[H],[H].[H]C([H])[H],[H].[H],[H].[H],[H],[H].[H],F,[H],[H],[H]C([H])[H]
EN300-28253098_27413,-10.880140928995962,,0.5904878884209843,,R1=[H].[H]C(F)F | R2=[H].[H] | R4=[H] | R5=Br | R6=[H] | R7=[H] | R9=[H].[H] | R11=[H] | R12=[H] | R17=[H]C([H])[H] | R19=[H] | R21=[H] | R22=[H] | R23=[H]NC([H])([H])[H] | R24=[H] | R27=[H].[H]C([H])[H] | R29=[H].[H] | R30=[H].[H] | R32=[H] | R33=[H].[H] | R35=F | R36=[H] | R38=[H] | R39=[H]C([H])[H],CNc1ccn(-c2ccnc3c2cc([C@H](C)N2CC=C(c4c(C)cc(C(=O)N5Cc6ccc(Br)cc6C[C@H]5C(F)F)cc4F)CC2)n3C)c(=O)c1,[H].[H]C(F)F,[H].[H],,[H],Br,[H],[H],,[H].[H],,[H],[H],[H]C([H])[H],[H],[H],[H],[H]NC([H])([H])[H],[H],[H].[H]C([H])[H],[H].[H],[H].[H],[H],[H].[H],F,[H],[H],[H]C([H])[H]
EN300-7425772_42587,-10.864690753412823,,0.5886075930835597,,R1=[H]C([H])([H])S | R2=[H] | R3=[H] | R4=[H] | R6=[H].[H] | R7=[H].[H] | R9=[H].[H] | R11=[H] | R12=[H] | R17=[H]C([H])[H] | R19=[H] | R21=[H] | R22=[H] | R23=[H]NC([H])([H])[H] | R24=[H] | R27=[H].[H]C([H])[H] | R29=[H].[H] | R30=[H].[H] | R32=[H] | R33=[H].[H] | R35=F | R36=[H] | R38=[H] | R39=[H]C([H])[H],CNc1ccn(-c2ccnc3c2cc([C@H](C)N2CC=C(c4c(C)cc(C(=O)N5CCc6cccc(SC)c6C5)cc4F)CC2)n3C)c(=O)c1,[H]C([H])([H])S,[H],[H],[H],,[H].[H],[H].[H],,[H].[H],,[H],[H],[H]C([H])[H],[H],[H],[H],[H]NC([H])([H])[H],[H],[H].[H]C([H])[H],[H].[H],[H].[H],[H],[H].[H],F,[H],[H],[H]C([H])[H]
EN300-46668794_33479,-10.862452405800095,,0.5883351848797111,,R1=[H].[H]C([H])[H] | R2=[H].[H] | R4=[H].[H] | R6=[H] | R7=Br | R8=[H] | R9=Cl | R11=[H] | R12=[H] | R17=[H]C([H])[H] | R19=[H] | R21=[H] | R22=[H] | R23=[H]NC([H])([H])[H] | R24=[H] | R27=[H].[H]C([H])[H] | R29=[H].[H] | R30=[H].[H] | R32=[H] | R33=[H].[H] | R35=F | R36=[H] | R38=[H] | R39=[H]C([H])[H],CNc1ccn(-c2ccnc3c2cc([C@H](C)N2CC=C(c4c(C)cc(C(=O)N5Cc6cc(Br)cc(Cl)c6[C@@H](C)C5)cc4F)CC2)n3C)c(=O)c1,[H].[H]C([H])[H],[H].[H],,[H].[H],,[H],Br,[H],Cl,,[H],[H],[H]C([H])[H],[H],[H],[H],[H]NC([H])([H])[H],[H],[H].[H]C([H])[H],[H].[H],[H].[H],[H],[H].[H],F,[H],[H],[H]C([H])[H]
EN300-59761_28303,-10.833600714070716,,0.5848239172475964,,R1=[H]C([H])([H])C([H])([H])O | R2=[H] | R3=[H] | R5=[H].[H] | R6=[H].[H] | R8=[H].[H] | R10=[H] | R11=[H] | R12=[H] | R17=[H]C([H])[H] | R19=[H] | R21=[H] | R22=[H] | R23=[H]NC([H])([H])[H] | R24=[H] | R27=[H].[H]C([H])[H] | R29=[H].[H] | R30=[H].[H] | R32=[H] | R33=[H].[H] | R35=F | R36=[H] | R38=[H] | R39=[H]C([H])[H],CCOc1ccc2c(c1)CN(C(=O)c1cc(C)c(C3=CCN([C@@H](C)c4cc5c(-n6ccc(NC)cc6=O)ccnc5n4C)CC3)c(F)c1)CC2,[H]C([H])([H])C([H])([H])O,[H],[H],,[H].[H],[H].[H],,[H].[H],,[H],[H],[H],[H]C([H])[H],[H],[H],[H],[H]NC([H])([H])[H],[H],[H].[H]C([H])[H],[H].[H],[H].[H],[H],[H].[H],F,[H],[H],[H]C([H])[H]
EN300-130125_17201,-10.763860875836205,,0.5763365384498949,,R1=[H]C([H])([H])C(C([H])([H])[H])C([H])([H])[H] | R2=[H] | R3=[H] | R5=[H].[H] | R6=[H].[H] | R8=[H].[H] | R10=[H] | R11=[H] | R12=[H] | R17=[H]C([H])[H] | R19=[H] | R21=[H] | R22=[H] | R23=[H]NC([H])([H])[H] | R24=[H] | R27=[H].[H]C([H])[H] | R29=[H].[H] | R30=[H].[H] | R32=[H] | R33=[H].[H] | R35=F | R36=[H] | R38=[H] | R39=[H]C([H])[H],CNc1ccn(-c2ccnc3c2cc([C@H](C)N2CC=C(c4c(C)cc(C(=O)N5CCc6ccc(C(C)(C)C)cc6C5)cc4F)CC2)n3C)c(=O)c1,[H]C([H])([H])C(C([H])([H])[H])C([H])([H])[H],[H],[H],,[H].[H],[H].[H],,[H].[H],,[H],[H],[H],[H]C([H])[H],[H],[H],[H],[H]NC([H])([H])[H],[H],[H].[H]C([H])[H],[H].[H],[H].[H],[H],[H].[H],F,[H],[H],[H]C([H])[H]
EN300-6487141_38843,-10.717346602278681,,0.5706757243560179,,R1=[H]C([H])([H])C([H])([H])C([H])([H])O | R2=[H] | R3=[H] | R6=[H] | R7=[H].[H] | R8=[H].[H]C([H])[H] | R10=[H].[H]C([H])[H] | R11=[H] | R12=[H] | R17=[H]C([H])[H] | R19=[H] | R21=[H] | R22=[H] | R23=[H]NC([H])([H])[H] | R24=[H] | R27=[H].[H]C([H])[H] | R29=[H].[H] | R30=[H].[H] | R32=[H] | R33=[H].[H] | R35=F | R36=[H] | R38=[H] | R39=[H]C([H])[H],CCCOc1ccc2c(c1)C[C@@H](C)N(C(=O)c1cc(C)c(C3=CCN([C@@H](C)c4cc5c(-n6ccc(NC)cc6=O)ccnc5n4C)CC3)c(F)c1)[C@@H]2C,[H]C([H])([H])C([H])([H])C([H])([H])O,[H],[H],,,[H],[H].[H],[H].[H]C([H])[H],,[H].[H]C([H])[H],[H],[H],[H]C([H])[H],[H],[H],[H],[H]NC([H])([H])[H],[H],[H].[H]C([H])[H],[H].[H],[H].[H],[H],[H].[H],F,[H],[H],[H]C([H])[H]
EN300-78197_3310,-10.681319621076051,,0.5662912198296929,,R1=[H].[H]C([H])[H] | R3=[H].[H] | R4=[H].[H] | R6=[H] | R7=[H] | R8=F | R9=[H] | R11=[H] | R12=[H] | R17=[H]C([H])[H] | R19=[H] | R21=[H] | R22=[H] | R23=[H]NC([H])([H])[H] | R24=[H] | R27=[H].[H]C([H])[H] | R29=[H].[H] | R30=[H].[H] | R32=[H] | R33=[H].[H] | R35=F | R36=[H] | R38=[H] | R39=[H]C([H])[H],CNc1ccn(-c2ccnc3c2cc([C@H](C)N2CC=C(c4c(C)cc(C(=O)N5CCc6ccc(F)cc6[C@H]5C)cc4F)CC2)n3C)c(=O)c1,[H].[H]C([H])[H],,[H].[H],[H].[H],,[H],[H],F,[H],,[H],[H],[H]C([H])[H],[H],[H],[H],[H]NC([H])([H])[H],[H],[H].[H]C([H])[H],[H].[H],[H].[H],[H],[H].[H],F,[H],[H],[H]C([H])[H]
EN300-2771881_23238,-10.628465136769291,,0.5598587984070884,,R1=[H]C([H])([H])O | R2=[H] | R3=[H]C([H])([H])O | R5=[H].[H] | R6=[H].[H] | R8=[H].[H] | R10=[H] | R11=[H] | R12=[H] | R17=[H]C([H])[H] | R19=[H] | R21=[H] | R22=[H] | R23=[H]NC([H])([H])[H] | R24=[H] | R27=[H].[H]C([H])[H] | R29=[H].[H] | R30=[H].[H] | R32=[H] | R33=[H].[H] | R35=F | R36=[H] | R38=[H] | R39=[H]C([H])[H],CNc1ccn(-c2ccnc3c2cc([C@H](C)N2CC=C(c4c(C)cc(C(=O)N5CCc6c(cc(OC)cc6OC)C5)cc4F)CC2)n3C)c(=O)c1,[H]C([H])([H])O,[H],[H]C([H])([H])O,,[H].[H],[H].[H],,[H].[H],,[H],[H],[H],[H]C([H])[H],[H],[H],[H],[H]NC([H])([H])[H],[H],[H].[H]C([H])[H],[H].[H],[H].[H],[H],[H].[H],F,[H],[H],[H]C([H])[H]
EN300-8322043_32678,-10.605515367748785,,0.5570657981947591,,R1=[H].[H]C([H])[H] | R3=[H].[H] | R4=[H].[H] | R6=[H] | R7=[H] | R8=Cl | R9=F | R11=[H] | R12=[H] | R17=[H]C([H])[H] | R19=[H] | R21=[H] | R22=[H] | R23=[H]NC([H])([H])[H] | R24=[H] | R27=[H].[H]C([H])[H] | R29=[H].[H] | R30=[H].[H] | R32=[H] | R33=[H].[H] | R35=F | R36=[H] | R38=[H] | R39=[H]C([H])[H],CNc1ccn(-c2ccnc3c2cc([C@H](C)N2CC=C(c4c(C)cc(C(=O)N5CCc6ccc(Cl)c(F)c6[C@@H]5C)cc4F)CC2)n3C)c(=O)c1,[H].[H]C([H])[H],,[H].[H],[H].[H],,[H],[H],Cl,F,,[H],[H],[H]C([H])[H],[H],[H],[H],[H]NC([H])([H])[H],[H],[H].[H]C([H])[H],[H].[H],[H].[H],[H],[H].[H],F,[H],[H],[H]C([H])[H]
EN300-45749608_32399,-10.588602793501725,,0.5550075280910005,,R1=F | R2=[H] | R3=[H] | R4=[H] | R7=[H].[H] | R8=[H].[H] | R10=FC(F)F.[H] | R11=[H] | R12=[H] | R17=[H]C([H])[H] | R19=[H] | R21=[H] | R22=[H] | R23=[H]NC([H])([H])[H] | R24=[H] | R27=[H].[H]C([H])[H] | R29=[H].[H] | R30=[H].[H] | R32=[H] | R33=[H].[H] | R35=F | R36=[H] | R38=[H] | R39=[H]C([H])[H],CNc1ccn(-c2ccnc3c2cc([C@H](C)N2CC=C(c4c(C)cc(C(=O)N5CCc6c(F)cccc6[C@H]5C(F)(F)F)cc4F)CC2)n3C)c(=O)c1,F,[H],[H],[H],,,[H].[H],[H].[H],,FC(F)F.[H],[H],[H],[H]C([H])[H],[H],[H],[H],[H]NC([H])([H])[H],[H],[H].[H]C([H])[H],[H].[H],[H].[H],[H],[H].[H],F,[H],[H],[H]C([H])[H]
EN300-123456_10921,-10.58578041746702,,0.5546640432891641,,R1=[H].[H]C([H])[H] | R2=[H].[H] | R4=[H] | R5=[H] | R6=Br | R7=[H] | R9=[H].[H] | R11=[H] | R12=[H] | R17=[H]C([H])[H] | R19=[H] | R21=[H] | R22=[H] | R23=[H]NC([H])([H])[H] | R24=[H] | R27=[H].[H]C([H])[H] | R29=[H].[H] | R30=[H].[H] | R32=[H] | R33=[H].[H] | R35=F | R36=[H] | R38=[H] | R39=[H]C([H])[H],CNc1ccn(-c2ccnc3c2cc([C@H](C)N2CC=C(c4c(C)cc(C(=O)N5Cc6cc(Br)ccc6C[C@H]5C)cc4F)CC2)n3C)c(=O)c1,[H].[H]C([H])[H],[H].[H],,[H],[H],Br,[H],,[H].[H],,[H],[H],[H]C([H])[H],[H],[H],[H],[H]NC([H])([H])[H],[H],[H].[H]C([H])[H],[H].[H],[H].[H],[H],[H].[H],F,[H],[H],[H]C([H])[H]
EN300-45485655_32636,-10.563451024508147,,0.5519465432036692,,R1=[H].[H]C([H])[H] | R3=[H].[H] | R4=[H].[H] | R6=Br | R7=[H] | R8=[H] | R9=F | R11=[H] | R12=[H] | R17=[H]C([H])[H] | R19=[H] | R21=[H] | R22=[H] | R23=[H]NC([H])([H])[H] | R24=[H] | R27=[H].[H]C([H])[H] | R29=[H].[H] | R30=[H].[H] | R32=[H] | R33=[H].[H] | R35=F | R36=[H] | R38=[H] | R39=[H]C([H])[H],CNc1ccn(-c2ccnc3c2cc([C@H](C)N2CC=C(c4c(C)cc(C(=O)N5CCc6c(Br)ccc(F)c6[C@H]5C)cc4F)CC2)n3C)c(=O)c1,[H].[H]C([H])[H],,[H].[H],[H].[H],,Br,[H],[H],F,,[H],[H],[H]C([H])[H],[H],[H],[H],[H]NC([H])([H])[H],[H],[H].[H]C([H])[H],[H].[H],[H].[H],[H],[H].[H],F,[H],[H],[H]C([H])[H]
EN300-52302964_38104,-10.552065450747673,,0.5505609122675983,,R1=[H]C([H])[H] | R2=[H] | R3=F | R4=[H] | R6=[H].[H] | R7=[H].[H] | R9=[H].[H]C([H])[H] | R11=[H] | R12=[H] | R17=[H]C([H])[H] | R19=[H] | R21=[H] | R22=[H] | R23=[H]NC([H])([H])[H] | R24=[H] | R27=[H].[H]C([H])[H] | R29=[H].[H] | R30=[H].[H] | R32=[H] | R33=[H].[H] | R35=F | R36=[H] | R38=[H] | R39=[H]C([H])[H],CNc1ccn(-c2ccnc3c2cc([C@H](C)N2CC=C(c4c(C)cc(C(=O)N5CCc6cc(F)cc(C)c6[C@@H]5C)cc4F)CC2)n3C)c(=O)c1,[H]C([H])[H],[H],F,[H],,[H].[H],[H].[H],,[H].[H]C([H])[H],,[H],[H],[H]C([H])[H],[H],[H],[H],[H]NC([H])([H])[H],[H],[H].[H]C([H])[H],[H].[H],[H].[H],[H],[H].[H],F,[H],[H],[H]C([H])[H]
EN300-45485650_32820,-10.546245740326652,,0.5498526501309693,,R1=[H].[H]C([H])[H] | R3=[H].[H] | R4=[H].[H] | R6=F | R7=[H] | R8=[H] | R9=Cl | R11=[H] | R12=[H] | R17=[H]C([H])[H] | R19=[H] | R21=[H] | R22=[H] | R23=[H]NC([H])([H])[H] | R24=[H] | R27=[H].[H]C([H])[H] | R29=[H].[H] | R30=[H].[H] | R32=[H] | R33=[H].[H] | R35=F | R36=[H] | R38=[H] | R39=[H]C([H])[H],CNc1ccn(-c2ccnc3c2cc([C@H](C)N2CC=C(c4c(C)cc(C(=O)N5CCc6c(F)ccc(Cl)c6[C@H]5C)cc4F)CC2)n3C)c(=O)c1,[H].[H]C([H])[H],,[H].[H],[H].[H],,F,[H],[H],Cl,,[H],[H],[H]C([H])[H],[H],[H],[H],[H]NC([H])([H])[H],[H],[H].[H]C([H])[H],[H].[H],[H].[H],[H],[H].[H],F,[H],[H],[H]C([H])[H]
EN300-43356220_31782,-10.53894979774039,,0.5489647296828652,,R1=[H].[H]C([H])[H] | R3=[H].[H] | R4=[H].[H] | R6=F | R7=Cl | R8=[H] | R9=[H] | R11=[H] | R12=[H] | R17=[H]C([H])[H] | R19=[H] | R21=[H] | R22=[H] | R23=[H]NC([H])([H])[H] | R24=[H] | R27=[H].[H]C([H])[H] | R29=[H].[H] | R30=[H].[H] | R32=[H] | R33=[H].[H] | R35=F | R36=[H] | R38=[H] | R39=[H]C([H])[H],CNc1ccn(-c2ccnc3c2cc([C@H](C)N2CC=C(c4c(C)cc(C(=O)N5CCc6c(ccc(Cl)c6F)[C@H]5C)cc4F)CC2)n3C)c(=O)c1,[H].[H]C([H])[H],,[H].[H],[H].[H],,F,Cl,[H],[H],,[H],[H],[H]C([H])[H],[H],[H],[H],[H]NC([H])([H])[H],[H],[H].[H]C([H])[H],[H].[H],[H].[H],[H],[H].[H],F,[H],[H],[H]C([H])[H]
EN300-43393753_40510,-10.535291721352204,,0.548519539662879,,R1=[H]C([H])[H].[H]C([H])[H] | R2=[H].[H] | R4=[H].[H] | R6=[H] | R7=Cl | R8=[H] | R9=[H] | R11=[H] | R12=[H] | R17=[H]C([H])[H] | R19=[H] | R21=[H] | R22=[H] | R23=[H]NC([H])([H])[H] | R24=[H] | R27=[H].[H]C([H])[H] | R29=[H].[H] | R30=[H].[H] | R32=[H] | R33=[H].[H] | R35=F | R36=[H] | R38=[H] | R39=[H]C([H])[H],CNc1ccn(-c2ccnc3c2cc([C@H](C)N2CC=C(c4c(C)cc(C(=O)N5Cc6cc(Cl)ccc6C(C)(C)C5)cc4F)CC2)n3C)c(=O)c1,[H]C([H])[H].[H]C([H])[H],[H].[H],,[H].[H],,[H],Cl,[H],[H],,[H],[H],[H]C([H])[H],[H],[H],[H],[H]NC([H])([H])[H],[H],[H].[H]C([H])[H],[H].[H],[H].[H],[H],[H].[H],F,[H],[H],[H]C([H])[H]
EN300-2009506_14595,-10.513177022184054,,0.5458281679363467,,R1=[H].[H]C([H])[H] | R3=[H].[H] | R4=[H].[H] | R6=[H] | R7=Cl | R8=[H] | R9=[H] | R11=[H] | R12=[H] | R17=[H]C([H])[H] | R19=[H] | R21=[H] | R22=[H] | R23=[H]NC([H])([H])[H] | R24=[H] | R27=[H].[H]C([H])[H] | R29=[H].[H] | R30=[H].[H] | R32=[H] | R33=[H].[H] | R35=F | R36=[H] | R38=[H] | R39=[H]C([H])[H],CNc1ccn(-c2ccnc3c2cc([C@H](C)N2CC=C(c4c(C)cc(C(=O)N5CCc6cc(Cl)ccc6[C@H]5C)cc4F)CC2)n3C)c(=O)c1,[H].[H]C([H])[H],,[H].[H],[H].[H],,[H],Cl,[H],[H],,[H],[H],[H]C([H])[H],[H],[H],[H],[H]NC([H])([H])[H],[H],[H].[H]C([H])[H],[H].[H],[H].[H],[H],[H].[H],F,[H],[H],[H]C([H])[H]
EN300-26990551_23297,-10.485922213592621,,0.542511241909124,,R1=[H]C([H])([H])O | R2=[H] | R4=[H].[H] | R6=[H].[H] | R7=[H].[H] | R9=[H] | R10=Cl | R11=[H] | R12=[H] | R17=[H]C([H])[H] | R19=[H] | R21=[H] | R22=[H] | R23=[H]NC([H])([H])[H] | R24=[H] | R27=[H].[H]C([H])[H] | R29=[H].[H] | R30=[H].[H] | R32=[H] | R33=[H].[H] | R35=F | R36=[H] | R38=[H] | R39=[H]C([H])[H],CNc1ccn(-c2ccnc3c2cc([C@H](C)N2CC=C(c4c(C)cc(C(=O)N5CCc6cc(Cl)c(OC)cc6C5)cc4F)CC2)n3C)c(=O)c1,[H]C([H])([H])O,[H],,[H].[H],,[H].[H],[H].[H],,[H],Cl,[H],[H],[H]C([H])[H],[H],[H],[H],[H]NC([H])([H])[H],[H],[H].[H]C([H])[H],[H].[H],[H].[H],[H],[H].[H],F,[H],[H],[H]C([H])[H]
EN300-113471_3052,-10.477062460557335,,0.5414330048215688,,R1=[H]C([H])([H])C([H])([H])C([H])([H])O | R2=[H] | R3=[H] | R5=[H].[H] | R7=[H].[H] | R8=[H].[H] | R10=[H] | R11=[H] | R12=[H] | R17=[H]C([H])[H] | R19=[H] | R21=[H] | R22=[H] | R23=[H]NC([H])([H])[H] | R24=[H] | R27=[H].[H]C([H])[H] | R29=[H].[H] | R30=[H].[H] | R32=[H] | R33=[H].[H] | R35=F | R36=[H] | R38=[H] | R39=[H]C([H])[H],CCCOc1ccc2c(c1)CCN(C(=O)c1cc(C)c(C3=CCN([C@@H](C)c4cc5c(-n6ccc(NC)cc6=O)ccnc5n4C)CC3)c(F)c1)C2,[H]C([H])([H])C([H])([H])C([H])([H])O,[H],[H],,[H].[H],,[H].[H],[H].[H],,[H],[H],[H],[H]C([H])[H],[H],[H],[H],[H]NC([H])([H])[H],[H],[H].[H]C([H])[H],[H].[H],[H].[H],[H],[H].[H],F,[H],[H],[H]C([H])[H]
EN300-1273343_10230,-10.429848590727595,,0.5356870494552415,,R1=[H].[H]C([H])[H] | R3=[H].[H] | R4=[H].[H] | R6=[H] | R7=[H]O | R8=[H] | R9=[H] | R11=[H] | R12=[H] | R17=[H]C([H])[H] | R19=[H] | R21=[H] | R22=[H] | R23=[H]NC([H])([H])[H] | R24=[H] | R27=[H].[H]C([H])[H] | R29=[H].[H] | R30=[H].[H] | R32=[H] | R33=[H].[H] | R35=F | R36=[H] | R38=[H] | R39=[H]C([H])[H],CNc1ccn(-c2ccnc3c2cc([C@H](C)N2CC=C(c4c(C)cc(C(=O)N5CCc6cc(O)ccc6[C@@H]5C)cc4F)CC2)n3C)c(=O)c1,[H].[H]C([H])[H],,[H].[H],[H].[H],,[H],[H]O,[H],[H],,[H],[H],[H]C([H])[H],[H],[H],[H],[H]NC([H])([H])[H],[H],[H].[H]C([H])[H],[H].[H],[H].[H],[H],[H].[H],F,[H],[H],[H]C([H])[H]
LN00002413_1719,-10.331347293702922,,0.5236993844265092,,R1=[H]C([H])([H])O | R2=[H] | R3=[H] | R5=[H] | R7=[H].[H] | R8=[H].[H] | R9=[H].[H] | R11=[H] | R12=[H] | R17=[H]C([H])[H] | R19=[H] | R21=[H] | R22=[H] | R23=[H]NC([H])([H])[H] | R24=[H] | R27=[H].[H]C([H])[H] | R29=[H].[H] | R30=[H].[H] | R32=[H] | R33=[H].[H] | R35=F | R36=[H] | R38=[H] | R39=[H]C([H])[H],CNc1ccn(-c2ccnc3c2cc([C@H](C)N2CC=C(c4c(C)cc(C(=O)N5CCc6cc(OC)ccc6C5)cc4F)CC2)n3C)c(=O)c1,[H]C([H])([H])O,[H],[H],,[H],,[H].[H],[H].[H],[H].[H],,[H],[H],[H]C([H])[H],[H],[H],[H],[H]NC([H])([H])[H],[H],[H].[H]C([H])[H],[H].[H],[H].[H],[H],[H].[H],F,[H],[H],[H]C([H])[H]
LN02041989_5780,-10.270618879714938,,0.5163087011908173,,R1=Br | R2=[H] | R3=[H] | R5=[H] | R7=[H].[H] | R8=[H]C([H])[H].[H]C([H])[H] | R10=[H].[H] | R11=[H] | R12=[H] | R17=[H]C([H])[H] | R19=[H] | R21=[H] | R22=[H] | R23=[H]NC([H])([H])[H] | R24=[H] | R27=[H].[H]C([H])[H] | R29=[H].[H] | R30=[H].[H] | R32=[H] | R33=[H].[H] | R35=F | R36=[H] | R38=[H] | R39=[H]C([H])[H],CNc1ccn(-c2ccnc3c2cc([C@H](C)N2CC=C(c4c(C)cc(C(=O)N5Cc6cc(Br)ccc6C(C)(C)C5)cc4F)CC2)n3C)c(=O)c1,Br,[H],[H],,[H],,[H].[H],[H]C([H])[H].[H]C([H])[H],,[H].[H],[H],[H],[H]C([H])[H],[H],[H],[H],[H]NC([H])([H])[H],[H],[H].[H]C([H])[H],[H].[H],[H].[H],[H],[H].[H],F,[H],[H],[H]C([H])[H]
LN00001945_7605,-10.245820292418578,,0.5132906987210623,,R1=C#N | R2=[H] | R3=[H] | R5=[H] | R7=[H].[H] | R8=[H].[H] | R9=[H].[H] | R11=[H] | R12=[H] | R17=[H]C([H])[H] | R19=[H] | R21=[H] | R22=[H] | R23=[H]NC([H])([H])[H] | R24=[H] | R27=[H].[H]C([H])[H] | R29=[H].[H] | R30=[H].[H] | R32=[H] | R33=[H].[H] | R35=F | R36=[H] | R38=[H] | R39=[H]C([H])[H],CNc1ccn(-c2ccnc3c2cc([C@H](C)N2CC=C(c4c(C)cc(C(=O)N5CCc6cc(C#N)ccc6C5)cc4F)CC2)n3C)c(=O)c1,C#N,[H],[H],,[H],,[H].[H],[H].[H],[H].[H],,[H],[H],[H]C([H])[H],[H],[H],[H],[H]NC([H])([H])[H],[H],[H].[H]C([H])[H],[H].[H],[H].[H],[H],[H].[H],F,[H],[H],[H]C([H])[H]
LN02151713_2762,-10.238652426786507,,0.5124183653126329,,R1=C#N | R3=[H] | R5=[H].[H] | R6=[H] | R7=[H] | R8=[H].[H] | R10=[H].[H] | R11=[H] | R12=[H] | R17=[H]C([H])[H] | R19=[H] | R21=[H] | R22=[H] | R23=[H]NC([H])([H])[H] | R24=[H] | R27=[H].[H]C([H])[H] | R29=[H].[H] | R30=[H].[H] | R32=[H] | R33=[H].[H] | R35=F | R36=[H] | R38=[H] | R39=[H]C([H])[H],CNc1ccn(-c2ccnc3c2cc([C@H](C)N2CC=C(c4c(C)cc(C(=O)N5CCc6cccc(C#N)c6C5)cc4F)CC2)n3C)c(=O)c1,C#N,,[H],,[H].[H],[H],[H],[H].[H],,[H].[H],[H],[H],[H]C([H])[H],[H],[H],[H],[H]NC([H])([H])[H],[H],[H].[H]C([H])[H],[H].[H],[H].[H],[H],[H].[H],F,[H],[H],[H]C([H])[H]
EN300-25398605_27973,-10.175625114753528,,0.5047479048503356,,R1=[H].[H]OC([H])[H] | R2=[H].[H] | R4=[H] | R5=[H] | R6=Cl | R7=[H] | R9=[H].[H] | R11=[H] | R12=[H] | R17=[H]C([H])[H] | R19=[H] | R21=[H] | R22=[H] | R23=[H]NC([H])([H])[H] | R24=[H] | R27=[H].[H]C([H])[H] | R29=[H].[H] | R30=[H].[H] | R32=[H] | R33=[H].[H] | R35=F | R36=[H] | R38=[H] | R39=[H]C([H])[H],CNc1ccn(-c2ccnc3c2cc([C@H](C)N2CC=C(c4c(C)cc(C(=O)N5Cc6cc(Cl)ccc6C[C@H]5CO)cc4F)CC2)n3C)c(=O)c1,[H].[H]OC([H])[H],[H].[H],,[H],[H],Cl,[H],,[H].[H],,[H],[H],[H]C([H])[H],[H],[H],[H],[H]NC([H])([H])[H],[H],[H].[H]C([H])[H],[H].[H],[H].[H],[H],[H].[H],F,[H],[H],[H]C([H])[H]
EN300-8142026_25148,-10.164300116627654,,0.5033696460041603,,R1=[H].[H]C([H])[H] | R2=[H].[H] | R4=[H] | R5=[H] | R6=[H] | R7=[H] | R9=[H].[H]C([H])[H] | R11=[H] | R12=[H] | R17=[H]C([H])[H] | R19=[H] | R21=[H] | R22=[H] | R23=[H]NC([H])([H])[H] | R24=[H] | R27=[H].[H]C([H])[H] | R29=[H].[H] | R30=[H].[H] | R32=[H] | R33=[H].[H] | R35=F | R36=[H] | R38=[H] | R39=[H]C([H])[H],CNc1ccn(-c2ccnc3c2cc([C@H](C)N2CC=C(c4c(C)cc(C(=O)N5[C@H](C)Cc6ccccc6[C@H]5C)cc4F)CC2)n3C)c(=O)c1,[H].[H]C([H])[H],[H].[H],,[H],[H],[H],[H],,[H].[H]C([H])[H],,[H],[H],[H]C([H])[H],[H],[H],[H],[H]NC([H])([H])[H],[H],[H].[H]C([H])[H],[H].[H],[H].[H],[H],[H].[H],F,[H],[H],[H]C([H])[H]
EN300-27152590_24995,-10.06879079653591,,0.49174610630503296,,R1=[H].[H]C([H])[H] | R3=[H].[H] | R4=[H].[H] | R6=F | R7=[H] | R8=[H] | R9=[H] | R11=[H] | R12=[H] | R17=[H]C([H])[H] | R19=[H] | R21=[H] | R22=[H] | R23=[H]NC([H])([H])[H] | R24=[H] | R27=[H].[H]C([H])[H] | R29=[H].[H] | R30=[H].[H] | R32=[H] | R33=[H].[H] | R35=F | R36=[H] | R38=[H] | R39=[H]C([H])[H],CNc1ccn(-c2ccnc3c2cc([C@H](C)N2CC=C(c4c(C)cc(C(=O)N5CCc6c(F)cccc6[C@H]5C)cc4F)CC2)n3C)c(=O)c1,[H].[H]C([H])[H],,[H].[H],[H].[H],,F,[H],[H],[H],,[H],[H],[H]C([H])[H],[H],[H],[H],[H]NC([H])([H])[H],[H],[H].[H]C([H])[H],[H].[H],[H].[H],[H],[H].[H],F,[H],[H],[H]C([H])[H]
EN300-366757_8902,-10.05939568547996,,0.490602715835583,,R1=[H].[H]C([H])[H] | R2=[H].[H] | R4=[H].[H] | R6=[H] | R7=[H] | R8=[H] | R9=[H] | R11=[H] | R12=[H] | R17=[H]C([H])[H] | R19=[H] | R21=[H] | R22=[H] | R23=[H]NC([H])([H])[H] | R24=[H] | R27=[H].[H]C([H])[H] | R29=[H].[H] | R30=[H].[H] | R32=[H] | R33=[H].[H] | R35=F | R36=[H] | R38=[H] | R39=[H]C([H])[H],CNc1ccn(-c2ccnc3c2cc([C@H](C)N2CC=C(c4c(C)cc(C(=O)N5Cc6ccccc6[C@@H](C)C5)cc4F)CC2)n3C)c(=O)c1,[H].[H]C([H])[H],[H].[H],,[H].[H],,[H],[H],[H],[H],,[H],[H],[H]C([H])[H],[H],[H],[H],[H]NC([H])([H])[H],[H],[H].[H]C([H])[H],[H].[H],[H].[H],[H],[H].[H],F,[H],[H],[H]C([H])[H]
LN05346938_6563,-10.048219228857727,,0.48924253457663036,,R1=[H].[H]OC([H])[H] | R4=[H].[H] | R6=[H] | R7=[H].[H] | R8=[H] | R9=[H] | R10=[H] | R11=[H] | R12=[H] | R17=[H]C([H])[H] | R19=[H] | R21=[H] | R22=[H] | R23=[H]NC([H])([H])[H] | R24=[H] | R27=[H].[H]C([H])[H] | R29=[H].[H] | R30=[H].[H] | R32=[H] | R33=[H].[H] | R35=F | R36=[H] | R38=[H] | R39=[H]C([H])[H],CNc1ccn(-c2ccnc3c2cc([C@H](C)N2CC=C(c4c(C)cc(C(=O)N5CCc6ccccc6[C@@H]5CO)cc4F)CC2)n3C)c(=O)c1,[H].[H]OC([H])[H],,,[H].[H],,[H],[H].[H],[H],[H],[H],[H],[H],[H]C([H])[H],[H],[H],[H],[H]NC([H])([H])[H],[H],[H].[H]C([H])[H],[H].[H],[H].[H],[H],[H].[H],F,[H],[H],[H]C([H])[H]
EN300-3157469_30926,-10.0065469567127,,0.4841709948654769,,R1=[H].[H]C([H])[H] | R3=[H].[H] | R4=[H].[H] | R6=Cl | R7=[H] | R8=F | R9=[H] | R11=[H] | R12=[H] | R17=[H]C([H])[H] | R19=[H] | R21=[H] | R22=[H] | R23=[H]NC([H])([H])[H] | R24=[H] | R27=[H].[H]C([H])[H] | R29=[H].[H] | R30=[H].[H] | R32=[H] | R33=[H].[H] | R35=F | R36=[H] | R38=[H] | R39=[H]C([H])[H],CNc1ccn(-c2ccnc3c2cc([C@H](C)N2CC=C(c4c(C)cc(C(=O)N5CCc6c(Cl)cc(F)cc6[C@H]5C)cc4F)CC2)n3C)c(=O)c1,[H].[H]C([H])[H],,[H].[H],[H].[H],,Cl,[H],F,[H],,[H],[H],[H]C([H])[H],[H],[H],[H],[H]NC([H])([H])[H],[H],[H].[H]C([H])[H],[H].[H],[H].[H],[H],[H].[H],F,[H],[H],[H]C([H])[H]
EN300-1695746_11414,-9.989868251426028,,0.4821411867499604,,R1=[H]C([H])([H])O | R2=[H] | R3=[H] | R5=[H].[H] | R6=[H].[H]C([H])[H] | R8=[H].[H] | R10=[H] | R11=[H] | R12=[H] | R17=[H]C([H])[H] | R19=[H] | R21=[H] | R22=[H] | R23=[H]NC([H])([H])[H] | R24=[H] | R27=[H].[H]C([H])[H] | R29=[H].[H] | R30=[H].[H] | R32=[H] | R33=[H].[H] | R35=F | R36=[H] | R38=[H] | R39=[H]C([H])[H],CNc1ccn(-c2ccnc3c2cc([C@H](C)N2CC=C(c4c(C)cc(C(=O)N5Cc6cc(OC)ccc6C[C@H]5C)cc4F)CC2)n3C)c(=O)c1,[H]C([H])([H])O,[H],[H],,[H].[H],[H].[H]C([H])[H],,[H].[H],,[H],[H],[H],[H]C([H])[H],[H],[H],[H],[H]NC([H])([H])[H],[H],[H].[H]C([H])[H],[H].[H],[H].[H],[H],[H].[H],F,[H],[H],[H]C([H])[H]
EN300-3157469_30927,-9.970446356373454,,0.47977753084748914,,R1=[H].[H]C([H])[H] | R3=[H].[H] | R4=[H].[H] | R6=Cl | R7=[H] | R8=F | R9=[H] | R11=[H] | R12=[H] | R17=[H]C([H])[H] | R19=[H] | R21=[H] | R22=[H] | R23=[H]NC([H])([H])[H] | R24=[H] | R27=[H].[H]C([H])[H] | R29=[H].[H] | R30=[H].[H] | R32=[H] | R33=[H].[H] | R35=F | R36=[H] | R38=[H] | R39=[H]C([H])[H],CNc1ccn(-c2ccnc3c2cc([C@H](C)N2CC=C(c4c(C)cc(C(=O)N5CCc6c(Cl)cc(F)cc6[C@@H]5C)cc4F)CC2)n3C)c(=O)c1,[H].[H]C([H])[H],,[H].[H],[H].[H],,Cl,[H],F,[H],,[H],[H],[H]C([H])[H],[H],[H],[H],[H]NC([H])([H])[H],[H],[H].[H]C([H])[H],[H].[H],[H].[H],[H],[H].[H],F,[H],[H],[H]C([H])[H]
LN02152321_1106,-9.853493460227014,,0.4655442954943293,,R1=Br | R3=[H] | R5=[H].[H] | R6=[H] | R7=[H]C([H])([H])O | R8=[H].[H] | R10=[H].[H] | R11=[H] | R12=[H] | R17=[H]C([H])[H] | R19=[H] | R21=[H] | R22=[H] | R23=[H]NC([H])([H])[H] | R24=[H] | R27=[H].[H]C([H])[H] | R29=[H].[H] | R30=[H].[H] | R32=[H] | R33=[H].[H] | R35=F | R36=[H] | R38=[H] | R39=[H]C([H])[H],CNc1ccn(-c2ccnc3c2cc([C@H](C)N2CC=C(c4c(C)cc(C(=O)N5CCc6c(OC)ccc(Br)c6C5)cc4F)CC2)n3C)c(=O)c1,Br,,[H],,[H].[H],[H],[H]C([H])([H])O,[H].[H],,[H].[H],[H],[H],[H]C([H])[H],[H],[H],[H],[H]NC([H])([H])[H],[H],[H].[H]C([H])[H],[H].[H],[H].[H],[H],[H].[H],F,[H],[H],[H]C([H])[H]
EN300-46981635_18879,-9.806518123954303,,0.4598273698003633,,R1=[H].[H]C([H])[H] | R3=[H].[H] | R4=[H].[H] | R6=F | R7=Br | R8=[H] | R9=[H] | R11=[H] | R12=[H] | R17=[H]C([H])[H] | R19=[H] | R21=[H] | R22=[H] | R23=[H]NC([H])([H])[H] | R24=[H] | R27=[H].[H]C([H])[H] | R29=[H].[H] | R30=[H].[H] | R32=[H] | R33=[H].[H] | R35=F | R36=[H] | R38=[H] | R39=[H]C([H])[H],CNc1ccn(-c2ccnc3c2cc([C@H](C)N2CC=C(c4c(C)cc(C(=O)N5CCc6c(ccc(Br)c6F)[C@H]5C)cc4F)CC2)n3C)c(=O)c1,[H].[H]C([H])[H],,[H].[H],[H].[H],,F,Br,[H],[H],,[H],[H],[H]C([H])[H],[H],[H],[H],[H]NC([H])([H])[H],[H],[H].[H]C([H])[H],[H].[H],[H].[H],[H],[H].[H],F,[H],[H],[H]C([H])[H]
EN300-46067502_33107,-9.666758503403484,,0.4428185428476956,,R1=[H].[H]C([H])[H] | R2=[H].[H] | R4=[H].[H] | R6=[H] | R7=F | R8=[H] | R9=Br | R11=[H] | R12=[H] | R17=[H]C([H])[H] | R19=[H] | R21=[H] | R22=[H] | R23=[H]NC([H])([H])[H] | R24=[H] | R27=[H].[H]C([H])[H] | R29=[H].[H] | R30=[H].[H] | R32=[H] | R33=[H].[H] | R35=F | R36=[H] | R38=[H] | R39=[H]C([H])[H],CNc1ccn(-c2ccnc3c2cc([C@H](C)N2CC=C(c4c(C)cc(C(=O)N5Cc6cc(F)cc(Br)c6[C@H](C)C5)cc4F)CC2)n3C)c(=O)c1,[H].[H]C([H])[H],[H].[H],,[H].[H],,[H],F,[H],Br,,[H],[H],[H]C([H])[H],[H],[H],[H],[H]NC([H])([H])[H],[H],[H].[H]C([H])[H],[H].[H],[H].[H],[H],[H].[H],F,[H],[H],[H]C([H])[H]
EN300-7430730_19522,-9.657188118916563,,0.4416538214999489,,R1=[H].[H]C([H])[H] | R3=[H].[H] | R4=[H].[H] | R6=[H] | R7=[H] | R8=[H] | R9=Br | R11=[H] | R12=[H] | R17=[H]C([H])[H] | R19=[H] | R21=[H] | R22=[H] | R23=[H]NC([H])([H])[H] | R24=[H] | R27=[H].[H]C([H])[H] | R29=[H].[H] | R30=[H].[H] | R32=[H] | R33=[H].[H] | R35=F | R36=[H] | R38=[H] | R39=[H]C([H])[H],CNc1ccn(-c2ccnc3c2cc([C@H](C)N2CC=C(c4c(C)cc(C(=O)N5CCc6cccc(Br)c6[C@H]5C)cc4F)CC2)n3C)c(=O)c1,[H].[H]C([H])[H],,[H].[H],[H].[H],,[H],[H],[H],Br,,[H],[H],[H]C([H])[H],[H],[H],[H],[H]NC([H])([H])[H],[H],[H].[H]C([H])[H],[H].[H],[H].[H],[H],[H].[H],F,[H],[H],[H]C([H])[H]
EN300-7505639_31976,-9.614222798310333,,0.4364249170404414,,R1=[H].[H]C(F)F | R2=[H].[H] | R4=[H] | R5=[H] | R6=Br | R7=[H] | R9=[H].[H] | R11=[H] | R12=[H] | R17=[H]C([H])[H] | R19=[H] | R21=[H] | R22=[H] | R23=[H]NC([H])([H])[H] | R24=[H] | R27=[H].[H]C([H])[H] | R29=[H].[H] | R30=[H].[H] | R32=[H] | R33=[H].[H] | R35=F | R36=[H] | R38=[H] | R39=[H]C([H])[H],CNc1ccn(-c2ccnc3c2cc([C@H](C)N2CC=C(c4c(C)cc(C(=O)N5Cc6cc(Br)ccc6C[C@H]5C(F)F)cc4F)CC2)n3C)c(=O)c1,[H].[H]C(F)F,[H].[H],,[H],[H],Br,[H],,[H].[H],,[H],[H],[H]C([H])[H],[H],[H],[H],[H]NC([H])([H])[H],[H],[H].[H]C([H])[H],[H].[H],[H].[H],[H],[H].[H],F,[H],[H],[H]C([H])[H]
EN300-37160592_14574,-9.591599071934757,,0.4336715964072707,,R1=[H].[H]C([H])[H] | R3=[H].[H] | R4=[H].[H] | R6=Cl | R7=[H] | R8=[H] | R9=[H] | R11=[H] | R12=[H] | R17=[H]C([H])[H] | R19=[H] | R21=[H] | R22=[H] | R23=[H]NC([H])([H])[H] | R24=[H] | R27=[H].[H]C([H])[H] | R29=[H].[H] | R30=[H].[H] | R32=[H] | R33=[H].[H] | R35=F | R36=[H] | R38=[H] | R39=[H]C([H])[H],CNc1ccn(-c2ccnc3c2cc([C@H](C)N2CC=C(c4c(C)cc(C(=O)N5CCc6c(Cl)cccc6[C@H]5C)cc4F)CC2)n3C)c(=O)c1,[H].[H]C([H])[H],,[H].[H],[H].[H],,Cl,[H],[H],[H],,[H],[H],[H]C([H])[H],[H],[H],[H],[H]NC([H])([H])[H],[H],[H].[H]C([H])[H],[H].[H],[H].[H],[H],[H].[H],F,[H],[H],[H]C([H])[H]
EN300-154115_28466,-9.576415649430484,,0.4318237650743964,,R1=[H]C([H])[H] | R2=[H] | R3=[H]C([H])[H] | R5=[H].[H] | R6=[H].[H] | R8=[H].[H] | R10=[H] | R11=[H] | R12=[H] | R17=[H]C([H])[H] | R19=[H] | R21=[H] | R22=[H] | R23=[H]NC([H])([H])[H] | R24=[H] | R27=[H].[H]C([H])[H] | R29=[H].[H] | R30=[H].[H] | R32=[H] | R33=[H].[H] | R35=F | R36=[H] | R38=[H] | R39=[H]C([H])[H],CNc1ccn(-c2ccnc3c2cc([C@H](C)N2CC=C(c4c(C)cc(C(=O)N5CCc6c(C)cc(C)cc6C5)cc4F)CC2)n3C)c(=O)c1,[H]C([H])[H],[H],[H]C([H])[H],,[H].[H],[H].[H],,[H].[H],,[H],[H],[H],[H]C([H])[H],[H],[H],[H],[H]NC([H])([H])[H],[H],[H].[H]C([H])[H],[H].[H],[H].[H],[H],[H].[H],F,[H],[H],[H]C([H])[H]
EN300-52053202_37361,-9.541522385160699,,0.42757723455693064,,R1=[H]C([H])([H])O | R2=[H] | R3=[H] | R5=[H].[H] | R7=[H].[H]C([H])[H] | R8=[H].[H]C([H])[H] | R10=[H] | R11=[H] | R12=[H] | R17=[H]C([H])[H] | R19=[H] | R21=[H] | R22=[H] | R23=[H]NC([H])([H])[H] | R24=[H] | R27=[H].[H]C([H])[H] | R29=[H].[H] | R30=[H].[H] | R32=[H] | R33=[H].[H] | R35=F | R36=[H] | R38=[H] | R39=[H]C([H])[H],CNc1ccn(-c2ccnc3c2cc([C@H](C)N2CC=C(c4c(C)cc(C(=O)N5Cc6ccc(OC)cc6[C@H](C)[C@@H]5C)cc4F)CC2)n3C)c(=O)c1,[H]C([H])([H])O,[H],[H],,[H].[H],,[H].[H]C([H])[H],[H].[H]C([H])[H],,[H],[H],[H],[H]C([H])[H],[H],[H],[H],[H]NC([H])([H])[H],[H],[H].[H]C([H])[H],[H].[H],[H].[H],[H],[H].[H],F,[H],[H],[H]C([H])[H]
EN300-27717776_31651,-9.534716210728671,,0.42674891917751157,,R1=[H].[H]C([H])[H] | R3=[H].[H] | R4=[H].[H] | R6=[H] | R7=[H] | R8=Cl | R9=[H] | R11=[H] | R12=[H] | R17=[H]C([H])[H] | R19=[H] | R21=[H] | R22=[H] | R23=[H]NC([H])([H])[H] | R24=[H] | R27=[H].[H]C([H])[H] | R29=[H].[H] | R30=[H].[H] | R32=[H] | R33=[H].[H] | R35=F | R36=[H] | R38=[H] | R39=[H]C([H])[H],CNc1ccn(-c2ccnc3c2cc([C@H](C)N2CC=C(c4c(C)cc(C(=O)N5CCc6ccc(Cl)cc6[C@@H]5C)cc4F)CC2)n3C)c(=O)c1,[H].[H]C([H])[H],,[H].[H],[H].[H],,[H],[H],Cl,[H],,[H],[H],[H]C([H])[H],[H],[H],[H],[H]NC([H])([H])[H],[H],[H].[H]C([H])[H],[H].[H],[H].[H],[H],[H].[H],F,[H],[H],[H]C([H])[H]
EN300-46916876_35119,-9.458191486957391,,0.4174358158713022,,R1=[H]C([H])([H])O | R2=[H] | R3=[H] | R6=[H] | R7=[H].[H] | R8=[H].[H] | R10=FC(F)F.[H] | R11=[H] | R12=[H] | R17=[H]C([H])[H] | R19=[H] | R21=[H] | R22=[H] | R23=[H]NC([H])([H])[H] | R24=[H] | R27=[H].[H]C([H])[H] | R29=[H].[H] | R30=[H].[H] | R32=[H] | R33=[H].[H] | R35=F | R36=[H] | R38=[H] | R39=[H]C([H])[H],CNc1ccn(-c2ccnc3c2cc([C@H](C)N2CC=C(c4c(C)cc(C(=O)N5CCc6cc(OC)ccc6[C@@H]5C(F)(F)F)cc4F)CC2)n3C)c(=O)c1,[H]C([H])([H])O,[H],[H],,,[H],[H].[H],[H].[H],,FC(F)F.[H],[H],[H],[H]C([H])[H],[H],[H],[H],[H]NC([H])([H])[H],[H],[H].[H]C([H])[H],[H].[H],[H].[H],[H],[H].[H],F,[H],[H],[H]C([H])[H]
EN300-384725_8952,-9.453893646809739,,0.41691276623040063,,R1=[H]C([H])([H])O | R2=[H] | R4=[H].[H] | R6=[H].[H] | R7=[H].[H] | R9=[H] | R10=[H]O | R11=[H] | R12=[H] | R17=[H]C([H])[H] | R19=[H] | R21=[H] | R22=[H] | R23=[H]NC([H])([H])[H] | R24=[H] | R27=[H].[H]C([H])[H] | R29=[H].[H] | R30=[H].[H] | R32=[H] | R33=[H].[H] | R35=F | R36=[H] | R38=[H] | R39=[H]C([H])[H],CNc1ccn(-c2ccnc3c2cc([C@H](C)N2CC=C(c4c(C)cc(C(=O)N5CCc6cc(O)c(OC)cc6C5)cc4F)CC2)n3C)c(=O)c1,[H]C([H])([H])O,[H],,[H].[H],,[H].[H],[H].[H],,[H],[H]O,[H],[H],[H]C([H])[H],[H],[H],[H],[H]NC([H])([H])[H],[H],[H].[H]C([H])[H],[H].[H],[H].[H],[H],[H].[H],F,[H],[H],[H]C([H])[H]
LN02176516_2080,-9.447602765331412,,0.41614716230257875,,R1=[H].[H]C([H])[N+]([H])([H])[H] | R3=[H].[H] | R4=[H].[H] | R7=[H] | R8=[H] | R9=[H] | R10=[H] | R11=[H] | R12=[H] | R17=[H]C([H])[H] | R19=[H] | R21=[H] | R22=[H] | R23=[H]NC([H])([H])[H] | R24=[H] | R27=[H].[H]C([H])[H] | R29=[H].[H] | R30=[H].[H] | R32=[H] | R33=[H].[H] | R35=F | R36=[H] | R38=[H] | R39=[H]C([H])[H],CNc1ccn(-c2ccnc3c2cc([C@H](C)N2CC=C(c4c(C)cc(C(=O)N5Cc6ccccc6C[C@H]5C[NH3+])cc4F)CC2)n3C)c(=O)c1,[H].[H]C([H])[N+]([H])([H])[H],,[H].[H],[H].[H],,,[H],[H],[H],[H],[H],[H],[H]C([H])[H],[H],[H],[H],[H]NC([H])([H])[H],[H],[H].[H]C([H])[H],[H].[H],[H].[H],[H],[H].[H],F,[H],[H],[H]C([H])[H]
EN300-52053202_37359,-9.433871116072082,,0.41447601261638056,,R1=[H]C([H])([H])O | R2=[H] | R3=[H] | R5=[H].[H] | R7=[H].[H]C([H])[H] | R8=[H].[H]C([H])[H] | R10=[H] | R11=[H] | R12=[H] | R17=[H]C([H])[H] | R19=[H] | R21=[H] | R22=[H] | R23=[H]NC([H])([H])[H] | R24=[H] | R27=[H].[H]C([H])[H] | R29=[H].[H] | R30=[H].[H] | R32=[H] | R33=[H].[H] | R35=F | R36=[H] | R38=[H] | R39=[H]C([H])[H],CNc1ccn(-c2ccnc3c2cc([C@H](C)N2CC=C(c4c(C)cc(C(=O)N5Cc6ccc(OC)cc6[C@@H](C)[C@@H]5C)cc4F)CC2)n3C)c(=O)c1,[H]C([H])([H])O,[H],[H],,[H].[H],,[H].[H]C([H])[H],[H].[H]C([H])[H],,[H],[H],[H],[H]C([H])[H],[H],[H],[H],[H]NC([H])([H])[H],[H],[H].[H]C([H])[H],[H].[H],[H].[H],[H],[H].[H],F,[H],[H],[H]C([H])[H]
EN300-82527_31778,-9.375029551512373,,0.40731496005144185,,R1=[H].[H]C([H])[H] | R3=[H].[H] | R4=[H].[H] | R6=[H] | R7=[H] | R8=[H] | R9=F | R11=[H] | R12=[H] | R17=[H]C([H])[H] | R19=[H] | R21=[H] | R22=[H] | R23=[H]NC([H])([H])[H] | R24=[H] | R27=[H].[H]C([H])[H] | R29=[H].[H] | R30=[H].[H] | R32=[H] | R33=[H].[H] | R35=F | R36=[H] | R38=[H] | R39=[H]C([H])[H],CNc1ccn(-c2ccnc3c2cc([C@H](C)N2CC=C(c4c(C)cc(C(=O)N5CCc6cccc(F)c6C5C)cc4F)CC2)n3C)c(=O)c1,[H].[H]C([H])[H],,[H].[H],[H].[H],,[H],[H],[H],F,,[H],[H],[H]C([H])[H],[H],[H],[H],[H]NC([H])([H])[H],[H],[H].[H]C([H])[H],[H].[H],[H].[H],[H],[H].[H],F,[H],[H],[H]C([H])[H]
EN300-46667919_33227,-9.35110152593564,,0.4044029054483337,,R1=FC(F)F.[H] | R3=[H].[H] | R4=[H].[H] | R6=[H] | R7=[H] | R8=[H] | R9=[H] | R11=[H] | R12=[H] | R17=[H]C([H])[H] | R19=[H] | R21=[H] | R22=[H] | R23=[H]NC([H])([H])[H] | R24=[H] | R27=[H].[H]C([H])[H] | R29=[H].[H] | R30=[H].[H] | R32=[H] | R33=[H].[H] | R35=F | R36=[H] | R38=[H] | R39=[H]C([H])[H],CNc1ccn(-c2ccnc3c2cc([C@H](C)N2CC=C(c4c(C)cc(C(=O)N5CCc6ccccc6[C@@H]5C(F)(F)F)cc4F)CC2)n3C)c(=O)c1,FC(F)F.[H],,[H].[H],[H].[H],,[H],[H],[H],[H],,[H],[H],[H]C([H])[H],[H],[H],[H],[H]NC([H])([H])[H],[H],[H].[H]C([H])[H],[H].[H],[H].[H],[H],[H].[H],F,[H],[H],[H]C([H])[H]
EN300-1250801_26252,-9.34702704206142,,0.4039070383955691,,R1=[H].[H]C([H])C([H])([H])[H] | R2=[H].[H] | R4=[H].[H] | R6=[H] | R7=[H] | R8=[H] | R9=[H] | R11=[H] | R12=[H] | R17=[H]C([H])[H] | R19=[H] | R21=[H] | R22=[H] | R23=[H]NC([H])([H])[H] | R24=[H] | R27=[H].[H]C([H])[H] | R29=[H].[H] | R30=[H].[H] | R32=[H] | R33=[H].[H] | R35=F | R36=[H] | R38=[H] | R39=[H]C([H])[H],CC[C@H]1CN(C(=O)c2cc(C)c(C3=CCN([C@@H](C)c4cc5c(-n6ccc(NC)cc6=O)ccnc5n4C)CC3)c(F)c2)Cc2ccccc21,[H].[H]C([H])C([H])([H])[H],[H].[H],,[H].[H],,[H],[H],[H],[H],,[H],[H],[H]C([H])[H],[H],[H],[H],[H]NC([H])([H])[H],[H],[H].[H]C([H])[H],[H].[H],[H].[H],[H],[H].[H],F,[H],[H],[H]C([H])[H]
EN300-119688_3525,-9.330460464536847,,0.40189087629379117,,R1=[H]C([H])([H])O | R2=[H] | R3=[H] | R5=[H].[H] | R7=[H].[H] | R8=[H].[H] | R10=[H]C([H])([H])O | R11=[H] | R12=[H] | R17=[H]C([H])[H] | R19=[H] | R21=[H] | R22=[H] | R23=[H]NC([H])([H])[H] | R24=[H] | R27=[H].[H]C([H])[H] | R29=[H].[H] | R30=[H].[H] | R32=[H] | R33=[H].[H] | R35=F | R36=[H] | R38=[H] | R39=[H]C([H])[H],CNc1ccn(-c2ccnc3c2cc([C@H](C)N2CC=C(c4c(C)cc(C(=O)N5CCc6c(ccc(OC)c6OC)C5)cc4F)CC2)n3C)c(=O)c1,[H]C([H])([H])O,[H],[H],,[H].[H],,[H].[H],[H].[H],,[H]C([H])([H])O,[H],[H],[H]C([H])[H],[H],[H],[H],[H]NC([H])([H])[H],[H],[H].[H]C([H])[H],[H].[H],[H].[H],[H],[H].[H],F,[H],[H],[H]C([H])[H]
EN300-111976_9535,-9.318244697529193,,0.40040421035760454,,R1=[H].[H]C([H])[H] | R3=[H].[H] | R4=[H].[H] | R6=[H] | R7=[H] | R8=[H]O | R9=[H] | R11=[H] | R12=[H] | R17=[H]C([H])[H] | R19=[H] | R21=[H] | R22=[H] | R23=[H]NC([H])([H])[H] | R24=[H] | R27=[H].[H]C([H])[H] | R29=[H].[H] | R30=[H].[H] | R32=[H] | R33=[H].[H] | R35=F | R36=[H] | R38=[H] | R39=[H]C([H])[H],CNc1ccn(-c2ccnc3c2cc([C@H](C)N2CC=C(c4c(C)cc(C(=O)N5CCc6ccc(O)cc6[C@H]5C)cc4F)CC2)n3C)c(=O)c1,[H].[H]C([H])[H],,[H].[H],[H].[H],,[H],[H],[H]O,[H],,[H],[H],[H]C([H])[H],[H],[H],[H],[H]NC([H])([H])[H],[H],[H].[H]C([H])[H],[H].[H],[H].[H],[H],[H].[H],F,[H],[H],[H]C([H])[H]
EN300-136405_21697,-9.305908695570704,,0.3989029117581036,,R1=[H]C(C([H])([H])[H])C([H])([H])[H] | R2=[H] | R3=[H] | R5=[H].[H] | R7=[H].[H] | R8=[H].[H] | R10=[H] | R11=[H] | R12=[H] | R17=[H]C([H])[H] | R19=[H] | R21=[H] | R22=[H] | R23=[H]NC([H])([H])[H] | R24=[H] | R27=[H].[H]C([H])[H] | R29=[H].[H] | R30=[H].[H] | R32=[H] | R33=[H].[H] | R35=F | R36=[H] | R38=[H] | R39=[H]C([H])[H],CNc1ccn(-c2ccnc3c2cc([C@H](C)N2CC=C(c4c(C)cc(C(=O)N5CCc6cc(C(C)C)ccc6C5)cc4F)CC2)n3C)c(=O)c1,[H]C(C([H])([H])[H])C([H])([H])[H],[H],[H],,[H].[H],,[H].[H],[H].[H],,[H],[H],[H],[H]C([H])[H],[H],[H],[H],[H]NC([H])([H])[H],[H],[H].[H]C([H])[H],[H].[H],[H].[H],[H],[H].[H],F,[H],[H],[H]C([H])[H]
EN300-264342_38897,-9.303476352231876,,0.3986068941617724,,R1=[H].[H]C([H])C([H])([H])[H] | R3=[H].[H] | R4=[H].[H] | R6=[H]C([H])([H])O | R7=[H]C([H])([H])O | R8=[H] | R9=[H] | R11=[H] | R12=[H] | R17=[H]C([H])[H] | R19=[H] | R21=[H] | R22=[H] | R23=[H]NC([H])([H])[H] | R24=[H] | R27=[H].[H]C([H])[H] | R29=[H].[H] | R30=[H].[H] | R32=[H] | R33=[H].[H] | R35=F | R36=[H] | R38=[H] | R39=[H]C([H])[H],CC[C@@H]1c2ccc(OC)c(OC)c2CCN1C(=O)c1cc(C)c(C2=CCN([C@@H](C)c3cc4c(-n5ccc(NC)cc5=O)ccnc4n3C)CC2)c(F)c1,[H].[H]C([H])C([H])([H])[H],,[H].[H],[H].[H],,[H]C([H])([H])O,[H]C([H])([H])O,[H],[H],,[H],[H],[H]C([H])[H],[H],[H],[H],[H]NC([H])([H])[H],[H],[H].[H]C([H])[H],[H].[H],[H].[H],[H],[H].[H],F,[H],[H],[H]C([H])[H]
EN300-36970541_13646,-9.284532352091082,,0.3963013983474868,,R1=[H]C([H])([H])O | R2=[H] | R3=[H] | R5=[H].[H] | R6=[H].[H] | R8=[H].[H]OC([H])[H] | R10=[H] | R11=[H] | R12=[H] | R17=[H]C([H])[H] | R19=[H] | R21=[H] | R22=[H] | R23=[H]NC([H])([H])[H] | R24=[H] | R27=[H].[H]C([H])[H] | R29=[H].[H] | R30=[H].[H] | R32=[H] | R33=[H].[H] | R35=F | R36=[H] | R38=[H] | R39=[H]C([H])[H],CNc1ccn(-c2ccnc3c2cc([C@H](C)N2CC=C(c4c(C)cc(C(=O)N5CCc6ccc(OC)cc6[C@H]5CO)cc4F)CC2)n3C)c(=O)c1,[H]C([H])([H])O,[H],[H],,[H].[H],[H].[H],,[H].[H]OC([H])[H],,[H],[H],[H],[H]C([H])[H],[H],[H],[H],[H]NC([H])([H])[H],[H],[H].[H]C([H])[H],[H].[H],[H].[H],[H],[H].[H],F,[H],[H],[H]C([H])[H]
LN04669076_5652,-9.27072029973262,,0.3946204635574496,,R1=Br | R2=[H]C([H])[H] | R3=[H] | R4=[H] | R7=[H].[H] | R8=[H].[H] | R10=[H].[H] | R11=[H] | R12=[H] | R17=[H]C([H])[H] | R19=[H] | R21=[H] | R22=[H] | R23=[H]NC([H])([H])[H] | R24=[H] | R27=[H].[H]C([H])[H] | R29=[H].[H] | R30=[H].[H] | R32=[H] | R33=[H].[H] | R35=F | R36=[H] | R38=[H] | R39=[H]C([H])[H],CNc1ccn(-c2ccnc3c2cc([C@H](C)N2CC=C(c4c(C)cc(C(=O)N5CCc6cc(C)c(Br)cc6C5)cc4F)CC2)n3C)c(=O)c1,Br,[H]C([H])[H],[H],[H],,,[H].[H],[H].[H],,[H].[H],[H],[H],[H]C([H])[H],[H],[H],[H],[H]NC([H])([H])[H],[H],[H].[H]C([H])[H],[H].[H],[H].[H],[H],[H].[H],F,[H],[H],[H]C([H])[H]
EN300-37136915_15234,-9.269886079423799,,0.39451893846159414,,R1=[H]C([H])[H] | R2=[H] | R3=[H] | R5=[H].[H] | R7=[H].[H] | R8=[H].[H] | R10=Br | R11=[H] | R12=[H] | R17=[H]C([H])[H] | R19=[H] | R21=[H] | R22=[H] | R23=[H]NC([H])([H])[H] | R24=[H] | R27=[H].[H]C([H])[H] | R29=[H].[H] | R30=[H].[H] | R32=[H] | R33=[H].[H] | R35=F | R36=[H] | R38=[H] | R39=[H]C([H])[H],CNc1ccn(-c2ccnc3c2cc([C@H](C)N2CC=C(c4c(C)cc(C(=O)N5CCc6c(ccc(C)c6Br)C5)cc4F)CC2)n3C)c(=O)c1,[H]C([H])[H],[H],[H],,[H].[H],,[H].[H],[H].[H],,Br,[H],[H],[H]C([H])[H],[H],[H],[H],[H]NC([H])([H])[H],[H],[H].[H]C([H])[H],[H].[H],[H].[H],[H],[H].[H],F,[H],[H],[H]C([H])[H]
EN300-39879237_30306,-9.259280552061375,,0.39322823962498954,,R1=[H].[H]C([H])[H] | R3=[H].[H] | R4=[H].[H] | R6=[H] | R7=F | R8=[H] | R9=F | R11=[H] | R12=[H] | R17=[H]C([H])[H] | R19=[H] | R21=[H] | R22=[H] | R23=[H]NC([H])([H])[H] | R24=[H] | R27=[H].[H]C([H])[H] | R29=[H].[H] | R30=[H].[H] | R32=[H] | R33=[H].[H] | R35=F | R36=[H] | R38=[H] | R39=[H]C([H])[H],CNc1ccn(-c2ccnc3c2cc([C@H](C)N2CC=C(c4c(C)cc(C(=O)N5CCc6cc(F)cc(F)c6[C@@H]5C)cc4F)CC2)n3C)c(=O)c1,[H].[H]C([H])[H],,[H].[H],[H].[H],,[H],F,[H],F,,[H],[H],[H]C([H])[H],[H],[H],[H],[H]NC([H])([H])[H],[H],[H].[H]C([H])[H],[H].[H],[H].[H],[H],[H].[H],F,[H],[H],[H]C([H])[H]
EN300-53496004_47861,-9.248091827657198,,0.39186656536985276,,R1=[H].[H]C([H])OC([H])([H])[H] | R2=[H].[H] | R4=[H] | R5=[H] | R6=[H] | R7=[H] | R9=[H].[H] | R11=[H] | R12=[H] | R17=[H]C([H])[H] | R19=[H] | R21=[H] | R22=[H] | R23=[H]NC([H])([H])[H] | R24=[H] | R27=[H].[H]C([H])[H] | R29=[H].[H] | R30=[H].[H] | R32=[H] | R33=[H].[H] | R35=F | R36=[H] | R38=[H] | R39=[H]C([H])[H],CNc1ccn(-c2ccnc3c2cc([C@H](C)N2CC=C(c4c(C)cc(C(=O)N5Cc6ccccc6C[C@@H]5COC)cc4F)CC2)n3C)c(=O)c1,[H].[H]C([H])OC([H])([H])[H],[H].[H],,[H],[H],[H],[H],,[H].[H],,[H],[H],[H]C([H])[H],[H],[H],[H],[H]NC([H])([H])[H],[H],[H].[H]C([H])[H],[H].[H],[H].[H],[H],[H].[H],F,[H],[H],[H]C([H])[H]
EN300-7539606_14266,-9.219370325408628,,0.38837114187312866,,R1=[H]C([H])[H].[H]C([H])[H] | R2=[H].[H] | R4=[H].[H] | R6=[H] | R7=[H] | R8=[H] | R9=F | R11=[H] | R12=[H] | R17=[H]C([H])[H] | R19=[H] | R21=[H] | R22=[H] | R23=[H]NC([H])([H])[H] | R24=[H] | R27=[H].[H]C([H])[H] | R29=[H].[H] | R30=[H].[H] | R32=[H] | R33=[H].[H] | R35=F | R36=[H] | R38=[H] | R39=[H]C([H])[H],CNc1ccn(-c2ccnc3c2cc([C@H](C)N2CC=C(c4c(C)cc(C(=O)N5Cc6cccc(F)c6C(C)(C)C5)cc4F)CC2)n3C)c(=O)c1,[H]C([H])[H].[H]C([H])[H],[H].[H],,[H].[H],,[H],[H],[H],F,,[H],[H],[H]C([H])[H],[H],[H],[H],[H]NC([H])([H])[H],[H],[H].[H]C([H])[H],[H].[H],[H].[H],[H],[H].[H],F,[H],[H],[H]C([H])[H]
EN300-1721502_18153,-9.198289469622475,,0.38580558948634003,,R1=[H].[H]C([H])[H] | R2=[H].[H] | R4=[H] | R5=Br | R6=[H] | R7=[H] | R9=[H].[H] | R11=[H] | R12=[H] | R17=[H]C([H])[H] | R19=[H] | R21=[H] | R22=[H] | R23=[H]NC([H])([H])[H] | R24=[H] | R27=[H].[H]C([H])[H] | R29=[H].[H] | R30=[H].[H] | R32=[H] | R33=[H].[H] | R35=F | R36=[H] | R38=[H] | R39=[H]C([H])[H],CNc1ccn(-c2ccnc3c2cc([C@H](C)N2CC=C(c4c(C)cc(C(=O)N5Cc6ccc(Br)cc6C[C@@H]5C)cc4F)CC2)n3C)c(=O)c1,[H].[H]C([H])[H],[H].[H],,[H],Br,[H],[H],,[H].[H],,[H],[H],[H]C([H])[H],[H],[H],[H],[H]NC([H])([H])[H],[H],[H].[H]C([H])[H],[H].[H],[H].[H],[H],[H].[H],F,[H],[H],[H]C([H])[H]
EN300-7430760_46992,-9.17031693123724,,0.38240131532656363,,R1=[H]C([H])([H])O | R2=[H] | R3=Br | R5=[H].[H] | R6=[H].[H] | R8=[H].[H] | R10=[H]C([H])([H])O | R11=[H] | R12=[H] | R17=[H]C([H])[H] | R19=[H] | R21=[H] | R22=[H] | R23=[H]NC([H])([H])[H] | R24=[H] | R27=[H].[H]C([H])[H] | R29=[H].[H] | R30=[H].[H] | R32=[H] | R33=[H].[H] | R35=F | R36=[H] | R38=[H] | R39=[H]C([H])[H],CNc1ccn(-c2ccnc3c2cc([C@H](C)N2CC=C(c4c(C)cc(C(=O)N5CCc6c(Br)cc(OC)c(OC)c6C5)cc4F)CC2)n3C)c(=O)c1,[H]C([H])([H])O,[H],Br,,[H].[H],[H].[H],,[H].[H],,[H]C([H])([H])O,[H],[H],[H]C([H])[H],[H],[H],[H],[H]NC([H])([H])[H],[H],[H].[H]C([H])[H],[H].[H],[H].[H],[H],[H].[H],F,[H],[H],[H]C([H])[H]
EN300-201237_5076,-9.162502788266643,,0.3814503295908664,,R1=[H]C([H])[H] | R2=[H] | R3=F | R4=[H] | R6=[H].[H] | R7=[H].[H] | R9=[H].[H] | R11=[H] | R12=[H] | R17=[H]C([H])[H] | R19=[H] | R21=[H] | R22=[H] | R23=[H]NC([H])([H])[H] | R24=[H] | R27=[H].[H]C([H])[H] | R29=[H].[H] | R30=[H].[H] | R32=[H] | R33=[H].[H] | R35=F | R36=[H] | R38=[H] | R39=[H]C([H])[H],CNc1ccn(-c2ccnc3c2cc([C@H](C)N2CC=C(c4c(C)cc(C(=O)N5CCc6cc(F)cc(C)c6C5)cc4F)CC2)n3C)c(=O)c1,[H]C([H])[H],[H],F,[H],,[H].[H],[H].[H],,[H].[H],,[H],[H],[H]C([H])[H],[H],[H],[H],[H]NC([H])([H])[H],[H],[H].[H]C([H])[H],[H].[H],[H].[H],[H],[H].[H],F,[H],[H],[H]C([H])[H]
EN300-2008467_24071,-9.162183275639721,,0.3814114447186903,,R1=[H]C([H])[H] | R2=[H] | R3=Cl | R4=[H] | R6=[H].[H] | R7=[H].[H] | R9=[H].[H] | R11=[H] | R12=[H] | R17=[H]C([H])[H] | R19=[H] | R21=[H] | R22=[H] | R23=[H]NC([H])([H])[H] | R24=[H] | R27=[H].[H]C([H])[H] | R29=[H].[H] | R30=[H].[H] | R32=[H] | R33=[H].[H] | R35=F | R36=[H] | R38=[H] | R39=[H]C([H])[H],CNc1ccn(-c2ccnc3c2cc([C@H](C)N2CC=C(c4c(C)cc(C(=O)N5CCc6cc(Cl)cc(C)c6C5)cc4F)CC2)n3C)c(=O)c1,[H]C([H])[H],[H],Cl,[H],,[H].[H],[H].[H],,[H].[H],,[H],[H],[H]C([H])[H],[H],[H],[H],[H]NC([H])([H])[H],[H],[H].[H]C([H])[H],[H].[H],[H].[H],[H],[H].[H],F,[H],[H],[H]C([H])[H]
EN300-8097500_19494,-9.140947218251066,,0.3788270042067813,,R1=[H].[H]C([H])[H] | R2=[H].[H] | R4=[H] | R5=Br | R6=[H] | R7=F | R9=[H].[H] | R11=[H] | R12=[H] | R17=[H]C([H])[H] | R19=[H] | R21=[H] | R22=[H] | R23=[H]NC([H])([H])[H] | R24=[H] | R27=[H].[H]C([H])[H] | R29=[H].[H] | R30=[H].[H] | R32=[H] | R33=[H].[H] | R35=F | R36=[H] | R38=[H] | R39=[H]C([H])[H],CNc1ccn(-c2ccnc3c2cc([C@H](C)N2CC=C(c4c(C)cc(C(=O)N5Cc6c(F)cc(Br)cc6C[C@@H]5C)cc4F)CC2)n3C)c(=O)c1,[H].[H]C([H])[H],[H].[H],,[H],Br,[H],F,,[H].[H],,[H],[H],[H]C([H])[H],[H],[H],[H],[H]NC([H])([H])[H],[H],[H].[H]C([H])[H],[H].[H],[H].[H],[H],[H].[H],F,[H],[H],[H]C([H])[H]
EN300-52053202_37360,-9.110514573708768,,0.37512333369957795,,R1=[H]C([H])([H])O | R2=[H] | R3=[H] | R5=[H].[H] | R7=[H].[H]C([H])[H] | R8=[H].[H]C([H])[H] | R10=[H] | R11=[H] | R12=[H] | R17=[H]C([H])[H] | R19=[H] | R21=[H] | R22=[H] | R23=[H]NC([H])([H])[H] | R24=[H] | R27=[H].[H]C([H])[H] | R29=[H].[H] | R30=[H].[H] | R32=[H] | R33=[H].[H] | R35=F | R36=[H] | R38=[H] | R39=[H]C([H])[H],CNc1ccn(-c2ccnc3c2cc([C@H](C)N2CC=C(c4c(C)cc(C(=O)N5Cc6ccc(OC)cc6[C@H](C)[C@H]5C)cc4F)CC2)n3C)c(=O)c1,[H]C([H])([H])O,[H],[H],,[H].[H],,[H].[H]C([H])[H],[H].[H]C([H])[H],,[H],[H],[H],[H]C([H])[H],[H],[H],[H],[H]NC([H])([H])[H],[H],[H].[H]C([H])[H],[H].[H],[H].[H],[H],[H].[H],F,[H],[H],[H]C([H])[H]
LN04958212_487,-9.028585672540903,,0.3651525388670339,,R1=Br | R2=F | R3=[H] | R5=[H] | R7=[H].[H] | R8=[H].[H] | R10=[H].[H] | R11=[H] | R12=[H] | R17=[H]C([H])[H] | R19=[H] | R21=[H] | R22=[H] | R23=[H]NC([H])([H])[H] | R24=[H] | R27=[H].[H]C([H])[H] | R29=[H].[H] | R30=[H].[H] | R32=[H] | R33=[H].[H] | R35=F | R36=[H] | R38=[H] | R39=[H]C([H])[H],CNc1ccn(-c2ccnc3c2cc([C@H](C)N2CC=C(c4c(C)cc(C(=O)N5CCc6ccc(Br)c(F)c6C5)cc4F)CC2)n3C)c(=O)c1,Br,F,[H],,[H],,[H].[H],[H].[H],,[H].[H],[H],[H],[H]C([H])[H],[H],[H],[H],[H]NC([H])([H])[H],[H],[H].[H]C([H])[H],[H].[H],[H].[H],[H],[H].[H],F,[H],[H],[H]C([H])[H]
EN300-7549593_17654,-8.869781453734664,,0.3458259732511325,,R1=[H]C([H])[H].[H]C([H])[H] | R2=[H].[H] | R4=[H].[H] | R6=[H] | R7=[H] | R8=F | R9=[H] | R11=[H] | R12=[H] | R17=[H]C([H])[H] | R19=[H] | R21=[H] | R22=[H] | R23=[H]NC([H])([H])[H] | R24=[H] | R27=[H].[H]C([H])[H] | R29=[H].[H] | R30=[H].[H] | R32=[H] | R33=[H].[H] | R35=F | R36=[H] | R38=[H] | R39=[H]C([H])[H],CNc1ccn(-c2ccnc3c2cc([C@H](C)N2CC=C(c4c(C)cc(C(=O)N5Cc6ccc(F)cc6C(C)(C)C5)cc4F)CC2)n3C)c(=O)c1,[H]C([H])[H].[H]C([H])[H],[H].[H],,[H].[H],,[H],[H],F,[H],,[H],[H],[H]C([H])[H],[H],[H],[H],[H]NC([H])([H])[H],[H],[H].[H]C([H])[H],[H].[H],[H].[H],[H],[H].[H],F,[H],[H],[H]C([H])[H]
EN300-45212292_31126,-8.868496694596079,,0.34566961731815327,,R1=[H]C([H])[H].[H]C([H])[H] | R2=[H].[H] | R4=[H] | R5=[H] | R6=[H] | R7=Br | R9=[H].[H] | R11=[H] | R12=[H] | R17=[H]C([H])[H] | R19=[H] | R21=[H] | R22=[H] | R23=[H]NC([H])([H])[H] | R24=[H] | R27=[H].[H]C([H])[H] | R29=[H].[H] | R30=[H].[H] | R32=[H] | R33=[H].[H] | R35=F | R36=[H] | R38=[H] | R39=[H]C([H])[H],CNc1ccn(-c2ccnc3c2cc([C@H](C)N2CC=C(c4c(C)cc(C(=O)N5Cc6c(Br)cccc6CC5(C)C)cc4F)CC2)n3C)c(=O)c1,[H]C([H])[H].[H]C([H])[H],[H].[H],,[H],[H],[H],Br,,[H].[H],,[H],[H],[H]C([H])[H],[H],[H],[H],[H]NC([H])([H])[H],[H],[H].[H]C([H])[H],[H].[H],[H].[H],[H],[H].[H],F,[H],[H],[H]C([H])[H]
EN300-57858_25174,-8.862052957796612,,0.3448854108090148,,R1=[H]C([H])([H])C(C([H])([H])[H])C([H])([H])[H] | R2=[H] | R3=[H] | R5=[H].[H] | R7=[H].[H] | R8=[H].[H] | R10=[H] | R11=[H] | R12=[H] | R17=[H]C([H])[H] | R19=[H] | R21=[H] | R22=[H] | R23=[H]NC([H])([H])[H] | R24=[H] | R27=[H].[H]C([H])[H] | R29=[H].[H] | R30=[H].[H] | R32=[H] | R33=[H].[H] | R35=F | R36=[H] | R38=[H] | R39=[H]C([H])[H],CNc1ccn(-c2ccnc3c2cc([C@H](C)N2CC=C(c4c(C)cc(C(=O)N5CCc6cc(C(C)(C)C)ccc6C5)cc4F)CC2)n3C)c(=O)c1,[H]C([H])([H])C(C([H])([H])[H])C([H])([H])[H],[H],[H],,[H].[H],,[H].[H],[H].[H],,[H],[H],[H],[H]C([H])[H],[H],[H],[H],[H]NC([H])([H])[H],[H],[H].[H]C([H])[H],[H].[H],[H].[H],[H],[H].[H],F,[H],[H],[H]C([H])[H]
EN300-45485655_32637,-8.85691646308514,,0.3442602964208503,,R1=[H].[H]C([H])[H] | R3=[H].[H] | R4=[H].[H] | R6=Br | R7=[H] | R8=[H] | R9=F | R11=[H] | R12=[H] | R17=[H]C([H])[H] | R19=[H] | R21=[H] | R22=[H] | R23=[H]NC([H])([H])[H] | R24=[H] | R27=[H].[H]C([H])[H] | R29=[H].[H] | R30=[H].[H] | R32=[H] | R33=[H].[H] | R35=F | R36=[H] | R38=[H] | R39=[H]C([H])[H],CNc1ccn(-c2ccnc3c2cc([C@H](C)N2CC=C(c4c(C)cc(C(=O)N5CCc6c(Br)ccc(F)c6[C@@H]5C)cc4F)CC2)n3C)c(=O)c1,[H].[H]C([H])[H],,[H].[H],[H].[H],,Br,[H],[H],F,,[H],[H],[H]C([H])[H],[H],[H],[H],[H]NC([H])([H])[H],[H],[H].[H]C([H])[H],[H].[H],[H].[H],[H],[H].[H],F,[H],[H],[H]C([H])[H]
EN300-1587469_24124,-8.832239435994383,,0.34125708789868386,,R1=[H]C([H])[H] | R2=[H] | R3=Cl | R5=[H].[H] | R7=[H].[H] | R8=[H].[H] | R10=[H] | R11=[H] | R12=[H] | R17=[H]C([H])[H] | R19=[H] | R21=[H] | R22=[H] | R23=[H]NC([H])([H])[H] | R24=[H] | R27=[H].[H]C([H])[H] | R29=[H].[H] | R30=[H].[H] | R32=[H] | R33=[H].[H] | R35=F | R36=[H] | R38=[H] | R39=[H]C([H])[H],CNc1ccn(-c2ccnc3c2cc([C@H](C)N2CC=C(c4c(C)cc(C(=O)N5CCc6cc(C)cc(Cl)c6C5)cc4F)CC2)n3C)c(=O)c1,[H]C([H])[H],[H],Cl,,[H].[H],,[H].[H],[H].[H],,[H],[H],[H],[H]C([H])[H],[H],[H],[H],[H]NC([H])([H])[H],[H],[H].[H]C([H])[H],[H].[H],[H].[H],[H],[H].[H],F,[H],[H],[H]C([H])[H]
EN300-7472637_17346,-8.827195516261524,,0.3406432399391571,,R1=[H]C([H])[H].[H]C([H])[H] | R2=[H].[H] | R4=[H].[H] | R6=F | R7=[H] | R8=[H] | R9=[H] | R11=[H] | R12=[H] | R17=[H]C([H])[H] | R19=[H] | R21=[H] | R22=[H] | R23=[H]NC([H])([H])[H] | R24=[H] | R27=[H].[H]C([H])[H] | R29=[H].[H] | R30=[H].[H] | R32=[H] | R33=[H].[H] | R35=F | R36=[H] | R38=[H] | R39=[H]C([H])[H],CNc1ccn(-c2ccnc3c2cc([C@H](C)N2CC=C(c4c(C)cc(C(=O)N5Cc6c(F)cccc6C(C)(C)C5)cc4F)CC2)n3C)c(=O)c1,[H]C([H])[H].[H]C([H])[H],[H].[H],,[H].[H],,F,[H],[H],[H],,[H],[H],[H]C([H])[H],[H],[H],[H],[H]NC([H])([H])[H],[H],[H].[H]C([H])[H],[H].[H],[H].[H],[H],[H].[H],F,[H],[H],[H]C([H])[H]
EN300-105291_3158,-8.822359963556714,,0.3400547503679029,,R1=[H].[H]C([H])[H] | R3=[H].[H] | R4=[H].[H] | R6=Cl | R7=[H] | R8=Cl | R9=[H] | R11=[H] | R12=[H] | R17=[H]C([H])[H] | R19=[H] | R21=[H] | R22=[H] | R23=[H]NC([H])([H])[H] | R24=[H] | R27=[H].[H]C([H])[H] | R29=[H].[H] | R30=[H].[H] | R32=[H] | R33=[H].[H] | R35=F | R36=[H] | R38=[H] | R39=[H]C([H])[H],CNc1ccn(-c2ccnc3c2cc([C@H](C)N2CC=C(c4c(C)cc(C(=O)N5CCc6c(Cl)cc(Cl)cc6[C@H]5C)cc4F)CC2)n3C)c(=O)c1,[H].[H]C([H])[H],,[H].[H],[H].[H],,Cl,[H],Cl,[H],,[H],[H],[H]C([H])[H],[H],[H],[H],[H]NC([H])([H])[H],[H],[H].[H]C([H])[H],[H].[H],[H].[H],[H],[H].[H],F,[H],[H],[H]C([H])[H]
LN05488204_2351,-8.736385662403265,,0.32959162800872455,,R1=Br | R2=[H] | R3=[H] | R5=[H] | R7=[H].[H] | R8=FC(F)F.[H] | R9=[H].[H] | R11=[H] | R12=[H] | R17=[H]C([H])[H] | R19=[H] | R21=[H] | R22=[H] | R23=[H]NC([H])([H])[H] | R24=[H] | R27=[H].[H]C([H])[H] | R29=[H].[H] | R30=[H].[H] | R32=[H] | R33=[H].[H] | R35=F | R36=[H] | R38=[H] | R39=[H]C([H])[H],CNc1ccn(-c2ccnc3c2cc([C@H](C)N2CC=C(c4c(C)cc(C(=O)N5CCc6cc(Br)ccc6[C@H]5C(F)(F)F)cc4F)CC2)n3C)c(=O)c1,Br,[H],[H],,[H],,[H].[H],FC(F)F.[H],[H].[H],,[H],[H],[H]C([H])[H],[H],[H],[H],[H]NC([H])([H])[H],[H],[H].[H]C([H])[H],[H].[H],[H].[H],[H],[H].[H],F,[H],[H],[H]C([H])[H]
LN00002320_573,-8.711910517615639,,0.3266129886800434,,R1=C#N | R2=[H] | R3=[H] | R5=[H] | R7=[H].[H] | R8=[H].[H] | R10=[H].[H] | R11=[H] | R12=[H] | R17=[H]C([H])[H] | R19=[H] | R21=[H] | R22=[H] | R23=[H]NC([H])([H])[H] | R24=[H] | R27=[H].[H]C([H])[H] | R29=[H].[H] | R30=[H].[H] | R32=[H] | R33=[H].[H] | R35=F | R36=[H] | R38=[H] | R39=[H]C([H])[H],CNc1ccn(-c2ccnc3c2cc([C@H](C)N2CC=C(c4c(C)cc(C(=O)N5CCc6ccc(C#N)cc6C5)cc4F)CC2)n3C)c(=O)c1,C#N,[H],[H],,[H],,[H].[H],[H].[H],,[H].[H],[H],[H],[H]C([H])[H],[H],[H],[H],[H]NC([H])([H])[H],[H],[H].[H]C([H])[H],[H].[H],[H].[H],[H],[H].[H],F,[H],[H],[H]C([H])[H]
EN300-155058_14657,-8.693022336722901,,0.3243142861006497,,R1=FC(F)F.[H] | R2=[H].[H] | R4=[H].[H] | R6=[H] | R7=[H] | R8=[H] | R9=[H] | R11=[H] | R12=[H] | R17=[H]C([H])[H] | R19=[H] | R21=[H] | R22=[H] | R23=[H]NC([H])([H])[H] | R24=[H] | R27=[H].[H]C([H])[H] | R29=[H].[H] | R30=[H].[H] | R32=[H] | R33=[H].[H] | R35=F | R36=[H] | R38=[H] | R39=[H]C([H])[H],CNc1ccn(-c2ccnc3c2cc([C@H](C)N2CC=C(c4c(C)cc(C(=O)N5Cc6ccccc6[C@@H](C(F)(F)F)C5)cc4F)CC2)n3C)c(=O)c1,FC(F)F.[H],[H].[H],,[H].[H],,[H],[H],[H],[H],,[H],[H],[H]C([H])[H],[H],[H],[H],[H]NC([H])([H])[H],[H],[H].[H]C([H])[H],[H].[H],[H].[H],[H],[H].[H],F,[H],[H],[H]C([H])[H]
EN300-26682710_17939,-8.67374863366185,,0.32196866524957335,,R1=[H].[H]C([H])[H] | R2=[H].[H] | R4=Cl | R5=Br | R6=[H] | R7=F | R9=[H].[H] | R11=[H] | R12=[H] | R17=[H]C([H])[H] | R19=[H] | R21=[H] | R22=[H] | R23=[H]NC([H])([H])[H] | R24=[H] | R27=[H].[H]C([H])[H] | R29=[H].[H] | R30=[H].[H] | R32=[H] | R33=[H].[H] | R35=F | R36=[H] | R38=[H] | R39=[H]C([H])[H],CNc1ccn(-c2ccnc3c2cc([C@H](C)N2CC=C(c4c(C)cc(C(=O)N5Cc6c(F)cc(Br)c(Cl)c6C[C@@H]5C)cc4F)CC2)n3C)c(=O)c1,[H].[H]C([H])[H],[H].[H],,Cl,Br,[H],F,,[H].[H],,[H],[H],[H]C([H])[H],[H],[H],[H],[H]NC([H])([H])[H],[H],[H].[H]C([H])[H],[H].[H],[H].[H],[H],[H].[H],F,[H],[H],[H]C([H])[H]
EN300-28315963_27504,-8.668438202532517,,0.32132238269838365,,R1=[H]C([H])([H])O | R2=[H] | R3=[H] | R5=[H].[H] | R6=[H].[H] | R8=[H].[H]C(F)F | R10=[H] | R11=[H] | R12=[H] | R17=[H]C([H])[H] | R19=[H] | R21=[H] | R22=[H] | R23=[H]NC([H])([H])[H] | R24=[H] | R27=[H].[H]C([H])[H] | R29=[H].[H] | R30=[H].[H] | R32=[H] | R33=[H].[H] | R35=F | R36=[H] | R38=[H] | R39=[H]C([H])[H],CNc1ccn(-c2ccnc3c2cc([C@H](C)N2CC=C(c4c(C)cc(C(=O)N5CCc6ccc(OC)cc6[C@@H]5C(F)F)cc4F)CC2)n3C)c(=O)c1,[H]C([H])([H])O,[H],[H],,[H].[H],[H].[H],,[H].[H]C(F)F,,[H],[H],[H],[H]C([H])[H],[H],[H],[H],[H]NC([H])([H])[H],[H],[H].[H]C([H])[H],[H].[H],[H].[H],[H],[H].[H],F,[H],[H],[H]C([H])[H]
EN300-7419805_25778,-8.580883369522684,,0.3106669086947714,,R1=[H]C([H])[H].[H]C([H])[H] | R2=[H].[H] | R4=[H].[H] | R6=[H] | R7=[H] | R8=[H] | R9=Br | R11=[H] | R12=[H] | R17=[H]C([H])[H] | R19=[H] | R21=[H] | R22=[H] | R23=[H]NC([H])([H])[H] | R24=[H] | R27=[H].[H]C([H])[H] | R29=[H].[H] | R30=[H].[H] | R32=[H] | R33=[H].[H] | R35=F | R36=[H] | R38=[H] | R39=[H]C([H])[H],CNc1ccn(-c2ccnc3c2cc([C@H](C)N2CC=C(c4c(C)cc(C(=O)N5Cc6cccc(Br)c6C(C)(C)C5)cc4F)CC2)n3C)c(=O)c1,[H]C([H])[H].[H]C([H])[H],[H].[H],,[H].[H],,[H],[H],[H],Br,,[H],[H],[H]C([H])[H],[H],[H],[H],[H]NC([H])([H])[H],[H],[H].[H]C([H])[H],[H].[H],[H].[H],[H],[H].[H],F,[H],[H],[H]C([H])[H]
EN300-26979756_14695,-8.54340919149098,,0.3061062794742381,,R1=[H]C([H])[H].[H]C([H])[H] | R2=[H].[H] | R4=[H].[H] | R6=Br | R7=F | R8=[H] | R9=[H] | R11=[H] | R12=[H] | R17=[H]C([H])[H] | R19=[H] | R21=[H] | R22=[H] | R23=[H]NC([H])([H])[H] | R24=[H] | R27=[H].[H]C([H])[H] | R29=[H].[H] | R30=[H].[H] | R32=[H] | R33=[H].[H] | R35=F | R36=[H] | R38=[H] | R39=[H]C([H])[H],CNc1ccn(-c2ccnc3c2cc([C@H](C)N2CC=C(c4c(C)cc(C(=O)N5Cc6c(ccc(F)c6Br)C(C)(C)C5)cc4F)CC2)n3C)c(=O)c1,[H]C([H])[H].[H]C([H])[H],[H].[H],,[H].[H],,Br,F,[H],[H],,[H],[H],[H]C([H])[H],[H],[H],[H],[H]NC([H])([H])[H],[H],[H].[H]C([H])[H],[H].[H],[H].[H],[H],[H].[H],F,[H],[H],[H]C([H])[H]
EN300-46821248_33922,-8.368606837911694,,0.28483273156940525,,R1=[H]C([H])([H])O | R2=[H] | R3=[H] | R5=[H].[H] | R6=[H].[H] | R8=FC(F)F.[H] | R10=[H] | R11=[H] | R12=[H] | R17=[H]C([H])[H] | R19=[H] | R21=[H] | R22=[H] | R23=[H]NC([H])([H])[H] | R24=[H] | R27=[H].[H]C([H])[H] | R29=[H].[H] | R30=[H].[H] | R32=[H] | R33=[H].[H] | R35=F | R36=[H] | R38=[H] | R39=[H]C([H])[H],CNc1ccn(-c2ccnc3c2cc([C@H](C)N2CC=C(c4c(C)cc(C(=O)N5CCc6ccc(OC)cc6[C@@H]5C(F)(F)F)cc4F)CC2)n3C)c(=O)c1,[H]C([H])([H])O,[H],[H],,[H].[H],[H].[H],,FC(F)F.[H],,[H],[H],[H],[H]C([H])[H],[H],[H],[H],[H]NC([H])([H])[H],[H],[H].[H]C([H])[H],[H].[H],[H].[H],[H],[H].[H],F,[H],[H],[H]C([H])[H]
EN300-1245029_10434,-8.26636429966847,,0.27238975531255327,,R1=[H]C([H])[H] | R2=[H] | R3=[H] | R4=[H] | R6=[H].[H] | R7=[H].[H] | R9=[H].[H]C([H])[H] | R11=[H] | R12=[H] | R17=[H]C([H])[H] | R19=[H] | R21=[H] | R22=[H] | R23=[H]NC([H])([H])[H] | R24=[H] | R27=[H].[H]C([H])[H] | R29=[H].[H] | R30=[H].[H] | R32=[H] | R33=[H].[H] | R35=F | R36=[H] | R38=[H] | R39=[H]C([H])[H],CNc1ccn(-c2ccnc3c2cc([C@H](C)N2CC=C(c4c(C)cc(C(=O)N5CCc6cccc(C)c6[C@@H]5C)cc4F)CC2)n3C)c(=O)c1,[H]C([H])[H],[H],[H],[H],,[H].[H],[H].[H],,[H].[H]C([H])[H],,[H],[H],[H]C([H])[H],[H],[H],[H],[H]NC([H])([H])[H],[H],[H].[H]C([H])[H],[H].[H],[H].[H],[H],[H].[H],F,[H],[H],[H]C([H])[H]
EN300-102037_2488,-8.243200206792121,,0.26957067176255123,,R1=[H].[H]C([H])[H] | R3=[H].[H] | R4=[H].[H] | R6=[H] | R7=Cl | R8=[H] | R9=Cl | R11=[H] | R12=[H] | R17=[H]C([H])[H] | R19=[H] | R21=[H] | R22=[H] | R23=[H]NC([H])([H])[H] | R24=[H] | R27=[H].[H]C([H])[H] | R29=[H].[H] | R30=[H].[H] | R32=[H] | R33=[H].[H] | R35=F | R36=[H] | R38=[H] | R39=[H]C([H])[H],CNc1ccn(-c2ccnc3c2cc([C@H](C)N2CC=C(c4c(C)cc(C(=O)N5CCc6cc(Cl)cc(Cl)c6[C@@H]5C)cc4F)CC2)n3C)c(=O)c1,[H].[H]C([H])[H],,[H].[H],[H].[H],,[H],Cl,[H],Cl,,[H],[H],[H]C([H])[H],[H],[H],[H],[H]NC([H])([H])[H],[H],[H].[H]C([H])[H],[H].[H],[H].[H],[H],[H].[H],F,[H],[H],[H]C([H])[H]
EN300-3078225_30865,-8.219043429399433,,0.26663077793064893,,R1=[H].[H]C([H])[H] | R3=[H].[H] | R4=[H].[H] | R6=Br | R7=[H] | R8=F | R9=[H] | R11=[H] | R12=[H] | R17=[H]C([H])[H] | R19=[H] | R21=[H] | R22=[H] | R23=[H]NC([H])([H])[H] | R24=[H] | R27=[H].[H]C([H])[H] | R29=[H].[H] | R30=[H].[H] | R32=[H] | R33=[H].[H] | R35=F | R36=[H] | R38=[H] | R39=[H]C([H])[H],CNc1ccn(-c2ccnc3c2cc([C@H](C)N2CC=C(c4c(C)cc(C(=O)N5CCc6c(Br)cc(F)cc6[C@H]5C)cc4F)CC2)n3C)c(=O)c1,[H].[H]C([H])[H],,[H].[H],[H].[H],,Br,[H],F,[H],,[H],[H],[H]C([H])[H],[H],[H],[H],[H]NC([H])([H])[H],[H],[H].[H]C([H])[H],[H].[H],[H].[H],[H],[H].[H],F,[H],[H],[H]C([H])[H]
EN300-99463_14620,-8.202315653111265,,0.26459499784576435,,R1=[H].[H]C([H])[H] | R3=[H].[H] | R4=[H].[H] | R6=[H] | R7=[H] | R8=[H] | R9=[H] | R11=[H] | R12=[H] | R17=[H]C([H])[H] | R19=[H] | R21=[H] | R22=[H] | R23=[H]NC([H])([H])[H] | R24=[H] | R27=[H].[H]C([H])[H] | R29=[H].[H] | R30=[H].[H] | R32=[H] | R33=[H].[H] | R35=F | R36=[H] | R38=[H] | R39=[H]C([H])[H],CNc1ccn(-c2ccnc3c2cc([C@H](C)N2CC=C(c4c(C)cc(C(=O)N5CCc6ccccc6[C@@H]5C)cc4F)CC2)n3C)c(=O)c1,[H].[H]C([H])[H],,[H].[H],[H].[H],,[H],[H],[H],[H],,[H],[H],[H]C([H])[H],[H],[H],[H],[H]NC([H])([H])[H],[H],[H].[H]C([H])[H],[H].[H],[H].[H],[H],[H].[H],F,[H],[H],[H]C([H])[H]
EN300-8322195_27834,-8.153142221991464,,0.25861056273289507,,R1=[H].[H]C([H])[H] | R3=[H].[H] | R4=[H].[H] | R6=F | R7=[H] | R8=Cl | R9=[H] | R11=[H] | R12=[H] | R17=[H]C([H])[H] | R19=[H] | R21=[H] | R22=[H] | R23=[H]NC([H])([H])[H] | R24=[H] | R27=[H].[H]C([H])[H] | R29=[H].[H] | R30=[H].[H] | R32=[H] | R33=[H].[H] | R35=F | R36=[H] | R38=[H] | R39=[H]C([H])[H],CNc1ccn(-c2ccnc3c2cc([C@H](C)N2CC=C(c4c(C)cc(C(=O)N5CCc6c(F)cc(Cl)cc6[C@@H]5C)cc4F)CC2)n3C)c(=O)c1,[H].[H]C([H])[H],,[H].[H],[H].[H],,F,[H],Cl,[H],,[H],[H],[H]C([H])[H],[H],[H],[H],[H]NC([H])([H])[H],[H],[H].[H]C([H])[H],[H].[H],[H].[H],[H],[H].[H],F,[H],[H],[H]C([H])[H]
EN300-205157_23543,-8.12153362864314,,0.2547637785733503,,R1=[H]C([H])([H])N(S(=O)=O)C([H])([H])[H] | R2=[H] | R3=[H] | R4=[H] | R6=[H].[H] | R8=[H].[H] | R9=[H].[H] | R11=[H] | R12=[H] | R17=[H]C([H])[H] | R19=[H] | R21=[H] | R22=[H] | R23=[H]NC([H])([H])[H] | R24=[H] | R27=[H].[H]C([H])[H] | R29=[H].[H] | R30=[H].[H] | R32=[H] | R33=[H].[H] | R35=F | R36=[H] | R38=[H] | R39=[H]C([H])[H],CNc1ccn(-c2ccnc3c2cc([C@H](C)N2CC=C(c4c(C)cc(C(=O)N5CCc6c(cccc6S(=O)(=O)N(C)C)C5)cc4F)CC2)n3C)c(=O)c1,[H]C([H])([H])N(S(=O)=O)C([H])([H])[H],[H],[H],[H],,[H].[H],,[H].[H],[H].[H],,[H],[H],[H]C([H])[H],[H],[H],[H],[H]NC([H])([H])[H],[H],[H].[H]C([H])[H],[H].[H],[H].[H],[H],[H].[H],F,[H],[H],[H]C([H])[H]
EN300-395850_9079,-8.113586409602119,,0.2537965974026306,,R1=[H]C([H])([H])O | R2=[H] | R3=[H] | R4=[H]C([H])([H])O | R6=[H].[H] | R8=[H].[H] | R9=[H].[H] | R11=[H] | R12=[H] | R17=[H]C([H])[H] | R19=[H] | R21=[H] | R22=[H] | R23=[H]NC([H])([H])[H] | R24=[H] | R27=[H].[H]C([H])[H] | R29=[H].[H] | R30=[H].[H] | R32=[H] | R33=[H].[H] | R35=F | R36=[H] | R38=[H] | R39=[H]C([H])[H],CNc1ccn(-c2ccnc3c2cc([C@H](C)N2CC=C(c4c(C)cc(C(=O)N5CCc6c(OC)ccc(OC)c6C5)cc4F)CC2)n3C)c(=O)c1,[H]C([H])([H])O,[H],[H],[H]C([H])([H])O,,[H].[H],,[H].[H],[H].[H],,[H],[H],[H]C([H])[H],[H],[H],[H],[H]NC([H])([H])[H],[H],[H].[H]C([H])[H],[H].[H],[H].[H],[H],[H].[H],F,[H],[H],[H]C([H])[H]
EN300-253525_7152,-8.038817437710456,,0.2446971701193994,,R1=[H].[H]C([H])[N+]([H])([H])[H] | R4=[H].[H] | R5=[H] | R7=[H].[H] | R8=[H] | R9=[H] | R10=[H] | R11=[H] | R12=[H] | R17=[H]C([H])[H] | R19=[H] | R21=[H] | R22=[H] | R23=[H]NC([H])([H])[H] | R24=[H] | R27=[H].[H]C([H])[H] | R29=[H].[H] | R30=[H].[H] | R32=[H] | R33=[H].[H] | R35=F | R36=[H] | R38=[H] | R39=[H]C([H])[H],CNc1ccn(-c2ccnc3c2cc([C@H](C)N2CC=C(c4c(C)cc(C(=O)N5CCc6ccccc6[C@@H]5C[NH3+])cc4F)CC2)n3C)c(=O)c1,[H].[H]C([H])[N+]([H])([H])[H],,,[H].[H],[H],,[H].[H],[H],[H],[H],[H],[H],[H]C([H])[H],[H],[H],[H],[H]NC([H])([H])[H],[H],[H].[H]C([H])[H],[H].[H],[H].[H],[H],[H].[H],F,[H],[H],[H]C([H])[H]
EN300-45604345_32226,-8.02006006813803,,0.24241438735362456,,R1=[H].[H]C([H])[H] | R2=[H].[H] | R4=[H] | R5=F | R6=F | R7=[H] | R9=[H].[H] | R11=[H] | R12=[H] | R17=[H]C([H])[H] | R19=[H] | R21=[H] | R22=[H] | R23=[H]NC([H])([H])[H] | R24=[H] | R27=[H].[H]C([H])[H] | R29=[H].[H] | R30=[H].[H] | R32=[H] | R33=[H].[H] | R35=F | R36=[H] | R38=[H] | R39=[H]C([H])[H],CNc1ccn(-c2ccnc3c2cc([C@H](C)N2CC=C(c4c(C)cc(C(=O)N5Cc6cc(F)c(F)cc6C[C@@H]5C)cc4F)CC2)n3C)c(=O)c1,[H].[H]C([H])[H],[H].[H],,[H],F,F,[H],,[H].[H],,[H],[H],[H]C([H])[H],[H],[H],[H],[H]NC([H])([H])[H],[H],[H].[H]C([H])[H],[H].[H],[H].[H],[H],[H].[H],F,[H],[H],[H]C([H])[H]
EN300-1718965_24105,-7.78219327458582,,0.21346586049465022,,R1=[H].[H]C([H])C([H])([H])[H] | R3=[H].[H] | R4=[H].[H] | R6=Cl | R7=[H] | R8=Cl | R9=[H] | R11=[H] | R12=[H] | R17=[H]C([H])[H] | R19=[H] | R21=[H] | R22=[H] | R23=[H]NC([H])([H])[H] | R24=[H] | R27=[H].[H]C([H])[H] | R29=[H].[H] | R30=[H].[H] | R32=[H] | R33=[H].[H] | R35=F | R36=[H] | R38=[H] | R39=[H]C([H])[H],CC[C@@H]1c2cc(Cl)cc(Cl)c2CCN1C(=O)c1cc(C)c(C2=CCN([C@@H](C)c3cc4c(-n5ccc(NC)cc5=O)ccnc4n3C)CC2)c(F)c1,[H].[H]C([H])C([H])([H])[H],,[H].[H],[H].[H],,Cl,[H],Cl,[H],,[H],[H],[H]C([H])[H],[H],[H],[H],[H]NC([H])([H])[H],[H],[H].[H]C([H])[H],[H].[H],[H].[H],[H],[H].[H],F,[H],[H],[H]C([H])[H]
LN00384689_330,-7.718286614842416,,0.2056883829055255,,R1=[H]O | R2=[H]O | R3=[H] | R4=[H] | R7=[H].[H]C([H])[H] | R8=[H].[H] | R10=[H].[H] | R11=[H] | R12=[H] | R17=[H]C([H])[H] | R19=[H] | R21=[H] | R22=[H] | R23=[H]NC([H])([H])[H] | R24=[H] | R27=[H].[H]C([H])[H] | R29=[H].[H] | R30=[H].[H] | R32=[H] | R33=[H].[H] | R35=F | R36=[H] | R38=[H] | R39=[H]C([H])[H],CNc1ccn(-c2ccnc3c2cc([C@H](C)N2CC=C(c4c(C)cc(C(=O)N5CCc6cc(O)c(O)cc6[C@@H]5C)cc4F)CC2)n3C)c(=O)c1,[H]O,[H]O,[H],[H],,,[H].[H]C([H])[H],[H].[H],,[H].[H],[H],[H],[H]C([H])[H],[H],[H],[H],[H]NC([H])([H])[H],[H],[H].[H]C([H])[H],[H].[H],[H].[H],[H],[H].[H],F,[H],[H],[H]C([H])[H]
EN300-1232201_22855,-7.6716408216764265,,0.20001156279894994,,R1=F | R2=[H] | R3=Cl | R5=[H].[H] | R7=[H].[H] | R8=[H].[H] | R10=[H] | R11=[H] | R12=[H] | R17=[H]C([H])[H] | R19=[H] | R21=[H] | R22=[H] | R23=[H]NC([H])([H])[H] | R24=[H] | R27=[H].[H]C([H])[H] | R29=[H].[H] | R30=[H].[H] | R32=[H] | R33=[H].[H] | R35=F | R36=[H] | R38=[H] | R39=[H]C([H])[H],CNc1ccn(-c2ccnc3c2cc([C@H](C)N2CC=C(c4c(C)cc(C(=O)N5CCc6cc(F)cc(Cl)c6C5)cc4F)CC2)n3C)c(=O)c1,F,[H],Cl,,[H].[H],,[H].[H],[H].[H],,[H],[H],[H],[H]C([H])[H],[H],[H],[H],[H]NC([H])([H])[H],[H],[H].[H]C([H])[H],[H].[H],[H].[H],[H],[H].[H],F,[H],[H],[H]C([H])[H]
EN300-77215_39776,-7.3161063910092174,,0.15674281619602903,,R1=[H].[H]C([H])C([H])([H])[H] | R3=[H].[H] | R4=[H].[H] | R6=[H] | R7=[H] | R8=[H] | R9=[H] | R11=[H] | R12=[H] | R17=[H]C([H])[H] | R19=[H] | R21=[H] | R22=[H] | R23=[H]NC([H])([H])[H] | R24=[H] | R27=[H].[H]C([H])[H] | R29=[H].[H] | R30=[H].[H] | R32=[H] | R33=[H].[H] | R35=F | R36=[H] | R38=[H] | R39=[H]C([H])[H],CC[C@@H]1c2ccccc2CCN1C(=O)c1cc(C)c(C2=CCN([C@@H](C)c3cc4c(-n5ccc(NC)cc5=O)ccnc4n3C)CC2)c(F)c1,[H].[H]C([H])C([H])([H])[H],,[H].[H],[H].[H],,[H],[H],[H],[H],,[H],[H],[H]C([H])[H],[H],[H],[H],[H]NC([H])([H])[H],[H],[H].[H]C([H])[H],[H].[H],[H].[H],[H],[H].[H],F,[H],[H],[H]C([H])[H]
EN300-72473_2309,-6.981842853643327,,0.11606274965581066,,R1=[H]C([H])[H] | R2=[H] | R3=[H] | R6=[H] | R7=[H].[H] | R9=[H].[H] | R10=[H]C([H])[H].[H]C([H])[H] | R11=[H] | R12=[H] | R17=[H]C([H])[H] | R19=[H] | R21=[H] | R22=[H] | R23=[H]NC([H])([H])[H] | R24=[H] | R27=[H].[H]C([H])[H] | R29=[H].[H] | R30=[H].[H] | R32=[H] | R33=[H].[H] | R35=F | R36=[H] | R38=[H] | R39=[H]C([H])[H],CNc1ccn(-c2ccnc3c2cc([C@H](C)N2CC=C(c4c(C)cc(C(=O)N5Cc6cc(C)ccc6C(C)(C)C5)cc4F)CC2)n3C)c(=O)c1,[H]C([H])[H],[H],[H],,,[H],[H].[H],,[H].[H],[H]C([H])[H].[H]C([H])[H],[H],[H],[H]C([H])[H],[H],[H],[H],[H]NC([H])([H])[H],[H],[H].[H]C([H])[H],[H].[H],[H].[H],[H],[H].[H],F,[H],[H],[H]C([H])[H]
EN300-39671432_26114,-6.6631546319903645,,0.07727820807945718,,R1=[H].[H]C([H])[H] | R3=[H].[H] | R4=[H].[H] | R6=Br | R7=[H] | R8=[H] | R9=Cl | R11=[H] | R12=[H] | R17=[H]C([H])[H] | R19=[H] | R21=[H] | R22=[H] | R23=[H]NC([H])([H])[H] | R24=[H] | R27=[H].[H]C([H])[H] | R29=[H].[H] | R30=[H].[H] | R32=[H] | R33=[H].[H] | R35=F | R36=[H] | R38=[H] | R39=[H]C([H])[H],CNc1ccn(-c2ccnc3c2cc([C@H](C)N2CC=C(c4c(C)cc(C(=O)N5CCc6c(Br)ccc(Cl)c6[C@H]5C)cc4F)CC2)n3C)c(=O)c1,[H].[H]C([H])[H],,[H].[H],[H].[H],,Br,[H],[H],Cl,,[H],[H],[H]C([H])[H],[H],[H],[H],[H]NC([H])([H])[H],[H],[H].[H]C([H])[H],[H].[H],[H].[H],[H],[H].[H],F,[H],[H],[H]C([H])[H]
EN300-149019_24160,-6.573592678499242,,0.06637846634812172,,R1=[H].[H]C([H])[H] | R3=[H].[H] | R4=[H].[H] | R6=F | R7=[H] | R8=F | R9=[H] | R11=[H] | R12=[H] | R17=[H]C([H])[H] | R19=[H] | R21=[H] | R22=[H] | R23=[H]NC([H])([H])[H] | R24=[H] | R27=[H].[H]C([H])[H] | R29=[H].[H] | R30=[H].[H] | R32=[H] | R33=[H].[H] | R35=F | R36=[H] | R38=[H] | R39=[H]C([H])[H],CNc1ccn(-c2ccnc3c2cc([C@H](C)N2CC=C(c4c(C)cc(C(=O)N5CCc6c(F)cc(F)cc6[C@H]5C)cc4F)CC2)n3C)c(=O)c1,[H].[H]C([H])[H],,[H].[H],[H].[H],,F,[H],F,[H],,[H],[H],[H]C([H])[H],[H],[H],[H],[H]NC([H])([H])[H],[H],[H].[H]C([H])[H],[H].[H],[H].[H],[H],[H].[H],F,[H],[H],[H]C([H])[H]
LN02188462_6707,-6.028168276488744,,0.0,,R1=Br | R2=[H] | R3=[H] | R5=[H] | R7=FC(F)F.[H] | R8=[H].[H] | R10=[H].[H] | R11=[H] | R12=[H] | R17=[H]C([H])[H] | R19=[H] | R21=[H] | R22=[H] | R23=[H]NC([H])([H])[H] | R24=[H] | R27=[H].[H]C([H])[H] | R29=[H].[H] | R30=[H].[H] | R32=[H] | R33=[H].[H] | R35=F | R36=[H] | R38=[H] | R39=[H]C([H])[H],CNc1ccn(-c2ccnc3c2cc([C@H](C)N2CC=C(c4c(C)cc(C(=O)N5CCc6ccc(Br)cc6[C@@H]5C(F)(F)F)cc4F)CC2)n3C)c(=O)c1,Br,[H],[H],,[H],,FC(F)F.[H],[H].[H],,[H].[H],[H],[H],[H]C([H])[H],[H],[H],[H],[H]NC([H])([H])[H],[H],[H].[H]C([H])[H],[H].[H],[H].[H],[H],[H].[H],F,[H],[H],[H]C([H])[H]
